ts,id,l1_flow,l1_occ,l1_speed,l2_flow,l2_occ,l2_speed,l3_flow,l3_occ,l3_speed,l4_flow,l4_occ,l4_speed,l5_flow,l5_occ,l5_speed,l6_flow,l6_occ,l6_speed,l7_flow,l7_occ,l7_speed,l8_flow,l8_occ,l8_speed
2026-01-06 00:00:20,421258,0.0,0.0,0.0,1.0,0.0067,60.0,,,,,,,,,,,,,,,,,,
2026-01-06 00:00:20,421260,0.0,0.0,0.0,1.0,0.0067,56.0,,,,,,,,,,,,,,,,,,
2026-01-06 00:00:50,421258,0.0,0.0,0.0,1.0,0.0067,52.0,,,,,,,,,,,,,,,,,,
2026-01-06 00:00:50,421260,0.0,0.0,0.0,4.0,0.0356,42.0,,,,,,,,,,,,,,,,,,
2026-01-06 00:01:20,421258,1.0,0.005,60.0,3.0,0.0256,46.0,,,,,,,,,,,,,,,,,,
2026-01-06 00:01:20,421260,1.0,0.0039,78.0,1.0,0.0128,60.0,,,,,,,,,,,,,,,,,,
2026-01-06 00:01:50,421258,1.0,0.0039,78.0,2.0,0.0156,52.0,,,,,,,,,,,,,,,,,,
2026-01-06 00:01:50,421260,2.0,0.0139,56.0,5.0,0.035,49.0,,,,,,,,,,,,,,,,,,
2026-01-06 00:02:20,421258,0.0,0.0,0.0,1.0,0.0067,52.0,,,,,,,,,,,,,,,,,,
2026-01-06 00:02:20,421260,2.0,0.0106,65.0,2.0,0.0167,60.0,,,,,,,,,,,,,,,,,,
2026-01-06 00:02:50,421258,1.0,0.0039,78.0,2.0,0.0167,49.0,,,,,,,,,,,,,,,,,,
2026-01-06 00:02:50,421260,0.0,0.0,0.0,0.0,0.0,0.0,,,,,,,,,,,,,,,,,,
2026-01-06 00:03:20,421258,0.0,0.0,0.0,1.0,0.0067,60.0,,,,,,,,,,,,,,,,,,
2026-01-06 00:03:20,421260,1.0,0.005,78.0,3.0,0.0217,56.0,,,,,,,,,,,,,,,,,,
2026-01-06 00:03:50,421258,2.0,0.0106,52.0,5.0,0.0689,44.0,,,,,,,,,,,,,,,,,,
2026-01-06 00:03:50,421260,1.0,0.0056,65.0,2.0,0.0117,65.0,,,,,,,,,,,,,,,,,,
2026-01-06 00:04:20,421258,2.0,0.0089,60.0,2.0,0.0228,40.0,,,,,,,,,,,,,,,,,,
2026-01-06 00:04:20,421260,1.0,0.005,71.0,2.0,0.0106,71.0,,,,,,,,,,,,,,,,,,
2026-01-06 00:04:50,421258,0.0,0.0,0.0,0.0,0.0,0.0,,,,,,,,,,,,,,,,,,
2026-01-06 00:04:50,421260,1.0,0.005,78.0,0.0,0.0,0.0,,,,,,,,,,,,,,,,,,
2026-01-06 00:05:20,421258,1.0,0.0039,78.0,4.0,0.0339,52.0,,,,,,,,,,,,,,,,,,
2026-01-06 00:05:20,421260,4.0,0.02,71.0,2.0,0.0167,49.0,,,,,,,,,,,,,,,,,,
2026-01-06 00:05:50,421258,2.0,0.0078,78.0,1.0,0.0067,60.0,,,,,,,,,,,,,,,,,,
2026-01-06 00:05:50,421260,1.0,0.0067,71.0,3.0,0.0267,46.0,,,,,,,,,,,,,,,,,,
2026-01-06 00:06:20,421258,1.0,0.0039,78.0,1.0,0.0078,52.0,,,,,,,,,,,,,,,,,,
2026-01-06 00:06:20,421260,0.0,0.0,0.0,0.0,0.0,0.0,,,,,,,,,,,,,,,,,,
2026-01-06 00:06:50,421258,1.0,0.0039,78.0,1.0,0.0067,60.0,,,,,,,,,,,,,,,,,,
2026-01-06 00:06:50,421260,0.0,0.0,0.0,3.0,0.0228,44.0,,,,,,,,,,,,,,,,,,
2026-01-06 00:07:20,421258,2.0,0.0089,78.0,2.0,0.0356,52.0,,,,,,,,,,,,,,,,,,
2026-01-06 00:07:20,421260,1.0,0.0056,65.0,1.0,0.0056,65.0,,,,,,,,,,,,,,,,,,
2026-01-06 00:07:50,421258,0.0,0.0,0.0,1.0,0.0317,40.0,,,,,,,,,,,,,,,,,,
2026-01-06 00:07:50,421260,0.0,0.0,0.0,2.0,0.015,52.0,,,,,,,,,,,,,,,,,,
2026-01-06 00:08:20,421258,0.0,0.0,0.0,1.0,0.0206,40.0,,,,,,,,,,,,,,,,,,
2026-01-06 00:08:20,421260,0.0,0.0,0.0,1.0,0.0089,56.0,,,,,,,,,,,,,,,,,,
2026-01-06 00:08:50,421258,0.0,0.0,0.0,1.0,0.0389,34.0,,,,,,,,,,,,,,,,,,
2026-01-06 00:08:50,421260,1.0,0.005,78.0,2.0,0.0128,65.0,,,,,,,,,,,,,,,,,,
2026-01-06 00:09:20,421258,1.0,0.005,60.0,1.0,0.0067,60.0,,,,,,,,,,,,,,,,,,
2026-01-06 00:09:20,421260,1.0,0.005,65.0,3.0,0.02,60.0,,,,,,,,,,,,,,,,,,
2026-01-06 00:09:50,421258,1.0,0.005,52.0,1.0,0.0089,44.0,,,,,,,,,,,,,,,,,,
2026-01-06 00:09:50,421260,0.0,0.0,0.0,0.0,0.0,0.0,,,,,,,,,,,,,,,,,,
2026-01-06 00:10:20,421258,2.0,0.0078,78.0,1.0,0.0089,52.0,,,,,,,,,,,,,,,,,,
2026-01-06 00:10:20,421260,0.0,0.0,0.0,2.0,0.0117,65.0,,,,,,,,,,,,,,,,,,
2026-01-06 00:10:50,421258,1.0,0.0039,60.0,2.0,0.0128,56.0,,,,,,,,,,,,,,,,,,
2026-01-06 00:10:50,421260,0.0,0.0,0.0,0.0,0.0,0.0,,,,,,,,,,,,,,,,,,
2026-01-06 00:11:20,421258,0.0,0.0,0.0,2.0,0.0128,52.0,,,,,,,,,,,,,,,,,,
2026-01-06 00:11:20,421260,2.0,0.0106,65.0,3.0,0.0167,71.0,,,,,,,,,,,,,,,,,,
2026-01-06 00:11:50,421258,0.0,0.0,0.0,1.0,0.0067,60.0,,,,,,,,,,,,,,,,,,
2026-01-06 00:11:50,421260,1.0,0.0056,65.0,0.0,0.0,0.0,,,,,,,,,,,,,,,,,,
2026-01-06 00:12:20,421258,1.0,0.0039,96.0,1.0,0.0067,60.0,,,,,,,,,,,,,,,,,,
2026-01-06 00:12:20,421260,0.0,0.0,0.0,0.0,0.0,0.0,,,,,,,,,,,,,,,,,,
2026-01-06 00:12:50,421258,1.0,0.005,60.0,1.0,0.005,78.0,,,,,,,,,,,,,,,,,,
2026-01-06 00:12:50,421260,1.0,0.0067,60.0,2.0,0.0128,60.0,,,,,,,,,,,,,,,,,,
2026-01-06 00:13:20,421258,1.0,0.0039,78.0,2.0,0.0128,60.0,,,,,,,,,,,,,,,,,,
2026-01-06 00:13:20,421260,1.0,0.005,60.0,2.0,0.0106,52.0,,,,,,,,,,,,,,,,,,
2026-01-06 00:13:50,421258,0.0,0.0,0.0,0.0,0.0,0.0,,,,,,,,,,,,,,,,,,
2026-01-06 00:13:50,421260,0.0,0.0,0.0,0.0,0.0,0.0,,,,,,,,,,,,,,,,,,
2026-01-06 00:14:20,421258,0.0,0.0,0.0,1.0,0.0067,52.0,,,,,,,,,,,,,,,,,,
2026-01-06 00:14:20,421260,1.0,0.0056,71.0,2.0,0.0139,65.0,,,,,,,,,,,,,,,,,,
2026-01-06 00:14:50,421258,1.0,0.005,52.0,2.0,0.0239,52.0,,,,,,,,,,,,,,,,,,
2026-01-06 00:14:50,421260,1.0,0.005,71.0,3.0,0.0206,60.0,,,,,,,,,,,,,,,,,,
2026-01-06 00:15:20,421258,0.0,0.0,0.0,0.0,0.0,0.0,,,,,,,,,,,,,,,,,,
2026-01-06 00:15:20,421260,2.0,0.0089,78.0,3.0,0.02,60.0,,,,,,,,,,,,,,,,,,
2026-01-06 00:15:50,421258,1.0,0.0039,78.0,1.0,0.005,78.0,,,,,,,,,,,,,,,,,,
2026-01-06 00:15:50,421260,0.0,0.0,0.0,0.0,0.0,0.0,,,,,,,,,,,,,,,,,,
2026-01-06 00:16:20,421258,1.0,0.0039,78.0,2.0,0.0156,52.0,,,,,,,,,,,,,,,,,,
2026-01-06 00:16:20,421260,0.0,0.0,0.0,2.0,0.0306,56.0,,,,,,,,,,,,,,,,,,
2026-01-06 00:16:50,421258,1.0,0.0039,78.0,4.0,0.0267,60.0,,,,,,,,,,,,,,,,,,
2026-01-06 00:16:50,421260,0.0,0.0,0.0,1.0,0.0056,60.0,,,,,,,,,,,,,,,,,,
2026-01-06 00:17:20,421258,0.0,0.0,0.0,2.0,0.015,52.0,,,,,,,,,,,,,,,,,,
2026-01-06 00:17:20,421260,1.0,0.0056,71.0,2.0,0.0139,60.0,,,,,,,,,,,,,,,,,,
2026-01-06 00:17:50,421258,0.0,0.0,0.0,0.0,0.0,0.0,,,,,,,,,,,,,,,,,,
2026-01-06 00:17:50,421260,0.0,0.0,0.0,2.0,0.0128,60.0,,,,,,,,,,,,,,,,,,
2026-01-06 00:18:20,421258,1.0,0.0039,60.0,1.0,0.0256,52.0,,,,,,,,,,,,,,,,,,
2026-01-06 00:18:20,421260,1.0,0.0056,65.0,3.0,0.02,52.0,,,,,,,,,,,,,,,,,,
2026-01-06 00:18:50,421258,1.0,0.0039,78.0,1.0,0.0078,52.0,,,,,,,,,,,,,,,,,,
2026-01-06 00:18:50,421260,2.0,0.0128,60.0,3.0,0.0256,49.0,,,,,,,,,,,,,,,,,,
2026-01-06 00:19:20,421258,0.0,0.0,0.0,2.0,0.0156,49.0,,,,,,,,,,,,,,,,,,
2026-01-06 00:19:20,421260,1.0,0.0056,65.0,1.0,0.005,71.0,,,,,,,,,,,,,,,,,,
2026-01-06 00:19:50,421258,0.0,0.0,0.0,2.0,0.0156,52.0,,,,,,,,,,,,,,,,,,
2026-01-06 00:19:50,421260,0.0,0.0,0.0,2.0,0.015,52.0,,,,,,,,,,,,,,,,,,
2026-01-06 00:20:20,421258,0.0,0.0,0.0,1.0,0.0078,44.0,,,,,,,,,,,,,,,,,,
2026-01-06 00:20:20,421260,2.0,0.01,71.0,2.0,0.0139,56.0,,,,,,,,,,,,,,,,,,
2026-01-06 00:20:50,421258,3.0,0.0139,65.0,4.0,0.075,44.0,,,,,,,,,,,,,,,,,,
2026-01-06 00:20:50,421260,0.0,0.0,0.0,0.0,0.0,0.0,,,,,,,,,,,,,,,,,,
2026-01-06 00:21:20,421258,1.0,0.0039,78.0,1.0,0.0067,60.0,,,,,,,,,,,,,,,,,,
2026-01-06 00:21:20,421260,0.0,0.0,0.0,3.0,0.0256,52.0,,,,,,,,,,,,,,,,,,
2026-01-06 00:21:50,421258,0.0,0.0,0.0,2.0,0.015,56.0,,,,,,,,,,,,,,,,,,
2026-01-06 00:21:50,421260,1.0,0.005,86.0,1.0,0.005,78.0,,,,,,,,,,,,,,,,,,
2026-01-06 00:22:20,421258,2.0,0.0078,65.0,1.0,0.0067,60.0,,,,,,,,,,,,,,,,,,
2026-01-06 00:22:20,421260,0.0,0.0,0.0,0.0,0.0,0.0,,,,,,,,,,,,,,,,,,
2026-01-06 00:22:50,421258,0.0,0.0,0.0,1.0,0.0078,52.0,,,,,,,,,,,,,,,,,,
2026-01-06 00:22:50,421260,0.0,0.0,0.0,0.0,0.0,0.0,,,,,,,,,,,,,,,,,,
2026-01-06 00:23:20,421258,1.0,0.0039,78.0,4.0,0.0378,49.0,,,,,,,,,,,,,,,,,,
2026-01-06 00:23:20,421260,1.0,0.0056,71.0,1.0,0.0067,60.0,,,,,,,,,,,,,,,,,,
2026-01-06 00:23:50,421258,0.0,0.0,0.0,0.0,0.0,0.0,,,,,,,,,,,,,,,,,,
2026-01-06 00:23:50,421260,1.0,0.0056,78.0,2.0,0.0139,60.0,,,,,,,,,,,,,,,,,,
2026-01-06 00:24:20,421258,0.0,0.0,0.0,0.0,0.0,0.0,,,,,,,,,,,,,,,,,,
2026-01-06 00:24:20,421260,1.0,0.0039,65.0,1.0,0.0067,60.0,,,,,,,,,,,,,,,,,,
2026-01-06 00:24:50,421258,1.0,0.0039,78.0,0.0,0.0,0.0,,,,,,,,,,,,,,,,,,
2026-01-06 00:24:50,421260,0.0,0.0,0.0,1.0,0.0056,65.0,,,,,,,,,,,,,,,,,,
2026-01-06 00:25:20,421258,1.0,0.0039,78.0,3.0,0.0217,56.0,,,,,,,,,,,,,,,,,,
2026-01-06 00:25:20,421260,0.0,0.0,0.0,1.0,0.0067,60.0,,,,,,,,,,,,,,,,,,
2026-01-06 00:25:50,421258,0.0,0.0,0.0,1.0,0.0067,60.0,,,,,,,,,,,,,,,,,,
2026-01-06 00:25:50,421260,0.0,0.0,0.0,0.0,0.0,0.0,,,,,,,,,,,,,,,,,,
2026-01-06 00:26:20,421258,0.0,0.0,0.0,0.0,0.0,0.0,,,,,,,,,,,,,,,,,,
2026-01-06 00:26:20,421260,0.0,0.0,0.0,0.0,0.0,0.0,,,,,,,,,,,,,,,,,,
2026-01-06 00:26:50,421258,0.0,0.0,0.0,1.0,0.0067,52.0,,,,,,,,,,,,,,,,,,
2026-01-06 00:26:50,421260,0.0,0.0,0.0,3.0,0.0206,52.0,,,,,,,,,,,,,,,,,,
2026-01-06 00:27:20,421258,0.0,0.0,0.0,1.0,0.005,78.0,,,,,,,,,,,,,,,,,,
2026-01-06 00:27:20,421260,0.0,0.0,0.0,1.0,0.0056,71.0,,,,,,,,,,,,,,,,,,
2026-01-06 00:27:50,421258,0.0,0.0,0.0,0.0,0.0,0.0,,,,,,,,,,,,,,,,,,
2026-01-06 00:27:50,421260,1.0,0.005,71.0,1.0,0.0067,71.0,,,,,,,,,,,,,,,,,,
2026-01-06 00:28:20,421258,0.0,0.0,0.0,1.0,0.0067,52.0,,,,,,,,,,,,,,,,,,
2026-01-06 00:28:20,421260,0.0,0.0,0.0,1.0,0.0039,56.0,,,,,,,,,,,,,,,,,,
2026-01-06 00:28:50,421258,0.0,0.0,0.0,1.0,0.0067,60.0,,,,,,,,,,,,,,,,,,
2026-01-06 00:28:50,421260,0.0,0.0,0.0,1.0,0.0056,65.0,,,,,,,,,,,,,,,,,,
2026-01-06 00:29:20,421258,0.0,0.0,0.0,1.0,0.03,26.0,,,,,,,,,,,,,,,,,,
2026-01-06 00:29:20,421260,0.0,0.0,0.0,2.0,0.0128,56.0,,,,,,,,,,,,,,,,,,
2026-01-06 00:29:50,421258,1.0,0.0039,60.0,2.0,0.015,52.0,,,,,,,,,,,,,,,,,,
2026-01-06 00:29:50,421260,2.0,0.0106,71.0,2.0,0.0106,65.0,,,,,,,,,,,,,,,,,,
2026-01-06 00:30:20,421258,0.0,0.0,0.0,0.0,0.0,0.0,,,,,,,,,,,,,,,,,,
2026-01-06 00:30:20,421260,0.0,0.0,0.0,3.0,0.0256,44.0,,,,,,,,,,,,,,,,,,
2026-01-06 00:30:50,421258,0.0,0.0,0.0,1.0,0.0067,60.0,,,,,,,,,,,,,,,,,,
2026-01-06 00:30:50,421260,2.0,0.01,65.0,2.0,0.0139,56.0,,,,,,,,,,,,,,,,,,
2026-01-06 00:31:20,421258,2.0,0.0078,60.0,2.0,0.015,49.0,,,,,,,,,,,,,,,,,,
2026-01-06 00:31:20,421260,0.0,0.0,0.0,0.0,0.0,0.0,,,,,,,,,,,,,,,,,,
2026-01-06 00:31:50,421258,0.0,0.0,0.0,2.0,0.0117,56.0,,,,,,,,,,,,,,,,,,
2026-01-06 00:31:50,421260,1.0,0.0056,78.0,1.0,0.0067,56.0,,,,,,,,,,,,,,,,,,
2026-01-06 00:32:20,421258,0.0,0.0,0.0,2.0,0.0106,60.0,,,,,,,,,,,,,,,,,,
2026-01-06 00:32:20,421260,0.0,0.0,0.0,1.0,0.005,71.0,,,,,,,,,,,,,,,,,,
2026-01-06 00:32:50,421258,1.0,0.0039,60.0,2.0,0.0389,49.0,,,,,,,,,,,,,,,,,,
2026-01-06 00:32:50,421260,0.0,0.0,0.0,2.0,0.0117,65.0,,,,,,,,,,,,,,,,,,
2026-01-06 00:33:20,421258,1.0,0.0039,78.0,0.0,0.0,0.0,,,,,,,,,,,,,,,,,,
2026-01-06 00:33:20,421260,0.0,0.0,0.0,0.0,0.0,0.0,,,,,,,,,,,,,,,,,,
2026-01-06 00:33:50,421258,0.0,0.0,0.0,1.0,0.0078,52.0,,,,,,,,,,,,,,,,,,
2026-01-06 00:33:50,421260,0.0,0.0,0.0,1.0,0.0067,56.0,,,,,,,,,,,,,,,,,,
2026-01-06 00:34:20,421258,0.0,0.0,0.0,1.0,0.005,60.0,,,,,,,,,,,,,,,,,,
2026-01-06 00:34:20,421260,0.0,0.0,0.0,1.0,0.0067,56.0,,,,,,,,,,,,,,,,,,
2026-01-06 00:34:50,421258,0.0,0.0,0.0,2.0,0.0128,56.0,,,,,,,,,,,,,,,,,,
2026-01-06 00:34:50,421260,0.0,0.0,0.0,1.0,0.01,42.0,,,,,,,,,,,,,,,,,,
2026-01-06 00:35:20,421258,0.0,0.0,0.0,0.0,0.0,0.0,,,,,,,,,,,,,,,,,,
2026-01-06 00:35:20,421260,1.0,0.005,65.0,1.0,0.0067,49.0,,,,,,,,,,,,,,,,,,
2026-01-06 00:35:50,421258,0.0,0.0,0.0,1.0,0.0067,60.0,,,,,,,,,,,,,,,,,,
2026-01-06 00:35:50,421260,0.0,0.0,0.0,0.0,0.0,0.0,,,,,,,,,,,,,,,,,,
2026-01-06 00:36:20,421258,0.0,0.0,0.0,1.0,0.0089,44.0,,,,,,,,,,,,,,,,,,
2026-01-06 00:36:20,421260,1.0,0.005,78.0,2.0,0.0156,52.0,,,,,,,,,,,,,,,,,,
2026-01-06 00:36:50,421258,0.0,0.0,0.0,0.0,0.0,0.0,,,,,,,,,,,,,,,,,,
2026-01-06 00:36:50,421260,0.0,0.0,0.0,2.0,0.0139,60.0,,,,,,,,,,,,,,,,,,
2026-01-06 00:37:20,421258,0.0,0.0,0.0,2.0,0.0178,49.0,,,,,,,,,,,,,,,,,,
2026-01-06 00:37:20,421260,0.0,0.0,0.0,1.0,0.0056,60.0,,,,,,,,,,,,,,,,,,
2026-01-06 00:37:50,421258,0.0,0.0,0.0,0.0,0.0,0.0,,,,,,,,,,,,,,,,,,
2026-01-06 00:37:50,421260,1.0,0.0056,65.0,0.0,0.0,0.0,,,,,,,,,,,,,,,,,,
2026-01-06 00:38:20,421258,2.0,0.0089,65.0,2.0,0.02,42.0,,,,,,,,,,,,,,,,,,
2026-01-06 00:38:20,421260,0.0,0.0,0.0,0.0,0.0,0.0,,,,,,,,,,,,,,,,,,
2026-01-06 00:38:50,421258,0.0,0.0,0.0,1.0,0.0078,52.0,,,,,,,,,,,,,,,,,,
2026-01-06 00:38:50,421260,1.0,0.0056,65.0,3.0,0.0228,46.0,,,,,,,,,,,,,,,,,,
2026-01-06 00:39:20,421258,1.0,0.005,60.0,1.0,0.005,78.0,,,,,,,,,,,,,,,,,,
2026-01-06 00:39:20,421260,1.0,0.005,78.0,1.0,0.0078,52.0,,,,,,,,,,,,,,,,,,
2026-01-06 00:39:50,421258,0.0,0.0,0.0,0.0,0.0,0.0,,,,,,,,,,,,,,,,,,
2026-01-06 00:39:50,421260,1.0,0.0056,60.0,1.0,0.0078,56.0,,,,,,,,,,,,,,,,,,
2026-01-06 00:40:20,421258,0.0,0.0,0.0,0.0,0.0,0.0,,,,,,,,,,,,,,,,,,
2026-01-06 00:40:20,421260,0.0,0.0,0.0,0.0,0.0,0.0,,,,,,,,,,,,,,,,,,
2026-01-06 00:40:50,421258,2.0,0.0089,65.0,1.0,0.0278,44.0,,,,,,,,,,,,,,,,,,
2026-01-06 00:40:50,421260,1.0,0.0039,78.0,0.0,0.0,0.0,,,,,,,,,,,,,,,,,,
2026-01-06 00:41:20,421258,0.0,0.0,0.0,0.0,0.0,0.0,,,,,,,,,,,,,,,,,,
2026-01-06 00:41:20,421260,0.0,0.0,0.0,2.0,0.015,56.0,,,,,,,,,,,,,,,,,,
2026-01-06 00:41:50,421258,1.0,0.005,60.0,2.0,0.04,42.0,,,,,,,,,,,,,,,,,,
2026-01-06 00:41:50,421260,0.0,0.0,0.0,2.0,0.0117,60.0,,,,,,,,,,,,,,,,,,
2026-01-06 00:42:20,421258,0.0,0.0,0.0,1.0,0.005,60.0,,,,,,,,,,,,,,,,,,
2026-01-06 00:42:20,421260,0.0,0.0,0.0,0.0,0.0,0.0,,,,,,,,,,,,,,,,,,
2026-01-06 00:42:50,421258,0.0,0.0,0.0,1.0,0.0067,60.0,,,,,,,,,,,,,,,,,,
2026-01-06 00:42:50,421260,0.0,0.0,0.0,0.0,0.0,0.0,,,,,,,,,,,,,,,,,,
2026-01-06 00:43:20,421258,0.0,0.0,0.0,1.0,0.0078,52.0,,,,,,,,,,,,,,,,,,
2026-01-06 00:43:20,421260,0.0,0.0,0.0,0.0,0.0,0.0,,,,,,,,,,,,,,,,,,
2026-01-06 00:43:50,421258,0.0,0.0,0.0,2.0,0.0139,56.0,,,,,,,,,,,,,,,,,,
2026-01-06 00:43:50,421260,1.0,0.005,78.0,2.0,0.0117,65.0,,,,,,,,,,,,,,,,,,
2026-01-06 00:44:20,421258,0.0,0.0,0.0,0.0,0.0,0.0,,,,,,,,,,,,,,,,,,
2026-01-06 00:44:20,421260,0.0,0.0,0.0,1.0,0.0067,60.0,,,,,,,,,,,,,,,,,,
2026-01-06 00:44:50,421258,0.0,0.0,0.0,0.0,0.0,0.0,,,,,,,,,,,,,,,,,,
2026-01-06 00:44:50,421260,0.0,0.0,0.0,4.0,0.0339,44.0,,,,,,,,,,,,,,,,,,
2026-01-06 00:45:20,421258,0.0,0.0,0.0,0.0,0.0,0.0,,,,,,,,,,,,,,,,,,
2026-01-06 00:45:20,421260,0.0,0.0,0.0,0.0,0.0,0.0,,,,,,,,,,,,,,,,,,
2026-01-06 00:45:50,421258,1.0,0.0039,60.0,2.0,0.0117,65.0,,,,,,,,,,,,,,,,,,
2026-01-06 00:45:50,421260,0.0,0.0,0.0,3.0,0.0189,56.0,,,,,,,,,,,,,,,,,,
2026-01-06 00:46:20,421258,0.0,0.0,0.0,1.0,0.0067,60.0,,,,,,,,,,,,,,,,,,
2026-01-06 00:46:20,421260,0.0,0.0,0.0,2.0,0.0128,60.0,,,,,,,,,,,,,,,,,,
2026-01-06 00:46:50,421258,0.0,0.0,0.0,1.0,0.0278,40.0,,,,,,,,,,,,,,,,,,
2026-01-06 00:46:50,421260,1.0,0.005,86.0,1.0,0.0067,60.0,,,,,,,,,,,,,,,,,,
2026-01-06 00:47:20,421258,0.0,0.0,0.0,2.0,0.0156,49.0,,,,,,,,,,,,,,,,,,
2026-01-06 00:47:20,421260,0.0,0.0,0.0,0.0,0.0,0.0,,,,,,,,,,,,,,,,,,
2026-01-06 00:47:50,421258,0.0,0.0,0.0,2.0,0.0356,52.0,,,,,,,,,,,,,,,,,,
2026-01-06 00:47:50,421260,0.0,0.0,0.0,1.0,0.0056,60.0,,,,,,,,,,,,,,,,,,
2026-01-06 00:48:20,421258,1.0,0.0039,78.0,2.0,0.015,56.0,,,,,,,,,,,,,,,,,,
2026-01-06 00:48:20,421260,0.0,0.0,0.0,0.0,0.0,0.0,,,,,,,,,,,,,,,,,,
2026-01-06 00:48:50,421258,0.0,0.0,0.0,0.0,0.0,0.0,,,,,,,,,,,,,,,,,,
2026-01-06 00:48:50,421260,0.0,0.0,0.0,3.0,0.0217,56.0,,,,,,,,,,,,,,,,,,
2026-01-06 00:49:20,421258,0.0,0.0,0.0,0.0,0.0,0.0,,,,,,,,,,,,,,,,,,
2026-01-06 00:49:20,421260,0.0,0.0,0.0,0.0,0.0,0.0,,,,,,,,,,,,,,,,,,
2026-01-06 00:49:50,421258,0.0,0.0,0.0,1.0,0.0078,44.0,,,,,,,,,,,,,,,,,,
2026-01-06 00:49:50,421260,1.0,0.0056,71.0,3.0,0.0228,52.0,,,,,,,,,,,,,,,,,,
2026-01-06 00:50:20,421258,0.0,0.0,0.0,1.0,0.0078,60.0,,,,,,,,,,,,,,,,,,
2026-01-06 00:50:20,421260,1.0,0.005,65.0,0.0,0.0,0.0,,,,,,,,,,,,,,,,,,
2026-01-06 00:50:50,421258,0.0,0.0,0.0,1.0,0.0278,44.0,,,,,,,,,,,,,,,,,,
2026-01-06 00:50:50,421260,0.0,0.0,0.0,0.0,0.0,0.0,,,,,,,,,,,,,,,,,,
2026-01-06 00:51:20,421258,0.0,0.0,0.0,1.0,0.005,78.0,,,,,,,,,,,,,,,,,,
2026-01-06 00:51:20,421260,0.0,0.0,0.0,0.0,0.0,0.0,,,,,,,,,,,,,,,,,,
2026-01-06 00:51:50,421258,2.0,0.0078,78.0,0.0,0.0,0.0,,,,,,,,,,,,,,,,,,
2026-01-06 00:51:50,421260,1.0,0.0056,78.0,0.0,0.0,0.0,,,,,,,,,,,,,,,,,,
2026-01-06 00:52:20,421258,0.0,0.0,0.0,1.0,0.0278,52.0,,,,,,,,,,,,,,,,,,
2026-01-06 00:52:20,421260,0.0,0.0,0.0,1.0,0.0056,60.0,,,,,,,,,,,,,,,,,,
2026-01-06 00:52:50,421258,0.0,0.0,0.0,0.0,0.0,0.0,,,,,,,,,,,,,,,,,,
2026-01-06 00:52:50,421260,0.0,0.0,0.0,1.0,0.0078,46.0,,,,,,,,,,,,,,,,,,
2026-01-06 00:53:20,421258,0.0,0.0,0.0,0.0,0.0,0.0,,,,,,,,,,,,,,,,,,
2026-01-06 00:53:20,421260,0.0,0.0,0.0,0.0,0.0,0.0,,,,,,,,,,,,,,,,,,
2026-01-06 00:53:50,421258,1.0,0.005,60.0,0.0,0.0,0.0,,,,,,,,,,,,,,,,,,
2026-01-06 00:53:50,421260,0.0,0.0,0.0,0.0,0.0,0.0,,,,,,,,,,,,,,,,,,
2026-01-06 00:54:20,421258,0.0,0.0,0.0,1.0,0.0078,52.0,,,,,,,,,,,,,,,,,,
2026-01-06 00:54:20,421260,0.0,0.0,0.0,0.0,0.0,0.0,,,,,,,,,,,,,,,,,,
2026-01-06 00:54:50,421258,0.0,0.0,0.0,0.0,0.0,0.0,,,,,,,,,,,,,,,,,,
2026-01-06 00:54:50,421260,0.0,0.0,0.0,1.0,0.0067,65.0,,,,,,,,,,,,,,,,,,
2026-01-06 00:55:20,421258,0.0,0.0,0.0,1.0,0.0089,44.0,,,,,,,,,,,,,,,,,,
2026-01-06 00:55:20,421260,1.0,0.005,78.0,1.0,0.0067,60.0,,,,,,,,,,,,,,,,,,
2026-01-06 00:55:50,421258,0.0,0.0,0.0,0.0,0.0,0.0,,,,,,,,,,,,,,,,,,
2026-01-06 00:55:50,421260,0.0,0.0,0.0,3.0,0.0228,56.0,,,,,,,,,,,,,,,,,,
2026-01-06 00:56:20,421258,0.0,0.0,0.0,1.0,0.0078,52.0,,,,,,,,,,,,,,,,,,
2026-01-06 00:56:20,421260,0.0,0.0,0.0,1.0,0.0078,56.0,,,,,,,,,,,,,,,,,,
2026-01-06 00:56:50,421258,1.0,0.0039,78.0,0.0,0.0,0.0,,,,,,,,,,,,,,,,,,
2026-01-06 00:56:50,421260,1.0,0.005,78.0,4.0,0.0267,56.0,,,,,,,,,,,,,,,,,,
2026-01-06 00:57:20,421258,0.0,0.0,0.0,1.0,0.0078,52.0,,,,,,,,,,,,,,,,,,
2026-01-06 00:57:20,421260,0.0,0.0,0.0,0.0,0.0,0.0,,,,,,,,,,,,,,,,,,
2026-01-06 00:57:50,421258,0.0,0.0,0.0,2.0,0.0356,44.0,,,,,,,,,,,,,,,,,,
2026-01-06 00:57:50,421260,1.0,0.0056,65.0,0.0,0.0,0.0,,,,,,,,,,,,,,,,,,
2026-01-06 00:58:20,421258,1.0,0.0039,78.0,1.0,0.0078,52.0,,,,,,,,,,,,,,,,,,
2026-01-06 00:58:20,421260,0.0,0.0,0.0,0.0,0.0,0.0,,,,,,,,,,,,,,,,,,
2026-01-06 00:58:50,421258,1.0,0.0039,78.0,2.0,0.0317,56.0,,,,,,,,,,,,,,,,,,
2026-01-06 00:58:50,421260,0.0,0.0,0.0,0.0,0.0,0.0,,,,,,,,,,,,,,,,,,
2026-01-06 00:59:20,421258,0.0,0.0,0.0,0.0,0.0,0.0,,,,,,,,,,,,,,,,,,
2026-01-06 00:59:20,421260,0.0,0.0,0.0,0.0,0.0,0.0,,,,,,,,,,,,,,,,,,
2026-01-06 00:59:50,421258,1.0,0.0039,78.0,0.0,0.0,0.0,,,,,,,,,,,,,,,,,,
2026-01-06 00:59:50,421260,0.0,0.0,0.0,0.0,0.0,0.0,,,,,,,,,,,,,,,,,,
2026-01-06 01:00:20,421258,0.0,0.0,0.0,0.0,0.0,0.0,,,,,,,,,,,,,,,,,,
2026-01-06 01:00:20,421260,0.0,0.0,0.0,1.0,0.005,78.0,,,,,,,,,,,,,,,,,,
2026-01-06 01:00:50,421258,0.0,0.0,0.0,0.0,0.0,0.0,,,,,,,,,,,,,,,,,,
2026-01-06 01:00:50,421260,0.0,0.0,0.0,0.0,0.0,0.0,,,,,,,,,,,,,,,,,,
2026-01-06 01:01:20,421258,0.0,0.0,0.0,0.0,0.0,0.0,,,,,,,,,,,,,,,,,,
2026-01-06 01:01:20,421260,0.0,0.0,0.0,1.0,0.0328,49.0,,,,,,,,,,,,,,,,,,
2026-01-06 01:01:50,421258,0.0,0.0,0.0,0.0,0.0,0.0,,,,,,,,,,,,,,,,,,
2026-01-06 01:01:50,421260,0.0,0.0,0.0,1.0,0.0039,78.0,,,,,,,,,,,,,,,,,,
2026-01-06 01:02:20,421258,0.0,0.0,0.0,1.0,0.0078,44.0,,,,,,,,,,,,,,,,,,
2026-01-06 01:02:20,421260,0.0,0.0,0.0,1.0,0.0067,60.0,,,,,,,,,,,,,,,,,,
2026-01-06 01:02:50,421258,0.0,0.0,0.0,0.0,0.0,0.0,,,,,,,,,,,,,,,,,,
2026-01-06 01:02:50,421260,2.0,0.01,65.0,0.0,0.0,0.0,,,,,,,,,,,,,,,,,,
2026-01-06 01:03:20,421258,1.0,0.0039,60.0,1.0,0.0317,23.0,,,,,,,,,,,,,,,,,,
2026-01-06 01:03:20,421260,0.0,0.0,0.0,3.0,0.0228,52.0,,,,,,,,,,,,,,,,,,
2026-01-06 01:03:50,421258,0.0,0.0,0.0,0.0,0.0,0.0,,,,,,,,,,,,,,,,,,
2026-01-06 01:03:50,421260,0.0,0.0,0.0,4.0,0.0289,46.0,,,,,,,,,,,,,,,,,,
2026-01-06 01:04:20,421258,1.0,0.0039,60.0,1.0,0.0067,60.0,,,,,,,,,,,,,,,,,,
2026-01-06 01:04:20,421260,0.0,0.0,0.0,2.0,0.0139,56.0,,,,,,,,,,,,,,,,,,
2026-01-06 01:04:50,421258,1.0,0.0039,60.0,0.0,0.0,0.0,,,,,,,,,,,,,,,,,,
2026-01-06 01:04:50,421260,2.0,0.0106,71.0,1.0,0.0067,52.0,,,,,,,,,,,,,,,,,,
2026-01-06 01:05:20,421258,0.0,0.0,0.0,1.0,0.0306,44.0,,,,,,,,,,,,,,,,,,
2026-01-06 01:05:20,421260,0.0,0.0,0.0,0.0,0.0,0.0,,,,,,,,,,,,,,,,,,
2026-01-06 01:05:50,421258,0.0,0.0,0.0,2.0,0.0339,40.0,,,,,,,,,,,,,,,,,,
2026-01-06 01:05:50,421260,2.0,0.0106,65.0,0.0,0.0,0.0,,,,,,,,,,,,,,,,,,
2026-01-06 01:06:20,421258,1.0,0.0039,78.0,3.0,0.0456,46.0,,,,,,,,,,,,,,,,,,
2026-01-06 01:06:20,421260,0.0,0.0,0.0,1.0,0.0078,46.0,,,,,,,,,,,,,,,,,,
2026-01-06 01:06:50,421258,1.0,0.0039,78.0,1.0,0.005,60.0,,,,,,,,,,,,,,,,,,
2026-01-06 01:06:50,421260,0.0,0.0,0.0,0.0,0.0,0.0,,,,,,,,,,,,,,,,,,
2026-01-06 01:07:20,421258,0.0,0.0,0.0,1.0,0.005,78.0,,,,,,,,,,,,,,,,,,
2026-01-06 01:07:20,421260,1.0,0.0039,96.0,1.0,0.005,65.0,,,,,,,,,,,,,,,,,,
2026-01-06 01:07:50,421258,1.0,0.0039,60.0,1.0,0.005,60.0,,,,,,,,,,,,,,,,,,
2026-01-06 01:07:50,421260,0.0,0.0,0.0,1.0,0.0056,65.0,,,,,,,,,,,,,,,,,,
2026-01-06 01:08:20,421258,0.0,0.0,0.0,0.0,0.0,0.0,,,,,,,,,,,,,,,,,,
2026-01-06 01:08:20,421260,0.0,0.0,0.0,1.0,0.0078,52.0,,,,,,,,,,,,,,,,,,
2026-01-06 01:08:50,421258,1.0,0.0039,96.0,1.0,0.0078,44.0,,,,,,,,,,,,,,,,,,
2026-01-06 01:08:50,421260,2.0,0.01,78.0,0.0,0.0,0.0,,,,,,,,,,,,,,,,,,
2026-01-06 01:09:20,421258,0.0,0.0,0.0,1.0,0.005,60.0,,,,,,,,,,,,,,,,,,
2026-01-06 01:09:20,421260,3.0,0.0139,65.0,2.0,0.0139,56.0,,,,,,,,,,,,,,,,,,
2026-01-06 01:09:50,421258,0.0,0.0,0.0,0.0,0.0,0.0,,,,,,,,,,,,,,,,,,
2026-01-06 01:09:50,421260,0.0,0.0,0.0,0.0,0.0,0.0,,,,,,,,,,,,,,,,,,
2026-01-06 01:10:20,421258,2.0,0.0078,78.0,1.0,0.0089,44.0,,,,,,,,,,,,,,,,,,
2026-01-06 01:10:20,421260,1.0,0.005,86.0,0.0,0.0,0.0,,,,,,,,,,,,,,,,,,
2026-01-06 01:10:50,421258,1.0,0.0039,96.0,0.0,0.0,0.0,,,,,,,,,,,,,,,,,,
2026-01-06 01:10:50,421260,0.0,0.0,0.0,0.0,0.0,0.0,,,,,,,,,,,,,,,,,,
2026-01-06 01:11:20,421258,0.0,0.0,0.0,3.0,0.0267,52.0,,,,,,,,,,,,,,,,,,
2026-01-06 01:11:20,421260,0.0,0.0,0.0,0.0,0.0,0.0,,,,,,,,,,,,,,,,,,
2026-01-06 01:11:50,421258,1.0,0.0039,78.0,0.0,0.0,0.0,,,,,,,,,,,,,,,,,,
2026-01-06 01:11:50,421260,1.0,0.005,60.0,1.0,0.0067,56.0,,,,,,,,,,,,,,,,,,
2026-01-06 01:12:20,421258,0.0,0.0,0.0,0.0,0.0,0.0,,,,,,,,,,,,,,,,,,
2026-01-06 01:12:20,421260,0.0,0.0,0.0,2.0,0.0128,60.0,,,,,,,,,,,,,,,,,,
2026-01-06 01:12:50,421258,0.0,0.0,0.0,0.0,0.0,0.0,,,,,,,,,,,,,,,,,,
2026-01-06 01:12:50,421260,0.0,0.0,0.0,0.0,0.0,0.0,,,,,,,,,,,,,,,,,,
2026-01-06 01:13:20,421258,0.0,0.0,0.0,2.0,0.015,52.0,,,,,,,,,,,,,,,,,,
2026-01-06 01:13:20,421260,0.0,0.0,0.0,0.0,0.0,0.0,,,,,,,,,,,,,,,,,,
2026-01-06 01:13:50,421258,0.0,0.0,0.0,1.0,0.0039,78.0,,,,,,,,,,,,,,,,,,
2026-01-06 01:13:50,421260,0.0,0.0,0.0,1.0,0.0089,49.0,,,,,,,,,,,,,,,,,,
2026-01-06 01:14:20,421258,0.0,0.0,0.0,1.0,0.0067,60.0,,,,,,,,,,,,,,,,,,
2026-01-06 01:14:20,421260,0.0,0.0,0.0,1.0,0.005,78.0,,,,,,,,,,,,,,,,,,
2026-01-06 01:14:50,421258,0.0,0.0,0.0,0.0,0.0,0.0,,,,,,,,,,,,,,,,,,
2026-01-06 01:14:50,421260,0.0,0.0,0.0,1.0,0.0067,56.0,,,,,,,,,,,,,,,,,,
2026-01-06 01:15:20,421258,0.0,0.0,0.0,0.0,0.0,0.0,,,,,,,,,,,,,,,,,,
2026-01-06 01:15:20,421260,1.0,0.0039,86.0,0.0,0.0,0.0,,,,,,,,,,,,,,,,,,
2026-01-06 01:15:50,421258,1.0,0.0039,78.0,1.0,0.0078,52.0,,,,,,,,,,,,,,,,,,
2026-01-06 01:15:50,421260,1.0,0.005,86.0,4.0,0.03,42.0,,,,,,,,,,,,,,,,,,
2026-01-06 01:16:20,421258,0.0,0.0,0.0,0.0,0.0,0.0,,,,,,,,,,,,,,,,,,
2026-01-06 01:16:20,421260,1.0,0.0039,96.0,0.0,0.0,0.0,,,,,,,,,,,,,,,,,,
2026-01-06 01:16:50,421258,0.0,0.0,0.0,2.0,0.0128,56.0,,,,,,,,,,,,,,,,,,
2026-01-06 01:16:50,421260,0.0,0.0,0.0,2.0,0.0189,60.0,,,,,,,,,,,,,,,,,,
2026-01-06 01:17:20,421258,0.0,0.0,0.0,1.0,0.005,78.0,,,,,,,,,,,,,,,,,,
2026-01-06 01:17:20,421260,0.0,0.0,0.0,0.0,0.0,0.0,,,,,,,,,,,,,,,,,,
2026-01-06 01:17:50,421258,1.0,0.0039,96.0,2.0,0.0428,44.0,,,,,,,,,,,,,,,,,,
2026-01-06 01:17:50,421260,0.0,0.0,0.0,0.0,0.0,0.0,,,,,,,,,,,,,,,,,,
2026-01-06 01:18:20,421258,0.0,0.0,0.0,0.0,0.0,0.0,,,,,,,,,,,,,,,,,,
2026-01-06 01:18:20,421260,0.0,0.0,0.0,1.0,0.0078,49.0,,,,,,,,,,,,,,,,,,
2026-01-06 01:18:50,421258,0.0,0.0,0.0,2.0,0.02,49.0,,,,,,,,,,,,,,,,,,
2026-01-06 01:18:50,421260,0.0,0.0,0.0,1.0,0.005,60.0,,,,,,,,,,,,,,,,,,
2026-01-06 01:19:20,421258,0.0,0.0,0.0,0.0,0.0,0.0,,,,,,,,,,,,,,,,,,
2026-01-06 01:19:20,421260,0.0,0.0,0.0,0.0,0.0,0.0,,,,,,,,,,,,,,,,,,
2026-01-06 01:19:50,421258,0.0,0.0,0.0,0.0,0.0,0.0,,,,,,,,,,,,,,,,,,
2026-01-06 01:19:50,421260,0.0,0.0,0.0,1.0,0.0067,52.0,,,,,,,,,,,,,,,,,,
2026-01-06 01:20:20,421258,0.0,0.0,0.0,1.0,0.0078,44.0,,,,,,,,,,,,,,,,,,
2026-01-06 01:20:20,421260,0.0,0.0,0.0,2.0,0.0206,46.0,,,,,,,,,,,,,,,,,,
2026-01-06 01:20:50,421258,0.0,0.0,0.0,1.0,0.005,60.0,,,,,,,,,,,,,,,,,,
2026-01-06 01:20:50,421260,0.0,0.0,0.0,2.0,0.0139,60.0,,,,,,,,,,,,,,,,,,
2026-01-06 01:21:20,421258,0.0,0.0,0.0,0.0,0.0,0.0,,,,,,,,,,,,,,,,,,
2026-01-06 01:21:20,421260,0.0,0.0,0.0,0.0,0.0,0.0,,,,,,,,,,,,,,,,,,
2026-01-06 01:21:50,421258,0.0,0.0,0.0,0.0,0.0,0.0,,,,,,,,,,,,,,,,,,
2026-01-06 01:21:50,421260,0.0,0.0,0.0,0.0,0.0,0.0,,,,,,,,,,,,,,,,,,
2026-01-06 01:22:20,421258,0.0,0.0,0.0,2.0,0.035,44.0,,,,,,,,,,,,,,,,,,
2026-01-06 01:22:20,421260,0.0,0.0,0.0,1.0,0.0067,60.0,,,,,,,,,,,,,,,,,,
2026-01-06 01:22:50,421258,0.0,0.0,0.0,2.0,0.0128,60.0,,,,,,,,,,,,,,,,,,
2026-01-06 01:22:50,421260,0.0,0.0,0.0,0.0,0.0,0.0,,,,,,,,,,,,,,,,,,
2026-01-06 01:23:20,421258,0.0,0.0,0.0,0.0,0.0,0.0,,,,,,,,,,,,,,,,,,
2026-01-06 01:23:20,421260,0.0,0.0,0.0,0.0,0.0,0.0,,,,,,,,,,,,,,,,,,
2026-01-06 01:23:50,421258,0.0,0.0,0.0,0.0,0.0,0.0,,,,,,,,,,,,,,,,,,
2026-01-06 01:23:50,421260,0.0,0.0,0.0,0.0,0.0,0.0,,,,,,,,,,,,,,,,,,
2026-01-06 01:24:20,421258,0.0,0.0,0.0,1.0,0.0067,60.0,,,,,,,,,,,,,,,,,,
2026-01-06 01:24:20,421260,0.0,0.0,0.0,2.0,0.0117,65.0,,,,,,,,,,,,,,,,,,
2026-01-06 01:24:50,421258,0.0,0.0,0.0,0.0,0.0,0.0,,,,,,,,,,,,,,,,,,
2026-01-06 01:24:50,421260,0.0,0.0,0.0,0.0,0.0,0.0,,,,,,,,,,,,,,,,,,
2026-01-06 01:25:20,421258,0.0,0.0,0.0,0.0,0.0,0.0,,,,,,,,,,,,,,,,,,
2026-01-06 01:25:20,421260,0.0,0.0,0.0,1.0,0.0228,40.0,,,,,,,,,,,,,,,,,,
2026-01-06 01:25:50,421258,0.0,0.0,0.0,2.0,0.0139,60.0,,,,,,,,,,,,,,,,,,
2026-01-06 01:25:50,421260,0.0,0.0,0.0,0.0,0.0,0.0,,,,,,,,,,,,,,,,,,
2026-01-06 01:26:20,421258,0.0,0.0,0.0,0.0,0.0,0.0,,,,,,,,,,,,,,,,,,
2026-01-06 01:26:20,421260,3.0,0.015,60.0,2.0,0.0106,71.0,,,,,,,,,,,,,,,,,,
2026-01-06 01:26:50,421258,0.0,0.0,0.0,0.0,0.0,0.0,,,,,,,,,,,,,,,,,,
2026-01-06 01:26:50,421260,0.0,0.0,0.0,1.0,0.0078,49.0,,,,,,,,,,,,,,,,,,
2026-01-06 01:27:20,421258,0.0,0.0,0.0,0.0,0.0,0.0,,,,,,,,,,,,,,,,,,
2026-01-06 01:27:20,421260,0.0,0.0,0.0,1.0,0.0078,49.0,,,,,,,,,,,,,,,,,,
2026-01-06 01:27:50,421258,0.0,0.0,0.0,2.0,0.03,44.0,,,,,,,,,,,,,,,,,,
2026-01-06 01:27:50,421260,0.0,0.0,0.0,1.0,0.0067,65.0,,,,,,,,,,,,,,,,,,
2026-01-06 01:28:20,421258,1.0,0.0039,78.0,0.0,0.0,0.0,,,,,,,,,,,,,,,,,,
2026-01-06 01:28:20,421260,0.0,0.0,0.0,0.0,0.0,0.0,,,,,,,,,,,,,,,,,,
2026-01-06 01:28:50,421258,1.0,0.005,60.0,0.0,0.0,0.0,,,,,,,,,,,,,,,,,,
2026-01-06 01:28:50,421260,1.0,0.0039,71.0,1.0,0.0078,52.0,,,,,,,,,,,,,,,,,,
2026-01-06 01:29:20,421258,1.0,0.0039,60.0,1.0,0.0267,44.0,,,,,,,,,,,,,,,,,,
2026-01-06 01:29:20,421260,0.0,0.0,0.0,0.0,0.0,0.0,,,,,,,,,,,,,,,,,,
2026-01-06 01:29:50,421258,0.0,0.0,0.0,1.0,0.0078,52.0,,,,,,,,,,,,,,,,,,
2026-01-06 01:29:50,421260,0.0,0.0,0.0,3.0,0.0167,65.0,,,,,,,,,,,,,,,,,,
2026-01-06 01:30:20,421258,0.0,0.0,0.0,1.0,0.005,60.0,,,,,,,,,,,,,,,,,,
2026-01-06 01:30:20,421260,0.0,0.0,0.0,0.0,0.0,0.0,,,,,,,,,,,,,,,,,,
2026-01-06 01:30:50,421258,0.0,0.0,0.0,1.0,0.0067,60.0,,,,,,,,,,,,,,,,,,
2026-01-06 01:30:50,421260,0.0,0.0,0.0,1.0,0.0106,49.0,,,,,,,,,,,,,,,,,,
2026-01-06 01:31:20,421258,0.0,0.0,0.0,1.0,0.0228,44.0,,,,,,,,,,,,,,,,,,
2026-01-06 01:31:20,421260,0.0,0.0,0.0,0.0,0.0,0.0,,,,,,,,,,,,,,,,,,
2026-01-06 01:31:50,421258,0.0,0.0,0.0,1.0,0.0067,52.0,,,,,,,,,,,,,,,,,,
2026-01-06 01:31:50,421260,0.0,0.0,0.0,0.0,0.0,0.0,,,,,,,,,,,,,,,,,,
2026-01-06 01:32:20,421258,0.0,0.0,0.0,0.0,0.0,0.0,,,,,,,,,,,,,,,,,,
2026-01-06 01:32:20,421260,0.0,0.0,0.0,0.0,0.0,0.0,,,,,,,,,,,,,,,,,,
2026-01-06 01:32:50,421258,0.0,0.0,0.0,1.0,0.0278,40.0,,,,,,,,,,,,,,,,,,
2026-01-06 01:32:50,421260,0.0,0.0,0.0,0.0,0.0,0.0,,,,,,,,,,,,,,,,,,
2026-01-06 01:33:20,421258,0.0,0.0,0.0,0.0,0.0,0.0,,,,,,,,,,,,,,,,,,
2026-01-06 01:33:20,421260,0.0,0.0,0.0,1.0,0.0089,44.0,,,,,,,,,,,,,,,,,,
2026-01-06 01:33:50,421258,0.0,0.0,0.0,0.0,0.0,0.0,,,,,,,,,,,,,,,,,,
2026-01-06 01:33:50,421260,0.0,0.0,0.0,2.0,0.0156,52.0,,,,,,,,,,,,,,,,,,
2026-01-06 01:34:20,421258,0.0,0.0,0.0,0.0,0.0,0.0,,,,,,,,,,,,,,,,,,
2026-01-06 01:34:20,421260,0.0,0.0,0.0,1.0,0.0056,65.0,,,,,,,,,,,,,,,,,,
2026-01-06 01:34:50,421258,0.0,0.0,0.0,0.0,0.0,0.0,,,,,,,,,,,,,,,,,,
2026-01-06 01:34:50,421260,0.0,0.0,0.0,0.0,0.0,0.0,,,,,,,,,,,,,,,,,,
2026-01-06 01:35:20,421258,0.0,0.0,0.0,0.0,0.0,0.0,,,,,,,,,,,,,,,,,,
2026-01-06 01:35:20,421260,0.0,0.0,0.0,0.0,0.0,0.0,,,,,,,,,,,,,,,,,,
2026-01-06 01:35:50,421258,0.0,0.0,0.0,2.0,0.0378,40.0,,,,,,,,,,,,,,,,,,
2026-01-06 01:35:50,421260,0.0,0.0,0.0,1.0,0.0156,60.0,,,,,,,,,,,,,,,,,,
2026-01-06 01:36:20,421258,0.0,0.0,0.0,1.0,0.0067,52.0,,,,,,,,,,,,,,,,,,
2026-01-06 01:36:20,421260,0.0,0.0,0.0,0.0,0.0,0.0,,,,,,,,,,,,,,,,,,
2026-01-06 01:36:50,421258,0.0,0.0,0.0,0.0,0.0,0.0,,,,,,,,,,,,,,,,,,
2026-01-06 01:36:50,421260,0.0,0.0,0.0,3.0,0.0178,65.0,,,,,,,,,,,,,,,,,,
2026-01-06 01:37:20,421258,0.0,0.0,0.0,0.0,0.0117,44.0,,,,,,,,,,,,,,,,,,
2026-01-06 01:37:20,421260,1.0,0.005,71.0,0.0,0.0,0.0,,,,,,,,,,,,,,,,,,
2026-01-06 01:37:50,421258,0.0,0.0,0.0,1.0,0.0067,81.0,,,,,,,,,,,,,,,,,,
2026-01-06 01:37:50,421260,2.0,0.0117,60.0,2.0,0.015,42.0,,,,,,,,,,,,,,,,,,
2026-01-06 01:38:20,421258,0.0,0.0,0.0,2.0,0.0128,56.0,,,,,,,,,,,,,,,,,,
2026-01-06 01:38:20,421260,1.0,0.0067,60.0,4.0,0.0339,49.0,,,,,,,,,,,,,,,,,,
2026-01-06 01:38:50,421258,1.0,0.0039,60.0,1.0,0.0067,60.0,,,,,,,,,,,,,,,,,,
2026-01-06 01:38:50,421260,1.0,0.005,78.0,1.0,0.0067,60.0,,,,,,,,,,,,,,,,,,
2026-01-06 01:39:20,421258,0.0,0.0,0.0,2.0,0.0117,60.0,,,,,,,,,,,,,,,,,,
2026-01-06 01:39:20,421260,0.0,0.0,0.0,1.0,0.0056,71.0,,,,,,,,,,,,,,,,,,
2026-01-06 01:39:50,421258,0.0,0.0,0.0,1.0,0.03,36.0,,,,,,,,,,,,,,,,,,
2026-01-06 01:39:50,421260,1.0,0.005,60.0,2.0,0.015,52.0,,,,,,,,,,,,,,,,,,
2026-01-06 01:40:20,421258,0.0,0.0,0.0,2.0,0.0189,52.0,,,,,,,,,,,,,,,,,,
2026-01-06 01:40:20,421260,0.0,0.0,0.0,0.0,0.0,0.0,,,,,,,,,,,,,,,,,,
2026-01-06 01:40:50,421258,1.0,0.0039,78.0,2.0,0.0706,34.0,,,,,,,,,,,,,,,,,,
2026-01-06 01:40:50,421260,0.0,0.0,0.0,0.0,0.0,0.0,,,,,,,,,,,,,,,,,,
2026-01-06 01:41:20,421258,0.0,0.0,0.0,1.0,0.0067,60.0,,,,,,,,,,,,,,,,,,
2026-01-06 01:41:20,421260,0.0,0.0,0.0,1.0,0.005,78.0,,,,,,,,,,,,,,,,,,
2026-01-06 01:41:50,421258,1.0,0.0039,60.0,2.0,0.015,52.0,,,,,,,,,,,,,,,,,,
2026-01-06 01:41:50,421260,0.0,0.0,0.0,0.0,0.0,0.0,,,,,,,,,,,,,,,,,,
2026-01-06 01:42:20,421258,0.0,0.0,0.0,0.0,0.0,0.0,,,,,,,,,,,,,,,,,,
2026-01-06 01:42:20,421260,0.0,0.0,0.0,2.0,0.0156,40.0,,,,,,,,,,,,,,,,,,
2026-01-06 01:42:50,421258,0.0,0.0,0.0,0.0,0.0,0.0,,,,,,,,,,,,,,,,,,
2026-01-06 01:42:50,421260,0.0,0.0,0.0,0.0,0.0,0.0,,,,,,,,,,,,,,,,,,
2026-01-06 01:43:20,421258,0.0,0.0,0.0,1.0,0.0067,60.0,,,,,,,,,,,,,,,,,,
2026-01-06 01:43:20,421260,0.0,0.0,0.0,0.0,0.0,0.0,,,,,,,,,,,,,,,,,,
2026-01-06 01:43:50,421258,0.0,0.0,0.0,0.0,0.0,0.0,,,,,,,,,,,,,,,,,,
2026-01-06 01:43:50,421260,0.0,0.0,0.0,1.0,0.015,46.0,,,,,,,,,,,,,,,,,,
2026-01-06 01:44:20,421258,0.0,0.0,0.0,0.0,0.0,0.0,,,,,,,,,,,,,,,,,,
2026-01-06 01:44:20,421260,0.0,0.0,0.0,0.0,0.0,0.0,,,,,,,,,,,,,,,,,,
2026-01-06 01:44:50,421258,0.0,0.0,0.0,1.0,0.03,40.0,,,,,,,,,,,,,,,,,,
2026-01-06 01:44:50,421260,0.0,0.0,0.0,0.0,0.0,0.0,,,,,,,,,,,,,,,,,,
2026-01-06 01:45:20,421258,0.0,0.0,0.0,0.0,0.0,0.0,,,,,,,,,,,,,,,,,,
2026-01-06 01:45:20,421260,1.0,0.0056,65.0,1.0,0.0067,60.0,,,,,,,,,,,,,,,,,,
2026-01-06 01:45:50,421258,0.0,0.0,0.0,0.0,0.0,0.0,,,,,,,,,,,,,,,,,,
2026-01-06 01:45:50,421260,1.0,0.005,71.0,0.0,0.0,0.0,,,,,,,,,,,,,,,,,,
2026-01-06 01:46:20,421258,0.0,0.0,0.0,1.0,0.0339,40.0,,,,,,,,,,,,,,,,,,
2026-01-06 01:46:20,421260,1.0,0.0039,71.0,0.0,0.0,0.0,,,,,,,,,,,,,,,,,,
2026-01-06 01:46:50,421258,0.0,0.0,0.0,0.0,0.0,0.0,,,,,,,,,,,,,,,,,,
2026-01-06 01:46:50,421260,0.0,0.0,0.0,3.0,0.0217,44.0,,,,,,,,,,,,,,,,,,
2026-01-06 01:47:20,421258,2.0,0.0078,65.0,1.0,0.0078,52.0,,,,,,,,,,,,,,,,,,
2026-01-06 01:47:20,421260,0.0,0.0,0.0,2.0,0.0217,42.0,,,,,,,,,,,,,,,,,,
2026-01-06 01:47:50,421258,0.0,0.0,0.0,0.0,0.0,0.0,,,,,,,,,,,,,,,,,,
2026-01-06 01:47:50,421260,0.0,0.0,0.0,1.0,0.0056,65.0,,,,,,,,,,,,,,,,,,
2026-01-06 01:48:20,421258,1.0,0.0039,60.0,0.0,0.0,0.0,,,,,,,,,,,,,,,,,,
2026-01-06 01:48:20,421260,0.0,0.0,0.0,0.0,0.0,0.0,,,,,,,,,,,,,,,,,,
2026-01-06 01:48:50,421258,0.0,0.0,0.0,0.0,0.0,0.0,,,,,,,,,,,,,,,,,,
2026-01-06 01:48:50,421260,0.0,0.0,0.0,1.0,0.0056,65.0,,,,,,,,,,,,,,,,,,
2026-01-06 01:49:20,421258,1.0,0.0039,60.0,1.0,0.0317,36.0,,,,,,,,,,,,,,,,,,
2026-01-06 01:49:20,421260,0.0,0.0,0.0,0.0,0.0,0.0,,,,,,,,,,,,,,,,,,
2026-01-06 01:49:50,421258,0.0,0.0,0.0,1.0,0.0267,20.0,,,,,,,,,,,,,,,,,,
2026-01-06 01:49:50,421260,0.0,0.0,0.0,3.0,0.03,42.0,,,,,,,,,,,,,,,,,,
2026-01-06 01:50:20,421258,0.0,0.0,0.0,1.0,0.0078,52.0,,,,,,,,,,,,,,,,,,
2026-01-06 01:50:20,421260,0.0,0.0,0.0,0.0,0.0,0.0,,,,,,,,,,,,,,,,,,
2026-01-06 01:50:50,421258,0.0,0.0,0.0,0.0,0.0,0.0,,,,,,,,,,,,,,,,,,
2026-01-06 01:50:50,421260,0.0,0.0,0.0,0.0,0.0,0.0,,,,,,,,,,,,,,,,,,
2026-01-06 01:51:20,421258,0.0,0.0,0.0,0.0,0.0,0.0,,,,,,,,,,,,,,,,,,
2026-01-06 01:51:20,421260,1.0,0.0056,60.0,0.0,0.0,0.0,,,,,,,,,,,,,,,,,,
2026-01-06 01:51:50,421258,1.0,0.0078,52.0,0.0,0.0,0.0,,,,,,,,,,,,,,,,,,
2026-01-06 01:51:50,421260,1.0,0.0039,71.0,0.0,0.0,0.0,,,,,,,,,,,,,,,,,,
2026-01-06 01:52:20,421258,0.0,0.0,0.0,1.0,0.0267,44.0,,,,,,,,,,,,,,,,,,
2026-01-06 01:52:20,421260,0.0,0.0,0.0,0.0,0.0,0.0,,,,,,,,,,,,,,,,,,
2026-01-06 01:52:50,421258,0.0,0.0,0.0,0.0,0.0,0.0,,,,,,,,,,,,,,,,,,
2026-01-06 01:52:50,421260,0.0,0.0,0.0,0.0,0.0,0.0,,,,,,,,,,,,,,,,,,
2026-01-06 01:53:20,421258,1.0,0.0039,60.0,1.0,0.005,60.0,,,,,,,,,,,,,,,,,,
2026-01-06 01:53:20,421260,0.0,0.0,0.0,0.0,0.0,0.0,,,,,,,,,,,,,,,,,,
2026-01-06 01:53:50,421258,0.0,0.0,0.0,0.0,0.0,0.0,,,,,,,,,,,,,,,,,,
2026-01-06 01:53:50,421260,0.0,0.0,0.0,2.0,0.0156,52.0,,,,,,,,,,,,,,,,,,
2026-01-06 01:54:20,421258,0.0,0.0,0.0,0.0,0.0,0.0,,,,,,,,,,,,,,,,,,
2026-01-06 01:54:20,421260,0.0,0.0,0.0,4.0,0.0389,46.0,,,,,,,,,,,,,,,,,,
2026-01-06 01:54:50,421258,0.0,0.0,0.0,0.0,0.0,0.0,,,,,,,,,,,,,,,,,,
2026-01-06 01:54:50,421260,0.0,0.0,0.0,1.0,0.0056,60.0,,,,,,,,,,,,,,,,,,
2026-01-06 01:55:20,421258,0.0,0.0,0.0,0.0,0.0,0.0,,,,,,,,,,,,,,,,,,
2026-01-06 01:55:20,421260,0.0,0.0,0.0,1.0,0.0067,52.0,,,,,,,,,,,,,,,,,,
2026-01-06 01:55:50,421258,0.0,0.0,0.0,1.0,0.0106,44.0,,,,,,,,,,,,,,,,,,
2026-01-06 01:55:50,421260,0.0,0.0,0.0,0.0,0.0,0.0,,,,,,,,,,,,,,,,,,
2026-01-06 01:56:20,421258,0.0,0.0,0.0,1.0,0.0256,44.0,,,,,,,,,,,,,,,,,,
2026-01-06 01:56:20,421260,0.0,0.0,0.0,1.0,0.0039,52.0,,,,,,,,,,,,,,,,,,
2026-01-06 01:56:50,421258,0.0,0.0,0.0,4.0,0.105,38.0,,,,,,,,,,,,,,,,,,
2026-01-06 01:56:50,421260,0.0,0.0,0.0,0.0,0.0,0.0,,,,,,,,,,,,,,,,,,
2026-01-06 01:57:20,421258,0.0,0.0,0.0,1.0,0.0078,52.0,,,,,,,,,,,,,,,,,,
2026-01-06 01:57:20,421260,0.0,0.0,0.0,0.0,0.0,0.0,,,,,,,,,,,,,,,,,,
2026-01-06 01:57:50,421258,0.0,0.0,0.0,0.0,0.0,0.0,,,,,,,,,,,,,,,,,,
2026-01-06 01:57:50,421260,1.0,0.005,86.0,1.0,0.0067,60.0,,,,,,,,,,,,,,,,,,
2026-01-06 01:58:20,421258,0.0,0.0,0.0,1.0,0.0128,42.0,,,,,,,,,,,,,,,,,,
2026-01-06 01:58:20,421260,0.0,0.0,0.0,0.0,0.0,0.0,,,,,,,,,,,,,,,,,,
2026-01-06 01:58:50,421258,0.0,0.0,0.0,0.0,0.0,0.0,,,,,,,,,,,,,,,,,,
2026-01-06 01:58:50,421260,0.0,0.0,0.0,0.0,0.0,0.0,,,,,,,,,,,,,,,,,,
2026-01-06 01:59:20,421258,1.0,0.0039,78.0,0.0,0.0,0.0,,,,,,,,,,,,,,,,,,
2026-01-06 01:59:20,421260,0.0,0.0,0.0,0.0,0.0,0.0,,,,,,,,,,,,,,,,,,
2026-01-06 01:59:50,421258,0.0,0.0,0.0,1.0,0.0067,60.0,,,,,,,,,,,,,,,,,,
2026-01-06 01:59:50,421260,0.0,0.0,0.0,0.0,0.0,0.0,,,,,,,,,,,,,,,,,,
2026-01-06 02:00:20,421258,0.0,0.0,0.0,0.0,0.0,0.0,,,,,,,,,,,,,,,,,,
2026-01-06 02:00:20,421260,0.0,0.0,0.0,1.0,0.0067,56.0,,,,,,,,,,,,,,,,,,
2026-01-06 02:00:50,421258,0.0,0.0,0.0,0.0,0.0,0.0,,,,,,,,,,,,,,,,,,
2026-01-06 02:00:50,421260,0.0,0.0,0.0,0.0,0.0,0.0,,,,,,,,,,,,,,,,,,
2026-01-06 02:01:20,421258,0.0,0.0,0.0,0.0,0.0,0.0,,,,,,,,,,,,,,,,,,
2026-01-06 02:01:20,421260,0.0,0.0,0.0,0.0,0.0,0.0,,,,,,,,,,,,,,,,,,
2026-01-06 02:01:50,421258,0.0,0.0,0.0,0.0,0.0,0.0,,,,,,,,,,,,,,,,,,
2026-01-06 02:01:50,421260,0.0,0.0,0.0,0.0,0.0,0.0,,,,,,,,,,,,,,,,,,
2026-01-06 02:02:20,421258,0.0,0.0,0.0,1.0,0.0089,44.0,,,,,,,,,,,,,,,,,,
2026-01-06 02:02:20,421260,1.0,0.0039,71.0,1.0,0.0067,71.0,,,,,,,,,,,,,,,,,,
2026-01-06 02:02:50,421258,0.0,0.0,0.0,0.0,0.0,0.0,,,,,,,,,,,,,,,,,,
2026-01-06 02:02:50,421260,0.0,0.0,0.0,0.0,0.0,0.0,,,,,,,,,,,,,,,,,,
2026-01-06 02:03:20,421258,0.0,0.0,0.0,0.0,0.0,0.0,,,,,,,,,,,,,,,,,,
2026-01-06 02:03:20,421260,0.0,0.0,0.0,1.0,0.0056,71.0,,,,,,,,,,,,,,,,,,
2026-01-06 02:03:50,421258,0.0,0.0,0.0,1.0,0.0067,60.0,,,,,,,,,,,,,,,,,,
2026-01-06 02:03:50,421260,0.0,0.0,0.0,0.0,0.0,0.0,,,,,,,,,,,,,,,,,,
2026-01-06 02:04:20,421258,1.0,0.0039,78.0,0.0,0.0,0.0,,,,,,,,,,,,,,,,,,
2026-01-06 02:04:20,421260,1.0,0.005,78.0,0.0,0.0,0.0,,,,,,,,,,,,,,,,,,
2026-01-06 02:04:50,421258,0.0,0.0,0.0,1.0,0.005,60.0,,,,,,,,,,,,,,,,,,
2026-01-06 02:04:50,421260,1.0,0.0039,96.0,1.0,0.0239,52.0,,,,,,,,,,,,,,,,,,
2026-01-06 02:05:20,421258,0.0,0.0,0.0,0.0,0.0,0.0,,,,,,,,,,,,,,,,,,
2026-01-06 02:05:20,421260,0.0,0.0,0.0,2.0,0.015,49.0,,,,,,,,,,,,,,,,,,
2026-01-06 02:05:50,421258,1.0,0.0039,78.0,0.0,0.0,0.0,,,,,,,,,,,,,,,,,,
2026-01-06 02:05:50,421260,0.0,0.0,0.0,0.0,0.0,0.0,,,,,,,,,,,,,,,,,,
2026-01-06 02:06:20,421258,0.0,0.0,0.0,1.0,0.0067,78.0,,,,,,,,,,,,,,,,,,
2026-01-06 02:06:20,421260,0.0,0.0,0.0,0.0,0.0,0.0,,,,,,,,,,,,,,,,,,
2026-01-06 02:06:50,421258,0.0,0.0,0.0,1.0,0.0206,26.0,,,,,,,,,,,,,,,,,,
2026-01-06 02:06:50,421260,0.0,0.0,0.0,0.0,0.0,0.0,,,,,,,,,,,,,,,,,,
2026-01-06 02:07:20,421258,0.0,0.0,0.0,0.0,0.0,0.0,,,,,,,,,,,,,,,,,,
2026-01-06 02:07:20,421260,2.0,0.01,78.0,1.0,0.005,71.0,,,,,,,,,,,,,,,,,,
2026-01-06 02:07:50,421258,0.0,0.0,0.0,1.0,0.0267,44.0,,,,,,,,,,,,,,,,,,
2026-01-06 02:07:50,421260,0.0,0.0,0.0,0.0,0.0,0.0,,,,,,,,,,,,,,,,,,
2026-01-06 02:08:20,421258,0.0,0.0,0.0,0.0,0.0,0.0,,,,,,,,,,,,,,,,,,
2026-01-06 02:08:20,421260,0.0,0.0,0.0,0.0,0.0,0.0,,,,,,,,,,,,,,,,,,
2026-01-06 02:08:50,421258,2.0,0.0078,78.0,0.0,0.0,0.0,,,,,,,,,,,,,,,,,,
2026-01-06 02:08:50,421260,0.0,0.0,0.0,1.0,0.0067,56.0,,,,,,,,,,,,,,,,,,
2026-01-06 02:09:20,421258,0.0,0.0,0.0,1.0,0.005,109.0,,,,,,,,,,,,,,,,,,
2026-01-06 02:09:20,421260,0.0,0.0,0.0,1.0,0.0067,52.0,,,,,,,,,,,,,,,,,,
2026-01-06 02:09:50,421258,0.0,0.0,0.0,0.0,0.0,0.0,,,,,,,,,,,,,,,,,,
2026-01-06 02:09:50,421260,0.0,0.0,0.0,0.0,0.0,0.0,,,,,,,,,,,,,,,,,,
2026-01-06 02:10:20,421258,0.0,0.0,0.0,0.0,0.0,0.0,,,,,,,,,,,,,,,,,,
2026-01-06 02:10:20,421260,0.0,0.0,0.0,1.0,0.0089,52.0,,,,,,,,,,,,,,,,,,
2026-01-06 02:10:50,421258,0.0,0.0,0.0,1.0,0.0067,52.0,,,,,,,,,,,,,,,,,,
2026-01-06 02:10:50,421260,1.0,0.0056,60.0,0.0,0.0,0.0,,,,,,,,,,,,,,,,,,
2026-01-06 02:11:20,421258,0.0,0.0,0.0,0.0,0.0,0.0,,,,,,,,,,,,,,,,,,
2026-01-06 02:11:20,421260,1.0,0.005,49.0,3.0,0.0617,46.0,,,,,,,,,,,,,,,,,,
2026-01-06 02:11:50,421258,0.0,0.0,0.0,1.0,0.0089,44.0,,,,,,,,,,,,,,,,,,
2026-01-06 02:11:50,421260,0.0,0.0,0.0,1.0,0.0089,44.0,,,,,,,,,,,,,,,,,,
2026-01-06 02:12:20,421258,0.0,0.0,0.0,1.0,0.0067,60.0,,,,,,,,,,,,,,,,,,
2026-01-06 02:12:20,421260,0.0,0.0,0.0,1.0,0.0067,56.0,,,,,,,,,,,,,,,,,,
2026-01-06 02:12:50,421258,0.0,0.0,0.0,1.0,0.0106,40.0,,,,,,,,,,,,,,,,,,
2026-01-06 02:12:50,421260,0.0,0.0,0.0,0.0,0.0,0.0,,,,,,,,,,,,,,,,,,
2026-01-06 02:13:20,421258,0.0,0.0,0.0,1.0,0.0267,44.0,,,,,,,,,,,,,,,,,,
2026-01-06 02:13:20,421260,0.0,0.0,0.0,0.0,0.0,0.0,,,,,,,,,,,,,,,,,,
2026-01-06 02:13:50,421258,1.0,0.0317,52.0,2.0,0.0306,49.0,,,,,,,,,,,,,,,,,,
2026-01-06 02:13:50,421260,0.0,0.0,0.0,6.0,0.0467,46.0,,,,,,,,,,,,,,,,,,
2026-01-06 02:14:20,421258,0.0,0.0,0.0,1.0,0.0078,44.0,,,,,,,,,,,,,,,,,,
2026-01-06 02:14:20,421260,1.0,0.0067,60.0,0.0,0.0,0.0,,,,,,,,,,,,,,,,,,
2026-01-06 02:14:50,421258,0.0,0.0,0.0,0.0,0.0,0.0,,,,,,,,,,,,,,,,,,
2026-01-06 02:14:50,421260,0.0,0.0,0.0,0.0,0.0,0.0,,,,,,,,,,,,,,,,,,
2026-01-06 02:15:20,421258,0.0,0.0,0.0,0.0,0.0,0.0,,,,,,,,,,,,,,,,,,
2026-01-06 02:15:20,421260,1.0,0.0056,65.0,2.0,0.015,52.0,,,,,,,,,,,,,,,,,,
2026-01-06 02:15:50,421258,0.0,0.0,0.0,1.0,0.005,60.0,,,,,,,,,,,,,,,,,,
2026-01-06 02:15:50,421260,0.0,0.0,0.0,2.0,0.015,56.0,,,,,,,,,,,,,,,,,,
2026-01-06 02:16:20,421258,1.0,0.005,60.0,2.0,0.0639,40.0,,,,,,,,,,,,,,,,,,
2026-01-06 02:16:20,421260,0.0,0.0,0.0,0.0,0.0,0.0,,,,,,,,,,,,,,,,,,
2026-01-06 02:16:50,421258,0.0,0.0,0.0,0.0,0.0,0.0,,,,,,,,,,,,,,,,,,
2026-01-06 02:16:50,421260,0.0,0.0,0.0,1.0,0.0067,56.0,,,,,,,,,,,,,,,,,,
2026-01-06 02:17:20,421258,0.0,0.0,0.0,2.0,0.0317,52.0,,,,,,,,,,,,,,,,,,
2026-01-06 02:17:20,421260,1.0,0.0039,78.0,0.0,0.0,0.0,,,,,,,,,,,,,,,,,,
2026-01-06 02:17:50,421258,0.0,0.0,0.0,1.0,0.0256,44.0,,,,,,,,,,,,,,,,,,
2026-01-06 02:17:50,421260,0.0,0.0,0.0,2.0,0.0128,60.0,,,,,,,,,,,,,,,,,,
2026-01-06 02:18:20,421258,0.0,0.0,0.0,0.0,0.0,0.0,,,,,,,,,,,,,,,,,,
2026-01-06 02:18:20,421260,0.0,0.0,0.0,1.0,0.0067,60.0,,,,,,,,,,,,,,,,,,
2026-01-06 02:18:50,421258,0.0,0.0,0.0,1.0,0.0078,52.0,,,,,,,,,,,,,,,,,,
2026-01-06 02:18:50,421260,0.0,0.0,0.0,2.0,0.015,56.0,,,,,,,,,,,,,,,,,,
2026-01-06 02:19:20,421258,0.0,0.0,0.0,2.0,0.0106,60.0,,,,,,,,,,,,,,,,,,
2026-01-06 02:19:20,421260,0.0,0.0,0.0,0.0,0.0,0.0,,,,,,,,,,,,,,,,,,
2026-01-06 02:19:50,421258,0.0,0.0,0.0,1.0,0.0067,52.0,,,,,,,,,,,,,,,,,,
2026-01-06 02:19:50,421260,2.0,0.01,71.0,1.0,0.0056,78.0,,,,,,,,,,,,,,,,,,
2026-01-06 02:20:20,421258,0.0,0.0,0.0,2.0,0.0317,56.0,,,,,,,,,,,,,,,,,,
2026-01-06 02:20:20,421260,0.0,0.0,0.0,2.0,0.0139,56.0,,,,,,,,,,,,,,,,,,
2026-01-06 02:20:50,421258,0.0,0.0,0.0,0.0,0.0,0.0,,,,,,,,,,,,,,,,,,
2026-01-06 02:20:50,421260,2.0,0.01,71.0,1.0,0.01,52.0,,,,,,,,,,,,,,,,,,
2026-01-06 02:21:20,421258,1.0,0.0039,78.0,1.0,0.0067,60.0,,,,,,,,,,,,,,,,,,
2026-01-06 02:21:20,421260,0.0,0.0,0.0,0.0,0.0,0.0,,,,,,,,,,,,,,,,,,
2026-01-06 02:21:50,421258,1.0,0.0039,78.0,0.0,0.0,0.0,,,,,,,,,,,,,,,,,,
2026-01-06 02:21:50,421260,0.0,0.0,0.0,0.0,0.0,0.0,,,,,,,,,,,,,,,,,,
2026-01-06 02:22:20,421258,1.0,0.0039,78.0,1.0,0.0278,40.0,,,,,,,,,,,,,,,,,,
2026-01-06 02:22:20,421260,1.0,0.005,78.0,0.0,0.0,0.0,,,,,,,,,,,,,,,,,,
2026-01-06 02:22:50,421258,1.0,0.0039,60.0,1.0,0.0256,52.0,,,,,,,,,,,,,,,,,,
2026-01-06 02:22:50,421260,0.0,0.0,0.0,1.0,0.005,71.0,,,,,,,,,,,,,,,,,,
2026-01-06 02:23:20,421258,0.0,0.0,0.0,0.0,0.0,0.0,,,,,,,,,,,,,,,,,,
2026-01-06 02:23:20,421260,0.0,0.0,0.0,0.0,0.0,0.0,,,,,,,,,,,,,,,,,,
2026-01-06 02:23:50,421258,0.0,0.0,0.0,0.0,0.0,0.0,,,,,,,,,,,,,,,,,,
2026-01-06 02:23:50,421260,0.0,0.0,0.0,1.0,0.0078,52.0,,,,,,,,,,,,,,,,,,
2026-01-06 02:24:20,421258,1.0,0.005,60.0,0.0,0.0,0.0,,,,,,,,,,,,,,,,,,
2026-01-06 02:24:20,421260,0.0,0.0,0.0,1.0,0.0039,52.0,,,,,,,,,,,,,,,,,,
2026-01-06 02:24:50,421258,0.0,0.0,0.0,1.0,0.0067,60.0,,,,,,,,,,,,,,,,,,
2026-01-06 02:24:50,421260,0.0,0.0,0.0,1.0,0.0139,65.0,,,,,,,,,,,,,,,,,,
2026-01-06 02:25:20,421258,0.0,0.0,0.0,0.0,0.0,0.0,,,,,,,,,,,,,,,,,,
2026-01-06 02:25:20,421260,0.0,0.0,0.0,0.0,0.0,0.0,,,,,,,,,,,,,,,,,,
2026-01-06 02:25:50,421258,0.0,0.0,0.0,0.0,0.0,0.0,,,,,,,,,,,,,,,,,,
2026-01-06 02:25:50,421260,1.0,0.0056,65.0,3.0,0.0178,56.0,,,,,,,,,,,,,,,,,,
2026-01-06 02:26:20,421258,0.0,0.0,0.0,2.0,0.0189,40.0,,,,,,,,,,,,,,,,,,
2026-01-06 02:26:20,421260,0.0,0.0,0.0,0.0,0.0,0.0,,,,,,,,,,,,,,,,,,
2026-01-06 02:26:50,421258,0.0,0.0,0.0,1.0,0.0189,40.0,,,,,,,,,,,,,,,,,,
2026-01-06 02:26:50,421260,2.0,0.01,78.0,3.0,0.0206,56.0,,,,,,,,,,,,,,,,,,
2026-01-06 02:27:20,421258,0.0,0.0,0.0,0.0,0.0,0.0,,,,,,,,,,,,,,,,,,
2026-01-06 02:27:20,421260,0.0,0.0,0.0,4.0,0.0256,49.0,,,,,,,,,,,,,,,,,,
2026-01-06 02:27:50,421258,1.0,0.0039,60.0,1.0,0.005,60.0,,,,,,,,,,,,,,,,,,
2026-01-06 02:27:50,421260,1.0,0.005,86.0,0.0,0.0,0.0,,,,,,,,,,,,,,,,,,
2026-01-06 02:28:20,421258,1.0,0.0039,78.0,1.0,0.0239,32.0,,,,,,,,,,,,,,,,,,
2026-01-06 02:28:20,421260,0.0,0.0,0.0,1.0,0.0056,60.0,,,,,,,,,,,,,,,,,,
2026-01-06 02:28:50,421258,1.0,0.0039,78.0,3.0,0.0217,56.0,,,,,,,,,,,,,,,,,,
2026-01-06 02:28:50,421260,1.0,0.0067,60.0,0.0,0.0,0.0,,,,,,,,,,,,,,,,,,
2026-01-06 02:29:20,421258,2.0,0.0078,65.0,1.0,0.0317,40.0,,,,,,,,,,,,,,,,,,
2026-01-06 02:29:20,421260,0.0,0.0,0.0,0.0,0.0,0.0,,,,,,,,,,,,,,,,,,
2026-01-06 02:29:50,421258,0.0,0.0,0.0,0.0,0.0,0.0,,,,,,,,,,,,,,,,,,
2026-01-06 02:29:50,421260,0.0,0.0,0.0,0.0,0.0,0.0,,,,,,,,,,,,,,,,,,
2026-01-06 02:30:20,421258,0.0,0.0,0.0,1.0,0.0078,52.0,,,,,,,,,,,,,,,,,,
2026-01-06 02:30:20,421260,0.0,0.0,0.0,0.0,0.0,0.0,,,,,,,,,,,,,,,,,,
2026-01-06 02:30:50,421258,1.0,0.005,60.0,0.0,0.0,0.0,,,,,,,,,,,,,,,,,,
2026-01-06 02:30:50,421260,1.0,0.005,71.0,1.0,0.0056,60.0,,,,,,,,,,,,,,,,,,
2026-01-06 02:31:20,421258,0.0,0.0,0.0,0.0,0.0,0.0,,,,,,,,,,,,,,,,,,
2026-01-06 02:31:20,421260,0.0,0.0,0.0,2.0,0.0128,60.0,,,,,,,,,,,,,,,,,,
2026-01-06 02:31:50,421258,0.0,0.0,0.0,0.0,0.0,0.0,,,,,,,,,,,,,,,,,,
2026-01-06 02:31:50,421260,0.0,0.0,0.0,1.0,0.0039,52.0,,,,,,,,,,,,,,,,,,
2026-01-06 02:32:20,421258,0.0,0.0,0.0,1.0,0.0078,52.0,,,,,,,,,,,,,,,,,,
2026-01-06 02:32:20,421260,0.0,0.0,0.0,0.0,0.0,0.0,,,,,,,,,,,,,,,,,,
2026-01-06 02:32:50,421258,0.0,0.0,0.0,1.0,0.0067,52.0,,,,,,,,,,,,,,,,,,
2026-01-06 02:32:50,421260,0.0,0.0,0.0,0.0,0.0,0.0,,,,,,,,,,,,,,,,,,
2026-01-06 02:33:20,421258,1.0,0.0039,78.0,1.0,0.0078,44.0,,,,,,,,,,,,,,,,,,
2026-01-06 02:33:20,421260,0.0,0.0,0.0,0.0,0.0,0.0,,,,,,,,,,,,,,,,,,
2026-01-06 02:33:50,421258,0.0,0.0,0.0,1.0,0.015,36.0,,,,,,,,,,,,,,,,,,
2026-01-06 02:33:50,421260,1.0,0.005,60.0,1.0,0.005,52.0,,,,,,,,,,,,,,,,,,
2026-01-06 02:34:20,421258,0.0,0.0,0.0,0.0,0.0,0.0,,,,,,,,,,,,,,,,,,
2026-01-06 02:34:20,421260,1.0,0.0056,71.0,0.0,0.0,0.0,,,,,,,,,,,,,,,,,,
2026-01-06 02:34:50,421258,0.0,0.0,0.0,0.0,0.0,0.0,,,,,,,,,,,,,,,,,,
2026-01-06 02:34:50,421260,0.0,0.0,0.0,0.0,0.0,0.0,,,,,,,,,,,,,,,,,,
2026-01-06 02:35:20,421258,0.0,0.0,0.0,0.0,0.0,0.0,,,,,,,,,,,,,,,,,,
2026-01-06 02:35:20,421260,0.0,0.0,0.0,0.0,0.0,0.0,,,,,,,,,,,,,,,,,,
2026-01-06 02:35:50,421258,1.0,0.0039,60.0,1.0,0.0128,42.0,,,,,,,,,,,,,,,,,,
2026-01-06 02:35:50,421260,0.0,0.0,0.0,0.0,0.0,0.0,,,,,,,,,,,,,,,,,,
2026-01-06 02:36:20,421258,1.0,0.0039,78.0,0.0,0.0,0.0,,,,,,,,,,,,,,,,,,
2026-01-06 02:36:20,421260,3.0,0.0167,71.0,2.0,0.0178,52.0,,,,,,,,,,,,,,,,,,
2026-01-06 02:36:50,421258,0.0,0.0,0.0,0.0,0.0,0.0,,,,,,,,,,,,,,,,,,
2026-01-06 02:36:50,421260,0.0,0.0,0.0,2.0,0.0128,56.0,,,,,,,,,,,,,,,,,,
2026-01-06 02:37:20,421258,0.0,0.0,0.0,0.0,0.0,0.0,,,,,,,,,,,,,,,,,,
2026-01-06 02:37:20,421260,0.0,0.0,0.0,0.0,0.0,0.0,,,,,,,,,,,,,,,,,,
2026-01-06 02:37:50,421258,1.0,0.0039,60.0,2.0,0.0117,60.0,,,,,,,,,,,,,,,,,,
2026-01-06 02:37:50,421260,0.0,0.0,0.0,1.0,0.0067,60.0,,,,,,,,,,,,,,,,,,
2026-01-06 02:38:20,421258,1.0,0.0039,60.0,0.0,0.0,0.0,,,,,,,,,,,,,,,,,,
2026-01-06 02:38:20,421260,1.0,0.0078,78.0,2.0,0.0167,52.0,,,,,,,,,,,,,,,,,,
2026-01-06 02:38:50,421258,0.0,0.0,0.0,1.0,0.0306,40.0,,,,,,,,,,,,,,,,,,
2026-01-06 02:38:50,421260,0.0,0.0,0.0,1.0,0.0067,60.0,,,,,,,,,,,,,,,,,,
2026-01-06 02:39:20,421258,0.0,0.0,0.0,0.0,0.0,0.0,,,,,,,,,,,,,,,,,,
2026-01-06 02:39:20,421260,0.0,0.0,0.0,2.0,0.0117,71.0,,,,,,,,,,,,,,,,,,
2026-01-06 02:39:50,421258,1.0,0.0067,78.0,1.0,0.0067,52.0,,,,,,,,,,,,,,,,,,
2026-01-06 02:39:50,421260,0.0,0.0,0.0,1.0,0.01,52.0,,,,,,,,,,,,,,,,,,
2026-01-06 02:40:20,421258,0.0,0.0,0.0,1.0,0.0267,52.0,,,,,,,,,,,,,,,,,,
2026-01-06 02:40:20,421260,0.0,0.0,0.0,2.0,0.0128,56.0,,,,,,,,,,,,,,,,,,
2026-01-06 02:40:50,421258,1.0,0.0039,78.0,2.0,0.0156,52.0,,,,,,,,,,,,,,,,,,
2026-01-06 02:40:50,421260,0.0,0.0,0.0,0.0,0.0,0.0,,,,,,,,,,,,,,,,,,
2026-01-06 02:41:20,421258,0.0,0.0,0.0,0.0,0.0,0.0,,,,,,,,,,,,,,,,,,
2026-01-06 02:41:20,421260,0.0,0.0,0.0,1.0,0.0056,71.0,,,,,,,,,,,,,,,,,,
2026-01-06 02:41:50,421258,0.0,0.0,0.0,1.0,0.04,49.0,,,,,,,,,,,,,,,,,,
2026-01-06 02:41:50,421260,0.0,0.0,0.0,1.0,0.0056,60.0,,,,,,,,,,,,,,,,,,
2026-01-06 02:42:20,421258,0.0,0.0,0.0,1.0,0.0117,46.0,,,,,,,,,,,,,,,,,,
2026-01-06 02:42:20,421260,0.0,0.0,0.0,0.0,0.0,0.0,,,,,,,,,,,,,,,,,,
2026-01-06 02:42:50,421258,0.0,0.0,0.0,1.0,0.0078,60.0,,,,,,,,,,,,,,,,,,
2026-01-06 02:42:50,421260,0.0,0.0,0.0,1.0,0.0067,60.0,,,,,,,,,,,,,,,,,,
2026-01-06 02:43:20,421258,0.0,0.0,0.0,0.0,0.0,0.0,,,,,,,,,,,,,,,,,,
2026-01-06 02:43:20,421260,0.0,0.0,0.0,1.0,0.0089,56.0,,,,,,,,,,,,,,,,,,
2026-01-06 02:43:50,421258,0.0,0.0,0.0,0.0,0.0,0.0,,,,,,,,,,,,,,,,,,
2026-01-06 02:43:50,421260,1.0,0.005,71.0,2.0,0.0089,49.0,,,,,,,,,,,,,,,,,,
2026-01-06 02:44:20,421258,0.0,0.0,0.0,0.0,0.0,0.0,,,,,,,,,,,,,,,,,,
2026-01-06 02:44:20,421260,0.0,0.0,0.0,0.0,0.0,0.0,,,,,,,,,,,,,,,,,,
2026-01-06 02:44:50,421258,0.0,0.0,0.0,1.0,0.0067,60.0,,,,,,,,,,,,,,,,,,
2026-01-06 02:44:50,421260,0.0,0.0,0.0,0.0,0.0,0.0,,,,,,,,,,,,,,,,,,
2026-01-06 02:45:20,421258,1.0,0.0039,78.0,0.0,0.0,0.0,,,,,,,,,,,,,,,,,,
2026-01-06 02:45:20,421260,0.0,0.0,0.0,3.0,0.0189,52.0,,,,,,,,,,,,,,,,,,
2026-01-06 02:45:50,421258,0.0,0.0,0.0,1.0,0.0106,44.0,,,,,,,,,,,,,,,,,,
2026-01-06 02:45:50,421260,1.0,0.005,78.0,2.0,0.0167,49.0,,,,,,,,,,,,,,,,,,
2026-01-06 02:46:20,421258,0.0,0.0,0.0,1.0,0.0189,28.0,,,,,,,,,,,,,,,,,,
2026-01-06 02:46:20,421260,0.0,0.0,0.0,1.0,0.0078,52.0,,,,,,,,,,,,,,,,,,
2026-01-06 02:46:50,421258,0.0,0.0,0.0,0.0,0.0,0.0,,,,,,,,,,,,,,,,,,
2026-01-06 02:46:50,421260,1.0,0.005,65.0,2.0,0.03,44.0,,,,,,,,,,,,,,,,,,
2026-01-06 02:47:20,421258,0.0,0.0,0.0,1.0,0.0317,40.0,,,,,,,,,,,,,,,,,,
2026-01-06 02:47:20,421260,1.0,0.0056,60.0,1.0,0.0139,44.0,,,,,,,,,,,,,,,,,,
2026-01-06 02:47:50,421258,1.0,0.0039,78.0,0.0,0.0,0.0,,,,,,,,,,,,,,,,,,
2026-01-06 02:47:50,421260,0.0,0.0,0.0,0.0,0.0,0.0,,,,,,,,,,,,,,,,,,
2026-01-06 02:48:20,421258,1.0,0.0039,78.0,2.0,0.0506,40.0,,,,,,,,,,,,,,,,,,
2026-01-06 02:48:20,421260,0.0,0.0,0.0,4.0,0.0256,49.0,,,,,,,,,,,,,,,,,,
2026-01-06 02:48:50,421258,0.0,0.0,0.0,1.0,0.035,40.0,,,,,,,,,,,,,,,,,,
2026-01-06 02:48:50,421260,0.0,0.0,0.0,1.0,0.0089,60.0,,,,,,,,,,,,,,,,,,
2026-01-06 02:49:20,421258,0.0,0.0,0.0,1.0,0.0078,52.0,,,,,,,,,,,,,,,,,,
2026-01-06 02:49:20,421260,2.0,0.0117,65.0,2.0,0.0178,56.0,,,,,,,,,,,,,,,,,,
2026-01-06 02:49:50,421258,0.0,0.0,0.0,1.0,0.0356,36.0,,,,,,,,,,,,,,,,,,
2026-01-06 02:49:50,421260,1.0,0.005,71.0,0.0,0.0,0.0,,,,,,,,,,,,,,,,,,
2026-01-06 02:50:20,421258,0.0,0.0,0.0,1.0,0.03,40.0,,,,,,,,,,,,,,,,,,
2026-01-06 02:50:20,421260,0.0,0.0,0.0,1.0,0.0067,56.0,,,,,,,,,,,,,,,,,,
2026-01-06 02:50:50,421258,1.0,0.0039,78.0,2.0,0.055,38.0,,,,,,,,,,,,,,,,,,
2026-01-06 02:50:50,421260,1.0,0.0067,60.0,2.0,0.0206,49.0,,,,,,,,,,,,,,,,,,
2026-01-06 02:51:20,421258,1.0,0.0039,78.0,2.0,0.0389,44.0,,,,,,,,,,,,,,,,,,
2026-01-06 02:51:20,421260,0.0,0.0,0.0,3.0,0.0189,52.0,,,,,,,,,,,,,,,,,,
2026-01-06 02:51:50,421258,1.0,0.0039,60.0,0.0,0.0,0.0,,,,,,,,,,,,,,,,,,
2026-01-06 02:51:50,421260,0.0,0.0,0.0,1.0,0.005,78.0,,,,,,,,,,,,,,,,,,
2026-01-06 02:52:20,421258,0.0,0.0,0.0,0.0,0.0,0.0,,,,,,,,,,,,,,,,,,
2026-01-06 02:52:20,421260,0.0,0.0,0.0,2.0,0.0139,65.0,,,,,,,,,,,,,,,,,,
2026-01-06 02:52:50,421258,1.0,0.0039,60.0,3.0,0.0306,49.0,,,,,,,,,,,,,,,,,,
2026-01-06 02:52:50,421260,0.0,0.0,0.0,0.0,0.0,0.0,,,,,,,,,,,,,,,,,,
2026-01-06 02:53:20,421258,1.0,0.0039,78.0,1.0,0.03,40.0,,,,,,,,,,,,,,,,,,
2026-01-06 02:53:20,421260,0.0,0.0,0.0,1.0,0.005,56.0,,,,,,,,,,,,,,,,,,
2026-01-06 02:53:50,421258,0.0,0.0,0.0,1.0,0.0078,52.0,,,,,,,,,,,,,,,,,,
2026-01-06 02:53:50,421260,0.0,0.0,0.0,0.0,0.0,0.0,,,,,,,,,,,,,,,,,,
2026-01-06 02:54:20,421258,0.0,0.0,0.0,1.0,0.0067,60.0,,,,,,,,,,,,,,,,,,
2026-01-06 02:54:20,421260,0.0,0.0,0.0,2.0,0.0117,52.0,,,,,,,,,,,,,,,,,,
2026-01-06 02:54:50,421258,0.0,0.0,0.0,0.0,0.0,0.0,,,,,,,,,,,,,,,,,,
2026-01-06 02:54:50,421260,0.0,0.0,0.0,0.0,0.0,0.0,,,,,,,,,,,,,,,,,,
2026-01-06 02:55:20,421258,0.0,0.0,0.0,0.0,0.0,0.0,,,,,,,,,,,,,,,,,,
2026-01-06 02:55:20,421260,1.0,0.0056,65.0,2.0,0.0139,56.0,,,,,,,,,,,,,,,,,,
2026-01-06 02:55:50,421258,0.0,0.0,0.0,1.0,0.015,36.0,,,,,,,,,,,,,,,,,,
2026-01-06 02:55:50,421260,0.0,0.0,0.0,0.0,0.0,0.0,,,,,,,,,,,,,,,,,,
2026-01-06 02:56:20,421258,0.0,0.0,0.0,1.0,0.0267,44.0,,,,,,,,,,,,,,,,,,
2026-01-06 02:56:20,421260,0.0,0.0,0.0,2.0,0.0128,60.0,,,,,,,,,,,,,,,,,,
2026-01-06 02:56:50,421258,0.0,0.0,0.0,0.0,0.0,0.0,,,,,,,,,,,,,,,,,,
2026-01-06 02:56:50,421260,0.0,0.0,0.0,1.0,0.0056,65.0,,,,,,,,,,,,,,,,,,
2026-01-06 02:57:20,421258,1.0,0.0039,60.0,1.0,0.0078,52.0,,,,,,,,,,,,,,,,,,
2026-01-06 02:57:20,421260,0.0,0.0,0.0,1.0,0.0106,52.0,,,,,,,,,,,,,,,,,,
2026-01-06 02:57:50,421258,0.0,0.0,0.0,2.0,0.0178,44.0,,,,,,,,,,,,,,,,,,
2026-01-06 02:57:50,421260,3.0,0.015,71.0,0.0,0.0,0.0,,,,,,,,,,,,,,,,,,
2026-01-06 02:58:20,421258,0.0,0.0,0.0,2.0,0.015,56.0,,,,,,,,,,,,,,,,,,
2026-01-06 02:58:20,421260,0.0,0.0,0.0,5.0,0.0406,46.0,,,,,,,,,,,,,,,,,,
2026-01-06 02:58:50,421258,0.0,0.0,0.0,0.0,0.0,0.0,,,,,,,,,,,,,,,,,,
2026-01-06 02:58:50,421260,0.0,0.0,0.0,2.0,0.0139,65.0,,,,,,,,,,,,,,,,,,
2026-01-06 02:59:20,421258,3.0,0.0117,71.0,1.0,0.0228,32.0,,,,,,,,,,,,,,,,,,
2026-01-06 02:59:20,421260,2.0,0.0089,78.0,2.0,0.0139,60.0,,,,,,,,,,,,,,,,,,
2026-01-06 02:59:50,421258,0.0,0.0,0.0,0.0,0.0,0.0,,,,,,,,,,,,,,,,,,
2026-01-06 02:59:50,421260,0.0,0.0,0.0,1.0,0.0056,71.0,,,,,,,,,,,,,,,,,,
2026-01-06 03:00:20,421258,0.0,0.0,0.0,1.0,0.0156,34.0,,,,,,,,,,,,,,,,,,
2026-01-06 03:00:20,421260,0.0,0.0,0.0,0.0,0.0,0.0,,,,,,,,,,,,,,,,,,
2026-01-06 03:00:50,421258,4.0,0.0178,65.0,2.0,0.0656,38.0,,,,,,,,,,,,,,,,,,
2026-01-06 03:00:50,421260,0.0,0.0,0.0,4.0,0.035,49.0,,,,,,,,,,,,,,,,,,
2026-01-06 03:01:20,421258,0.0,0.0,0.0,3.0,0.02,56.0,,,,,,,,,,,,,,,,,,
2026-01-06 03:01:20,421260,0.0,0.0,0.0,0.0,0.0,0.0,,,,,,,,,,,,,,,,,,
2026-01-06 03:01:50,421258,0.0,0.0,0.0,0.0,0.0,0.0,,,,,,,,,,,,,,,,,,
2026-01-06 03:01:50,421260,0.0,0.0,0.0,2.0,0.0156,44.0,,,,,,,,,,,,,,,,,,
2026-01-06 03:02:20,421258,0.0,0.0,0.0,0.0,0.0,0.0,,,,,,,,,,,,,,,,,,
2026-01-06 03:02:20,421260,2.0,0.01,71.0,3.0,0.0217,49.0,,,,,,,,,,,,,,,,,,
2026-01-06 03:02:50,421258,0.0,0.0,0.0,2.0,0.0156,56.0,,,,,,,,,,,,,,,,,,
2026-01-06 03:02:50,421260,0.0,0.0,0.0,1.0,0.0056,60.0,,,,,,,,,,,,,,,,,,
2026-01-06 03:03:20,421258,0.0,0.0,0.0,2.0,0.0417,40.0,,,,,,,,,,,,,,,,,,
2026-01-06 03:03:20,421260,0.0,0.0,0.0,1.0,0.0089,46.0,,,,,,,,,,,,,,,,,,
2026-01-06 03:03:50,421258,1.0,0.0039,78.0,0.0,0.0,0.0,,,,,,,,,,,,,,,,,,
2026-01-06 03:03:50,421260,1.0,0.0056,65.0,2.0,0.0217,52.0,,,,,,,,,,,,,,,,,,
2026-01-06 03:04:20,421258,2.0,0.0078,78.0,4.0,0.0778,44.0,,,,,,,,,,,,,,,,,,
2026-01-06 03:04:20,421260,0.0,0.0,0.0,1.0,0.005,65.0,,,,,,,,,,,,,,,,,,
2026-01-06 03:04:50,421258,0.0,0.0,0.0,0.0,0.0,0.0,,,,,,,,,,,,,,,,,,
2026-01-06 03:04:50,421260,0.0,0.0,0.0,0.0,0.0,0.0,,,,,,,,,,,,,,,,,,
2026-01-06 03:05:20,421258,0.0,0.0,0.0,1.0,0.0067,60.0,,,,,,,,,,,,,,,,,,
2026-01-06 03:05:20,421260,0.0,0.0,0.0,1.0,0.0039,56.0,,,,,,,,,,,,,,,,,,
2026-01-06 03:05:50,421258,1.0,0.0039,60.0,3.0,0.0317,49.0,,,,,,,,,,,,,,,,,,
2026-01-06 03:05:50,421260,1.0,0.005,78.0,0.0,0.0,0.0,,,,,,,,,,,,,,,,,,
2026-01-06 03:06:20,421258,0.0,0.0,0.0,0.0,0.0,0.0,,,,,,,,,,,,,,,,,,
2026-01-06 03:06:20,421260,0.0,0.0,0.0,0.0,0.0,0.0,,,,,,,,,,,,,,,,,,
2026-01-06 03:06:50,421258,0.0,0.0,0.0,0.0,0.0,0.0,,,,,,,,,,,,,,,,,,
2026-01-06 03:06:50,421260,0.0,0.0,0.0,0.0,0.0,0.0,,,,,,,,,,,,,,,,,,
2026-01-06 03:07:20,421258,1.0,0.0039,78.0,2.0,0.02,78.0,,,,,,,,,,,,,,,,,,
2026-01-06 03:07:20,421260,0.0,0.0,0.0,1.0,0.0056,60.0,,,,,,,,,,,,,,,,,,
2026-01-06 03:07:50,421258,0.0,0.0,0.0,0.0,0.0,0.0,,,,,,,,,,,,,,,,,,
2026-01-06 03:07:50,421260,1.0,0.0056,71.0,2.0,0.0239,56.0,,,,,,,,,,,,,,,,,,
2026-01-06 03:08:20,421258,0.0,0.0,0.0,0.0,0.0,0.0,,,,,,,,,,,,,,,,,,
2026-01-06 03:08:20,421260,2.0,0.0089,78.0,2.0,0.0089,52.0,,,,,,,,,,,,,,,,,,
2026-01-06 03:08:50,421258,0.0,0.0,0.0,0.0,0.0,0.0,,,,,,,,,,,,,,,,,,
2026-01-06 03:08:50,421260,1.0,0.0039,78.0,0.0,0.0,0.0,,,,,,,,,,,,,,,,,,
2026-01-06 03:09:20,421258,1.0,0.0039,78.0,1.0,0.0078,44.0,,,,,,,,,,,,,,,,,,
2026-01-06 03:09:20,421260,0.0,0.0,0.0,0.0,0.0,0.0,,,,,,,,,,,,,,,,,,
2026-01-06 03:09:50,421258,2.0,0.0078,78.0,2.0,0.0278,44.0,,,,,,,,,,,,,,,,,,
2026-01-06 03:09:50,421260,0.0,0.0,0.0,2.0,0.0167,65.0,,,,,,,,,,,,,,,,,,
2026-01-06 03:10:20,421258,1.0,0.0039,78.0,1.0,0.015,36.0,,,,,,,,,,,,,,,,,,
2026-01-06 03:10:20,421260,0.0,0.0,0.0,1.0,0.01,46.0,,,,,,,,,,,,,,,,,,
2026-01-06 03:10:50,421258,0.0,0.0,0.0,0.0,0.0,0.0,,,,,,,,,,,,,,,,,,
2026-01-06 03:10:50,421260,0.0,0.0,0.0,3.0,0.0206,52.0,,,,,,,,,,,,,,,,,,
2026-01-06 03:11:20,421258,0.0,0.0,0.0,1.0,0.0067,60.0,,,,,,,,,,,,,,,,,,
2026-01-06 03:11:20,421260,0.0,0.0,0.0,1.0,0.0056,71.0,,,,,,,,,,,,,,,,,,
2026-01-06 03:11:50,421258,0.0,0.0,0.0,1.0,0.0106,51.0,,,,,,,,,,,,,,,,,,
2026-01-06 03:11:50,421260,0.0,0.0,0.0,0.0,0.0,0.0,,,,,,,,,,,,,,,,,,
2026-01-06 03:12:20,421258,0.0,0.0,0.0,0.0,0.0,0.0,,,,,,,,,,,,,,,,,,
2026-01-06 03:12:20,421260,0.0,0.0,0.0,2.0,0.015,49.0,,,,,,,,,,,,,,,,,,
2026-01-06 03:12:50,421258,2.0,0.0078,65.0,2.0,0.0578,44.0,,,,,,,,,,,,,,,,,,
2026-01-06 03:12:50,421260,0.0,0.0,0.0,2.0,0.0156,49.0,,,,,,,,,,,,,,,,,,
2026-01-06 03:13:20,421258,0.0,0.0,0.0,0.0,0.0,0.0,,,,,,,,,,,,,,,,,,
2026-01-06 03:13:20,421260,0.0,0.0,0.0,0.0,0.0,0.0,,,,,,,,,,,,,,,,,,
2026-01-06 03:13:50,421258,0.0,0.0,0.0,0.0,0.0,0.0,,,,,,,,,,,,,,,,,,
2026-01-06 03:13:50,421260,1.0,0.005,71.0,1.0,0.0078,46.0,,,,,,,,,,,,,,,,,,
2026-01-06 03:14:20,421258,0.0,0.0,0.0,1.0,0.03,44.0,,,,,,,,,,,,,,,,,,
2026-01-06 03:14:20,421260,0.0,0.0,0.0,0.0,0.0,0.0,,,,,,,,,,,,,,,,,,
2026-01-06 03:14:50,421258,0.0,0.0,0.0,1.0,0.0089,44.0,,,,,,,,,,,,,,,,,,
2026-01-06 03:14:50,421260,1.0,0.005,71.0,1.0,0.0078,52.0,,,,,,,,,,,,,,,,,,
2026-01-06 03:15:20,421258,1.0,0.0039,78.0,1.0,0.0278,40.0,,,,,,,,,,,,,,,,,,
2026-01-06 03:15:20,421260,0.0,0.0,0.0,0.0,0.0,0.0,,,,,,,,,,,,,,,,,,
2026-01-06 03:15:50,421258,0.0,0.0,0.0,1.0,0.0089,44.0,,,,,,,,,,,,,,,,,,
2026-01-06 03:15:50,421260,0.0,0.0,0.0,2.0,0.0128,60.0,,,,,,,,,,,,,,,,,,
2026-01-06 03:16:20,421258,1.0,0.0039,60.0,0.0,0.0,0.0,,,,,,,,,,,,,,,,,,
2026-01-06 03:16:20,421260,0.0,0.0,0.0,0.0,0.0,0.0,,,,,,,,,,,,,,,,,,
2026-01-06 03:16:50,421258,0.0,0.0,0.0,1.0,0.0089,44.0,,,,,,,,,,,,,,,,,,
2026-01-06 03:16:50,421260,2.0,0.0117,60.0,2.0,0.0178,56.0,,,,,,,,,,,,,,,,,,
2026-01-06 03:17:20,421258,0.0,0.0,0.0,1.0,0.0078,52.0,,,,,,,,,,,,,,,,,,
2026-01-06 03:17:20,421260,0.0,0.0,0.0,5.0,0.0367,52.0,,,,,,,,,,,,,,,,,,
2026-01-06 03:17:50,421258,0.0,0.0,0.0,0.0,0.0,0.0,,,,,,,,,,,,,,,,,,
2026-01-06 03:17:50,421260,0.0,0.0,0.0,3.0,0.0189,56.0,,,,,,,,,,,,,,,,,,
2026-01-06 03:18:20,421258,0.0,0.0,0.0,2.0,0.0156,52.0,,,,,,,,,,,,,,,,,,
2026-01-06 03:18:20,421260,0.0,0.0,0.0,2.0,0.0267,44.0,,,,,,,,,,,,,,,,,,
2026-01-06 03:18:50,421258,0.0,0.0,0.0,2.0,0.0356,49.0,,,,,,,,,,,,,,,,,,
2026-01-06 03:18:50,421260,0.0,0.0,0.0,0.0,0.0,0.0,,,,,,,,,,,,,,,,,,
2026-01-06 03:19:20,421258,0.0,0.0,0.0,2.0,0.0356,44.0,,,,,,,,,,,,,,,,,,
2026-01-06 03:19:20,421260,0.0,0.0,0.0,2.0,0.0117,71.0,,,,,,,,,,,,,,,,,,
2026-01-06 03:19:50,421258,0.0,0.0,0.0,2.0,0.0578,40.0,,,,,,,,,,,,,,,,,,
2026-01-06 03:19:50,421260,0.0,0.0,0.0,0.0,0.0,0.0,,,,,,,,,,,,,,,,,,
2026-01-06 03:20:20,421258,0.0,0.0,0.0,0.0,0.0,0.0,,,,,,,,,,,,,,,,,,
2026-01-06 03:20:20,421260,0.0,0.0,0.0,0.0,0.0,0.0,,,,,,,,,,,,,,,,,,
2026-01-06 03:20:50,421258,1.0,0.0039,78.0,2.0,0.0356,49.0,,,,,,,,,,,,,,,,,,
2026-01-06 03:20:50,421260,1.0,0.005,71.0,1.0,0.0106,46.0,,,,,,,,,,,,,,,,,,
2026-01-06 03:21:20,421258,0.0,0.0,0.0,0.0,0.0,0.0,,,,,,,,,,,,,,,,,,
2026-01-06 03:21:20,421260,1.0,0.005,71.0,1.0,0.0056,60.0,,,,,,,,,,,,,,,,,,
2026-01-06 03:21:50,421258,0.0,0.0,0.0,0.0,0.0,0.0,,,,,,,,,,,,,,,,,,
2026-01-06 03:21:50,421260,0.0,0.0,0.0,0.0,0.0,0.0,,,,,,,,,,,,,,,,,,
2026-01-06 03:22:20,421258,1.0,0.0039,60.0,0.0,0.0,0.0,,,,,,,,,,,,,,,,,,
2026-01-06 03:22:20,421260,0.0,0.0,0.0,0.0,0.0,0.0,,,,,,,,,,,,,,,,,,
2026-01-06 03:22:50,421258,1.0,0.0039,78.0,1.0,0.0117,44.0,,,,,,,,,,,,,,,,,,
2026-01-06 03:22:50,421260,0.0,0.0,0.0,2.0,0.015,60.0,,,,,,,,,,,,,,,,,,
2026-01-06 03:23:20,421258,0.0,0.0,0.0,1.0,0.0067,60.0,,,,,,,,,,,,,,,,,,
2026-01-06 03:23:20,421260,0.0,0.0,0.0,3.0,0.03,52.0,,,,,,,,,,,,,,,,,,
2026-01-06 03:23:50,421258,0.0,0.0,0.0,0.0,0.0,0.0,,,,,,,,,,,,,,,,,,
2026-01-06 03:23:50,421260,0.0,0.0,0.0,1.0,0.005,71.0,,,,,,,,,,,,,,,,,,
2026-01-06 03:24:20,421258,0.0,0.0,0.0,1.0,0.0078,52.0,,,,,,,,,,,,,,,,,,
2026-01-06 03:24:20,421260,1.0,0.0056,65.0,1.0,0.0067,60.0,,,,,,,,,,,,,,,,,,
2026-01-06 03:24:50,421258,0.0,0.0,0.0,0.0,0.0,0.0,,,,,,,,,,,,,,,,,,
2026-01-06 03:24:50,421260,0.0,0.0,0.0,6.0,0.0406,52.0,,,,,,,,,,,,,,,,,,
2026-01-06 03:25:20,421258,0.0,0.0,0.0,2.0,0.0339,49.0,,,,,,,,,,,,,,,,,,
2026-01-06 03:25:20,421260,0.0,0.0,0.0,2.0,0.0128,46.0,,,,,,,,,,,,,,,,,,
2026-01-06 03:25:50,421258,2.0,0.0078,78.0,2.0,0.0167,52.0,,,,,,,,,,,,,,,,,,
2026-01-06 03:25:50,421260,0.0,0.0,0.0,1.0,0.0056,60.0,,,,,,,,,,,,,,,,,,
2026-01-06 03:26:20,421258,0.0,0.0,0.0,0.0,0.0,0.0,,,,,,,,,,,,,,,,,,
2026-01-06 03:26:20,421260,0.0,0.0,0.0,1.0,0.0067,56.0,,,,,,,,,,,,,,,,,,
2026-01-06 03:26:50,421258,0.0,0.0,0.0,3.0,0.0739,42.0,,,,,,,,,,,,,,,,,,
2026-01-06 03:26:50,421260,1.0,0.005,71.0,0.0,0.0,0.0,,,,,,,,,,,,,,,,,,
2026-01-06 03:27:20,421258,0.0,0.0,0.0,1.0,0.0278,19.0,,,,,,,,,,,,,,,,,,
2026-01-06 03:27:20,421260,0.0,0.0,0.0,1.0,0.005,78.0,,,,,,,,,,,,,,,,,,
2026-01-06 03:27:50,421258,0.0,0.0,0.0,3.0,0.035,49.0,,,,,,,,,,,,,,,,,,
2026-01-06 03:27:50,421260,0.0,0.0,0.0,0.0,0.0,0.0,,,,,,,,,,,,,,,,,,
2026-01-06 03:28:20,421258,1.0,0.0039,78.0,1.0,0.0067,52.0,,,,,,,,,,,,,,,,,,
2026-01-06 03:28:20,421260,1.0,0.005,71.0,2.0,0.0156,49.0,,,,,,,,,,,,,,,,,,
2026-01-06 03:28:50,421258,0.0,0.0,0.0,1.0,0.0067,60.0,,,,,,,,,,,,,,,,,,
2026-01-06 03:28:50,421260,0.0,0.0,0.0,0.0,0.0,0.0,,,,,,,,,,,,,,,,,,
2026-01-06 03:29:20,421258,0.0,0.0,0.0,0.0,0.0,0.0,,,,,,,,,,,,,,,,,,
2026-01-06 03:29:20,421260,0.0,0.0,0.0,1.0,0.0056,60.0,,,,,,,,,,,,,,,,,,
2026-01-06 03:29:50,421258,0.0,0.0,0.0,1.0,0.0067,60.0,,,,,,,,,,,,,,,,,,
2026-01-06 03:29:50,421260,0.0,0.0,0.0,2.0,0.0228,46.0,,,,,,,,,,,,,,,,,,
2026-01-06 03:30:20,421258,1.0,0.0039,60.0,1.0,0.0278,44.0,,,,,,,,,,,,,,,,,,
2026-01-06 03:30:20,421260,1.0,0.005,65.0,2.0,0.0139,71.0,,,,,,,,,,,,,,,,,,
2026-01-06 03:30:50,421258,0.0,0.0,0.0,0.0,0.0,0.0,,,,,,,,,,,,,,,,,,
2026-01-06 03:30:50,421260,1.0,0.0039,78.0,1.0,0.0056,49.0,,,,,,,,,,,,,,,,,,
2026-01-06 03:31:20,421258,0.0,0.0,0.0,1.0,0.0067,60.0,,,,,,,,,,,,,,,,,,
2026-01-06 03:31:20,421260,0.0,0.0,0.0,2.0,0.0117,65.0,,,,,,,,,,,,,,,,,,
2026-01-06 03:31:50,421258,1.0,0.0039,139.0,1.0,0.0278,52.0,,,,,,,,,,,,,,,,,,
2026-01-06 03:31:50,421260,0.0,0.0,0.0,0.0,0.0,0.0,,,,,,,,,,,,,,,,,,
2026-01-06 03:32:20,421258,2.0,0.0078,65.0,1.0,0.0267,40.0,,,,,,,,,,,,,,,,,,
2026-01-06 03:32:20,421260,0.0,0.0,0.0,1.0,0.0056,60.0,,,,,,,,,,,,,,,,,,
2026-01-06 03:32:50,421258,0.0,0.0,0.0,1.0,0.0117,40.0,,,,,,,,,,,,,,,,,,
2026-01-06 03:32:50,421260,0.0,0.0,0.0,1.0,0.0056,71.0,,,,,,,,,,,,,,,,,,
2026-01-06 03:33:20,421258,0.0,0.0,0.0,1.0,0.0067,52.0,,,,,,,,,,,,,,,,,,
2026-01-06 03:33:20,421260,1.0,0.005,71.0,0.0,0.0,0.0,,,,,,,,,,,,,,,,,,
2026-01-06 03:33:50,421258,0.0,0.0,0.0,0.0,0.0,0.0,,,,,,,,,,,,,,,,,,
2026-01-06 03:33:50,421260,0.0,0.0,0.0,2.0,0.0106,65.0,,,,,,,,,,,,,,,,,,
2026-01-06 03:34:20,421258,0.0,0.0,0.0,2.0,0.0128,52.0,,,,,,,,,,,,,,,,,,
2026-01-06 03:34:20,421260,1.0,0.005,78.0,1.0,0.0067,60.0,,,,,,,,,,,,,,,,,,
2026-01-06 03:34:50,421258,0.0,0.0,0.0,0.0,0.0,0.0,,,,,,,,,,,,,,,,,,
2026-01-06 03:34:50,421260,1.0,0.005,65.0,1.0,0.0078,49.0,,,,,,,,,,,,,,,,,,
2026-01-06 03:35:20,421258,1.0,0.0039,78.0,1.0,0.005,78.0,,,,,,,,,,,,,,,,,,
2026-01-06 03:35:20,421260,2.0,0.01,78.0,1.0,0.0056,71.0,,,,,,,,,,,,,,,,,,
2026-01-06 03:35:50,421258,1.0,0.005,60.0,2.0,0.0189,78.0,,,,,,,,,,,,,,,,,,
2026-01-06 03:35:50,421260,1.0,0.0056,65.0,2.0,0.0217,49.0,,,,,,,,,,,,,,,,,,
2026-01-06 03:36:20,421258,0.0,0.0,0.0,0.0,0.0,0.0,,,,,,,,,,,,,,,,,,
2026-01-06 03:36:20,421260,1.0,0.0056,65.0,2.0,0.0128,60.0,,,,,,,,,,,,,,,,,,
2026-01-06 03:36:50,421258,1.0,0.0039,60.0,0.0,0.0,0.0,,,,,,,,,,,,,,,,,,
2026-01-06 03:36:50,421260,1.0,0.0039,86.0,1.0,0.0078,52.0,,,,,,,,,,,,,,,,,,
2026-01-06 03:37:20,421258,1.0,0.0039,78.0,4.0,0.0267,60.0,,,,,,,,,,,,,,,,,,
2026-01-06 03:37:20,421260,1.0,0.0056,78.0,0.0,0.0,0.0,,,,,,,,,,,,,,,,,,
2026-01-06 03:37:50,421258,0.0,0.0,0.0,2.0,0.0356,44.0,,,,,,,,,,,,,,,,,,
2026-01-06 03:37:50,421260,0.0,0.0,0.0,1.0,0.005,78.0,,,,,,,,,,,,,,,,,,
2026-01-06 03:38:20,421258,2.0,0.0078,78.0,2.0,0.015,56.0,,,,,,,,,,,,,,,,,,
2026-01-06 03:38:20,421260,0.0,0.0,0.0,2.0,0.0117,65.0,,,,,,,,,,,,,,,,,,
2026-01-06 03:38:50,421258,1.0,0.0039,78.0,1.0,0.0089,52.0,,,,,,,,,,,,,,,,,,
2026-01-06 03:38:50,421260,0.0,0.0,0.0,0.0,0.0,0.0,,,,,,,,,,,,,,,,,,
2026-01-06 03:39:20,421258,0.0,0.0,0.0,1.0,0.005,60.0,,,,,,,,,,,,,,,,,,
2026-01-06 03:39:20,421260,0.0,0.0,0.0,1.0,0.0067,65.0,,,,,,,,,,,,,,,,,,
2026-01-06 03:39:50,421258,0.0,0.0,0.0,2.0,0.0139,60.0,,,,,,,,,,,,,,,,,,
2026-01-06 03:39:50,421260,2.0,0.01,78.0,1.0,0.0128,56.0,,,,,,,,,,,,,,,,,,
2026-01-06 03:40:20,421258,0.0,0.0,0.0,0.0,0.0,0.0,,,,,,,,,,,,,,,,,,
2026-01-06 03:40:20,421260,1.0,0.0056,65.0,1.0,0.005,60.0,,,,,,,,,,,,,,,,,,
2026-01-06 03:40:50,421258,0.0,0.0,0.0,0.0,0.0,0.0,,,,,,,,,,,,,,,,,,
2026-01-06 03:40:50,421260,0.0,0.0,0.0,2.0,0.0078,60.0,,,,,,,,,,,,,,,,,,
2026-01-06 03:41:20,421258,1.0,0.0039,60.0,2.0,0.0128,56.0,,,,,,,,,,,,,,,,,,
2026-01-06 03:41:20,421260,1.0,0.005,78.0,4.0,0.025,60.0,,,,,,,,,,,,,,,,,,
2026-01-06 03:41:50,421258,0.0,0.0,0.0,2.0,0.0139,60.0,,,,,,,,,,,,,,,,,,
2026-01-06 03:41:50,421260,3.0,0.0178,65.0,4.0,0.0217,52.0,,,,,,,,,,,,,,,,,,
2026-01-06 03:42:20,421258,1.0,0.005,52.0,0.0,0.0,0.0,,,,,,,,,,,,,,,,,,
2026-01-06 03:42:20,421260,5.0,0.0306,65.0,3.0,0.0206,52.0,,,,,,,,,,,,,,,,,,
2026-01-06 03:42:50,421258,1.0,0.0039,78.0,3.0,0.0217,52.0,,,,,,,,,,,,,,,,,,
2026-01-06 03:42:50,421260,4.0,0.0228,65.0,3.0,0.0167,49.0,,,,,,,,,,,,,,,,,,
2026-01-06 03:43:20,421258,3.0,0.0117,78.0,2.0,0.0117,60.0,,,,,,,,,,,,,,,,,,
2026-01-06 03:43:20,421260,1.0,0.0039,71.0,5.0,0.0306,56.0,,,,,,,,,,,,,,,,,,
2026-01-06 03:43:50,421258,2.0,0.0078,78.0,4.0,0.0589,38.0,,,,,,,,,,,,,,,,,,
2026-01-06 03:43:50,421260,0.0,0.0,0.0,0.0,0.0,0.0,,,,,,,,,,,,,,,,,,
2026-01-06 03:44:20,421258,2.0,0.0106,60.0,6.0,0.0628,56.0,,,,,,,,,,,,,,,,,,
2026-01-06 03:44:20,421260,2.0,0.0106,71.0,1.0,0.0089,49.0,,,,,,,,,,,,,,,,,,
2026-01-06 03:44:50,421258,3.0,0.015,65.0,2.0,0.0217,52.0,,,,,,,,,,,,,,,,,,
2026-01-06 03:44:50,421260,1.0,0.005,78.0,3.0,0.0528,49.0,,,,,,,,,,,,,,,,,,
2026-01-06 03:45:20,421258,0.0,0.0,0.0,2.0,0.0339,56.0,,,,,,,,,,,,,,,,,,
2026-01-06 03:45:20,421260,0.0,0.0,0.0,1.0,0.0067,60.0,,,,,,,,,,,,,,,,,,
2026-01-06 03:45:50,421258,2.0,0.0078,78.0,2.0,0.0178,78.0,,,,,,,,,,,,,,,,,,
2026-01-06 03:45:50,421260,0.0,0.0,0.0,1.0,0.0056,65.0,,,,,,,,,,,,,,,,,,
2026-01-06 03:46:20,421258,1.0,0.0039,78.0,1.0,0.0089,44.0,,,,,,,,,,,,,,,,,,
2026-01-06 03:46:20,421260,2.0,0.0106,65.0,3.0,0.0228,46.0,,,,,,,,,,,,,,,,,,
2026-01-06 03:46:50,421258,0.0,0.0,0.0,0.0,0.0,0.0,,,,,,,,,,,,,,,,,,
2026-01-06 03:46:50,421260,2.0,0.0106,78.0,0.0,0.0,0.0,,,,,,,,,,,,,,,,,,
2026-01-06 03:47:20,421258,0.0,0.0,0.0,4.0,0.0706,46.0,,,,,,,,,,,,,,,,,,
2026-01-06 03:47:20,421260,1.0,0.005,65.0,4.0,0.03,52.0,,,,,,,,,,,,,,,,,,
2026-01-06 03:47:50,421258,0.0,0.0,0.0,1.0,0.005,78.0,,,,,,,,,,,,,,,,,,
2026-01-06 03:47:50,421260,0.0,0.0,0.0,2.0,0.0156,56.0,,,,,,,,,,,,,,,,,,
2026-01-06 03:48:20,421258,2.0,0.0078,78.0,2.0,0.0156,49.0,,,,,,,,,,,,,,,,,,
2026-01-06 03:48:20,421260,0.0,0.0,0.0,0.0,0.0,0.0,,,,,,,,,,,,,,,,,,
2026-01-06 03:48:50,421258,1.0,0.0039,78.0,1.0,0.0267,40.0,,,,,,,,,,,,,,,,,,
2026-01-06 03:48:50,421260,0.0,0.0,0.0,2.0,0.0117,65.0,,,,,,,,,,,,,,,,,,
2026-01-06 03:49:20,421258,1.0,0.0039,78.0,2.0,0.0339,49.0,,,,,,,,,,,,,,,,,,
2026-01-06 03:49:20,421260,1.0,0.0039,78.0,3.0,0.0189,65.0,,,,,,,,,,,,,,,,,,
2026-01-06 03:49:50,421258,0.0,0.0,0.0,1.0,0.0089,60.0,,,,,,,,,,,,,,,,,,
2026-01-06 03:49:50,421260,1.0,0.005,78.0,4.0,0.0256,60.0,,,,,,,,,,,,,,,,,,
2026-01-06 03:50:20,421258,0.0,0.0,0.0,2.0,0.0156,52.0,,,,,,,,,,,,,,,,,,
2026-01-06 03:50:20,421260,1.0,0.005,86.0,0.0,0.0,0.0,,,,,,,,,,,,,,,,,,
2026-01-06 03:50:50,421258,0.0,0.0,0.0,3.0,0.0217,56.0,,,,,,,,,,,,,,,,,,
2026-01-06 03:50:50,421260,0.0,0.0,0.0,3.0,0.0289,46.0,,,,,,,,,,,,,,,,,,
2026-01-06 03:51:20,421258,2.0,0.0078,78.0,2.0,0.0156,56.0,,,,,,,,,,,,,,,,,,
2026-01-06 03:51:20,421260,2.0,0.01,71.0,0.0,0.0,0.0,,,,,,,,,,,,,,,,,,
2026-01-06 03:51:50,421258,1.0,0.0039,96.0,2.0,0.0128,60.0,,,,,,,,,,,,,,,,,,
2026-01-06 03:51:50,421260,1.0,0.0039,86.0,1.0,0.0056,71.0,,,,,,,,,,,,,,,,,,
2026-01-06 03:52:20,421258,0.0,0.0,0.0,1.0,0.0089,44.0,,,,,,,,,,,,,,,,,,
2026-01-06 03:52:20,421260,1.0,0.0039,78.0,2.0,0.0189,56.0,,,,,,,,,,,,,,,,,,
2026-01-06 03:52:50,421258,1.0,0.0039,78.0,2.0,0.0339,49.0,,,,,,,,,,,,,,,,,,
2026-01-06 03:52:50,421260,2.0,0.01,78.0,2.0,0.0128,60.0,,,,,,,,,,,,,,,,,,
2026-01-06 03:53:20,421258,1.0,0.0039,78.0,3.0,0.0428,46.0,,,,,,,,,,,,,,,,,,
2026-01-06 03:53:20,421260,1.0,0.005,86.0,1.0,0.0067,60.0,,,,,,,,,,,,,,,,,,
2026-01-06 03:53:50,421258,1.0,0.0039,96.0,1.0,0.0078,52.0,,,,,,,,,,,,,,,,,,
2026-01-06 03:53:50,421260,3.0,0.0139,78.0,2.0,0.0117,65.0,,,,,,,,,,,,,,,,,,
2026-01-06 03:54:20,421258,0.0,0.0,0.0,1.0,0.0067,60.0,,,,,,,,,,,,,,,,,,
2026-01-06 03:54:20,421260,0.0,0.0,0.0,0.0,0.0,0.0,,,,,,,,,,,,,,,,,,
2026-01-06 03:54:50,421258,2.0,0.0089,65.0,2.0,0.0417,42.0,,,,,,,,,,,,,,,,,,
2026-01-06 03:54:50,421260,2.0,0.0106,65.0,1.0,0.0117,52.0,,,,,,,,,,,,,,,,,,
2026-01-06 03:55:20,421258,2.0,0.0078,78.0,3.0,0.0217,56.0,,,,,,,,,,,,,,,,,,
2026-01-06 03:55:20,421260,3.0,0.0128,86.0,1.0,0.0056,65.0,,,,,,,,,,,,,,,,,,
2026-01-06 03:55:50,421258,0.0,0.0,0.0,1.0,0.0067,52.0,,,,,,,,,,,,,,,,,,
2026-01-06 03:55:50,421260,3.0,0.0156,71.0,1.0,0.0056,65.0,,,,,,,,,,,,,,,,,,
2026-01-06 03:56:20,421258,1.0,0.0039,78.0,2.0,0.0117,60.0,,,,,,,,,,,,,,,,,,
2026-01-06 03:56:20,421260,1.0,0.005,65.0,2.0,0.0156,56.0,,,,,,,,,,,,,,,,,,
2026-01-06 03:56:50,421258,1.0,0.0039,78.0,1.0,0.0278,36.0,,,,,,,,,,,,,,,,,,
2026-01-06 03:56:50,421260,0.0,0.0,0.0,2.0,0.0167,56.0,,,,,,,,,,,,,,,,,,
2026-01-06 03:57:20,421258,1.0,0.0039,78.0,3.0,0.0217,56.0,,,,,,,,,,,,,,,,,,
2026-01-06 03:57:20,421260,0.0,0.0,0.0,0.0,0.0,0.0,,,,,,,,,,,,,,,,,,
2026-01-06 03:57:50,421258,1.0,0.005,60.0,1.0,0.0067,60.0,,,,,,,,,,,,,,,,,,
2026-01-06 03:57:50,421260,1.0,0.0039,86.0,3.0,0.0217,56.0,,,,,,,,,,,,,,,,,,
2026-01-06 03:58:20,421258,0.0,0.0,0.0,2.0,0.0156,52.0,,,,,,,,,,,,,,,,,,
2026-01-06 03:58:20,421260,1.0,0.0039,78.0,0.0,0.0,0.0,,,,,,,,,,,,,,,,,,
2026-01-06 03:58:50,421258,0.0,0.0,0.0,2.0,0.0189,52.0,,,,,,,,,,,,,,,,,,
2026-01-06 03:58:50,421260,0.0,0.0,0.0,2.0,0.0128,65.0,,,,,,,,,,,,,,,,,,
2026-01-06 03:59:20,421258,0.0,0.0,0.0,1.0,0.005,78.0,,,,,,,,,,,,,,,,,,
2026-01-06 03:59:20,421260,0.0,0.0,0.0,0.0,0.0,0.0,,,,,,,,,,,,,,,,,,
2026-01-06 03:59:50,421258,1.0,0.0039,78.0,2.0,0.0306,44.0,,,,,,,,,,,,,,,,,,
2026-01-06 03:59:50,421260,0.0,0.0,0.0,1.0,0.0067,52.0,,,,,,,,,,,,,,,,,,
2026-01-06 04:00:20,421258,0.0,0.0,0.0,1.0,0.0078,52.0,,,,,,,,,,,,,,,,,,
2026-01-06 04:00:20,421260,0.0,0.0,0.0,1.0,0.0078,56.0,,,,,,,,,,,,,,,,,,
2026-01-06 04:00:50,421258,0.0,0.0,0.0,1.0,0.0078,52.0,,,,,,,,,,,,,,,,,,
2026-01-06 04:00:50,421260,1.0,0.005,71.0,2.0,0.0139,60.0,,,,,,,,,,,,,,,,,,
2026-01-06 04:01:20,421258,0.0,0.0,0.0,0.0,0.0,0.0,,,,,,,,,,,,,,,,,,
2026-01-06 04:01:20,421260,0.0,0.0,0.0,1.0,0.0067,56.0,,,,,,,,,,,,,,,,,,
2026-01-06 04:01:50,421258,0.0,0.0,0.0,1.0,0.0078,44.0,,,,,,,,,,,,,,,,,,
2026-01-06 04:01:50,421260,0.0,0.0,0.0,3.0,0.02,60.0,,,,,,,,,,,,,,,,,,
2026-01-06 04:02:20,421258,1.0,0.0039,78.0,1.0,0.0089,44.0,,,,,,,,,,,,,,,,,,
2026-01-06 04:02:20,421260,1.0,0.0056,78.0,0.0,0.0,0.0,,,,,,,,,,,,,,,,,,
2026-01-06 04:02:50,421258,1.0,0.0039,78.0,2.0,0.0139,52.0,,,,,,,,,,,,,,,,,,
2026-01-06 04:02:50,421260,2.0,0.0106,65.0,4.0,0.0328,52.0,,,,,,,,,,,,,,,,,,
2026-01-06 04:03:20,421258,0.0,0.0,0.0,2.0,0.0156,52.0,,,,,,,,,,,,,,,,,,
2026-01-06 04:03:20,421260,2.0,0.0089,78.0,1.0,0.0067,65.0,,,,,,,,,,,,,,,,,,
2026-01-06 04:03:50,421258,1.0,0.0039,78.0,2.0,0.0156,52.0,,,,,,,,,,,,,,,,,,
2026-01-06 04:03:50,421260,0.0,0.0,0.0,1.0,0.0067,60.0,,,,,,,,,,,,,,,,,,
2026-01-06 04:04:20,421258,1.0,0.0039,78.0,2.0,0.0117,78.0,,,,,,,,,,,,,,,,,,
2026-01-06 04:04:20,421260,1.0,0.005,71.0,3.0,0.02,49.0,,,,,,,,,,,,,,,,,,
2026-01-06 04:04:50,421258,1.0,0.0039,78.0,2.0,0.0356,42.0,,,,,,,,,,,,,,,,,,
2026-01-06 04:04:50,421260,1.0,0.0056,65.0,2.0,0.0156,44.0,,,,,,,,,,,,,,,,,,
2026-01-06 04:05:20,421258,1.0,0.0039,78.0,1.0,0.0067,52.0,,,,,,,,,,,,,,,,,,
2026-01-06 04:05:20,421260,1.0,0.0039,71.0,2.0,0.0128,65.0,,,,,,,,,,,,,,,,,,
2026-01-06 04:05:50,421258,1.0,0.0039,96.0,0.0,0.0,0.0,,,,,,,,,,,,,,,,,,
2026-01-06 04:05:50,421260,1.0,0.005,71.0,0.0,0.0,0.0,,,,,,,,,,,,,,,,,,
2026-01-06 04:06:20,421258,0.0,0.0,0.0,2.0,0.04,34.0,,,,,,,,,,,,,,,,,,
2026-01-06 04:06:20,421260,2.0,0.0106,71.0,2.0,0.015,56.0,,,,,,,,,,,,,,,,,,
2026-01-06 04:06:50,421258,0.0,0.0,0.0,2.0,0.0117,65.0,,,,,,,,,,,,,,,,,,
2026-01-06 04:06:50,421260,1.0,0.0056,65.0,1.0,0.01,49.0,,,,,,,,,,,,,,,,,,
2026-01-06 04:07:20,421258,2.0,0.0078,78.0,2.0,0.0389,44.0,,,,,,,,,,,,,,,,,,
2026-01-06 04:07:20,421260,1.0,0.0078,52.0,4.0,0.0206,46.0,,,,,,,,,,,,,,,,,,
2026-01-06 04:07:50,421258,1.0,0.0039,78.0,1.0,0.0067,60.0,,,,,,,,,,,,,,,,,,
2026-01-06 04:07:50,421260,0.0,0.0,0.0,1.0,0.0056,71.0,,,,,,,,,,,,,,,,,,
2026-01-06 04:08:20,421258,0.0,0.0,0.0,2.0,0.0156,52.0,,,,,,,,,,,,,,,,,,
2026-01-06 04:08:20,421260,1.0,0.0056,71.0,1.0,0.0067,56.0,,,,,,,,,,,,,,,,,,
2026-01-06 04:08:50,421258,1.0,0.0039,78.0,2.0,0.0228,52.0,,,,,,,,,,,,,,,,,,
2026-01-06 04:08:50,421260,0.0,0.0,0.0,2.0,0.0217,49.0,,,,,,,,,,,,,,,,,,
2026-01-06 04:09:20,421258,1.0,0.0039,78.0,2.0,0.0339,44.0,,,,,,,,,,,,,,,,,,
2026-01-06 04:09:20,421260,1.0,0.0067,60.0,0.0,0.0,0.0,,,,,,,,,,,,,,,,,,
2026-01-06 04:09:50,421258,0.0,0.0,0.0,0.0,0.0,0.0,,,,,,,,,,,,,,,,,,
2026-01-06 04:09:50,421260,1.0,0.0056,65.0,1.0,0.0117,49.0,,,,,,,,,,,,,,,,,,
2026-01-06 04:10:20,421258,0.0,0.0,0.0,1.0,0.0067,52.0,,,,,,,,,,,,,,,,,,
2026-01-06 04:10:20,421260,1.0,0.005,71.0,2.0,0.015,56.0,,,,,,,,,,,,,,,,,,
2026-01-06 04:10:50,421258,0.0,0.0,0.0,3.0,0.0317,46.0,,,,,,,,,,,,,,,,,,
2026-01-06 04:10:50,421260,1.0,0.005,71.0,1.0,0.0078,49.0,,,,,,,,,,,,,,,,,,
2026-01-06 04:11:20,421258,1.0,0.005,60.0,0.0,0.0,0.0,,,,,,,,,,,,,,,,,,
2026-01-06 04:11:20,421260,3.0,0.015,71.0,2.0,0.01,60.0,,,,,,,,,,,,,,,,,,
2026-01-06 04:11:50,421258,1.0,0.005,60.0,1.0,0.0306,36.0,,,,,,,,,,,,,,,,,,
2026-01-06 04:11:50,421260,3.0,0.0139,78.0,1.0,0.0056,65.0,,,,,,,,,,,,,,,,,,
2026-01-06 04:12:20,421258,1.0,0.0039,96.0,2.0,0.035,44.0,,,,,,,,,,,,,,,,,,
2026-01-06 04:12:20,421260,0.0,0.0,0.0,1.0,0.0067,56.0,,,,,,,,,,,,,,,,,,
2026-01-06 04:12:50,421258,2.0,0.0078,60.0,2.0,0.0128,56.0,,,,,,,,,,,,,,,,,,
2026-01-06 04:12:50,421260,1.0,0.005,78.0,0.0,0.0,0.0,,,,,,,,,,,,,,,,,,
2026-01-06 04:13:20,421258,4.0,0.0156,78.0,2.0,0.0217,60.0,,,,,,,,,,,,,,,,,,
2026-01-06 04:13:20,421260,1.0,0.0039,78.0,4.0,0.025,60.0,,,,,,,,,,,,,,,,,,
2026-01-06 04:13:50,421258,0.0,0.0,0.0,0.0,0.0,0.0,,,,,,,,,,,,,,,,,,
2026-01-06 04:13:50,421260,2.0,0.0117,60.0,4.0,0.0278,56.0,,,,,,,,,,,,,,,,,,
2026-01-06 04:14:20,421258,1.0,0.0039,96.0,2.0,0.0306,44.0,,,,,,,,,,,,,,,,,,
2026-01-06 04:14:20,421260,1.0,0.0056,71.0,2.0,0.0189,56.0,,,,,,,,,,,,,,,,,,
2026-01-06 04:14:50,421258,0.0,0.0,0.0,1.0,0.0078,52.0,,,,,,,,,,,,,,,,,,
2026-01-06 04:14:50,421260,1.0,0.005,71.0,0.0,0.0,0.0,,,,,,,,,,,,,,,,,,
2026-01-06 04:15:20,421258,1.0,0.0039,60.0,1.0,0.0067,52.0,,,,,,,,,,,,,,,,,,
2026-01-06 04:15:20,421260,0.0,0.0,0.0,1.0,0.0056,65.0,,,,,,,,,,,,,,,,,,
2026-01-06 04:15:50,421258,2.0,0.0089,78.0,6.0,0.09,44.0,,,,,,,,,,,,,,,,,,
2026-01-06 04:15:50,421260,1.0,0.005,71.0,0.0,0.0,0.0,,,,,,,,,,,,,,,,,,
2026-01-06 04:16:20,421258,0.0,0.0,0.0,2.0,0.0156,52.0,,,,,,,,,,,,,,,,,,
2026-01-06 04:16:20,421260,1.0,0.005,71.0,2.0,0.0106,65.0,,,,,,,,,,,,,,,,,,
2026-01-06 04:16:50,421258,0.0,0.0,0.0,1.0,0.0067,52.0,,,,,,,,,,,,,,,,,,
2026-01-06 04:16:50,421260,2.0,0.0089,60.0,1.0,0.015,38.0,,,,,,,,,,,,,,,,,,
2026-01-06 04:17:20,421258,1.0,0.0039,78.0,0.0,0.0,0.0,,,,,,,,,,,,,,,,,,
2026-01-06 04:17:20,421260,2.0,0.01,71.0,3.0,0.0267,56.0,,,,,,,,,,,,,,,,,,
2026-01-06 04:17:50,421258,0.0,0.0,0.0,2.0,0.0117,65.0,,,,,,,,,,,,,,,,,,
2026-01-06 04:17:50,421260,2.0,0.01,71.0,0.0,0.0,0.0,,,,,,,,,,,,,,,,,,
2026-01-06 04:18:20,421258,1.0,0.0039,78.0,1.0,0.0089,44.0,,,,,,,,,,,,,,,,,,
2026-01-06 04:18:20,421260,2.0,0.0117,60.0,2.0,0.015,52.0,,,,,,,,,,,,,,,,,,
2026-01-06 04:18:50,421258,0.0,0.0,0.0,1.0,0.005,60.0,,,,,,,,,,,,,,,,,,
2026-01-06 04:18:50,421260,1.0,0.0056,65.0,2.0,0.0167,56.0,,,,,,,,,,,,,,,,,,
2026-01-06 04:19:20,421258,2.0,0.0078,78.0,3.0,0.0456,49.0,,,,,,,,,,,,,,,,,,
2026-01-06 04:19:20,421260,3.0,0.0156,71.0,2.0,0.0156,56.0,,,,,,,,,,,,,,,,,,
2026-01-06 04:19:50,421258,2.0,0.0078,60.0,2.0,0.0389,42.0,,,,,,,,,,,,,,,,,,
2026-01-06 04:19:50,421260,2.0,0.01,71.0,2.0,0.0178,52.0,,,,,,,,,,,,,,,,,,
2026-01-06 04:20:20,421258,2.0,0.0089,60.0,1.0,0.0078,44.0,,,,,,,,,,,,,,,,,,
2026-01-06 04:20:20,421260,3.0,0.0178,60.0,4.0,0.0328,46.0,,,,,,,,,,,,,,,,,,
2026-01-06 04:20:50,421258,1.0,0.0039,78.0,5.0,0.0417,49.0,,,,,,,,,,,,,,,,,,
2026-01-06 04:20:50,421260,0.0,0.0,0.0,2.0,0.0117,60.0,,,,,,,,,,,,,,,,,,
2026-01-06 04:21:20,421258,1.0,0.0039,60.0,1.0,0.0117,46.0,,,,,,,,,,,,,,,,,,
2026-01-06 04:21:20,421260,4.0,0.0206,65.0,3.0,0.0189,52.0,,,,,,,,,,,,,,,,,,
2026-01-06 04:21:50,421258,2.0,0.0078,60.0,4.0,0.0378,49.0,,,,,,,,,,,,,,,,,,
2026-01-06 04:21:50,421260,1.0,0.0056,71.0,1.0,0.0067,60.0,,,,,,,,,,,,,,,,,,
2026-01-06 04:22:20,421258,1.0,0.0039,96.0,2.0,0.0339,49.0,,,,,,,,,,,,,,,,,,
2026-01-06 04:22:20,421260,4.0,0.0178,71.0,3.0,0.0228,56.0,,,,,,,,,,,,,,,,,,
2026-01-06 04:22:50,421258,1.0,0.005,60.0,2.0,0.04,40.0,,,,,,,,,,,,,,,,,,
2026-01-06 04:22:50,421260,0.0,0.0,0.0,3.0,0.0206,60.0,,,,,,,,,,,,,,,,,,
2026-01-06 04:23:20,421258,4.0,0.0156,78.0,1.0,0.0078,52.0,,,,,,,,,,,,,,,,,,
2026-01-06 04:23:20,421260,1.0,0.0056,65.0,1.0,0.0056,65.0,,,,,,,,,,,,,,,,,,
2026-01-06 04:23:50,421258,3.0,0.0117,71.0,2.0,0.0306,40.0,,,,,,,,,,,,,,,,,,
2026-01-06 04:23:50,421260,2.0,0.0117,65.0,3.0,0.0189,60.0,,,,,,,,,,,,,,,,,,
2026-01-06 04:24:20,421258,2.0,0.0078,65.0,3.0,0.0439,44.0,,,,,,,,,,,,,,,,,,
2026-01-06 04:24:20,421260,0.0,0.0,0.0,0.0,0.0,0.0,,,,,,,,,,,,,,,,,,
2026-01-06 04:24:50,421258,1.0,0.0039,78.0,1.0,0.0078,52.0,,,,,,,,,,,,,,,,,,
2026-01-06 04:24:50,421260,0.0,0.0,0.0,1.0,0.0056,65.0,,,,,,,,,,,,,,,,,,
2026-01-06 04:25:20,421258,3.0,0.0139,65.0,2.0,0.0156,49.0,,,,,,,,,,,,,,,,,,
2026-01-06 04:25:20,421260,1.0,0.005,86.0,3.0,0.0189,65.0,,,,,,,,,,,,,,,,,,
2026-01-06 04:25:50,421258,0.0,0.0,0.0,2.0,0.015,56.0,,,,,,,,,,,,,,,,,,
2026-01-06 04:25:50,421260,2.0,0.0089,86.0,1.0,0.0067,60.0,,,,,,,,,,,,,,,,,,
2026-01-06 04:26:20,421258,0.0,0.0,0.0,0.0,0.0,0.0,,,,,,,,,,,,,,,,,,
2026-01-06 04:26:20,421260,1.0,0.0056,78.0,2.0,0.0128,56.0,,,,,,,,,,,,,,,,,,
2026-01-06 04:26:50,421258,2.0,0.0078,78.0,2.0,0.015,49.0,,,,,,,,,,,,,,,,,,
2026-01-06 04:26:50,421260,3.0,0.0139,71.0,2.0,0.0128,60.0,,,,,,,,,,,,,,,,,,
2026-01-06 04:27:20,421258,1.0,0.0039,78.0,2.0,0.015,52.0,,,,,,,,,,,,,,,,,,
2026-01-06 04:27:20,421260,1.0,0.005,78.0,1.0,0.005,71.0,,,,,,,,,,,,,,,,,,
2026-01-06 04:27:50,421258,0.0,0.0,0.0,1.0,0.0089,44.0,,,,,,,,,,,,,,,,,,
2026-01-06 04:27:50,421260,3.0,0.015,78.0,2.0,0.015,52.0,,,,,,,,,,,,,,,,,,
2026-01-06 04:28:20,421258,0.0,0.0,0.0,3.0,0.0178,60.0,,,,,,,,,,,,,,,,,,
2026-01-06 04:28:20,421260,2.0,0.0089,71.0,1.0,0.0078,56.0,,,,,,,,,,,,,,,,,,
2026-01-06 04:28:50,421258,2.0,0.01,65.0,3.0,0.0239,49.0,,,,,,,,,,,,,,,,,,
2026-01-06 04:28:50,421260,1.0,0.005,78.0,1.0,0.0067,56.0,,,,,,,,,,,,,,,,,,
2026-01-06 04:29:20,421258,3.0,0.0139,71.0,0.0,0.0,0.0,,,,,,,,,,,,,,,,,,
2026-01-06 04:29:20,421260,1.0,0.005,78.0,1.0,0.0056,65.0,,,,,,,,,,,,,,,,,,
2026-01-06 04:29:50,421258,1.0,0.0039,60.0,2.0,0.0356,60.0,,,,,,,,,,,,,,,,,,
2026-01-06 04:29:50,421260,4.0,0.02,71.0,0.0,0.0,0.0,,,,,,,,,,,,,,,,,,
2026-01-06 04:30:20,421258,1.0,0.0039,78.0,1.0,0.0278,40.0,,,,,,,,,,,,,,,,,,
2026-01-06 04:30:20,421260,2.0,0.01,78.0,0.0,0.0,0.0,,,,,,,,,,,,,,,,,,
2026-01-06 04:30:50,421258,1.0,0.0039,78.0,1.0,0.0078,52.0,,,,,,,,,,,,,,,,,,
2026-01-06 04:30:50,421260,2.0,0.0106,71.0,3.0,0.0289,44.0,,,,,,,,,,,,,,,,,,
2026-01-06 04:31:20,421258,2.0,0.0078,86.0,3.0,0.0217,56.0,,,,,,,,,,,,,,,,,,
2026-01-06 04:31:20,421260,1.0,0.0056,71.0,2.0,0.0106,78.0,,,,,,,,,,,,,,,,,,
2026-01-06 04:31:50,421258,1.0,0.0039,78.0,0.0,0.0,0.0,,,,,,,,,,,,,,,,,,
2026-01-06 04:31:50,421260,2.0,0.01,71.0,1.0,0.0117,52.0,,,,,,,,,,,,,,,,,,
2026-01-06 04:32:20,421258,2.0,0.0078,78.0,0.0,0.0,0.0,,,,,,,,,,,,,,,,,,
2026-01-06 04:32:20,421260,4.0,0.0228,71.0,2.0,0.0128,56.0,,,,,,,,,,,,,,,,,,
2026-01-06 04:32:50,421258,1.0,0.0039,78.0,2.0,0.0117,65.0,,,,,,,,,,,,,,,,,,
2026-01-06 04:32:50,421260,2.0,0.0117,71.0,2.0,0.0128,60.0,,,,,,,,,,,,,,,,,,
2026-01-06 04:33:20,421258,2.0,0.0106,60.0,3.0,0.0806,36.0,,,,,,,,,,,,,,,,,,
2026-01-06 04:33:20,421260,1.0,0.005,71.0,3.0,0.0178,56.0,,,,,,,,,,,,,,,,,,
2026-01-06 04:33:50,421258,3.0,0.0117,78.0,1.0,0.005,78.0,,,,,,,,,,,,,,,,,,
2026-01-06 04:33:50,421260,1.0,0.005,78.0,2.0,0.0189,52.0,,,,,,,,,,,,,,,,,,
2026-01-06 04:34:20,421258,1.0,0.005,60.0,5.0,0.0556,52.0,,,,,,,,,,,,,,,,,,
2026-01-06 04:34:20,421260,9.0,0.0506,65.0,3.0,0.055,49.0,,,,,,,,,,,,,,,,,,
2026-01-06 04:34:50,421258,1.0,0.005,60.0,2.0,0.0117,60.0,,,,,,,,,,,,,,,,,,
2026-01-06 04:34:50,421260,2.0,0.01,71.0,5.0,0.0317,52.0,,,,,,,,,,,,,,,,,,
2026-01-06 04:35:20,421258,1.0,0.0039,78.0,1.0,0.0067,81.0,,,,,,,,,,,,,,,,,,
2026-01-06 04:35:20,421260,2.0,0.0139,60.0,1.0,0.005,71.0,,,,,,,,,,,,,,,,,,
2026-01-06 04:35:50,421258,2.0,0.0078,65.0,4.0,0.0906,46.0,,,,,,,,,,,,,,,,,,
2026-01-06 04:35:50,421260,0.0,0.0,0.0,3.0,0.0167,56.0,,,,,,,,,,,,,,,,,,
2026-01-06 04:36:20,421258,7.0,0.0539,65.0,5.0,0.0589,49.0,,,,,,,,,,,,,,,,,,
2026-01-06 04:36:20,421260,4.0,0.0217,65.0,4.0,0.0289,49.0,,,,,,,,,,,,,,,,,,
2026-01-06 04:36:50,421258,1.0,0.0039,78.0,3.0,0.0456,52.0,,,,,,,,,,,,,,,,,,
2026-01-06 04:36:50,421260,3.0,0.0156,78.0,3.0,0.02,60.0,,,,,,,,,,,,,,,,,,
2026-01-06 04:37:20,421258,2.0,0.0106,60.0,0.0,0.0,0.0,,,,,,,,,,,,,,,,,,
2026-01-06 04:37:20,421260,1.0,0.005,71.0,3.0,0.025,52.0,,,,,,,,,,,,,,,,,,
2026-01-06 04:37:50,421258,1.0,0.0039,78.0,3.0,0.0239,60.0,,,,,,,,,,,,,,,,,,
2026-01-06 04:37:50,421260,1.0,0.0039,65.0,2.0,0.01,49.0,,,,,,,,,,,,,,,,,,
2026-01-06 04:38:20,421258,2.0,0.0078,86.0,6.0,0.0456,56.0,,,,,,,,,,,,,,,,,,
2026-01-06 04:38:20,421260,4.0,0.02,71.0,4.0,0.0267,56.0,,,,,,,,,,,,,,,,,,
2026-01-06 04:38:50,421258,3.0,0.0139,65.0,2.0,0.035,52.0,,,,,,,,,,,,,,,,,,
2026-01-06 04:38:50,421260,1.0,0.005,65.0,0.0,0.0,0.0,,,,,,,,,,,,,,,,,,
2026-01-06 04:39:20,421258,0.0,0.0,0.0,2.0,0.0378,42.0,,,,,,,,,,,,,,,,,,
2026-01-06 04:39:20,421260,2.0,0.01,78.0,1.0,0.0067,52.0,,,,,,,,,,,,,,,,,,
2026-01-06 04:39:50,421258,2.0,0.0078,78.0,5.0,0.04,56.0,,,,,,,,,,,,,,,,,,
2026-01-06 04:39:50,421260,3.0,0.015,78.0,1.0,0.0067,60.0,,,,,,,,,,,,,,,,,,
2026-01-06 04:40:20,421258,2.0,0.0078,65.0,4.0,0.0306,49.0,,,,,,,,,,,,,,,,,,
2026-01-06 04:40:20,421260,3.0,0.0178,71.0,1.0,0.0067,60.0,,,,,,,,,,,,,,,,,,
2026-01-06 04:40:50,421258,1.0,0.0039,78.0,0.0,0.0,0.0,,,,,,,,,,,,,,,,,,
2026-01-06 04:40:50,421260,1.0,0.0067,65.0,5.0,0.03,56.0,,,,,,,,,,,,,,,,,,
2026-01-06 04:41:20,421258,2.0,0.0078,78.0,1.0,0.0078,52.0,,,,,,,,,,,,,,,,,,
2026-01-06 04:41:20,421260,3.0,0.0139,71.0,1.0,0.0039,139.0,,,,,,,,,,,,,,,,,,
2026-01-06 04:41:50,421258,1.0,0.0039,60.0,1.0,0.0089,52.0,,,,,,,,,,,,,,,,,,
2026-01-06 04:41:50,421260,1.0,0.0056,65.0,2.0,0.0128,60.0,,,,,,,,,,,,,,,,,,
2026-01-06 04:42:20,421258,2.0,0.0078,78.0,4.0,0.0256,56.0,,,,,,,,,,,,,,,,,,
2026-01-06 04:42:20,421260,6.0,0.0306,78.0,3.0,0.02,56.0,,,,,,,,,,,,,,,,,,
2026-01-06 04:42:50,421258,3.0,0.0117,78.0,3.0,0.0278,60.0,,,,,,,,,,,,,,,,,,
2026-01-06 04:42:50,421260,2.0,0.0128,86.0,4.0,0.025,56.0,,,,,,,,,,,,,,,,,,
2026-01-06 04:43:20,421258,0.0,0.0,0.0,1.0,0.0067,52.0,,,,,,,,,,,,,,,,,,
2026-01-06 04:43:20,421260,6.0,0.0306,71.0,7.0,0.0456,56.0,,,,,,,,,,,,,,,,,,
2026-01-06 04:43:50,421258,4.0,0.0178,65.0,3.0,0.02,56.0,,,,,,,,,,,,,,,,,,
2026-01-06 04:43:50,421260,3.0,0.0156,71.0,3.0,0.0217,56.0,,,,,,,,,,,,,,,,,,
2026-01-06 04:44:20,421258,3.0,0.0117,78.0,4.0,0.0267,56.0,,,,,,,,,,,,,,,,,,
2026-01-06 04:44:20,421260,2.0,0.0106,78.0,2.0,0.0139,60.0,,,,,,,,,,,,,,,,,,
2026-01-06 04:44:50,421258,4.0,0.0189,65.0,3.0,0.0267,60.0,,,,,,,,,,,,,,,,,,
2026-01-06 04:44:50,421260,3.0,0.0139,71.0,2.0,0.0139,56.0,,,,,,,,,,,,,,,,,,
2026-01-06 04:45:20,421258,5.0,0.0217,65.0,5.0,0.055,56.0,,,,,,,,,,,,,,,,,,
2026-01-06 04:45:20,421260,1.0,0.005,78.0,3.0,0.0178,60.0,,,,,,,,,,,,,,,,,,
2026-01-06 04:45:50,421258,2.0,0.0078,78.0,3.0,0.0428,46.0,,,,,,,,,,,,,,,,,,
2026-01-06 04:45:50,421260,3.0,0.0139,71.0,2.0,0.0117,52.0,,,,,,,,,,,,,,,,,,
2026-01-06 04:46:20,421258,3.0,0.0117,71.0,2.0,0.0306,49.0,,,,,,,,,,,,,,,,,,
2026-01-06 04:46:20,421260,3.0,0.0178,65.0,4.0,0.0267,60.0,,,,,,,,,,,,,,,,,,
2026-01-06 04:46:50,421258,1.0,0.0039,78.0,4.0,0.03,56.0,,,,,,,,,,,,,,,,,,
2026-01-06 04:46:50,421260,1.0,0.0056,78.0,3.0,0.025,56.0,,,,,,,,,,,,,,,,,,
2026-01-06 04:47:20,421258,1.0,0.0039,78.0,2.0,0.015,56.0,,,,,,,,,,,,,,,,,,
2026-01-06 04:47:20,421260,4.0,0.0228,65.0,4.0,0.0606,52.0,,,,,,,,,,,,,,,,,,
2026-01-06 04:47:50,421258,3.0,0.0117,78.0,2.0,0.0139,60.0,,,,,,,,,,,,,,,,,,
2026-01-06 04:47:50,421260,4.0,0.0167,86.0,2.0,0.0128,56.0,,,,,,,,,,,,,,,,,,
2026-01-06 04:48:20,421258,3.0,0.0139,60.0,2.0,0.0239,52.0,,,,,,,,,,,,,,,,,,
2026-01-06 04:48:20,421260,3.0,0.0156,78.0,4.0,0.0267,60.0,,,,,,,,,,,,,,,,,,
2026-01-06 04:48:50,421258,3.0,0.015,65.0,2.0,0.0156,78.0,,,,,,,,,,,,,,,,,,
2026-01-06 04:48:50,421260,1.0,0.0056,71.0,2.0,0.0089,78.0,,,,,,,,,,,,,,,,,,
2026-01-06 04:49:20,421258,4.0,0.0178,60.0,4.0,0.0239,60.0,,,,,,,,,,,,,,,,,,
2026-01-06 04:49:20,421260,6.0,0.0317,71.0,4.0,0.0217,71.0,,,,,,,,,,,,,,,,,,
2026-01-06 04:49:50,421258,3.0,0.0139,71.0,5.0,0.1056,44.0,,,,,,,,,,,,,,,,,,
2026-01-06 04:49:50,421260,7.0,0.0378,71.0,4.0,0.0228,60.0,,,,,,,,,,,,,,,,,,
2026-01-06 04:50:20,421258,3.0,0.0117,78.0,3.0,0.0189,56.0,,,,,,,,,,,,,,,,,,
2026-01-06 04:50:20,421260,4.0,0.0206,71.0,4.0,0.0256,60.0,,,,,,,,,,,,,,,,,,
2026-01-06 04:50:50,421258,4.0,0.0178,65.0,3.0,0.02,60.0,,,,,,,,,,,,,,,,,,
2026-01-06 04:50:50,421260,1.0,0.0039,71.0,3.0,0.0178,65.0,,,,,,,,,,,,,,,,,,
2026-01-06 04:51:20,421258,5.0,0.02,78.0,5.0,0.0317,60.0,,,,,,,,,,,,,,,,,,
2026-01-06 04:51:20,421260,0.0,0.0,0.0,0.0,0.0,0.0,,,,,,,,,,,,,,,,,,
2026-01-06 04:51:50,421258,4.0,0.0156,78.0,3.0,0.0189,65.0,,,,,,,,,,,,,,,,,,
2026-01-06 04:51:50,421260,2.0,0.0117,65.0,2.0,0.0139,56.0,,,,,,,,,,,,,,,,,,
2026-01-06 04:52:20,421258,2.0,0.0078,65.0,6.0,0.0517,46.0,,,,,,,,,,,,,,,,,,
2026-01-06 04:52:20,421260,9.0,0.045,78.0,5.0,0.0356,60.0,,,,,,,,,,,,,,,,,,
2026-01-06 04:52:50,421258,0.0,0.0,0.0,0.0,0.0,0.0,,,,,,,,,,,,,,,,,,
2026-01-06 04:52:50,421260,7.0,0.0356,78.0,3.0,0.0189,65.0,,,,,,,,,,,,,,,,,,
2026-01-06 04:53:20,421258,0.0,0.0,0.0,1.0,0.0078,52.0,,,,,,,,,,,,,,,,,,
2026-01-06 04:53:20,421260,2.0,0.01,65.0,2.0,0.0256,49.0,,,,,,,,,,,,,,,,,,
2026-01-06 04:53:50,421258,5.0,0.02,78.0,6.0,0.0389,65.0,,,,,,,,,,,,,,,,,,
2026-01-06 04:53:50,421260,5.0,0.0256,71.0,5.0,0.0389,56.0,,,,,,,,,,,,,,,,,,
2026-01-06 04:54:20,421258,7.0,0.0278,71.0,7.0,0.0617,49.0,,,,,,,,,,,,,,,,,,
2026-01-06 04:54:20,421260,1.0,0.005,60.0,4.0,0.0328,65.0,,,,,,,,,,,,,,,,,,
2026-01-06 04:54:50,421258,1.0,0.0039,78.0,3.0,0.0189,60.0,,,,,,,,,,,,,,,,,,
2026-01-06 04:54:50,421260,3.0,0.0156,78.0,3.0,0.0217,52.0,,,,,,,,,,,,,,,,,,
2026-01-06 04:55:20,421258,4.0,0.0156,78.0,3.0,0.0467,52.0,,,,,,,,,,,,,,,,,,
2026-01-06 04:55:20,421260,2.0,0.01,78.0,2.0,0.0106,71.0,,,,,,,,,,,,,,,,,,
2026-01-06 04:55:50,421258,2.0,0.0078,78.0,2.0,0.0189,49.0,,,,,,,,,,,,,,,,,,
2026-01-06 04:55:50,421260,2.0,0.0117,65.0,3.0,0.0178,65.0,,,,,,,,,,,,,,,,,,
2026-01-06 04:56:20,421258,3.0,0.0139,71.0,4.0,0.0517,49.0,,,,,,,,,,,,,,,,,,
2026-01-06 04:56:20,421260,1.0,0.005,78.0,1.0,0.005,71.0,,,,,,,,,,,,,,,,,,
2026-01-06 04:56:50,421258,2.0,0.0078,86.0,3.0,0.0417,49.0,,,,,,,,,,,,,,,,,,
2026-01-06 04:56:50,421260,4.0,0.0228,71.0,6.0,0.045,52.0,,,,,,,,,,,,,,,,,,
2026-01-06 04:57:20,421258,0.0,0.0,0.0,2.0,0.015,60.0,,,,,,,,,,,,,,,,,,
2026-01-06 04:57:20,421260,5.0,0.0256,78.0,2.0,0.03,60.0,,,,,,,,,,,,,,,,,,
2026-01-06 04:57:50,421258,3.0,0.0139,71.0,3.0,0.0178,65.0,,,,,,,,,,,,,,,,,,
2026-01-06 04:57:50,421260,2.0,0.0106,71.0,9.0,0.0617,60.0,,,,,,,,,,,,,,,,,,
2026-01-06 04:58:20,421258,1.0,0.0039,78.0,2.0,0.0128,60.0,,,,,,,,,,,,,,,,,,
2026-01-06 04:58:20,421260,2.0,0.0117,65.0,1.0,0.0056,65.0,,,,,,,,,,,,,,,,,,
2026-01-06 04:58:50,421258,5.0,0.0217,78.0,5.0,0.0378,52.0,,,,,,,,,,,,,,,,,,
2026-01-06 04:58:50,421260,4.0,0.0189,71.0,5.0,0.0339,56.0,,,,,,,,,,,,,,,,,,
2026-01-06 04:59:20,421258,3.0,0.0106,78.0,3.0,0.0639,44.0,,,,,,,,,,,,,,,,,,
2026-01-06 04:59:20,421260,3.0,0.0139,71.0,0.0,0.0,0.0,,,,,,,,,,,,,,,,,,
2026-01-06 04:59:50,421258,3.0,0.0139,65.0,5.0,0.04,49.0,,,,,,,,,,,,,,,,,,
2026-01-06 04:59:50,421260,4.0,0.0206,71.0,1.0,0.0056,60.0,,,,,,,,,,,,,,,,,,
2026-01-06 05:00:20,421258,3.0,0.015,71.0,4.0,0.0267,56.0,,,,,,,,,,,,,,,,,,
2026-01-06 05:00:20,421260,1.0,0.0039,78.0,4.0,0.0267,60.0,,,,,,,,,,,,,,,,,,
2026-01-06 05:00:50,421258,1.0,0.0039,78.0,2.0,0.0117,60.0,,,,,,,,,,,,,,,,,,
2026-01-06 05:00:50,421260,1.0,0.005,78.0,2.0,0.0117,65.0,,,,,,,,,,,,,,,,,,
2026-01-06 05:01:20,421258,3.0,0.0117,60.0,3.0,0.0439,52.0,,,,,,,,,,,,,,,,,,
2026-01-06 05:01:20,421260,4.0,0.0206,71.0,4.0,0.0289,56.0,,,,,,,,,,,,,,,,,,
2026-01-06 05:01:50,421258,0.0,0.0,0.0,2.0,0.0156,52.0,,,,,,,,,,,,,,,,,,
2026-01-06 05:01:50,421260,5.0,0.0256,78.0,5.0,0.035,60.0,,,,,,,,,,,,,,,,,,
2026-01-06 05:02:20,421258,3.0,0.0139,65.0,4.0,0.0306,49.0,,,,,,,,,,,,,,,,,,
2026-01-06 05:02:20,421260,1.0,0.0056,71.0,3.0,0.0178,60.0,,,,,,,,,,,,,,,,,,
2026-01-06 05:02:50,421258,3.0,0.0139,71.0,1.0,0.0039,96.0,,,,,,,,,,,,,,,,,,
2026-01-06 05:02:50,421260,1.0,0.0056,65.0,4.0,0.0267,60.0,,,,,,,,,,,,,,,,,,
2026-01-06 05:03:20,421258,2.0,0.0078,78.0,7.0,0.05,52.0,,,,,,,,,,,,,,,,,,
2026-01-06 05:03:20,421260,7.0,0.0356,78.0,4.0,0.025,65.0,,,,,,,,,,,,,,,,,,
2026-01-06 05:03:50,421258,3.0,0.015,65.0,3.0,0.0228,56.0,,,,,,,,,,,,,,,,,,
2026-01-06 05:03:50,421260,2.0,0.01,78.0,3.0,0.0206,56.0,,,,,,,,,,,,,,,,,,
2026-01-06 05:04:20,421258,1.0,0.0056,60.0,4.0,0.0267,60.0,,,,,,,,,,,,,,,,,,
2026-01-06 05:04:20,421260,4.0,0.0206,71.0,5.0,0.0306,60.0,,,,,,,,,,,,,,,,,,
2026-01-06 05:04:50,421258,4.0,0.0167,65.0,7.0,0.0428,60.0,,,,,,,,,,,,,,,,,,
2026-01-06 05:04:50,421260,2.0,0.01,78.0,6.0,0.065,52.0,,,,,,,,,,,,,,,,,,
2026-01-06 05:05:20,421258,2.0,0.0078,78.0,2.0,0.0167,52.0,,,,,,,,,,,,,,,,,,
2026-01-06 05:05:20,421260,3.0,0.015,78.0,2.0,0.015,60.0,,,,,,,,,,,,,,,,,,
2026-01-06 05:05:50,421258,3.0,0.0117,78.0,6.0,0.0617,52.0,,,,,,,,,,,,,,,,,,
2026-01-06 05:05:50,421260,7.0,0.0378,71.0,6.0,0.0389,56.0,,,,,,,,,,,,,,,,,,
2026-01-06 05:06:20,421258,1.0,0.0078,96.0,3.0,0.0339,56.0,,,,,,,,,,,,,,,,,,
2026-01-06 05:06:20,421260,7.0,0.0367,71.0,3.0,0.0256,56.0,,,,,,,,,,,,,,,,,,
2026-01-06 05:06:50,421258,4.0,0.0128,78.0,3.0,0.0656,52.0,,,,,,,,,,,,,,,,,,
2026-01-06 05:06:50,421260,2.0,0.01,78.0,5.0,0.0356,56.0,,,,,,,,,,,,,,,,,,
2026-01-06 05:07:20,421258,5.0,0.02,71.0,4.0,0.0356,49.0,,,,,,,,,,,,,,,,,,
2026-01-06 05:07:20,421260,3.0,0.0167,65.0,2.0,0.0128,60.0,,,,,,,,,,,,,,,,,,
2026-01-06 05:07:50,421258,5.0,0.0267,65.0,4.0,0.0656,46.0,,,,,,,,,,,,,,,,,,
2026-01-06 05:07:50,421260,2.0,0.0117,65.0,2.0,0.0289,52.0,,,,,,,,,,,,,,,,,,
2026-01-06 05:08:20,421258,1.0,0.0039,139.0,4.0,0.0278,52.0,,,,,,,,,,,,,,,,,,
2026-01-06 05:08:20,421260,2.0,0.0106,65.0,3.0,0.025,52.0,,,,,,,,,,,,,,,,,,
2026-01-06 05:08:50,421258,4.0,0.0156,65.0,6.0,0.0417,56.0,,,,,,,,,,,,,,,,,,
2026-01-06 05:08:50,421260,5.0,0.025,71.0,3.0,0.0228,56.0,,,,,,,,,,,,,,,,,,
2026-01-06 05:09:20,421258,2.0,0.0089,56.0,1.0,0.0078,52.0,,,,,,,,,,,,,,,,,,
2026-01-06 05:09:20,421260,2.0,0.01,78.0,3.0,0.02,65.0,,,,,,,,,,,,,,,,,,
2026-01-06 05:09:50,421258,1.0,0.0039,78.0,2.0,0.0278,52.0,,,,,,,,,,,,,,,,,,
2026-01-06 05:09:50,421260,5.0,0.03,78.0,1.0,0.0067,65.0,,,,,,,,,,,,,,,,,,
2026-01-06 05:10:20,421258,6.0,0.0239,71.0,4.0,0.03,56.0,,,,,,,,,,,,,,,,,,
2026-01-06 05:10:20,421260,4.0,0.0228,71.0,3.0,0.0256,52.0,,,,,,,,,,,,,,,,,,
2026-01-06 05:10:50,421258,2.0,0.0078,78.0,3.0,0.0417,56.0,,,,,,,,,,,,,,,,,,
2026-01-06 05:10:50,421260,2.0,0.0089,78.0,2.0,0.0106,71.0,,,,,,,,,,,,,,,,,,
2026-01-06 05:11:20,421258,1.0,0.005,60.0,4.0,0.0289,60.0,,,,,,,,,,,,,,,,,,
2026-01-06 05:11:20,421260,5.0,0.0267,65.0,4.0,0.0306,56.0,,,,,,,,,,,,,,,,,,
2026-01-06 05:11:50,421258,2.0,0.0089,65.0,3.0,0.015,65.0,,,,,,,,,,,,,,,,,,
2026-01-06 05:11:50,421260,5.0,0.0239,86.0,1.0,0.005,78.0,,,,,,,,,,,,,,,,,,
2026-01-06 05:12:20,421258,3.0,0.0117,78.0,1.0,0.0067,60.0,,,,,,,,,,,,,,,,,,
2026-01-06 05:12:20,421260,2.0,0.0117,71.0,6.0,0.0389,65.0,,,,,,,,,,,,,,,,,,
2026-01-06 05:12:50,421258,3.0,0.0139,65.0,3.0,0.0478,44.0,,,,,,,,,,,,,,,,,,
2026-01-06 05:12:50,421260,2.0,0.01,78.0,4.0,0.0289,60.0,,,,,,,,,,,,,,,,,,
2026-01-06 05:13:20,421258,6.0,0.0267,71.0,4.0,0.0256,60.0,,,,,,,,,,,,,,,,,,
2026-01-06 05:13:20,421260,1.0,0.005,78.0,1.0,0.0056,65.0,,,,,,,,,,,,,,,,,,
2026-01-06 05:13:50,421258,2.0,0.0078,65.0,3.0,0.0389,52.0,,,,,,,,,,,,,,,,,,
2026-01-06 05:13:50,421260,1.0,0.0056,71.0,3.0,0.0189,60.0,,,,,,,,,,,,,,,,,,
2026-01-06 05:14:20,421258,0.0,0.0,0.0,7.0,0.0706,56.0,,,,,,,,,,,,,,,,,,
2026-01-06 05:14:20,421260,5.0,0.0228,78.0,4.0,0.0256,56.0,,,,,,,,,,,,,,,,,,
2026-01-06 05:14:50,421258,2.0,0.0078,78.0,1.0,0.0078,52.0,,,,,,,,,,,,,,,,,,
2026-01-06 05:14:50,421260,6.0,0.0328,71.0,4.0,0.0356,56.0,,,,,,,,,,,,,,,,,,
2026-01-06 05:15:20,421258,0.0,0.0,0.0,3.0,0.0178,60.0,,,,,,,,,,,,,,,,,,
2026-01-06 05:15:20,421260,12.0,0.0706,65.0,6.0,0.0728,49.0,,,,,,,,,,,,,,,,,,
2026-01-06 05:15:50,421258,3.0,0.0117,78.0,3.0,0.0217,52.0,,,,,,,,,,,,,,,,,,
2026-01-06 05:15:50,421260,2.0,0.0106,65.0,4.0,0.0278,56.0,,,,,,,,,,,,,,,,,,
2026-01-06 05:16:20,421258,4.0,0.0156,78.0,3.0,0.0256,56.0,,,,,,,,,,,,,,,,,,
2026-01-06 05:16:20,421260,3.0,0.0178,71.0,5.0,0.0356,56.0,,,,,,,,,,,,,,,,,,
2026-01-06 05:16:50,421258,0.0,0.0,0.0,5.0,0.0578,52.0,,,,,,,,,,,,,,,,,,
2026-01-06 05:16:50,421260,4.0,0.0206,71.0,4.0,0.0278,49.0,,,,,,,,,,,,,,,,,,
2026-01-06 05:17:20,421258,11.0,0.0506,65.0,5.0,0.0906,46.0,,,,,,,,,,,,,,,,,,
2026-01-06 05:17:20,421260,3.0,0.0139,71.0,3.0,0.0189,60.0,,,,,,,,,,,,,,,,,,
2026-01-06 05:17:50,421258,4.0,0.0156,71.0,4.0,0.0356,52.0,,,,,,,,,,,,,,,,,,
2026-01-06 05:17:50,421260,4.0,0.0178,78.0,3.0,0.0206,60.0,,,,,,,,,,,,,,,,,,
2026-01-06 05:18:20,421258,4.0,0.0156,78.0,6.0,0.0467,52.0,,,,,,,,,,,,,,,,,,
2026-01-06 05:18:20,421260,1.0,0.0078,86.0,3.0,0.0228,56.0,,,,,,,,,,,,,,,,,,
2026-01-06 05:18:50,421258,3.0,0.0117,78.0,2.0,0.015,56.0,,,,,,,,,,,,,,,,,,
2026-01-06 05:18:50,421260,7.0,0.03,71.0,3.0,0.0206,56.0,,,,,,,,,,,,,,,,,,
2026-01-06 05:19:20,421258,4.0,0.0156,65.0,4.0,0.0656,46.0,,,,,,,,,,,,,,,,,,
2026-01-06 05:19:20,421260,7.0,0.0378,71.0,6.0,0.0456,65.0,,,,,,,,,,,,,,,,,,
2026-01-06 05:19:50,421258,1.0,0.0039,78.0,4.0,0.0339,52.0,,,,,,,,,,,,,,,,,,
2026-01-06 05:19:50,421260,2.0,0.01,78.0,3.0,0.02,65.0,,,,,,,,,,,,,,,,,,
2026-01-06 05:20:20,421258,3.0,0.0117,78.0,2.0,0.0106,78.0,,,,,,,,,,,,,,,,,,
2026-01-06 05:20:20,421260,5.0,0.0278,71.0,7.0,0.0489,52.0,,,,,,,,,,,,,,,,,,
2026-01-06 05:20:50,421258,7.0,0.03,71.0,6.0,0.0539,49.0,,,,,,,,,,,,,,,,,,
2026-01-06 05:20:50,421260,11.0,0.06,71.0,6.0,0.0439,52.0,,,,,,,,,,,,,,,,,,
2026-01-06 05:21:20,421258,1.0,0.0039,60.0,4.0,0.0278,56.0,,,,,,,,,,,,,,,,,,
2026-01-06 05:21:20,421260,7.0,0.04,65.0,3.0,0.0278,56.0,,,,,,,,,,,,,,,,,,
2026-01-06 05:21:50,421258,3.0,0.0117,71.0,3.0,0.035,49.0,,,,,,,,,,,,,,,,,,
2026-01-06 05:21:50,421260,4.0,0.0206,78.0,3.0,0.025,52.0,,,,,,,,,,,,,,,,,,
2026-01-06 05:22:20,421258,6.0,0.0239,71.0,5.0,0.0578,49.0,,,,,,,,,,,,,,,,,,
2026-01-06 05:22:20,421260,5.0,0.0228,78.0,2.0,0.0139,52.0,,,,,,,,,,,,,,,,,,
2026-01-06 05:22:50,421258,9.0,0.0406,65.0,7.0,0.0767,46.0,,,,,,,,,,,,,,,,,,
2026-01-06 05:22:50,421260,7.0,0.0389,65.0,6.0,0.0428,60.0,,,,,,,,,,,,,,,,,,
2026-01-06 05:23:20,421258,5.0,0.0228,65.0,4.0,0.0556,49.0,,,,,,,,,,,,,,,,,,
2026-01-06 05:23:20,421260,13.0,0.0756,65.0,8.0,0.0567,56.0,,,,,,,,,,,,,,,,,,
2026-01-06 05:23:50,421258,2.0,0.0078,65.0,4.0,0.0528,56.0,,,,,,,,,,,,,,,,,,
2026-01-06 05:23:50,421260,4.0,0.0239,65.0,2.0,0.0167,52.0,,,,,,,,,,,,,,,,,,
2026-01-06 05:24:20,421258,5.0,0.0228,71.0,6.0,0.0667,46.0,,,,,,,,,,,,,,,,,,
2026-01-06 05:24:20,421260,5.0,0.0267,71.0,5.0,0.0339,56.0,,,,,,,,,,,,,,,,,,
2026-01-06 05:24:50,421258,6.0,0.0256,65.0,2.0,0.0156,56.0,,,,,,,,,,,,,,,,,,
2026-01-06 05:24:50,421260,4.0,0.0217,78.0,2.0,0.0128,65.0,,,,,,,,,,,,,,,,,,
2026-01-06 05:25:20,421258,10.0,0.0428,65.0,8.0,0.0817,44.0,,,,,,,,,,,,,,,,,,
2026-01-06 05:25:20,421260,3.0,0.015,71.0,4.0,0.0256,65.0,,,,,,,,,,,,,,,,,,
2026-01-06 05:25:50,421258,4.0,0.0156,71.0,6.0,0.0428,56.0,,,,,,,,,,,,,,,,,,
2026-01-06 05:25:50,421260,4.0,0.0228,65.0,3.0,0.0228,56.0,,,,,,,,,,,,,,,,,,
2026-01-06 05:26:20,421258,3.0,0.0117,78.0,2.0,0.02,60.0,,,,,,,,,,,,,,,,,,
2026-01-06 05:26:20,421260,5.0,0.0289,65.0,6.0,0.0517,49.0,,,,,,,,,,,,,,,,,,
2026-01-06 05:26:50,421258,5.0,0.0217,78.0,5.0,0.0478,44.0,,,,,,,,,,,,,,,,,,
2026-01-06 05:26:50,421260,6.0,0.0378,60.0,7.0,0.0528,49.0,,,,,,,,,,,,,,,,,,
2026-01-06 05:27:20,421258,2.0,0.0078,60.0,3.0,0.0217,60.0,,,,,,,,,,,,,,,,,,
2026-01-06 05:27:20,421260,4.0,0.0228,71.0,6.0,0.0467,56.0,,,,,,,,,,,,,,,,,,
2026-01-06 05:27:50,421258,5.0,0.02,65.0,3.0,0.0256,52.0,,,,,,,,,,,,,,,,,,
2026-01-06 05:27:50,421260,3.0,0.0156,71.0,5.0,0.0328,60.0,,,,,,,,,,,,,,,,,,
2026-01-06 05:28:20,421258,4.0,0.0156,65.0,5.0,0.055,49.0,,,,,,,,,,,,,,,,,,
2026-01-06 05:28:20,421260,3.0,0.0156,71.0,3.0,0.015,56.0,,,,,,,,,,,,,,,,,,
2026-01-06 05:28:50,421258,5.0,0.02,71.0,5.0,0.0467,44.0,,,,,,,,,,,,,,,,,,
2026-01-06 05:28:50,421260,8.0,0.05,65.0,5.0,0.0406,56.0,,,,,,,,,,,,,,,,,,
2026-01-06 05:29:20,421258,7.0,0.0328,65.0,7.0,0.0889,44.0,,,,,,,,,,,,,,,,,,
2026-01-06 05:29:20,421260,10.0,0.0539,71.0,6.0,0.045,56.0,,,,,,,,,,,,,,,,,,
2026-01-06 05:29:50,421258,2.0,0.0078,78.0,2.0,0.0256,52.0,,,,,,,,,,,,,,,,,,
2026-01-06 05:29:50,421260,5.0,0.0267,71.0,5.0,0.0378,52.0,,,,,,,,,,,,,,,,,,
2026-01-06 05:30:20,421258,4.0,0.02,65.0,3.0,0.02,65.0,,,,,,,,,,,,,,,,,,
2026-01-06 05:30:20,421260,9.0,0.0528,65.0,7.0,0.0667,46.0,,,,,,,,,,,,,,,,,,
2026-01-06 05:30:50,421258,9.0,0.0428,60.0,5.0,0.0678,46.0,,,,,,,,,,,,,,,,,,
2026-01-06 05:30:50,421260,9.0,0.0456,71.0,7.0,0.0439,60.0,,,,,,,,,,,,,,,,,,
2026-01-06 05:31:20,421258,10.0,0.045,65.0,6.0,0.0489,49.0,,,,,,,,,,,,,,,,,,
2026-01-06 05:31:20,421260,3.0,0.0156,71.0,4.0,0.0278,56.0,,,,,,,,,,,,,,,,,,
2026-01-06 05:31:50,421258,3.0,0.015,56.0,5.0,0.0456,46.0,,,,,,,,,,,,,,,,,,
2026-01-06 05:31:50,421260,11.0,0.0628,65.0,7.0,0.0667,56.0,,,,,,,,,,,,,,,,,,
2026-01-06 05:32:20,421258,13.0,0.0567,65.0,6.0,0.1056,49.0,,,,,,,,,,,,,,,,,,
2026-01-06 05:32:20,421260,3.0,0.0167,65.0,4.0,0.0256,60.0,,,,,,,,,,,,,,,,,,
2026-01-06 05:32:50,421258,9.0,0.0389,71.0,7.0,0.0856,49.0,,,,,,,,,,,,,,,,,,
2026-01-06 05:32:50,421260,10.0,0.0517,71.0,6.0,0.0428,60.0,,,,,,,,,,,,,,,,,,
2026-01-06 05:33:20,421258,6.0,0.0239,78.0,5.0,0.0306,52.0,,,,,,,,,,,,,,,,,,
2026-01-06 05:33:20,421260,12.0,0.0739,65.0,8.0,0.0556,56.0,,,,,,,,,,,,,,,,,,
2026-01-06 05:33:50,421258,8.0,0.0339,71.0,5.0,0.0378,56.0,,,,,,,,,,,,,,,,,,
2026-01-06 05:33:50,421260,10.0,0.0567,65.0,6.0,0.04,60.0,,,,,,,,,,,,,,,,,,
2026-01-06 05:34:20,421258,5.0,0.0217,71.0,6.0,0.0617,56.0,,,,,,,,,,,,,,,,,,
2026-01-06 05:34:20,421260,5.0,0.0267,71.0,7.0,0.0528,52.0,,,,,,,,,,,,,,,,,,
2026-01-06 05:34:50,421258,11.0,0.0489,71.0,4.0,0.0467,60.0,,,,,,,,,,,,,,,,,,
2026-01-06 05:34:50,421260,10.0,0.0567,65.0,6.0,0.0417,52.0,,,,,,,,,,,,,,,,,,
2026-01-06 05:35:20,421258,10.0,0.0467,60.0,8.0,0.0867,46.0,,,,,,,,,,,,,,,,,,
2026-01-06 05:35:20,421260,5.0,0.0278,71.0,6.0,0.0378,65.0,,,,,,,,,,,,,,,,,,
2026-01-06 05:35:50,421258,10.0,0.045,65.0,9.0,0.0667,52.0,,,,,,,,,,,,,,,,,,
2026-01-06 05:35:50,421260,5.0,0.0256,71.0,5.0,0.0306,60.0,,,,,,,,,,,,,,,,,,
2026-01-06 05:36:20,421258,3.0,0.0117,71.0,3.0,0.0217,56.0,,,,,,,,,,,,,,,,,,
2026-01-06 05:36:20,421260,6.0,0.0306,78.0,4.0,0.0267,60.0,,,,,,,,,,,,,,,,,,
2026-01-06 05:36:50,421258,12.0,0.0528,65.0,7.0,0.1089,44.0,,,,,,,,,,,,,,,,,,
2026-01-06 05:36:50,421260,10.0,0.0539,78.0,7.0,0.05,60.0,,,,,,,,,,,,,,,,,,
2026-01-06 05:37:20,421258,5.0,0.02,78.0,6.0,0.0656,49.0,,,,,,,,,,,,,,,,,,
2026-01-06 05:37:20,421260,10.0,0.055,65.0,6.0,0.045,52.0,,,,,,,,,,,,,,,,,,
2026-01-06 05:37:50,421258,6.0,0.0239,78.0,7.0,0.0467,56.0,,,,,,,,,,,,,,,,,,
2026-01-06 05:37:50,421260,13.0,0.0767,65.0,9.0,0.0639,56.0,,,,,,,,,,,,,,,,,,
2026-01-06 05:38:20,421258,8.0,0.0339,78.0,5.0,0.035,56.0,,,,,,,,,,,,,,,,,,
2026-01-06 05:38:20,421260,8.0,0.045,65.0,6.0,0.0417,60.0,,,,,,,,,,,,,,,,,,
2026-01-06 05:38:50,421258,7.0,0.0278,78.0,6.0,0.0517,49.0,,,,,,,,,,,,,,,,,,
2026-01-06 05:38:50,421260,11.0,0.065,65.0,5.0,0.0378,56.0,,,,,,,,,,,,,,,,,,
2026-01-06 05:39:20,421258,7.0,0.0306,65.0,6.0,0.0478,52.0,,,,,,,,,,,,,,,,,,
2026-01-06 05:39:20,421260,10.0,0.0556,65.0,6.0,0.0428,56.0,,,,,,,,,,,,,,,,,,
2026-01-06 05:39:50,421258,12.0,0.0489,71.0,9.0,0.1017,56.0,,,,,,,,,,,,,,,,,,
2026-01-06 05:39:50,421260,12.0,0.0689,65.0,4.0,0.0217,56.0,,,,,,,,,,,,,,,,,,
2026-01-06 05:40:20,421258,9.0,0.0406,65.0,9.0,0.07,52.0,,,,,,,,,,,,,,,,,,
2026-01-06 05:40:20,421260,7.0,0.0439,65.0,9.0,0.06,65.0,,,,,,,,,,,,,,,,,,
2026-01-06 05:40:50,421258,7.0,0.03,71.0,6.0,0.0517,52.0,,,,,,,,,,,,,,,,,,
2026-01-06 05:40:50,421260,9.0,0.0478,71.0,4.0,0.0267,56.0,,,,,,,,,,,,,,,,,,
2026-01-06 05:41:20,421258,11.0,0.045,71.0,7.0,0.0489,60.0,,,,,,,,,,,,,,,,,,
2026-01-06 05:41:20,421260,6.0,0.0339,71.0,8.0,0.0717,56.0,,,,,,,,,,,,,,,,,,
2026-01-06 05:41:50,421258,8.0,0.0339,65.0,6.0,0.0656,52.0,,,,,,,,,,,,,,,,,,
2026-01-06 05:41:50,421260,11.0,0.06,65.0,6.0,0.0389,60.0,,,,,,,,,,,,,,,,,,
2026-01-06 05:42:20,421258,7.0,0.0328,65.0,7.0,0.05,60.0,,,,,,,,,,,,,,,,,,
2026-01-06 05:42:20,421260,9.0,0.0539,65.0,5.0,0.0328,60.0,,,,,,,,,,,,,,,,,,
2026-01-06 05:42:50,421258,9.0,0.0389,71.0,7.0,0.0489,56.0,,,,,,,,,,,,,,,,,,
2026-01-06 05:42:50,421260,4.0,0.0239,65.0,4.0,0.0289,60.0,,,,,,,,,,,,,,,,,,
2026-01-06 05:43:20,421258,4.0,0.0206,78.0,6.0,0.0467,56.0,,,,,,,,,,,,,,,,,,
2026-01-06 05:43:20,421260,15.0,0.0906,60.0,9.0,0.0606,49.0,,,,,,,,,,,,,,,,,,
2026-01-06 05:43:50,421258,7.0,0.0278,65.0,6.0,0.0656,42.0,,,,,,,,,,,,,,,,,,
2026-01-06 05:43:50,421260,8.0,0.04,78.0,5.0,0.0256,71.0,,,,,,,,,,,,,,,,,,
2026-01-06 05:44:20,421258,7.0,0.03,71.0,7.0,0.0767,46.0,,,,,,,,,,,,,,,,,,
2026-01-06 05:44:20,421260,10.0,0.0606,65.0,2.0,0.0128,56.0,,,,,,,,,,,,,,,,,,
2026-01-06 05:44:50,421258,3.0,0.0139,60.0,4.0,0.0278,56.0,,,,,,,,,,,,,,,,,,
2026-01-06 05:44:50,421260,15.0,0.095,60.0,5.0,0.0389,52.0,,,,,,,,,,,,,,,,,,
2026-01-06 05:45:20,421258,13.0,0.06,65.0,15.0,0.1328,52.0,,,,,,,,,,,,,,,,,,
2026-01-06 05:45:20,421260,15.0,0.0878,65.0,6.0,0.0417,56.0,,,,,,,,,,,,,,,,,,
2026-01-06 05:45:50,421258,8.0,0.035,65.0,3.0,0.0389,40.0,,,,,,,,,,,,,,,,,,
2026-01-06 05:45:50,421260,13.0,0.0806,60.0,7.0,0.085,56.0,,,,,,,,,,,,,,,,,,
2026-01-06 05:46:20,421258,6.0,0.0256,65.0,5.0,0.035,56.0,,,,,,,,,,,,,,,,,,
2026-01-06 05:46:20,421260,16.0,0.0939,65.0,7.0,0.0439,60.0,,,,,,,,,,,,,,,,,,
2026-01-06 05:46:50,421258,12.0,0.05,71.0,8.0,0.0728,52.0,,,,,,,,,,,,,,,,,,
2026-01-06 05:46:50,421260,14.0,0.0789,65.0,5.0,0.0389,56.0,,,,,,,,,,,,,,,,,,
2026-01-06 05:47:20,421258,18.0,0.08,65.0,7.0,0.0578,49.0,,,,,,,,,,,,,,,,,,
2026-01-06 05:47:20,421260,7.0,0.0389,65.0,7.0,0.0489,56.0,,,,,,,,,,,,,,,,,,
2026-01-06 05:47:50,421258,9.0,0.065,65.0,8.0,0.0589,52.0,,,,,,,,,,,,,,,,,,
2026-01-06 05:47:50,421260,14.0,0.0867,60.0,11.0,0.075,56.0,,,,,,,,,,,,,,,,,,
2026-01-06 05:48:20,421258,9.0,0.045,60.0,8.0,0.0617,56.0,,,,,,,,,,,,,,,,,,
2026-01-06 05:48:20,421260,15.0,0.085,71.0,6.0,0.04,56.0,,,,,,,,,,,,,,,,,,
2026-01-06 05:48:50,421258,17.0,0.0806,60.0,7.0,0.0578,49.0,,,,,,,,,,,,,,,,,,
2026-01-06 05:48:50,421260,14.0,0.0878,56.0,7.0,0.0617,40.0,,,,,,,,,,,,,,,,,,
2026-01-06 05:49:20,421258,7.0,0.03,65.0,8.0,0.07,52.0,,,,,,,,,,,,,,,,,,
2026-01-06 05:49:20,421260,16.0,0.1078,52.0,10.0,0.1189,40.0,,,,,,,,,,,,,,,,,,
2026-01-06 05:49:50,421258,19.0,0.0867,65.0,9.0,0.075,49.0,,,,,,,,,,,,,,,,,,
2026-01-06 05:49:50,421260,8.0,0.0489,65.0,7.0,0.0517,56.0,,,,,,,,,,,,,,,,,,
2026-01-06 05:50:20,421258,5.0,0.02,65.0,5.0,0.0578,56.0,,,,,,,,,,,,,,,,,,
2026-01-06 05:50:20,421260,10.0,0.0556,65.0,7.0,0.0467,65.0,,,,,,,,,,,,,,,,,,
2026-01-06 05:50:50,421258,10.0,0.0417,65.0,8.0,0.0728,52.0,,,,,,,,,,,,,,,,,,
2026-01-06 05:50:50,421260,15.0,0.0856,65.0,12.0,0.08,60.0,,,,,,,,,,,,,,,,,,
2026-01-06 05:51:20,421258,11.0,0.0467,65.0,3.0,0.0489,38.0,,,,,,,,,,,,,,,,,,
2026-01-06 05:51:20,421260,6.0,0.0339,65.0,5.0,0.0356,56.0,,,,,,,,,,,,,,,,,,
2026-01-06 05:51:50,421258,14.0,0.0728,60.0,16.0,0.2156,40.0,,,,,,,,,,,,,,,,,,
2026-01-06 05:51:50,421260,15.0,0.0956,60.0,10.0,0.0867,52.0,,,,,,,,,,,,,,,,,,
2026-01-06 05:52:20,421258,8.0,0.0367,65.0,8.0,0.0656,56.0,,,,,,,,,,,,,,,,,,
2026-01-06 05:52:20,421260,17.0,0.115,56.0,12.0,0.0906,49.0,,,,,,,,,,,,,,,,,,
2026-01-06 05:52:50,421258,14.0,0.0617,65.0,11.0,0.0967,49.0,,,,,,,,,,,,,,,,,,
2026-01-06 05:52:50,421260,19.0,0.1256,56.0,12.0,0.0989,49.0,,,,,,,,,,,,,,,,,,
2026-01-06 05:53:20,421258,6.0,0.0239,71.0,4.0,0.0428,52.0,,,,,,,,,,,,,,,,,,
2026-01-06 05:53:20,421260,12.0,0.0756,60.0,5.0,0.0506,49.0,,,,,,,,,,,,,,,,,,
2026-01-06 05:53:50,421258,13.0,0.0567,65.0,11.0,0.1039,49.0,,,,,,,,,,,,,,,,,,
2026-01-06 05:53:50,421260,18.0,0.1356,49.0,11.0,0.1067,46.0,,,,,,,,,,,,,,,,,,
2026-01-06 05:54:20,421258,11.0,0.0467,65.0,10.0,0.0889,49.0,,,,,,,,,,,,,,,,,,
2026-01-06 05:54:20,421260,17.0,0.1239,52.0,12.0,0.0917,49.0,,,,,,,,,,,,,,,,,,
2026-01-06 05:54:50,421258,14.0,0.0578,71.0,12.0,0.1078,49.0,,,,,,,,,,,,,,,,,,
2026-01-06 05:54:50,421260,15.0,0.0956,60.0,9.0,0.0667,52.0,,,,,,,,,,,,,,,,,,
2026-01-06 05:55:20,421258,13.0,0.0606,60.0,12.0,0.1,49.0,,,,,,,,,,,,,,,,,,
2026-01-06 05:55:20,421260,13.0,0.0767,65.0,7.0,0.0528,49.0,,,,,,,,,,,,,,,,,,
2026-01-06 05:55:50,421258,12.0,0.0617,56.0,5.0,0.07,46.0,,,,,,,,,,,,,,,,,,
2026-01-06 05:55:50,421260,14.0,0.0878,60.0,11.0,0.0839,52.0,,,,,,,,,,,,,,,,,,
2026-01-06 05:56:20,421258,18.0,0.0917,56.0,15.0,0.1739,44.0,,,,,,,,,,,,,,,,,,
2026-01-06 05:56:20,421260,19.0,0.1328,56.0,12.0,0.0978,46.0,,,,,,,,,,,,,,,,,,
2026-01-06 05:56:50,421258,22.0,0.13,52.0,13.0,0.1289,46.0,,,,,,,,,,,,,,,,,,
2026-01-06 05:56:50,421260,15.0,0.1078,52.0,14.0,0.1167,46.0,,,,,,,,,,,,,,,,,,
2026-01-06 05:57:20,421258,7.0,0.0278,71.0,6.0,0.0417,56.0,,,,,,,,,,,,,,,,,,
2026-01-06 05:57:20,421260,16.0,0.1078,56.0,12.0,0.0939,49.0,,,,,,,,,,,,,,,,,,
2026-01-06 05:57:50,421258,12.0,0.06,60.0,15.0,0.16,49.0,,,,,,,,,,,,,,,,,,
2026-01-06 05:57:50,421260,19.0,0.13,56.0,11.0,0.0778,52.0,,,,,,,,,,,,,,,,,,
2026-01-06 05:58:20,421258,10.0,0.0467,65.0,6.0,0.065,49.0,,,,,,,,,,,,,,,,,,
2026-01-06 05:58:20,421260,13.0,0.0778,65.0,7.0,0.0506,56.0,,,,,,,,,,,,,,,,,,
2026-01-06 05:58:50,421258,20.0,0.0967,60.0,14.0,0.135,49.0,,,,,,,,,,,,,,,,,,
2026-01-06 05:58:50,421260,10.0,0.0567,65.0,6.0,0.0456,56.0,,,,,,,,,,,,,,,,,,
2026-01-06 05:59:20,421258,14.0,0.0578,71.0,9.0,0.0706,52.0,,,,,,,,,,,,,,,,,,
2026-01-06 05:59:20,421260,17.0,0.1106,65.0,6.0,0.0467,52.0,,,,,,,,,,,,,,,,,,
2026-01-06 05:59:50,421258,18.0,0.0906,60.0,10.0,0.09,49.0,,,,,,,,,,,,,,,,,,
2026-01-06 05:59:50,421260,15.0,0.095,60.0,7.0,0.0578,49.0,,,,,,,,,,,,,,,,,,
2026-01-06 06:00:20,421258,17.0,0.0806,60.0,12.0,0.1006,46.0,,,,,,,,,,,,,,,,,,
2026-01-06 06:00:20,421260,11.0,0.08,52.0,7.0,0.0567,46.0,,,,,,,,,,,,,,,,,,
2026-01-06 06:00:50,421258,9.0,0.0378,71.0,8.0,0.0578,52.0,,,,,,,,,,,,,,,,,,
2026-01-06 06:00:50,421260,16.0,0.1206,46.0,16.0,0.1456,44.0,,,,,,,,,,,,,,,,,,
2026-01-06 06:01:20,421258,14.0,0.0739,65.0,11.0,0.0967,49.0,,,,,,,,,,,,,,,,,,
2026-01-06 06:01:20,421260,10.0,0.0656,60.0,7.0,0.045,56.0,,,,,,,,,,,,,,,,,,
2026-01-06 06:01:50,421258,11.0,0.0467,65.0,4.0,0.03,52.0,,,,,,,,,,,,,,,,,,
2026-01-06 06:01:50,421260,11.0,0.0617,65.0,7.0,0.0706,52.0,,,,,,,,,,,,,,,,,,
2026-01-06 06:02:20,421258,14.0,0.0606,65.0,8.0,0.1056,46.0,,,,,,,,,,,,,,,,,,
2026-01-06 06:02:20,421260,16.0,0.0989,60.0,10.0,0.0817,52.0,,,,,,,,,,,,,,,,,,
2026-01-06 06:02:50,421258,7.0,0.0278,71.0,9.0,0.07,52.0,,,,,,,,,,,,,,,,,,
2026-01-06 06:02:50,421260,16.0,0.1017,60.0,6.0,0.0467,56.0,,,,,,,,,,,,,,,,,,
2026-01-06 06:03:20,421258,14.0,0.0639,65.0,13.0,0.0906,52.0,,,,,,,,,,,,,,,,,,
2026-01-06 06:03:20,421260,13.0,0.0778,60.0,8.0,0.0528,56.0,,,,,,,,,,,,,,,,,,
2026-01-06 06:03:50,421258,13.0,0.0567,65.0,7.0,0.0778,49.0,,,,,,,,,,,,,,,,,,
2026-01-06 06:03:50,421260,16.0,0.1139,52.0,13.0,0.1378,46.0,,,,,,,,,,,,,,,,,,
2026-01-06 06:04:20,421258,16.0,0.0767,60.0,11.0,0.1028,49.0,,,,,,,,,,,,,,,,,,
2026-01-06 06:04:20,421260,14.0,0.0989,52.0,10.0,0.0878,46.0,,,,,,,,,,,,,,,,,,
2026-01-06 06:04:50,421258,16.0,0.07,65.0,10.0,0.0889,52.0,,,,,,,,,,,,,,,,,,
2026-01-06 06:04:50,421260,18.0,0.1467,46.0,11.0,0.0967,46.0,,,,,,,,,,,,,,,,,,
2026-01-06 06:05:20,421258,11.0,0.05,60.0,6.0,0.0628,52.0,,,,,,,,,,,,,,,,,,
2026-01-06 06:05:20,421260,18.0,0.1406,52.0,12.0,0.0928,44.0,,,,,,,,,,,,,,,,,,
2026-01-06 06:05:50,421258,7.0,0.0306,65.0,5.0,0.0356,49.0,,,,,,,,,,,,,,,,,,
2026-01-06 06:05:50,421260,19.0,0.145,49.0,12.0,0.0956,46.0,,,,,,,,,,,,,,,,,,
2026-01-06 06:06:20,421258,12.0,0.0528,60.0,13.0,0.1406,42.0,,,,,,,,,,,,,,,,,,
2026-01-06 06:06:20,421260,15.0,0.1028,52.0,10.0,0.09,46.0,,,,,,,,,,,,,,,,,,
2026-01-06 06:06:50,421258,15.0,0.0728,56.0,14.0,0.1278,46.0,,,,,,,,,,,,,,,,,,
2026-01-06 06:06:50,421260,13.0,0.0989,49.0,11.0,0.1217,44.0,,,,,,,,,,,,,,,,,,
2026-01-06 06:07:20,421258,15.0,0.0817,56.0,13.0,0.1056,49.0,,,,,,,,,,,,,,,,,,
2026-01-06 06:07:20,421260,17.0,0.135,46.0,15.0,0.135,44.0,,,,,,,,,,,,,,,,,,
2026-01-06 06:07:50,421258,14.0,0.0689,60.0,11.0,0.1128,42.0,,,,,,,,,,,,,,,,,,
2026-01-06 06:07:50,421260,21.0,0.175,46.0,11.0,0.1017,46.0,,,,,,,,,,,,,,,,,,
2026-01-06 06:08:20,421258,19.0,0.0967,56.0,12.0,0.1217,46.0,,,,,,,,,,,,,,,,,,
2026-01-06 06:08:20,421260,15.0,0.1106,52.0,15.0,0.145,42.0,,,,,,,,,,,,,,,,,,
2026-01-06 06:08:50,421258,11.0,0.0528,60.0,7.0,0.0739,42.0,,,,,,,,,,,,,,,,,,
2026-01-06 06:08:50,421260,17.0,0.1328,49.0,15.0,0.1378,44.0,,,,,,,,,,,,,,,,,,
2026-01-06 06:09:20,421258,13.0,0.0689,56.0,10.0,0.1156,42.0,,,,,,,,,,,,,,,,,,
2026-01-06 06:09:20,421260,18.0,0.1456,46.0,11.0,0.12,49.0,,,,,,,,,,,,,,,,,,
2026-01-06 06:09:50,421258,23.0,0.1256,56.0,13.0,0.135,44.0,,,,,,,,,,,,,,,,,,
2026-01-06 06:09:50,421260,10.0,0.07,52.0,9.0,0.0967,46.0,,,,,,,,,,,,,,,,,,
2026-01-06 06:10:20,421258,21.0,0.1178,56.0,13.0,0.1317,46.0,,,,,,,,,,,,,,,,,,
2026-01-06 06:10:20,421260,13.0,0.0856,56.0,9.0,0.0739,49.0,,,,,,,,,,,,,,,,,,
2026-01-06 06:10:50,421258,11.0,0.0506,60.0,13.0,0.1167,46.0,,,,,,,,,,,,,,,,,,
2026-01-06 06:10:50,421260,17.0,0.1289,49.0,15.0,0.1417,42.0,,,,,,,,,,,,,,,,,,
2026-01-06 06:11:20,421258,13.0,0.0689,56.0,16.0,0.1517,44.0,,,,,,,,,,,,,,,,,,
2026-01-06 06:11:20,421260,19.0,0.1778,42.0,15.0,0.1328,46.0,,,,,,,,,,,,,,,,,,
2026-01-06 06:11:50,421258,19.0,0.1028,56.0,14.0,0.1828,40.0,,,,,,,,,,,,,,,,,,
2026-01-06 06:11:50,421260,11.0,0.0806,52.0,7.0,0.07,49.0,,,,,,,,,,,,,,,,,,
2026-01-06 06:12:20,421258,16.0,0.0778,60.0,9.0,0.1056,42.0,,,,,,,,,,,,,,,,,,
2026-01-06 06:12:20,421260,14.0,0.1,52.0,9.0,0.0928,44.0,,,,,,,,,,,,,,,,,,
2026-01-06 06:12:50,421258,11.0,0.055,56.0,8.0,0.11,49.0,,,,,,,,,,,,,,,,,,
2026-01-06 06:12:50,421260,16.0,0.1217,49.0,15.0,0.1578,42.0,,,,,,,,,,,,,,,,,,
2026-01-06 06:13:20,421258,15.0,0.0728,60.0,11.0,0.1017,46.0,,,,,,,,,,,,,,,,,,
2026-01-06 06:13:20,421260,15.0,0.1178,49.0,13.0,0.1228,46.0,,,,,,,,,,,,,,,,,,
2026-01-06 06:13:50,421258,14.0,0.0756,56.0,14.0,0.1239,49.0,,,,,,,,,,,,,,,,,,
2026-01-06 06:13:50,421260,17.0,0.1467,49.0,15.0,0.1389,42.0,,,,,,,,,,,,,,,,,,
2026-01-06 06:14:20,421258,13.0,0.07,56.0,6.0,0.0889,44.0,,,,,,,,,,,,,,,,,,
2026-01-06 06:14:20,421260,19.0,0.1489,44.0,15.0,0.1417,40.0,,,,,,,,,,,,,,,,,,
2026-01-06 06:14:50,421258,16.0,0.0778,56.0,7.0,0.1117,42.0,,,,,,,,,,,,,,,,,,
2026-01-06 06:14:50,421260,17.0,0.1339,49.0,6.0,0.05,40.0,,,,,,,,,,,,,,,,,,
2026-01-06 06:15:20,421258,18.0,0.0906,56.0,13.0,0.1406,44.0,,,,,,,,,,,,,,,,,,
2026-01-06 06:15:20,421260,13.0,0.1017,52.0,12.0,0.125,40.0,,,,,,,,,,,,,,,,,,
2026-01-06 06:15:50,421258,16.0,0.0817,60.0,13.0,0.1389,44.0,,,,,,,,,,,,,,,,,,
2026-01-06 06:15:50,421260,16.0,0.1228,44.0,13.0,0.1306,40.0,,,,,,,,,,,,,,,,,,
2026-01-06 06:16:20,421258,13.0,0.065,60.0,13.0,0.1228,44.0,,,,,,,,,,,,,,,,,,
2026-01-06 06:16:20,421260,18.0,0.1578,44.0,14.0,0.1428,42.0,,,,,,,,,,,,,,,,,,
2026-01-06 06:16:50,421258,19.0,0.095,60.0,13.0,0.1278,46.0,,,,,,,,,,,,,,,,,,
2026-01-06 06:16:50,421260,14.0,0.1,49.0,10.0,0.1089,44.0,,,,,,,,,,,,,,,,,,
2026-01-06 06:17:20,421258,17.0,0.0878,56.0,9.0,0.135,42.0,,,,,,,,,,,,,,,,,,
2026-01-06 06:17:20,421260,13.0,0.095,52.0,9.0,0.0878,46.0,,,,,,,,,,,,,,,,,,
2026-01-06 06:17:50,421258,6.0,0.0278,56.0,9.0,0.0928,42.0,,,,,,,,,,,,,,,,,,
2026-01-06 06:17:50,421260,18.0,0.1306,52.0,13.0,0.1089,49.0,,,,,,,,,,,,,,,,,,
2026-01-06 06:18:20,421258,10.0,0.0628,49.0,14.0,0.1517,42.0,,,,,,,,,,,,,,,,,,
2026-01-06 06:18:20,421260,14.0,0.1028,52.0,9.0,0.1106,42.0,,,,,,,,,,,,,,,,,,
2026-01-06 06:18:50,421258,20.0,0.115,52.0,11.0,0.1406,44.0,,,,,,,,,,,,,,,,,,
2026-01-06 06:18:50,421260,19.0,0.1389,49.0,11.0,0.1106,40.0,,,,,,,,,,,,,,,,,,
2026-01-06 06:19:20,421258,12.0,0.0639,56.0,8.0,0.1167,42.0,,,,,,,,,,,,,,,,,,
2026-01-06 06:19:20,421260,15.0,0.1178,49.0,13.0,0.125,42.0,,,,,,,,,,,,,,,,,,
2026-01-06 06:19:50,421258,17.0,0.0956,52.0,12.0,0.16,42.0,,,,,,,,,,,,,,,,,,
2026-01-06 06:19:50,421260,16.0,0.1389,44.0,13.0,0.1267,46.0,,,,,,,,,,,,,,,,,,
2026-01-06 06:20:20,421258,24.0,0.1467,52.0,15.0,0.1756,40.0,,,,,,,,,,,,,,,,,,
2026-01-06 06:20:20,421260,14.0,0.1078,49.0,9.0,0.085,40.0,,,,,,,,,,,,,,,,,,
2026-01-06 06:20:50,421258,12.0,0.0567,60.0,6.0,0.0628,42.0,,,,,,,,,,,,,,,,,,
2026-01-06 06:20:50,421260,17.0,0.1639,40.0,13.0,0.145,36.0,,,,,,,,,,,,,,,,,,
2026-01-06 06:21:20,421258,13.0,0.0678,56.0,14.0,0.2156,38.0,,,,,,,,,,,,,,,,,,
2026-01-06 06:21:20,421260,16.0,0.13,46.0,14.0,0.1439,40.0,,,,,,,,,,,,,,,,,,
2026-01-06 06:21:50,421258,13.0,0.0717,56.0,14.0,0.1478,44.0,,,,,,,,,,,,,,,,,,
2026-01-06 06:21:50,421260,15.0,0.1189,46.0,12.0,0.1228,44.0,,,,,,,,,,,,,,,,,,
2026-01-06 06:22:20,421258,17.0,0.0889,56.0,13.0,0.14,42.0,,,,,,,,,,,,,,,,,,
2026-01-06 06:22:20,421260,13.0,0.0928,52.0,8.0,0.075,44.0,,,,,,,,,,,,,,,,,,
2026-01-06 06:22:50,421258,18.0,0.1028,52.0,6.0,0.065,42.0,,,,,,,,,,,,,,,,,,
2026-01-06 06:22:50,421260,15.0,0.1178,46.0,15.0,0.1589,40.0,,,,,,,,,,,,,,,,,,
2026-01-06 06:23:20,421258,14.0,0.0878,52.0,14.0,0.2017,42.0,,,,,,,,,,,,,,,,,,
2026-01-06 06:23:20,421260,17.0,0.1328,49.0,12.0,0.1206,44.0,,,,,,,,,,,,,,,,,,
2026-01-06 06:23:50,421258,19.0,0.1039,56.0,14.0,0.1289,44.0,,,,,,,,,,,,,,,,,,
2026-01-06 06:23:50,421260,16.0,0.1156,52.0,12.0,0.1006,44.0,,,,,,,,,,,,,,,,,,
2026-01-06 06:24:20,421258,14.0,0.065,60.0,13.0,0.1356,44.0,,,,,,,,,,,,,,,,,,
2026-01-06 06:24:20,421260,16.0,0.1328,46.0,10.0,0.12,42.0,,,,,,,,,,,,,,,,,,
2026-01-06 06:24:50,421258,14.0,0.0656,60.0,13.0,0.1306,44.0,,,,,,,,,,,,,,,,,,
2026-01-06 06:24:50,421260,15.0,0.1167,46.0,11.0,0.0956,42.0,,,,,,,,,,,,,,,,,,
2026-01-06 06:25:20,421258,13.0,0.07,60.0,15.0,0.1439,46.0,,,,,,,,,,,,,,,,,,
2026-01-06 06:25:20,421260,16.0,0.1239,49.0,11.0,0.105,44.0,,,,,,,,,,,,,,,,,,
2026-01-06 06:25:50,421258,14.0,0.0656,60.0,11.0,0.1217,40.0,,,,,,,,,,,,,,,,,,
2026-01-06 06:25:50,421260,18.0,0.1589,44.0,14.0,0.1278,42.0,,,,,,,,,,,,,,,,,,
2026-01-06 06:26:20,421258,16.0,0.0756,60.0,13.0,0.1556,46.0,,,,,,,,,,,,,,,,,,
2026-01-06 06:26:20,421260,12.0,0.0906,46.0,14.0,0.1378,40.0,,,,,,,,,,,,,,,,,,
2026-01-06 06:26:50,421258,13.0,0.0728,56.0,11.0,0.1117,44.0,,,,,,,,,,,,,,,,,,
2026-01-06 06:26:50,421260,14.0,0.1078,46.0,15.0,0.1439,42.0,,,,,,,,,,,,,,,,,,
2026-01-06 06:27:20,421258,16.0,0.0817,56.0,12.0,0.1889,44.0,,,,,,,,,,,,,,,,,,
2026-01-06 06:27:20,421260,18.0,0.1439,46.0,12.0,0.1289,42.0,,,,,,,,,,,,,,,,,,
2026-01-06 06:27:50,421258,12.0,0.0628,56.0,13.0,0.1078,49.0,,,,,,,,,,,,,,,,,,
2026-01-06 06:27:50,421260,16.0,0.1289,46.0,12.0,0.1167,40.0,,,,,,,,,,,,,,,,,,
2026-01-06 06:28:20,421258,10.0,0.05,56.0,10.0,0.0956,46.0,,,,,,,,,,,,,,,,,,
2026-01-06 06:28:20,421260,16.0,0.1289,46.0,12.0,0.1289,40.0,,,,,,,,,,,,,,,,,,
2026-01-06 06:28:50,421258,15.0,0.0728,56.0,14.0,0.12,44.0,,,,,,,,,,,,,,,,,,
2026-01-06 06:28:50,421260,11.0,0.0828,46.0,13.0,0.1328,40.0,,,,,,,,,,,,,,,,,,
2026-01-06 06:29:20,421258,17.0,0.0828,60.0,12.0,0.1056,49.0,,,,,,,,,,,,,,,,,,
2026-01-06 06:29:20,421260,14.0,0.1039,52.0,9.0,0.08,40.0,,,,,,,,,,,,,,,,,,
2026-01-06 06:29:50,421258,15.0,0.08,60.0,11.0,0.135,44.0,,,,,,,,,,,,,,,,,,
2026-01-06 06:29:50,421260,12.0,0.0867,49.0,15.0,0.1428,42.0,,,,,,,,,,,,,,,,,,
2026-01-06 06:30:20,421258,14.0,0.07,60.0,8.0,0.0689,46.0,,,,,,,,,,,,,,,,,,
2026-01-06 06:30:20,421260,16.0,0.1267,46.0,9.0,0.0778,44.0,,,,,,,,,,,,,,,,,,
2026-01-06 06:30:50,421258,18.0,0.0917,56.0,13.0,0.1206,44.0,,,,,,,,,,,,,,,,,,
2026-01-06 06:30:50,421260,17.0,0.1367,44.0,10.0,0.1028,42.0,,,,,,,,,,,,,,,,,,
2026-01-06 06:31:20,421258,15.0,0.0856,52.0,17.0,0.1739,42.0,,,,,,,,,,,,,,,,,,
2026-01-06 06:31:20,421260,19.0,0.1756,40.0,13.0,0.1589,38.0,,,,,,,,,,,,,,,,,,
2026-01-06 06:31:50,421258,13.0,0.0578,60.0,11.0,0.145,44.0,,,,,,,,,,,,,,,,,,
2026-01-06 06:31:50,421260,16.0,0.1428,40.0,12.0,0.12,38.0,,,,,,,,,,,,,,,,,,
2026-01-06 06:32:20,421258,9.0,0.0428,60.0,9.0,0.0856,49.0,,,,,,,,,,,,,,,,,,
2026-01-06 06:32:20,421260,14.0,0.1306,44.0,12.0,0.1406,34.0,,,,,,,,,,,,,,,,,,
2026-01-06 06:32:50,421258,18.0,0.0967,52.0,13.0,0.1278,44.0,,,,,,,,,,,,,,,,,,
2026-01-06 06:32:50,421260,19.0,0.1728,42.0,14.0,0.1517,38.0,,,,,,,,,,,,,,,,,,
2026-01-06 06:33:20,421258,17.0,0.0839,56.0,10.0,0.1467,44.0,,,,,,,,,,,,,,,,,,
2026-01-06 06:33:20,421260,14.0,0.1189,44.0,10.0,0.1039,40.0,,,,,,,,,,,,,,,,,,
2026-01-06 06:33:50,421258,16.0,0.0839,56.0,13.0,0.165,44.0,,,,,,,,,,,,,,,,,,
2026-01-06 06:33:50,421260,17.0,0.1656,40.0,16.0,0.1756,36.0,,,,,,,,,,,,,,,,,,
2026-01-06 06:34:20,421258,15.0,0.0728,60.0,7.0,0.0806,44.0,,,,,,,,,,,,,,,,,,
2026-01-06 06:34:20,421260,12.0,0.11,40.0,12.0,0.1317,36.0,,,,,,,,,,,,,,,,,,
2026-01-06 06:34:50,421258,15.0,0.0878,56.0,15.0,0.135,44.0,,,,,,,,,,,,,,,,,,
2026-01-06 06:34:50,421260,16.0,0.1467,42.0,14.0,0.1506,38.0,,,,,,,,,,,,,,,,,,
2026-01-06 06:35:20,421258,15.0,0.0839,52.0,11.0,0.1056,46.0,,,,,,,,,,,,,,,,,,
2026-01-06 06:35:20,421260,16.0,0.1456,40.0,12.0,0.1278,40.0,,,,,,,,,,,,,,,,,,
2026-01-06 06:35:50,421258,14.0,0.0728,56.0,12.0,0.11,44.0,,,,,,,,,,,,,,,,,,
2026-01-06 06:35:50,421260,16.0,0.1428,42.0,13.0,0.135,38.0,,,,,,,,,,,,,,,,,,
2026-01-06 06:36:20,421258,18.0,0.0967,56.0,13.0,0.1239,46.0,,,,,,,,,,,,,,,,,,
2026-01-06 06:36:20,421260,18.0,0.1706,40.0,13.0,0.1789,38.0,,,,,,,,,,,,,,,,,,
2026-01-06 06:36:50,421258,11.0,0.055,56.0,14.0,0.1328,44.0,,,,,,,,,,,,,,,,,,
2026-01-06 06:36:50,421260,15.0,0.1356,42.0,13.0,0.1267,42.0,,,,,,,,,,,,,,,,,,
2026-01-06 06:37:20,421258,18.0,0.0917,56.0,10.0,0.0889,46.0,,,,,,,,,,,,,,,,,,
2026-01-06 06:37:20,421260,14.0,0.115,46.0,12.0,0.125,44.0,,,,,,,,,,,,,,,,,,
2026-01-06 06:37:50,421258,12.0,0.0617,56.0,14.0,0.135,46.0,,,,,,,,,,,,,,,,,,
2026-01-06 06:37:50,421260,15.0,0.1139,49.0,9.0,0.0828,44.0,,,,,,,,,,,,,,,,,,
2026-01-06 06:38:20,421258,16.0,0.0878,56.0,14.0,0.1356,42.0,,,,,,,,,,,,,,,,,,
2026-01-06 06:38:20,421260,14.0,0.1128,44.0,12.0,0.1117,40.0,,,,,,,,,,,,,,,,,,
2026-01-06 06:38:50,421258,15.0,0.0756,56.0,9.0,0.1428,42.0,,,,,,,,,,,,,,,,,,
2026-01-06 06:38:50,421260,14.0,0.1039,52.0,14.0,0.125,42.0,,,,,,,,,,,,,,,,,,
2026-01-06 06:39:20,421258,15.0,0.0839,52.0,18.0,0.19,42.0,,,,,,,,,,,,,,,,,,
2026-01-06 06:39:20,421260,15.0,0.1167,49.0,11.0,0.0978,46.0,,,,,,,,,,,,,,,,,,
2026-01-06 06:39:50,421258,13.0,0.07,56.0,13.0,0.1228,44.0,,,,,,,,,,,,,,,,,,
2026-01-06 06:39:50,421260,15.0,0.1117,49.0,10.0,0.1017,44.0,,,,,,,,,,,,,,,,,,
2026-01-06 06:40:20,421258,12.0,0.0639,56.0,13.0,0.1267,44.0,,,,,,,,,,,,,,,,,,
2026-01-06 06:40:20,421260,16.0,0.1306,46.0,13.0,0.1278,42.0,,,,,,,,,,,,,,,,,,
2026-01-06 06:40:50,421258,19.0,0.1206,49.0,13.0,0.1556,38.0,,,,,,,,,,,,,,,,,,
2026-01-06 06:40:50,421260,12.0,0.0939,46.0,9.0,0.0839,44.0,,,,,,,,,,,,,,,,,,
2026-01-06 06:41:20,421258,14.0,0.0778,52.0,13.0,0.1639,36.0,,,,,,,,,,,,,,,,,,
2026-01-06 06:41:20,421260,13.0,0.1056,46.0,13.0,0.1406,44.0,,,,,,,,,,,,,,,,,,
2026-01-06 06:41:50,421258,20.0,0.1028,56.0,13.0,0.1306,42.0,,,,,,,,,,,,,,,,,,
2026-01-06 06:41:50,421260,12.0,0.0967,49.0,17.0,0.1567,42.0,,,,,,,,,,,,,,,,,,
2026-01-06 06:42:20,421258,11.0,0.0539,60.0,12.0,0.12,46.0,,,,,,,,,,,,,,,,,,
2026-01-06 06:42:20,421260,12.0,0.0978,46.0,11.0,0.1189,44.0,,,,,,,,,,,,,,,,,,
2026-01-06 06:42:50,421258,15.0,0.0839,52.0,13.0,0.1167,46.0,,,,,,,,,,,,,,,,,,
2026-01-06 06:42:50,421260,13.0,0.1056,49.0,12.0,0.1117,44.0,,,,,,,,,,,,,,,,,,
2026-01-06 06:43:20,421258,15.0,0.07,56.0,12.0,0.1078,46.0,,,,,,,,,,,,,,,,,,
2026-01-06 06:43:20,421260,11.0,0.0889,46.0,10.0,0.0939,44.0,,,,,,,,,,,,,,,,,,
2026-01-06 06:43:50,421258,17.0,0.0956,56.0,14.0,0.17,44.0,,,,,,,,,,,,,,,,,,
2026-01-06 06:43:50,421260,15.0,0.1278,46.0,12.0,0.1117,40.0,,,,,,,,,,,,,,,,,,
2026-01-06 06:44:20,421258,9.0,0.0389,71.0,10.0,0.09,46.0,,,,,,,,,,,,,,,,,,
2026-01-06 06:44:20,421260,15.0,0.1356,40.0,11.0,0.125,38.0,,,,,,,,,,,,,,,,,,
2026-01-06 06:44:50,421258,11.0,0.0539,56.0,14.0,0.1467,42.0,,,,,,,,,,,,,,,,,,
2026-01-06 06:44:50,421260,16.0,0.1439,44.0,13.0,0.14,40.0,,,,,,,,,,,,,,,,,,
2026-01-06 06:45:20,421258,13.0,0.0717,56.0,11.0,0.0906,49.0,,,,,,,,,,,,,,,,,,
2026-01-06 06:45:20,421260,17.0,0.1428,42.0,10.0,0.1067,38.0,,,,,,,,,,,,,,,,,,
2026-01-06 06:45:50,421258,17.0,0.085,60.0,11.0,0.0867,52.0,,,,,,,,,,,,,,,,,,
2026-01-06 06:45:50,421260,15.0,0.1128,49.0,13.0,0.12,44.0,,,,,,,,,,,,,,,,,,
2026-01-06 06:46:20,421258,11.0,0.05,60.0,8.0,0.0778,46.0,,,,,,,,,,,,,,,,,,
2026-01-06 06:46:20,421260,13.0,0.0967,52.0,10.0,0.0928,44.0,,,,,,,,,,,,,,,,,,
2026-01-06 06:46:50,421258,11.0,0.0539,60.0,13.0,0.1089,49.0,,,,,,,,,,,,,,,,,,
2026-01-06 06:46:50,421260,13.0,0.0967,52.0,16.0,0.1478,44.0,,,,,,,,,,,,,,,,,,
2026-01-06 06:47:20,421258,9.0,0.0467,60.0,6.0,0.0589,46.0,,,,,,,,,,,,,,,,,,
2026-01-06 06:47:20,421260,15.0,0.1378,42.0,11.0,0.1089,40.0,,,,,,,,,,,,,,,,,,
2026-01-06 06:47:50,421258,14.0,0.0717,56.0,14.0,0.145,44.0,,,,,,,,,,,,,,,,,,
2026-01-06 06:47:50,421260,15.0,0.1178,46.0,12.0,0.115,44.0,,,,,,,,,,,,,,,,,,
2026-01-06 06:48:20,421258,18.0,0.1006,52.0,10.0,0.1089,44.0,,,,,,,,,,,,,,,,,,
2026-01-06 06:48:20,421260,18.0,0.1578,42.0,15.0,0.1517,40.0,,,,,,,,,,,,,,,,,,
2026-01-06 06:48:50,421258,17.0,0.105,52.0,11.0,0.1039,44.0,,,,,,,,,,,,,,,,,,
2026-01-06 06:48:50,421260,14.0,0.1278,42.0,15.0,0.1556,40.0,,,,,,,,,,,,,,,,,,
2026-01-06 06:49:20,421258,17.0,0.09,52.0,15.0,0.1556,44.0,,,,,,,,,,,,,,,,,,
2026-01-06 06:49:20,421260,18.0,0.1628,42.0,12.0,0.1217,40.0,,,,,,,,,,,,,,,,,,
2026-01-06 06:49:50,421258,18.0,0.0889,60.0,15.0,0.1367,44.0,,,,,,,,,,,,,,,,,,
2026-01-06 06:49:50,421260,17.0,0.16,40.0,15.0,0.1578,38.0,,,,,,,,,,,,,,,,,,
2026-01-06 06:50:20,421258,10.0,0.0528,56.0,10.0,0.1017,46.0,,,,,,,,,,,,,,,,,,
2026-01-06 06:50:20,421260,16.0,0.1328,44.0,9.0,0.09,40.0,,,,,,,,,,,,,,,,,,
2026-01-06 06:50:50,421258,18.0,0.0967,56.0,14.0,0.1167,46.0,,,,,,,,,,,,,,,,,,
2026-01-06 06:50:50,421260,17.0,0.1367,44.0,12.0,0.1417,40.0,,,,,,,,,,,,,,,,,,
2026-01-06 06:51:20,421258,11.0,0.0578,56.0,17.0,0.1517,49.0,,,,,,,,,,,,,,,,,,
2026-01-06 06:51:20,421260,16.0,0.1228,49.0,17.0,0.1639,42.0,,,,,,,,,,,,,,,,,,
2026-01-06 06:51:50,421258,15.0,0.0806,60.0,12.0,0.1156,49.0,,,,,,,,,,,,,,,,,,
2026-01-06 06:51:50,421260,15.0,0.1178,49.0,11.0,0.115,42.0,,,,,,,,,,,,,,,,,,
2026-01-06 06:52:20,421258,15.0,0.0767,56.0,14.0,0.13,46.0,,,,,,,,,,,,,,,,,,
2026-01-06 06:52:20,421260,16.0,0.1489,40.0,12.0,0.1089,38.0,,,,,,,,,,,,,,,,,,
2026-01-06 06:52:50,421258,16.0,0.0878,56.0,9.0,0.0928,44.0,,,,,,,,,,,,,,,,,,
2026-01-06 06:52:50,421260,12.0,0.1417,30.0,10.0,0.1078,36.0,,,,,,,,,,,,,,,,,,
2026-01-06 06:53:20,421258,18.0,0.0917,52.0,15.0,0.1417,44.0,,,,,,,,,,,,,,,,,,
2026-01-06 06:53:20,421260,15.0,0.1506,40.0,14.0,0.14,40.0,,,,,,,,,,,,,,,,,,
2026-01-06 06:53:50,421258,15.0,0.0817,52.0,11.0,0.1256,42.0,,,,,,,,,,,,,,,,,,
2026-01-06 06:53:50,421260,15.0,0.12,44.0,12.0,0.14,38.0,,,,,,,,,,,,,,,,,,
2026-01-06 06:54:20,421258,13.0,0.0717,56.0,11.0,0.0978,49.0,,,,,,,,,,,,,,,,,,
2026-01-06 06:54:20,421260,15.0,0.1256,44.0,15.0,0.16,40.0,,,,,,,,,,,,,,,,,,
2026-01-06 06:54:50,421258,14.0,0.075,56.0,12.0,0.1606,44.0,,,,,,,,,,,,,,,,,,
2026-01-06 06:54:50,421260,18.0,0.1528,44.0,15.0,0.1339,40.0,,,,,,,,,,,,,,,,,,
2026-01-06 06:55:20,421258,13.0,0.0556,56.0,11.0,0.1239,40.0,,,,,,,,,,,,,,,,,,
2026-01-06 06:55:20,421260,15.0,0.1217,46.0,12.0,0.1089,42.0,,,,,,,,,,,,,,,,,,
2026-01-06 06:55:50,421258,18.0,0.0967,52.0,12.0,0.1367,44.0,,,,,,,,,,,,,,,,,,
2026-01-06 06:55:50,421260,17.0,0.1406,46.0,13.0,0.1139,42.0,,,,,,,,,,,,,,,,,,
2026-01-06 06:56:20,421258,15.0,0.0917,52.0,13.0,0.155,44.0,,,,,,,,,,,,,,,,,,
2026-01-06 06:56:20,421260,14.0,0.1017,49.0,10.0,0.1078,42.0,,,,,,,,,,,,,,,,,,
2026-01-06 06:56:50,421258,14.0,0.0806,52.0,14.0,0.1367,44.0,,,,,,,,,,,,,,,,,,
2026-01-06 06:56:50,421260,15.0,0.1167,46.0,16.0,0.1589,40.0,,,,,,,,,,,,,,,,,,
2026-01-06 06:57:20,421258,18.0,0.0906,56.0,12.0,0.1567,42.0,,,,,,,,,,,,,,,,,,
2026-01-06 06:57:20,421260,17.0,0.1367,46.0,8.0,0.0639,44.0,,,,,,,,,,,,,,,,,,
2026-01-06 06:57:50,421258,14.0,0.0756,56.0,14.0,0.1278,44.0,,,,,,,,,,,,,,,,,,
2026-01-06 06:57:50,421260,12.0,0.095,49.0,13.0,0.1189,42.0,,,,,,,,,,,,,,,,,,
2026-01-06 06:58:20,421258,16.0,0.0867,52.0,15.0,0.1639,42.0,,,,,,,,,,,,,,,,,,
2026-01-06 06:58:20,421260,15.0,0.125,44.0,14.0,0.1389,40.0,,,,,,,,,,,,,,,,,,
2026-01-06 06:58:50,421258,17.0,0.0989,52.0,10.0,0.1178,36.0,,,,,,,,,,,,,,,,,,
2026-01-06 06:58:50,421260,17.0,0.1617,40.0,12.0,0.1517,34.0,,,,,,,,,,,,,,,,,,
2026-01-06 06:59:20,421258,12.0,0.065,56.0,14.0,0.14,42.0,,,,,,,,,,,,,,,,,,
2026-01-06 06:59:20,421260,14.0,0.1239,44.0,16.0,0.155,40.0,,,,,,,,,,,,,,,,,,
2026-01-06 06:59:50,421258,18.0,0.1006,52.0,11.0,0.1139,44.0,,,,,,,,,,,,,,,,,,
2026-01-06 06:59:50,421260,15.0,0.125,46.0,13.0,0.1328,40.0,,,,,,,,,,,,,,,,,,
2026-01-06 07:00:20,421258,13.0,0.0689,56.0,13.0,0.145,40.0,,,,,,,,,,,,,,,,,,
2026-01-06 07:00:20,421260,11.0,0.0828,49.0,12.0,0.1039,44.0,,,,,,,,,,,,,,,,,,
2026-01-06 07:00:50,421258,18.0,0.105,52.0,16.0,0.1956,44.0,,,,,,,,,,,,,,,,,,
2026-01-06 07:00:50,421260,16.0,0.135,44.0,15.0,0.145,38.0,,,,,,,,,,,,,,,,,,
2026-01-06 07:01:20,421258,14.0,0.0739,60.0,11.0,0.0939,46.0,,,,,,,,,,,,,,,,,,
2026-01-06 07:01:20,421260,13.0,0.1239,42.0,15.0,0.1678,38.0,,,,,,,,,,,,,,,,,,
2026-01-06 07:01:50,421258,14.0,0.0728,56.0,15.0,0.1589,44.0,,,,,,,,,,,,,,,,,,
2026-01-06 07:01:50,421260,18.0,0.1889,36.0,14.0,0.1817,33.0,,,,,,,,,,,,,,,,,,
2026-01-06 07:02:20,421258,15.0,0.0889,56.0,12.0,0.12,44.0,,,,,,,,,,,,,,,,,,
2026-01-06 07:02:20,421260,15.0,0.1328,42.0,13.0,0.1439,36.0,,,,,,,,,,,,,,,,,,
2026-01-06 07:02:50,421258,11.0,0.0517,56.0,10.0,0.1139,42.0,,,,,,,,,,,,,,,,,,
2026-01-06 07:02:50,421260,16.0,0.1306,46.0,13.0,0.1289,40.0,,,,,,,,,,,,,,,,,,
2026-01-06 07:03:20,421258,12.0,0.0667,52.0,14.0,0.1367,46.0,,,,,,,,,,,,,,,,,,
2026-01-06 07:03:20,421260,15.0,0.135,44.0,15.0,0.1539,38.0,,,,,,,,,,,,,,,,,,
2026-01-06 07:03:50,421258,19.0,0.11,52.0,15.0,0.1439,46.0,,,,,,,,,,,,,,,,,,
2026-01-06 07:03:50,421260,15.0,0.1367,44.0,15.0,0.1478,40.0,,,,,,,,,,,,,,,,,,
2026-01-06 07:04:20,421258,14.0,0.0717,56.0,15.0,0.1639,44.0,,,,,,,,,,,,,,,,,,
2026-01-06 07:04:20,421260,18.0,0.1656,42.0,12.0,0.1517,40.0,,,,,,,,,,,,,,,,,,
2026-01-06 07:04:50,421258,7.0,0.0378,52.0,12.0,0.1206,42.0,,,,,,,,,,,,,,,,,,
2026-01-06 07:04:50,421260,16.0,0.14,46.0,11.0,0.1067,42.0,,,,,,,,,,,,,,,,,,
2026-01-06 07:05:20,421258,14.0,0.08,49.0,14.0,0.1367,42.0,,,,,,,,,,,,,,,,,,
2026-01-06 07:05:20,421260,14.0,0.1156,46.0,9.0,0.0906,40.0,,,,,,,,,,,,,,,,,,
2026-01-06 07:05:50,421258,12.0,0.0689,52.0,10.0,0.13,42.0,,,,,,,,,,,,,,,,,,
2026-01-06 07:05:50,421260,16.0,0.145,44.0,13.0,0.1328,38.0,,,,,,,,,,,,,,,,,,
2026-01-06 07:06:20,421258,17.0,0.1117,49.0,16.0,0.1617,40.0,,,,,,,,,,,,,,,,,,
2026-01-06 07:06:20,421260,14.0,0.105,49.0,14.0,0.1278,42.0,,,,,,,,,,,,,,,,,,
2026-01-06 07:06:50,421258,16.0,0.1006,49.0,11.0,0.13,36.0,,,,,,,,,,,,,,,,,,
2026-01-06 07:06:50,421260,15.0,0.1217,49.0,13.0,0.1306,42.0,,,,,,,,,,,,,,,,,,
2026-01-06 07:07:20,421258,12.0,0.065,60.0,11.0,0.1206,46.0,,,,,,,,,,,,,,,,,,
2026-01-06 07:07:20,421260,15.0,0.125,46.0,8.0,0.0806,38.0,,,,,,,,,,,,,,,,,,
2026-01-06 07:07:50,421258,17.0,0.1006,52.0,11.0,0.1039,44.0,,,,,,,,,,,,,,,,,,
2026-01-06 07:07:50,421260,14.0,0.1117,46.0,13.0,0.1167,44.0,,,,,,,,,,,,,,,,,,
2026-01-06 07:08:20,421258,16.0,0.0917,52.0,12.0,0.16,38.0,,,,,,,,,,,,,,,,,,
2026-01-06 07:08:20,421260,12.0,0.0939,46.0,14.0,0.15,40.0,,,,,,,,,,,,,,,,,,
2026-01-06 07:08:50,421258,17.0,0.1089,52.0,11.0,0.1139,42.0,,,,,,,,,,,,,,,,,,
2026-01-06 07:08:50,421260,16.0,0.1717,36.0,12.0,0.16,36.0,,,,,,,,,,,,,,,,,,
2026-01-06 07:09:20,421258,16.0,0.0939,52.0,12.0,0.125,40.0,,,,,,,,,,,,,,,,,,
2026-01-06 07:09:20,421260,19.0,0.1956,36.0,14.0,0.1539,36.0,,,,,,,,,,,,,,,,,,
2026-01-06 07:09:50,421258,14.0,0.1006,46.0,14.0,0.215,34.0,,,,,,,,,,,,,,,,,,
2026-01-06 07:09:50,421260,13.0,0.1556,32.0,14.0,0.1567,33.0,,,,,,,,,,,,,,,,,,
2026-01-06 07:10:20,421258,16.0,0.0889,52.0,11.0,0.1689,40.0,,,,,,,,,,,,,,,,,,
2026-01-06 07:10:20,421260,11.0,0.2667,16.0,11.0,0.1578,28.0,,,,,,,,,,,,,,,,,,
2026-01-06 07:10:50,421258,16.0,0.0889,49.0,13.0,0.16,38.0,,,,,,,,,,,,,,,,,,
2026-01-06 07:10:50,421260,12.0,0.1889,21.0,13.0,0.1917,29.0,,,,,,,,,,,,,,,,,,
2026-01-06 07:11:20,421258,15.0,0.0967,49.0,11.0,0.1289,40.0,,,,,,,,,,,,,,,,,,
2026-01-06 07:11:20,421260,14.0,0.1589,33.0,13.0,0.1806,32.0,,,,,,,,,,,,,,,,,,
2026-01-06 07:11:50,421258,19.0,0.1089,52.0,12.0,0.12,44.0,,,,,,,,,,,,,,,,,,
2026-01-06 07:11:50,421260,12.0,0.1156,40.0,11.0,0.115,36.0,,,,,,,,,,,,,,,,,,
2026-01-06 07:12:20,421258,14.0,0.0739,56.0,9.0,0.1206,42.0,,,,,,,,,,,,,,,,,,
2026-01-06 07:12:20,421260,16.0,0.17,38.0,13.0,0.1567,33.0,,,,,,,,,,,,,,,,,,
2026-01-06 07:12:50,421258,14.0,0.0839,52.0,14.0,0.1528,42.0,,,,,,,,,,,,,,,,,,
2026-01-06 07:12:50,421260,14.0,0.1328,40.0,16.0,0.1539,38.0,,,,,,,,,,,,,,,,,,
2026-01-06 07:13:20,421258,14.0,0.0656,60.0,10.0,0.1139,49.0,,,,,,,,,,,,,,,,,,
2026-01-06 07:13:20,421260,14.0,0.1417,42.0,14.0,0.1356,36.0,,,,,,,,,,,,,,,,,,
2026-01-06 07:13:50,421258,15.0,0.0917,52.0,12.0,0.1306,42.0,,,,,,,,,,,,,,,,,,
2026-01-06 07:13:50,421260,17.0,0.1639,40.0,14.0,0.1589,34.0,,,,,,,,,,,,,,,,,,
2026-01-06 07:14:20,421258,16.0,0.0856,56.0,10.0,0.0978,44.0,,,,,,,,,,,,,,,,,,
2026-01-06 07:14:20,421260,14.0,0.1517,36.0,12.0,0.1539,32.0,,,,,,,,,,,,,,,,,,
2026-01-06 07:14:50,421258,13.0,0.0728,56.0,12.0,0.1167,44.0,,,,,,,,,,,,,,,,,,
2026-01-06 07:14:50,421260,17.0,0.1989,32.0,11.0,0.1639,28.0,,,,,,,,,,,,,,,,,,
2026-01-06 07:15:20,421258,13.0,0.0717,56.0,10.0,0.0928,49.0,,,,,,,,,,,,,,,,,,
2026-01-06 07:15:20,421260,16.0,0.19,32.0,11.0,0.1867,23.0,,,,,,,,,,,,,,,,,,
2026-01-06 07:15:50,421258,14.0,0.0839,52.0,11.0,0.1256,46.0,,,,,,,,,,,,,,,,,,
2026-01-06 07:15:50,421260,14.0,0.13,40.0,10.0,0.1367,33.0,,,,,,,,,,,,,,,,,,
2026-01-06 07:16:20,421258,14.0,0.0767,56.0,14.0,0.1467,44.0,,,,,,,,,,,,,,,,,,
2026-01-06 07:16:20,421260,17.0,0.155,40.0,10.0,0.1106,33.0,,,,,,,,,,,,,,,,,,
2026-01-06 07:16:50,421258,14.0,0.0839,56.0,15.0,0.1517,44.0,,,,,,,,,,,,,,,,,,
2026-01-06 07:16:50,421260,15.0,0.1439,40.0,14.0,0.1689,33.0,,,,,,,,,,,,,,,,,,
2026-01-06 07:17:20,421258,14.0,0.0739,56.0,9.0,0.1089,42.0,,,,,,,,,,,,,,,,,,
2026-01-06 07:17:20,421260,13.0,0.1089,44.0,14.0,0.1667,38.0,,,,,,,,,,,,,,,,,,
2026-01-06 07:17:50,421258,17.0,0.105,52.0,16.0,0.1717,42.0,,,,,,,,,,,,,,,,,,
2026-01-06 07:17:50,421260,13.0,0.1156,42.0,13.0,0.1228,40.0,,,,,,,,,,,,,,,,,,
2026-01-06 07:18:20,421258,13.0,0.07,56.0,7.0,0.075,40.0,,,,,,,,,,,,,,,,,,
2026-01-06 07:18:20,421260,16.0,0.1578,40.0,13.0,0.14,36.0,,,,,,,,,,,,,,,,,,
2026-01-06 07:18:50,421258,17.0,0.0956,52.0,14.0,0.185,36.0,,,,,,,,,,,,,,,,,,
2026-01-06 07:18:50,421260,17.0,0.1556,40.0,13.0,0.1328,38.0,,,,,,,,,,,,,,,,,,
2026-01-06 07:19:20,421258,11.0,0.0578,56.0,10.0,0.1089,38.0,,,,,,,,,,,,,,,,,,
2026-01-06 07:19:20,421260,14.0,0.12,46.0,12.0,0.1206,40.0,,,,,,,,,,,,,,,,,,
2026-01-06 07:19:50,421258,9.0,0.0539,49.0,12.0,0.1667,36.0,,,,,,,,,,,,,,,,,,
2026-01-06 07:19:50,421260,10.0,0.0806,46.0,8.0,0.0778,42.0,,,,,,,,,,,,,,,,,,
2026-01-06 07:20:20,421258,17.0,0.1067,49.0,14.0,0.1817,42.0,,,,,,,,,,,,,,,,,,
2026-01-06 07:20:20,421260,15.0,0.1206,49.0,10.0,0.0917,44.0,,,,,,,,,,,,,,,,,,
2026-01-06 07:20:50,421258,18.0,0.13,46.0,14.0,0.1506,40.0,,,,,,,,,,,,,,,,,,
2026-01-06 07:20:50,421260,14.0,0.1206,44.0,13.0,0.145,40.0,,,,,,,,,,,,,,,,,,
2026-01-06 07:21:20,421258,15.0,0.0906,49.0,10.0,0.1006,42.0,,,,,,,,,,,,,,,,,,
2026-01-06 07:21:20,421260,11.0,0.0856,49.0,9.0,0.0839,42.0,,,,,,,,,,,,,,,,,,
2026-01-06 07:21:50,421258,13.0,0.0767,52.0,14.0,0.1506,40.0,,,,,,,,,,,,,,,,,,
2026-01-06 07:21:50,421260,16.0,0.1456,42.0,13.0,0.1417,38.0,,,,,,,,,,,,,,,,,,
2026-01-06 07:22:20,421258,9.0,0.0539,49.0,12.0,0.1267,40.0,,,,,,,,,,,,,,,,,,
2026-01-06 07:22:20,421260,13.0,0.1078,46.0,14.0,0.14,40.0,,,,,,,,,,,,,,,,,,
2026-01-06 07:22:50,421258,13.0,0.0739,52.0,12.0,0.1506,40.0,,,,,,,,,,,,,,,,,,
2026-01-06 07:22:50,421260,18.0,0.1678,40.0,16.0,0.1589,38.0,,,,,,,,,,,,,,,,,,
2026-01-06 07:23:20,421258,19.0,0.1317,46.0,12.0,0.1339,40.0,,,,,,,,,,,,,,,,,,
2026-01-06 07:23:20,421260,16.0,0.1439,42.0,9.0,0.1239,40.0,,,,,,,,,,,,,,,,,,
2026-01-06 07:23:50,421258,15.0,0.095,49.0,11.0,0.1206,38.0,,,,,,,,,,,,,,,,,,
2026-01-06 07:23:50,421260,13.0,0.115,42.0,10.0,0.0889,42.0,,,,,,,,,,,,,,,,,,
2026-01-06 07:24:20,421258,16.0,0.0839,56.0,11.0,0.1067,44.0,,,,,,,,,,,,,,,,,,
2026-01-06 07:24:20,421260,13.0,0.1178,42.0,11.0,0.1028,42.0,,,,,,,,,,,,,,,,,,
2026-01-06 07:24:50,421258,13.0,0.0656,52.0,14.0,0.165,42.0,,,,,,,,,,,,,,,,,,
2026-01-06 07:24:50,421260,12.0,0.1139,42.0,12.0,0.1256,38.0,,,,,,,,,,,,,,,,,,
2026-01-06 07:25:20,421258,20.0,0.1156,52.0,12.0,0.1228,46.0,,,,,,,,,,,,,,,,,,
2026-01-06 07:25:20,421260,16.0,0.1617,38.0,11.0,0.11,40.0,,,,,,,,,,,,,,,,,,
2026-01-06 07:25:50,421258,15.0,0.08,56.0,13.0,0.1567,44.0,,,,,,,,,,,,,,,,,,
2026-01-06 07:25:50,421260,15.0,0.1178,49.0,11.0,0.09,46.0,,,,,,,,,,,,,,,,,,
2026-01-06 07:26:20,421258,12.0,0.0606,56.0,10.0,0.0767,46.0,,,,,,,,,,,,,,,,,,
2026-01-06 07:26:20,421260,15.0,0.1189,49.0,8.0,0.0817,44.0,,,,,,,,,,,,,,,,,,
2026-01-06 07:26:50,421258,14.0,0.0806,52.0,7.0,0.12,42.0,,,,,,,,,,,,,,,,,,
2026-01-06 07:26:50,421260,16.0,0.1406,42.0,12.0,0.1506,40.0,,,,,,,,,,,,,,,,,,
2026-01-06 07:27:20,421258,9.0,0.0506,52.0,8.0,0.1117,42.0,,,,,,,,,,,,,,,,,,
2026-01-06 07:27:20,421260,13.0,0.1106,44.0,14.0,0.1456,40.0,,,,,,,,,,,,,,,,,,
2026-01-06 07:27:50,421258,12.0,0.0656,56.0,10.0,0.1206,44.0,,,,,,,,,,,,,,,,,,
2026-01-06 07:27:50,421260,15.0,0.1278,44.0,10.0,0.0878,44.0,,,,,,,,,,,,,,,,,,
2026-01-06 07:28:20,421258,13.0,0.0639,56.0,12.0,0.1478,44.0,,,,,,,,,,,,,,,,,,
2026-01-06 07:28:20,421260,13.0,0.1156,44.0,11.0,0.1139,40.0,,,,,,,,,,,,,,,,,,
2026-01-06 07:28:50,421258,19.0,0.1117,52.0,15.0,0.1628,42.0,,,,,,,,,,,,,,,,,,
2026-01-06 07:28:50,421260,13.0,0.0978,46.0,10.0,0.1039,38.0,,,,,,,,,,,,,,,,,,
2026-01-06 07:29:20,421258,18.0,0.1089,52.0,10.0,0.1239,42.0,,,,,,,,,,,,,,,,,,
2026-01-06 07:29:20,421260,13.0,0.105,46.0,14.0,0.14,42.0,,,,,,,,,,,,,,,,,,
2026-01-06 07:29:50,421258,13.0,0.0728,52.0,13.0,0.1539,42.0,,,,,,,,,,,,,,,,,,
2026-01-06 07:29:50,421260,11.0,0.0889,46.0,9.0,0.0889,42.0,,,,,,,,,,,,,,,,,,
2026-01-06 07:30:20,421258,16.0,0.095,56.0,9.0,0.0828,44.0,,,,,,,,,,,,,,,,,,
2026-01-06 07:30:20,421260,15.0,0.1306,44.0,14.0,0.1278,40.0,,,,,,,,,,,,,,,,,,
2026-01-06 07:30:50,421258,14.0,0.0717,56.0,11.0,0.1178,42.0,,,,,,,,,,,,,,,,,,
2026-01-06 07:30:50,421260,13.0,0.095,46.0,16.0,0.15,42.0,,,,,,,,,,,,,,,,,,
2026-01-06 07:31:20,421258,19.0,0.0967,56.0,6.0,0.0856,38.0,,,,,,,,,,,,,,,,,,
2026-01-06 07:31:20,421260,15.0,0.1189,49.0,12.0,0.1017,46.0,,,,,,,,,,,,,,,,,,
2026-01-06 07:31:50,421258,12.0,0.0606,56.0,9.0,0.0989,44.0,,,,,,,,,,,,,,,,,,
2026-01-06 07:31:50,421260,13.0,0.095,52.0,8.0,0.0667,49.0,,,,,,,,,,,,,,,,,,
2026-01-06 07:32:20,421258,16.0,0.0839,56.0,11.0,0.1117,44.0,,,,,,,,,,,,,,,,,,
2026-01-06 07:32:20,421260,12.0,0.0978,49.0,13.0,0.1156,44.0,,,,,,,,,,,,,,,,,,
2026-01-06 07:32:50,421258,17.0,0.0828,56.0,14.0,0.1206,46.0,,,,,,,,,,,,,,,,,,
2026-01-06 07:32:50,421260,18.0,0.145,46.0,14.0,0.1339,42.0,,,,,,,,,,,,,,,,,,
2026-01-06 07:33:20,421258,15.0,0.0778,60.0,14.0,0.1328,46.0,,,,,,,,,,,,,,,,,,
2026-01-06 07:33:20,421260,15.0,0.135,42.0,11.0,0.0917,46.0,,,,,,,,,,,,,,,,,,
2026-01-06 07:33:50,421258,16.0,0.08,56.0,14.0,0.145,44.0,,,,,,,,,,,,,,,,,,
2026-01-06 07:33:50,421260,13.0,0.1006,49.0,10.0,0.0889,44.0,,,,,,,,,,,,,,,,,,
2026-01-06 07:34:20,421258,9.0,0.0456,60.0,4.0,0.035,46.0,,,,,,,,,,,,,,,,,,
2026-01-06 07:34:20,421260,11.0,0.08,52.0,11.0,0.1006,46.0,,,,,,,,,,,,,,,,,,
2026-01-06 07:34:50,421258,16.0,0.0828,60.0,14.0,0.1506,44.0,,,,,,,,,,,,,,,,,,
2026-01-06 07:34:50,421260,15.0,0.1156,49.0,11.0,0.09,46.0,,,,,,,,,,,,,,,,,,
2026-01-06 07:35:20,421258,18.0,0.0906,60.0,9.0,0.11,49.0,,,,,,,,,,,,,,,,,,
2026-01-06 07:35:20,421260,17.0,0.1367,49.0,11.0,0.1006,44.0,,,,,,,,,,,,,,,,,,
2026-01-06 07:35:50,421258,13.0,0.0739,56.0,13.0,0.1039,46.0,,,,,,,,,,,,,,,,,,
2026-01-06 07:35:50,421260,14.0,0.1067,49.0,12.0,0.0878,46.0,,,,,,,,,,,,,,,,,,
2026-01-06 07:36:20,421258,11.0,0.0467,65.0,7.0,0.09,44.0,,,,,,,,,,,,,,,,,,
2026-01-06 07:36:20,421260,12.0,0.0906,46.0,13.0,0.1417,42.0,,,,,,,,,,,,,,,,,,
2026-01-06 07:36:50,421258,16.0,0.0928,52.0,10.0,0.125,40.0,,,,,,,,,,,,,,,,,,
2026-01-06 07:36:50,421260,15.0,0.1467,40.0,14.0,0.1389,40.0,,,,,,,,,,,,,,,,,,
2026-01-06 07:37:20,421258,14.0,0.08,52.0,14.0,0.1406,42.0,,,,,,,,,,,,,,,,,,
2026-01-06 07:37:20,421260,14.0,0.1089,49.0,14.0,0.1267,40.0,,,,,,,,,,,,,,,,,,
2026-01-06 07:37:50,421258,12.0,0.0617,60.0,11.0,0.1056,44.0,,,,,,,,,,,,,,,,,,
2026-01-06 07:37:50,421260,15.0,0.1228,46.0,16.0,0.1728,40.0,,,,,,,,,,,,,,,,,,
2026-01-06 07:38:20,421258,11.0,0.0567,52.0,15.0,0.155,44.0,,,,,,,,,,,,,,,,,,
2026-01-06 07:38:20,421260,13.0,0.115,44.0,12.0,0.1217,44.0,,,,,,,,,,,,,,,,,,
2026-01-06 07:38:50,421258,11.0,0.0528,60.0,16.0,0.1517,44.0,,,,,,,,,,,,,,,,,,
2026-01-06 07:38:50,421260,12.0,0.0928,49.0,8.0,0.0878,42.0,,,,,,,,,,,,,,,,,,
2026-01-06 07:39:20,421258,15.0,0.0778,60.0,11.0,0.0917,46.0,,,,,,,,,,,,,,,,,,
2026-01-06 07:39:20,421260,17.0,0.1378,49.0,13.0,0.1339,40.0,,,,,,,,,,,,,,,,,,
2026-01-06 07:39:50,421258,15.0,0.07,60.0,10.0,0.1089,46.0,,,,,,,,,,,,,,,,,,
2026-01-06 07:39:50,421260,13.0,0.1017,49.0,11.0,0.0978,44.0,,,,,,,,,,,,,,,,,,
2026-01-06 07:40:20,421258,10.0,0.0556,56.0,13.0,0.1739,44.0,,,,,,,,,,,,,,,,,,
2026-01-06 07:40:20,421260,13.0,0.0978,49.0,13.0,0.1067,49.0,,,,,,,,,,,,,,,,,,
2026-01-06 07:40:50,421258,18.0,0.0989,56.0,12.0,0.1467,44.0,,,,,,,,,,,,,,,,,,
2026-01-06 07:40:50,421260,16.0,0.1278,49.0,11.0,0.0956,44.0,,,,,,,,,,,,,,,,,,
2026-01-06 07:41:20,421258,17.0,0.0889,56.0,8.0,0.0967,42.0,,,,,,,,,,,,,,,,,,
2026-01-06 07:41:20,421260,14.0,0.1067,49.0,11.0,0.105,44.0,,,,,,,,,,,,,,,,,,
2026-01-06 07:41:50,421258,16.0,0.085,56.0,12.0,0.1167,46.0,,,,,,,,,,,,,,,,,,
2026-01-06 07:41:50,421260,15.0,0.1206,46.0,12.0,0.1306,40.0,,,,,,,,,,,,,,,,,,
2026-01-06 07:42:20,421258,12.0,0.06,56.0,12.0,0.1156,44.0,,,,,,,,,,,,,,,,,,
2026-01-06 07:42:20,421260,17.0,0.145,44.0,15.0,0.1728,38.0,,,,,,,,,,,,,,,,,,
2026-01-06 07:42:50,421258,16.0,0.0828,56.0,15.0,0.1617,40.0,,,,,,,,,,,,,,,,,,
2026-01-06 07:42:50,421260,17.0,0.14,49.0,13.0,0.1139,42.0,,,,,,,,,,,,,,,,,,
2026-01-06 07:43:20,421258,14.0,0.0656,60.0,11.0,0.0978,46.0,,,,,,,,,,,,,,,,,,
2026-01-06 07:43:20,421260,14.0,0.1006,52.0,9.0,0.0828,46.0,,,,,,,,,,,,,,,,,,
2026-01-06 07:43:50,421258,13.0,0.065,60.0,10.0,0.0956,46.0,,,,,,,,,,,,,,,,,,
2026-01-06 07:43:50,421260,15.0,0.1189,46.0,12.0,0.1306,42.0,,,,,,,,,,,,,,,,,,
2026-01-06 07:44:20,421258,10.0,0.0539,56.0,9.0,0.0917,44.0,,,,,,,,,,,,,,,,,,
2026-01-06 07:44:20,421260,17.0,0.1467,44.0,13.0,0.1278,40.0,,,,,,,,,,,,,,,,,,
2026-01-06 07:44:50,421258,19.0,0.1006,56.0,14.0,0.1967,42.0,,,,,,,,,,,,,,,,,,
2026-01-06 07:44:50,421260,19.0,0.1628,44.0,9.0,0.1,40.0,,,,,,,,,,,,,,,,,,
2026-01-06 07:45:20,421258,17.0,0.0967,56.0,13.0,0.1267,44.0,,,,,,,,,,,,,,,,,,
2026-01-06 07:45:20,421260,12.0,0.0956,49.0,12.0,0.1167,44.0,,,,,,,,,,,,,,,,,,
2026-01-06 07:45:50,421258,13.0,0.0739,56.0,9.0,0.0967,44.0,,,,,,,,,,,,,,,,,,
2026-01-06 07:45:50,421260,14.0,0.1089,49.0,10.0,0.0889,44.0,,,,,,,,,,,,,,,,,,
2026-01-06 07:46:20,421258,17.0,0.0839,56.0,15.0,0.165,44.0,,,,,,,,,,,,,,,,,,
2026-01-06 07:46:20,421260,15.0,0.1106,52.0,9.0,0.0978,44.0,,,,,,,,,,,,,,,,,,
2026-01-06 07:46:50,421258,18.0,0.0956,56.0,13.0,0.115,46.0,,,,,,,,,,,,,,,,,,
2026-01-06 07:46:50,421260,16.0,0.1228,52.0,11.0,0.1039,42.0,,,,,,,,,,,,,,,,,,
2026-01-06 07:47:20,421258,15.0,0.0889,56.0,11.0,0.1417,44.0,,,,,,,,,,,,,,,,,,
2026-01-06 07:47:20,421260,18.0,0.1317,52.0,12.0,0.12,44.0,,,,,,,,,,,,,,,,,,
2026-01-06 07:47:50,421258,14.0,0.0678,60.0,13.0,0.1056,46.0,,,,,,,,,,,,,,,,,,
2026-01-06 07:47:50,421260,11.0,0.08,49.0,10.0,0.1078,44.0,,,,,,,,,,,,,,,,,,
2026-01-06 07:48:20,421258,16.0,0.0878,56.0,10.0,0.1117,44.0,,,,,,,,,,,,,,,,,,
2026-01-06 07:48:20,421260,18.0,0.1406,46.0,13.0,0.1256,42.0,,,,,,,,,,,,,,,,,,
2026-01-06 07:48:50,421258,9.0,0.0467,60.0,10.0,0.1256,44.0,,,,,,,,,,,,,,,,,,
2026-01-06 07:48:50,421260,15.0,0.1078,52.0,14.0,0.1228,46.0,,,,,,,,,,,,,,,,,,
2026-01-06 07:49:20,421258,17.0,0.1028,52.0,12.0,0.1439,44.0,,,,,,,,,,,,,,,,,,
2026-01-06 07:49:20,421260,18.0,0.135,49.0,13.0,0.1006,44.0,,,,,,,,,,,,,,,,,,
2026-01-06 07:49:50,421258,16.0,0.0778,60.0,10.0,0.1,40.0,,,,,,,,,,,,,,,,,,
2026-01-06 07:49:50,421260,16.0,0.1128,52.0,14.0,0.15,44.0,,,,,,,,,,,,,,,,,,
2026-01-06 07:50:20,421258,12.0,0.055,65.0,12.0,0.1317,44.0,,,,,,,,,,,,,,,,,,
2026-01-06 07:50:20,421260,14.0,0.1056,56.0,10.0,0.0828,49.0,,,,,,,,,,,,,,,,,,
2026-01-06 07:50:50,421258,17.0,0.0867,56.0,13.0,0.1317,46.0,,,,,,,,,,,,,,,,,,
2026-01-06 07:50:50,421260,16.0,0.1117,52.0,7.0,0.065,46.0,,,,,,,,,,,,,,,,,,
2026-01-06 07:51:20,421258,17.0,0.0889,56.0,11.0,0.1,46.0,,,,,,,,,,,,,,,,,,
2026-01-06 07:51:20,421260,13.0,0.1028,46.0,12.0,0.145,40.0,,,,,,,,,,,,,,,,,,
2026-01-06 07:51:50,421258,18.0,0.0839,60.0,14.0,0.1156,49.0,,,,,,,,,,,,,,,,,,
2026-01-06 07:51:50,421260,19.0,0.1617,44.0,13.0,0.1178,40.0,,,,,,,,,,,,,,,,,,
2026-01-06 07:52:20,421258,17.0,0.09,60.0,10.0,0.125,42.0,,,,,,,,,,,,,,,,,,
2026-01-06 07:52:20,421260,14.0,0.1128,49.0,10.0,0.1,42.0,,,,,,,,,,,,,,,,,,
2026-01-06 07:52:50,421258,18.0,0.0878,60.0,9.0,0.1089,44.0,,,,,,,,,,,,,,,,,,
2026-01-06 07:52:50,421260,15.0,0.1239,46.0,15.0,0.1539,40.0,,,,,,,,,,,,,,,,,,
2026-01-06 07:53:20,421258,12.0,0.0567,65.0,9.0,0.1056,44.0,,,,,,,,,,,,,,,,,,
2026-01-06 07:53:20,421260,14.0,0.1089,49.0,14.0,0.1239,44.0,,,,,,,,,,,,,,,,,,
2026-01-06 07:53:50,421258,15.0,0.0778,56.0,9.0,0.0906,42.0,,,,,,,,,,,,,,,,,,
2026-01-06 07:53:50,421260,14.0,0.1039,52.0,8.0,0.0667,46.0,,,,,,,,,,,,,,,,,,
2026-01-06 07:54:20,421258,16.0,0.0839,56.0,14.0,0.1289,46.0,,,,,,,,,,,,,,,,,,
2026-01-06 07:54:20,421260,12.0,0.0917,49.0,8.0,0.0839,42.0,,,,,,,,,,,,,,,,,,
2026-01-06 07:54:50,421258,16.0,0.08,60.0,12.0,0.1178,46.0,,,,,,,,,,,,,,,,,,
2026-01-06 07:54:50,421260,14.0,0.1206,44.0,14.0,0.145,38.0,,,,,,,,,,,,,,,,,,
2026-01-06 07:55:20,421258,11.0,0.0528,60.0,8.0,0.0928,46.0,,,,,,,,,,,,,,,,,,
2026-01-06 07:55:20,421260,13.0,0.1106,46.0,11.0,0.125,36.0,,,,,,,,,,,,,,,,,,
2026-01-06 07:55:50,421258,19.0,0.0956,56.0,15.0,0.135,46.0,,,,,,,,,,,,,,,,,,
2026-01-06 07:55:50,421260,16.0,0.1428,42.0,12.0,0.1267,38.0,,,,,,,,,,,,,,,,,,
2026-01-06 07:56:20,421258,12.0,0.0517,60.0,7.0,0.12,44.0,,,,,,,,,,,,,,,,,,
2026-01-06 07:56:20,421260,16.0,0.1428,44.0,13.0,0.1306,38.0,,,,,,,,,,,,,,,,,,
2026-01-06 07:56:50,421258,10.0,0.0567,52.0,11.0,0.1,44.0,,,,,,,,,,,,,,,,,,
2026-01-06 07:56:50,421260,17.0,0.1328,46.0,11.0,0.1106,40.0,,,,,,,,,,,,,,,,,,
2026-01-06 07:57:20,421258,12.0,0.0606,60.0,12.0,0.1467,38.0,,,,,,,,,,,,,,,,,,
2026-01-06 07:57:20,421260,14.0,0.1228,42.0,10.0,0.125,42.0,,,,,,,,,,,,,,,,,,
2026-01-06 07:57:50,421258,13.0,0.0617,60.0,11.0,0.1128,46.0,,,,,,,,,,,,,,,,,,
2026-01-06 07:57:50,421260,15.0,0.1228,44.0,12.0,0.1156,40.0,,,,,,,,,,,,,,,,,,
2026-01-06 07:58:20,421258,14.0,0.0689,60.0,6.0,0.045,49.0,,,,,,,,,,,,,,,,,,
2026-01-06 07:58:20,421260,13.0,0.1139,44.0,12.0,0.1578,38.0,,,,,,,,,,,,,,,,,,
2026-01-06 07:58:50,421258,11.0,0.0567,60.0,9.0,0.0928,44.0,,,,,,,,,,,,,,,,,,
2026-01-06 07:58:50,421260,16.0,0.1228,49.0,11.0,0.11,46.0,,,,,,,,,,,,,,,,,,
2026-01-06 07:59:20,421258,18.0,0.0906,56.0,10.0,0.1356,42.0,,,,,,,,,,,,,,,,,,
2026-01-06 07:59:20,421260,17.0,0.1206,52.0,14.0,0.1106,46.0,,,,,,,,,,,,,,,,,,
2026-01-06 07:59:50,421258,18.0,0.1078,52.0,10.0,0.1367,42.0,,,,,,,,,,,,,,,,,,
2026-01-06 07:59:50,421260,16.0,0.1106,52.0,8.0,0.0739,46.0,,,,,,,,,,,,,,,,,,
2026-01-06 08:00:20,421258,12.0,0.0578,56.0,12.0,0.1039,46.0,,,,,,,,,,,,,,,,,,
2026-01-06 08:00:20,421260,14.0,0.0989,56.0,8.0,0.0739,46.0,,,,,,,,,,,,,,,,,,
2026-01-06 08:00:50,421258,14.0,0.0617,60.0,10.0,0.1206,44.0,,,,,,,,,,,,,,,,,,
2026-01-06 08:00:50,421260,9.0,0.06,56.0,11.0,0.1,44.0,,,,,,,,,,,,,,,,,,
2026-01-06 08:01:20,421258,16.0,0.0989,52.0,16.0,0.2056,38.0,,,,,,,,,,,,,,,,,,
2026-01-06 08:01:20,421260,13.0,0.1039,46.0,14.0,0.1267,44.0,,,,,,,,,,,,,,,,,,
2026-01-06 08:01:50,421258,18.0,0.0989,52.0,12.0,0.1439,38.0,,,,,,,,,,,,,,,,,,
2026-01-06 08:01:50,421260,17.0,0.1278,49.0,10.0,0.1178,44.0,,,,,,,,,,,,,,,,,,
2026-01-06 08:02:20,421258,14.0,0.0806,56.0,8.0,0.1089,38.0,,,,,,,,,,,,,,,,,,
2026-01-06 08:02:20,421260,16.0,0.1117,52.0,12.0,0.0956,46.0,,,,,,,,,,,,,,,,,,
2026-01-06 08:02:50,421258,13.0,0.0606,56.0,10.0,0.1289,44.0,,,,,,,,,,,,,,,,,,
2026-01-06 08:02:50,421260,12.0,0.0906,52.0,12.0,0.1106,46.0,,,,,,,,,,,,,,,,,,
2026-01-06 08:03:20,421258,0.0,0.0,0.0,0.0,0.0,0.0,,,,,,,,,,,,,,,,,,
2026-01-06 08:03:20,421260,0.0,0.0,0.0,0.0,0.0,0.0,,,,,,,,,,,,,,,,,,
2026-01-06 08:03:50,421258,0.0,0.0,0.0,0.0,0.0,0.0,,,,,,,,,,,,,,,,,,
2026-01-06 08:03:50,421260,0.0,0.0,0.0,0.0,0.0,0.0,,,,,,,,,,,,,,,,,,
2026-01-06 08:04:20,421258,0.0,0.0,0.0,0.0,0.0,0.0,,,,,,,,,,,,,,,,,,
2026-01-06 08:04:20,421260,0.0,0.0,0.0,0.0,0.0,0.0,,,,,,,,,,,,,,,,,,
2026-01-06 08:04:50,421258,0.0,0.0,0.0,0.0,0.0,0.0,,,,,,,,,,,,,,,,,,
2026-01-06 08:04:50,421260,0.0,0.0,0.0,0.0,0.0,0.0,,,,,,,,,,,,,,,,,,
2026-01-06 08:05:20,421258,0.0,0.0,0.0,0.0,0.0,0.0,,,,,,,,,,,,,,,,,,
2026-01-06 08:05:20,421260,0.0,0.0,0.0,0.0,0.0,0.0,,,,,,,,,,,,,,,,,,
2026-01-06 08:05:50,421258,0.0,0.0,0.0,0.0,0.0,0.0,,,,,,,,,,,,,,,,,,
2026-01-06 08:05:50,421260,0.0,0.0,0.0,0.0,0.0,0.0,,,,,,,,,,,,,,,,,,
2026-01-06 08:06:20,421258,0.0,0.0,0.0,0.0,0.0,0.0,,,,,,,,,,,,,,,,,,
2026-01-06 08:06:20,421260,0.0,0.0,0.0,0.0,0.0,0.0,,,,,,,,,,,,,,,,,,
2026-01-06 08:06:50,421258,0.0,0.0,0.0,0.0,0.0,0.0,,,,,,,,,,,,,,,,,,
2026-01-06 08:06:50,421260,0.0,0.0,0.0,0.0,0.0,0.0,,,,,,,,,,,,,,,,,,
2026-01-06 08:07:20,421258,0.0,0.0,0.0,0.0,0.0,0.0,,,,,,,,,,,,,,,,,,
2026-01-06 08:07:20,421260,0.0,0.0,0.0,0.0,0.0,0.0,,,,,,,,,,,,,,,,,,
2026-01-06 08:07:50,421258,0.0,0.0,0.0,0.0,0.0,0.0,,,,,,,,,,,,,,,,,,
2026-01-06 08:07:50,421260,0.0,0.0,0.0,0.0,0.0,0.0,,,,,,,,,,,,,,,,,,
2026-01-06 08:08:20,421258,0.0,0.0,0.0,0.0,0.0,0.0,,,,,,,,,,,,,,,,,,
2026-01-06 08:08:20,421260,0.0,0.0,0.0,0.0,0.0,0.0,,,,,,,,,,,,,,,,,,
2026-01-06 08:08:50,421258,0.0,0.0,0.0,0.0,0.0,0.0,,,,,,,,,,,,,,,,,,
2026-01-06 08:08:50,421260,0.0,0.0,0.0,0.0,0.0,0.0,,,,,,,,,,,,,,,,,,
2026-01-06 08:09:20,421258,0.0,0.0,0.0,0.0,0.0,0.0,,,,,,,,,,,,,,,,,,
2026-01-06 08:09:20,421260,0.0,0.0,0.0,0.0,0.0,0.0,,,,,,,,,,,,,,,,,,
2026-01-06 08:09:50,421258,0.0,0.0,0.0,0.0,0.0,0.0,,,,,,,,,,,,,,,,,,
2026-01-06 08:09:50,421260,0.0,0.0,0.0,0.0,0.0,0.0,,,,,,,,,,,,,,,,,,
2026-01-06 08:10:20,421258,0.0,0.0,0.0,0.0,0.0,0.0,,,,,,,,,,,,,,,,,,
2026-01-06 08:10:20,421260,0.0,0.0,0.0,0.0,0.0,0.0,,,,,,,,,,,,,,,,,,
2026-01-06 08:10:50,421258,0.0,0.0,0.0,0.0,0.0,0.0,,,,,,,,,,,,,,,,,,
2026-01-06 08:10:50,421260,0.0,0.0,0.0,0.0,0.0,0.0,,,,,,,,,,,,,,,,,,
2026-01-06 08:11:20,421258,0.0,0.0,0.0,0.0,0.0,0.0,,,,,,,,,,,,,,,,,,
2026-01-06 08:11:20,421260,0.0,0.0,0.0,0.0,0.0,0.0,,,,,,,,,,,,,,,,,,
2026-01-06 08:11:50,421258,0.0,0.0,0.0,0.0,0.0,0.0,,,,,,,,,,,,,,,,,,
2026-01-06 08:11:50,421260,0.0,0.0,0.0,0.0,0.0,0.0,,,,,,,,,,,,,,,,,,
2026-01-06 08:12:20,421258,0.0,0.0,0.0,0.0,0.0,0.0,,,,,,,,,,,,,,,,,,
2026-01-06 08:12:20,421260,0.0,0.0,0.0,0.0,0.0,0.0,,,,,,,,,,,,,,,,,,
2026-01-06 08:12:50,421258,0.0,0.0,0.0,0.0,0.0,0.0,,,,,,,,,,,,,,,,,,
2026-01-06 08:12:50,421260,0.0,0.0,0.0,0.0,0.0,0.0,,,,,,,,,,,,,,,,,,
2026-01-06 08:13:20,421258,0.0,0.0,0.0,0.0,0.0,0.0,,,,,,,,,,,,,,,,,,
2026-01-06 08:13:20,421260,0.0,0.0,0.0,0.0,0.0,0.0,,,,,,,,,,,,,,,,,,
2026-01-06 08:13:50,421258,0.0,0.0,0.0,0.0,0.0,0.0,,,,,,,,,,,,,,,,,,
2026-01-06 08:13:50,421260,0.0,0.0,0.0,0.0,0.0,0.0,,,,,,,,,,,,,,,,,,
2026-01-06 08:14:20,421258,0.0,0.0,0.0,0.0,0.0,0.0,,,,,,,,,,,,,,,,,,
2026-01-06 08:14:20,421260,0.0,0.0,0.0,0.0,0.0,0.0,,,,,,,,,,,,,,,,,,
2026-01-06 08:14:50,421258,0.0,0.0,0.0,0.0,0.0,0.0,,,,,,,,,,,,,,,,,,
2026-01-06 08:14:50,421260,0.0,0.0,0.0,0.0,0.0,0.0,,,,,,,,,,,,,,,,,,
2026-01-06 08:15:20,421258,0.0,0.0,0.0,0.0,0.0,0.0,,,,,,,,,,,,,,,,,,
2026-01-06 08:15:20,421260,0.0,0.0,0.0,0.0,0.0,0.0,,,,,,,,,,,,,,,,,,
2026-01-06 08:15:50,421258,0.0,0.0,0.0,0.0,0.0,0.0,,,,,,,,,,,,,,,,,,
2026-01-06 08:15:50,421260,0.0,0.0,0.0,0.0,0.0,0.0,,,,,,,,,,,,,,,,,,
2026-01-06 08:16:20,421258,0.0,0.0,0.0,0.0,0.0,0.0,,,,,,,,,,,,,,,,,,
2026-01-06 08:16:20,421260,0.0,0.0,0.0,0.0,0.0,0.0,,,,,,,,,,,,,,,,,,
2026-01-06 08:16:50,421258,0.0,0.0,0.0,0.0,0.0,0.0,,,,,,,,,,,,,,,,,,
2026-01-06 08:16:50,421260,0.0,0.0,0.0,0.0,0.0,0.0,,,,,,,,,,,,,,,,,,
2026-01-06 08:17:20,421258,0.0,0.0,0.0,0.0,0.0,0.0,,,,,,,,,,,,,,,,,,
2026-01-06 08:17:20,421260,0.0,0.0,0.0,0.0,0.0,0.0,,,,,,,,,,,,,,,,,,
2026-01-06 08:17:50,421258,0.0,0.0,0.0,0.0,0.0,0.0,,,,,,,,,,,,,,,,,,
2026-01-06 08:17:50,421260,0.0,0.0,0.0,0.0,0.0,0.0,,,,,,,,,,,,,,,,,,
2026-01-06 08:18:20,421258,0.0,0.0,0.0,0.0,0.0,0.0,,,,,,,,,,,,,,,,,,
2026-01-06 08:18:20,421260,0.0,0.0,0.0,0.0,0.0,0.0,,,,,,,,,,,,,,,,,,
2026-01-06 08:18:50,421258,0.0,0.0,0.0,0.0,0.0,0.0,,,,,,,,,,,,,,,,,,
2026-01-06 08:18:50,421260,0.0,0.0,0.0,0.0,0.0,0.0,,,,,,,,,,,,,,,,,,
2026-01-06 08:19:20,421258,0.0,0.0,0.0,0.0,0.0,0.0,,,,,,,,,,,,,,,,,,
2026-01-06 08:19:20,421260,0.0,0.0,0.0,0.0,0.0,0.0,,,,,,,,,,,,,,,,,,
2026-01-06 08:19:50,421258,0.0,0.0,0.0,0.0,0.0,0.0,,,,,,,,,,,,,,,,,,
2026-01-06 08:19:50,421260,0.0,0.0,0.0,0.0,0.0,0.0,,,,,,,,,,,,,,,,,,
2026-01-06 08:20:20,421258,0.0,0.0,0.0,0.0,0.0,0.0,,,,,,,,,,,,,,,,,,
2026-01-06 08:20:20,421260,0.0,0.0,0.0,0.0,0.0,0.0,,,,,,,,,,,,,,,,,,
2026-01-06 08:20:50,421258,0.0,0.0,0.0,0.0,0.0,0.0,,,,,,,,,,,,,,,,,,
2026-01-06 08:20:50,421260,0.0,0.0,0.0,0.0,0.0,0.0,,,,,,,,,,,,,,,,,,
2026-01-06 08:21:20,421258,0.0,0.0,0.0,0.0,0.0,0.0,,,,,,,,,,,,,,,,,,
2026-01-06 08:21:20,421260,0.0,0.0,0.0,0.0,0.0,0.0,,,,,,,,,,,,,,,,,,
2026-01-06 08:21:50,421258,0.0,0.0,0.0,0.0,0.0,0.0,,,,,,,,,,,,,,,,,,
2026-01-06 08:21:50,421260,0.0,0.0,0.0,0.0,0.0,0.0,,,,,,,,,,,,,,,,,,
2026-01-06 08:22:20,421258,0.0,0.0,0.0,0.0,0.0,0.0,,,,,,,,,,,,,,,,,,
2026-01-06 08:22:20,421260,0.0,0.0,0.0,0.0,0.0,0.0,,,,,,,,,,,,,,,,,,
2026-01-06 08:22:50,421258,0.0,0.0,0.0,0.0,0.0,0.0,,,,,,,,,,,,,,,,,,
2026-01-06 08:22:50,421260,0.0,0.0,0.0,0.0,0.0,0.0,,,,,,,,,,,,,,,,,,
2026-01-06 08:23:20,421258,0.0,0.0,0.0,0.0,0.0,0.0,,,,,,,,,,,,,,,,,,
2026-01-06 08:23:20,421260,0.0,0.0,0.0,0.0,0.0,0.0,,,,,,,,,,,,,,,,,,
2026-01-06 08:23:50,421258,0.0,0.0,0.0,0.0,0.0,0.0,,,,,,,,,,,,,,,,,,
2026-01-06 08:23:50,421260,0.0,0.0,0.0,0.0,0.0,0.0,,,,,,,,,,,,,,,,,,
2026-01-06 08:24:20,421258,0.0,0.0,0.0,0.0,0.0,0.0,,,,,,,,,,,,,,,,,,
2026-01-06 08:24:20,421260,0.0,0.0,0.0,0.0,0.0,0.0,,,,,,,,,,,,,,,,,,
2026-01-06 08:24:50,421258,0.0,0.0,0.0,0.0,0.0,0.0,,,,,,,,,,,,,,,,,,
2026-01-06 08:24:50,421260,0.0,0.0,0.0,0.0,0.0,0.0,,,,,,,,,,,,,,,,,,
2026-01-06 08:25:20,421258,0.0,0.0,0.0,0.0,0.0,0.0,,,,,,,,,,,,,,,,,,
2026-01-06 08:25:20,421260,0.0,0.0,0.0,0.0,0.0,0.0,,,,,,,,,,,,,,,,,,
2026-01-06 08:25:50,421258,0.0,0.0,0.0,0.0,0.0,0.0,,,,,,,,,,,,,,,,,,
2026-01-06 08:25:50,421260,0.0,0.0,0.0,0.0,0.0,0.0,,,,,,,,,,,,,,,,,,
2026-01-06 08:26:20,421258,0.0,0.0,0.0,0.0,0.0,0.0,,,,,,,,,,,,,,,,,,
2026-01-06 08:26:20,421260,0.0,0.0,0.0,0.0,0.0,0.0,,,,,,,,,,,,,,,,,,
2026-01-06 08:26:50,421258,0.0,0.0,0.0,0.0,0.0,0.0,,,,,,,,,,,,,,,,,,
2026-01-06 08:26:50,421260,0.0,0.0,0.0,0.0,0.0,0.0,,,,,,,,,,,,,,,,,,
2026-01-06 08:27:20,421258,0.0,0.0,0.0,0.0,0.0,0.0,,,,,,,,,,,,,,,,,,
2026-01-06 08:27:20,421260,0.0,0.0,0.0,0.0,0.0,0.0,,,,,,,,,,,,,,,,,,
2026-01-06 08:27:50,421258,0.0,0.0,0.0,0.0,0.0,0.0,,,,,,,,,,,,,,,,,,
2026-01-06 08:27:50,421260,0.0,0.0,0.0,0.0,0.0,0.0,,,,,,,,,,,,,,,,,,
2026-01-06 08:28:20,421258,0.0,0.0,0.0,0.0,0.0,0.0,,,,,,,,,,,,,,,,,,
2026-01-06 08:28:20,421260,0.0,0.0,0.0,0.0,0.0,0.0,,,,,,,,,,,,,,,,,,
2026-01-06 08:28:50,421258,0.0,0.0,0.0,0.0,0.0,0.0,,,,,,,,,,,,,,,,,,
2026-01-06 08:28:50,421260,0.0,0.0,0.0,0.0,0.0,0.0,,,,,,,,,,,,,,,,,,
2026-01-06 08:29:20,421258,0.0,0.0,0.0,0.0,0.0,0.0,,,,,,,,,,,,,,,,,,
2026-01-06 08:29:20,421260,0.0,0.0,0.0,0.0,0.0,0.0,,,,,,,,,,,,,,,,,,
2026-01-06 08:29:50,421258,0.0,0.0,0.0,0.0,0.0,0.0,,,,,,,,,,,,,,,,,,
2026-01-06 08:29:50,421260,0.0,0.0,0.0,0.0,0.0,0.0,,,,,,,,,,,,,,,,,,
2026-01-06 08:30:20,421258,0.0,0.0,0.0,0.0,0.0,0.0,,,,,,,,,,,,,,,,,,
2026-01-06 08:30:20,421260,0.0,0.0,0.0,0.0,0.0,0.0,,,,,,,,,,,,,,,,,,
2026-01-06 08:30:50,421258,0.0,0.0,0.0,0.0,0.0,0.0,,,,,,,,,,,,,,,,,,
2026-01-06 08:30:50,421260,0.0,0.0,0.0,0.0,0.0,0.0,,,,,,,,,,,,,,,,,,
2026-01-06 08:31:20,421258,0.0,0.0,0.0,0.0,0.0,0.0,,,,,,,,,,,,,,,,,,
2026-01-06 08:31:20,421260,0.0,0.0,0.0,0.0,0.0,0.0,,,,,,,,,,,,,,,,,,
2026-01-06 08:31:50,421258,0.0,0.0,0.0,0.0,0.0,0.0,,,,,,,,,,,,,,,,,,
2026-01-06 08:31:50,421260,0.0,0.0,0.0,0.0,0.0,0.0,,,,,,,,,,,,,,,,,,
2026-01-06 08:32:20,421258,0.0,0.0,0.0,0.0,0.0,0.0,,,,,,,,,,,,,,,,,,
2026-01-06 08:32:20,421260,0.0,0.0,0.0,0.0,0.0,0.0,,,,,,,,,,,,,,,,,,
2026-01-06 08:32:50,421258,0.0,0.0,0.0,0.0,0.0,0.0,,,,,,,,,,,,,,,,,,
2026-01-06 08:32:50,421260,0.0,0.0,0.0,0.0,0.0,0.0,,,,,,,,,,,,,,,,,,
2026-01-06 08:33:20,421258,0.0,0.0,0.0,0.0,0.0,0.0,,,,,,,,,,,,,,,,,,
2026-01-06 08:33:20,421260,0.0,0.0,0.0,0.0,0.0,0.0,,,,,,,,,,,,,,,,,,
2026-01-06 08:33:50,421258,0.0,0.0,0.0,0.0,0.0,0.0,,,,,,,,,,,,,,,,,,
2026-01-06 08:33:50,421260,0.0,0.0,0.0,0.0,0.0,0.0,,,,,,,,,,,,,,,,,,
2026-01-06 08:34:20,421258,0.0,0.0,0.0,0.0,0.0,0.0,,,,,,,,,,,,,,,,,,
2026-01-06 08:34:20,421260,0.0,0.0,0.0,0.0,0.0,0.0,,,,,,,,,,,,,,,,,,
2026-01-06 08:34:50,421258,0.0,0.0,0.0,0.0,0.0,0.0,,,,,,,,,,,,,,,,,,
2026-01-06 08:34:50,421260,0.0,0.0,0.0,0.0,0.0,0.0,,,,,,,,,,,,,,,,,,
2026-01-06 08:35:20,421258,0.0,0.0,0.0,0.0,0.0,0.0,,,,,,,,,,,,,,,,,,
2026-01-06 08:35:20,421260,0.0,0.0,0.0,0.0,0.0,0.0,,,,,,,,,,,,,,,,,,
2026-01-06 08:35:50,421258,0.0,0.0,0.0,0.0,0.0,0.0,,,,,,,,,,,,,,,,,,
2026-01-06 08:35:50,421260,0.0,0.0,0.0,0.0,0.0,0.0,,,,,,,,,,,,,,,,,,
2026-01-06 08:36:20,421258,0.0,0.0,0.0,0.0,0.0,0.0,,,,,,,,,,,,,,,,,,
2026-01-06 08:36:20,421260,0.0,0.0,0.0,0.0,0.0,0.0,,,,,,,,,,,,,,,,,,
2026-01-06 08:36:50,421258,0.0,0.0,0.0,0.0,0.0,0.0,,,,,,,,,,,,,,,,,,
2026-01-06 08:36:50,421260,0.0,0.0,0.0,0.0,0.0,0.0,,,,,,,,,,,,,,,,,,
2026-01-06 08:37:20,421258,0.0,0.0,0.0,0.0,0.0,0.0,,,,,,,,,,,,,,,,,,
2026-01-06 08:37:20,421260,0.0,0.0,0.0,0.0,0.0,0.0,,,,,,,,,,,,,,,,,,
2026-01-06 08:37:50,421258,0.0,0.0,0.0,0.0,0.0,0.0,,,,,,,,,,,,,,,,,,
2026-01-06 08:37:50,421260,0.0,0.0,0.0,0.0,0.0,0.0,,,,,,,,,,,,,,,,,,
2026-01-06 08:38:20,421258,0.0,0.0,0.0,0.0,0.0,0.0,,,,,,,,,,,,,,,,,,
2026-01-06 08:38:20,421260,0.0,0.0,0.0,0.0,0.0,0.0,,,,,,,,,,,,,,,,,,
2026-01-06 08:38:50,421258,0.0,0.0,0.0,0.0,0.0,0.0,,,,,,,,,,,,,,,,,,
2026-01-06 08:38:50,421260,0.0,0.0,0.0,0.0,0.0,0.0,,,,,,,,,,,,,,,,,,
2026-01-06 08:39:20,421258,0.0,0.0,0.0,0.0,0.0,0.0,,,,,,,,,,,,,,,,,,
2026-01-06 08:39:20,421260,0.0,0.0,0.0,0.0,0.0,0.0,,,,,,,,,,,,,,,,,,
2026-01-06 08:39:50,421258,0.0,0.0,0.0,0.0,0.0,0.0,,,,,,,,,,,,,,,,,,
2026-01-06 08:39:50,421260,0.0,0.0,0.0,0.0,0.0,0.0,,,,,,,,,,,,,,,,,,
2026-01-06 08:40:20,421258,0.0,0.0,0.0,0.0,0.0,0.0,,,,,,,,,,,,,,,,,,
2026-01-06 08:40:20,421260,0.0,0.0,0.0,0.0,0.0,0.0,,,,,,,,,,,,,,,,,,
2026-01-06 08:40:50,421258,0.0,0.0,0.0,0.0,0.0,0.0,,,,,,,,,,,,,,,,,,
2026-01-06 08:40:50,421260,0.0,0.0,0.0,0.0,0.0,0.0,,,,,,,,,,,,,,,,,,
2026-01-06 08:41:20,421258,0.0,0.0,0.0,0.0,0.0,0.0,,,,,,,,,,,,,,,,,,
2026-01-06 08:41:20,421260,0.0,0.0,0.0,0.0,0.0,0.0,,,,,,,,,,,,,,,,,,
2026-01-06 08:41:50,421258,0.0,0.0,0.0,0.0,0.0,0.0,,,,,,,,,,,,,,,,,,
2026-01-06 08:41:50,421260,0.0,0.0,0.0,0.0,0.0,0.0,,,,,,,,,,,,,,,,,,
2026-01-06 08:42:20,421258,0.0,0.0,0.0,0.0,0.0,0.0,,,,,,,,,,,,,,,,,,
2026-01-06 08:42:20,421260,0.0,0.0,0.0,0.0,0.0,0.0,,,,,,,,,,,,,,,,,,
2026-01-06 08:42:50,421258,0.0,0.0,0.0,0.0,0.0,0.0,,,,,,,,,,,,,,,,,,
2026-01-06 08:42:50,421260,0.0,0.0,0.0,0.0,0.0,0.0,,,,,,,,,,,,,,,,,,
2026-01-06 08:43:20,421258,0.0,0.0,0.0,0.0,0.0,0.0,,,,,,,,,,,,,,,,,,
2026-01-06 08:43:20,421260,0.0,0.0,0.0,0.0,0.0,0.0,,,,,,,,,,,,,,,,,,
2026-01-06 08:43:50,421258,0.0,0.0,0.0,0.0,0.0,0.0,,,,,,,,,,,,,,,,,,
2026-01-06 08:43:50,421260,0.0,0.0,0.0,0.0,0.0,0.0,,,,,,,,,,,,,,,,,,
2026-01-06 08:44:20,421258,0.0,0.0,0.0,0.0,0.0,0.0,,,,,,,,,,,,,,,,,,
2026-01-06 08:44:20,421260,0.0,0.0,0.0,0.0,0.0,0.0,,,,,,,,,,,,,,,,,,
2026-01-06 08:44:50,421258,0.0,0.0,0.0,0.0,0.0,0.0,,,,,,,,,,,,,,,,,,
2026-01-06 08:44:50,421260,0.0,0.0,0.0,0.0,0.0,0.0,,,,,,,,,,,,,,,,,,
2026-01-06 08:45:20,421258,0.0,0.0,0.0,0.0,0.0,0.0,,,,,,,,,,,,,,,,,,
2026-01-06 08:45:20,421260,0.0,0.0,0.0,0.0,0.0,0.0,,,,,,,,,,,,,,,,,,
2026-01-06 08:45:50,421258,0.0,0.0,0.0,0.0,0.0,0.0,,,,,,,,,,,,,,,,,,
2026-01-06 08:45:50,421260,0.0,0.0,0.0,0.0,0.0,0.0,,,,,,,,,,,,,,,,,,
2026-01-06 08:46:20,421258,0.0,0.0,0.0,0.0,0.0,0.0,,,,,,,,,,,,,,,,,,
2026-01-06 08:46:20,421260,0.0,0.0,0.0,0.0,0.0,0.0,,,,,,,,,,,,,,,,,,
2026-01-06 08:46:50,421258,0.0,0.0,0.0,0.0,0.0,0.0,,,,,,,,,,,,,,,,,,
2026-01-06 08:46:50,421260,0.0,0.0,0.0,0.0,0.0,0.0,,,,,,,,,,,,,,,,,,
2026-01-06 08:47:20,421258,0.0,0.0,0.0,0.0,0.0,0.0,,,,,,,,,,,,,,,,,,
2026-01-06 08:47:20,421260,0.0,0.0,0.0,0.0,0.0,0.0,,,,,,,,,,,,,,,,,,
2026-01-06 08:47:50,421258,0.0,0.0,0.0,0.0,0.0,0.0,,,,,,,,,,,,,,,,,,
2026-01-06 08:47:50,421260,0.0,0.0,0.0,0.0,0.0,0.0,,,,,,,,,,,,,,,,,,
2026-01-06 08:48:20,421258,0.0,0.0,0.0,0.0,0.0,0.0,,,,,,,,,,,,,,,,,,
2026-01-06 08:48:20,421260,0.0,0.0,0.0,0.0,0.0,0.0,,,,,,,,,,,,,,,,,,
2026-01-06 08:48:50,421258,0.0,0.0,0.0,0.0,0.0,0.0,,,,,,,,,,,,,,,,,,
2026-01-06 08:48:50,421260,0.0,0.0,0.0,0.0,0.0,0.0,,,,,,,,,,,,,,,,,,
2026-01-06 08:49:20,421258,0.0,0.0,0.0,0.0,0.0,0.0,,,,,,,,,,,,,,,,,,
2026-01-06 08:49:20,421260,0.0,0.0,0.0,0.0,0.0,0.0,,,,,,,,,,,,,,,,,,
2026-01-06 08:49:50,421258,0.0,0.0,0.0,0.0,0.0,0.0,,,,,,,,,,,,,,,,,,
2026-01-06 08:49:50,421260,0.0,0.0,0.0,0.0,0.0,0.0,,,,,,,,,,,,,,,,,,
2026-01-06 08:50:20,421258,0.0,0.0,0.0,0.0,0.0,0.0,,,,,,,,,,,,,,,,,,
2026-01-06 08:50:20,421260,0.0,0.0,0.0,0.0,0.0,0.0,,,,,,,,,,,,,,,,,,
2026-01-06 08:50:50,421258,0.0,0.0,0.0,0.0,0.0,0.0,,,,,,,,,,,,,,,,,,
2026-01-06 08:50:50,421260,0.0,0.0,0.0,0.0,0.0,0.0,,,,,,,,,,,,,,,,,,
2026-01-06 08:51:20,421258,0.0,0.0,0.0,0.0,0.0,0.0,,,,,,,,,,,,,,,,,,
2026-01-06 08:51:20,421260,0.0,0.0,0.0,0.0,0.0,0.0,,,,,,,,,,,,,,,,,,
2026-01-06 08:51:50,421258,0.0,0.0,0.0,0.0,0.0,0.0,,,,,,,,,,,,,,,,,,
2026-01-06 08:51:50,421260,0.0,0.0,0.0,0.0,0.0,0.0,,,,,,,,,,,,,,,,,,
2026-01-06 08:52:20,421258,0.0,0.0,0.0,0.0,0.0,0.0,,,,,,,,,,,,,,,,,,
2026-01-06 08:52:20,421260,0.0,0.0,0.0,0.0,0.0,0.0,,,,,,,,,,,,,,,,,,
2026-01-06 08:52:50,421258,0.0,0.0,0.0,0.0,0.0,0.0,,,,,,,,,,,,,,,,,,
2026-01-06 08:52:50,421260,0.0,0.0,0.0,0.0,0.0,0.0,,,,,,,,,,,,,,,,,,
2026-01-06 08:53:20,421258,0.0,0.0,0.0,0.0,0.0,0.0,,,,,,,,,,,,,,,,,,
2026-01-06 08:53:20,421260,0.0,0.0,0.0,0.0,0.0,0.0,,,,,,,,,,,,,,,,,,
2026-01-06 08:53:50,421258,0.0,0.0,0.0,0.0,0.0,0.0,,,,,,,,,,,,,,,,,,
2026-01-06 08:53:50,421260,0.0,0.0,0.0,0.0,0.0,0.0,,,,,,,,,,,,,,,,,,
2026-01-06 08:54:20,421258,0.0,0.0,0.0,0.0,0.0,0.0,,,,,,,,,,,,,,,,,,
2026-01-06 08:54:20,421260,0.0,0.0,0.0,0.0,0.0,0.0,,,,,,,,,,,,,,,,,,
2026-01-06 08:54:50,421258,0.0,0.0,0.0,0.0,0.0,0.0,,,,,,,,,,,,,,,,,,
2026-01-06 08:54:50,421260,0.0,0.0,0.0,0.0,0.0,0.0,,,,,,,,,,,,,,,,,,
2026-01-06 08:55:20,421258,0.0,0.0,0.0,0.0,0.0,0.0,,,,,,,,,,,,,,,,,,
2026-01-06 08:55:20,421260,0.0,0.0,0.0,0.0,0.0,0.0,,,,,,,,,,,,,,,,,,
2026-01-06 08:55:50,421258,0.0,0.0,0.0,0.0,0.0,0.0,,,,,,,,,,,,,,,,,,
2026-01-06 08:55:50,421260,0.0,0.0,0.0,0.0,0.0,0.0,,,,,,,,,,,,,,,,,,
2026-01-06 08:56:20,421258,0.0,0.0,0.0,0.0,0.0,0.0,,,,,,,,,,,,,,,,,,
2026-01-06 08:56:20,421260,0.0,0.0,0.0,0.0,0.0,0.0,,,,,,,,,,,,,,,,,,
2026-01-06 08:56:50,421258,0.0,0.0,0.0,0.0,0.0,0.0,,,,,,,,,,,,,,,,,,
2026-01-06 08:56:50,421260,0.0,0.0,0.0,0.0,0.0,0.0,,,,,,,,,,,,,,,,,,
2026-01-06 08:57:20,421258,0.0,0.0,0.0,0.0,0.0,0.0,,,,,,,,,,,,,,,,,,
2026-01-06 08:57:20,421260,0.0,0.0,0.0,0.0,0.0,0.0,,,,,,,,,,,,,,,,,,
2026-01-06 08:57:50,421258,0.0,0.0,0.0,0.0,0.0,0.0,,,,,,,,,,,,,,,,,,
2026-01-06 08:57:50,421260,0.0,0.0,0.0,0.0,0.0,0.0,,,,,,,,,,,,,,,,,,
2026-01-06 08:58:20,421258,0.0,0.0,0.0,0.0,0.0,0.0,,,,,,,,,,,,,,,,,,
2026-01-06 08:58:20,421260,0.0,0.0,0.0,0.0,0.0,0.0,,,,,,,,,,,,,,,,,,
2026-01-06 08:58:50,421258,0.0,0.0,0.0,0.0,0.0,0.0,,,,,,,,,,,,,,,,,,
2026-01-06 08:58:50,421260,0.0,0.0,0.0,0.0,0.0,0.0,,,,,,,,,,,,,,,,,,
2026-01-06 08:59:20,421258,0.0,0.0,0.0,0.0,0.0,0.0,,,,,,,,,,,,,,,,,,
2026-01-06 08:59:20,421260,0.0,0.0,0.0,0.0,0.0,0.0,,,,,,,,,,,,,,,,,,
2026-01-06 08:59:50,421258,0.0,0.0,0.0,0.0,0.0,0.0,,,,,,,,,,,,,,,,,,
2026-01-06 08:59:50,421260,0.0,0.0,0.0,0.0,0.0,0.0,,,,,,,,,,,,,,,,,,
2026-01-06 09:00:20,421258,0.0,0.0,0.0,0.0,0.0,0.0,,,,,,,,,,,,,,,,,,
2026-01-06 09:00:20,421260,0.0,0.0,0.0,0.0,0.0,0.0,,,,,,,,,,,,,,,,,,
2026-01-06 09:00:50,421258,0.0,0.0,0.0,0.0,0.0,0.0,,,,,,,,,,,,,,,,,,
2026-01-06 09:00:50,421260,0.0,0.0,0.0,0.0,0.0,0.0,,,,,,,,,,,,,,,,,,
2026-01-06 09:01:20,421258,0.0,0.0,0.0,0.0,0.0,0.0,,,,,,,,,,,,,,,,,,
2026-01-06 09:01:20,421260,0.0,0.0,0.0,0.0,0.0,0.0,,,,,,,,,,,,,,,,,,
2026-01-06 09:01:50,421258,0.0,0.0,0.0,0.0,0.0,0.0,,,,,,,,,,,,,,,,,,
2026-01-06 09:01:50,421260,0.0,0.0,0.0,0.0,0.0,0.0,,,,,,,,,,,,,,,,,,
2026-01-06 09:02:20,421258,0.0,0.0,0.0,0.0,0.0,0.0,,,,,,,,,,,,,,,,,,
2026-01-06 09:02:20,421260,0.0,0.0,0.0,0.0,0.0,0.0,,,,,,,,,,,,,,,,,,
2026-01-06 09:02:50,421258,0.0,0.0,0.0,0.0,0.0,0.0,,,,,,,,,,,,,,,,,,
2026-01-06 09:02:50,421260,0.0,0.0,0.0,0.0,0.0,0.0,,,,,,,,,,,,,,,,,,
2026-01-06 09:03:20,421258,0.0,0.0,0.0,0.0,0.0,0.0,,,,,,,,,,,,,,,,,,
2026-01-06 09:03:20,421260,0.0,0.0,0.0,0.0,0.0,0.0,,,,,,,,,,,,,,,,,,
2026-01-06 09:03:50,421258,0.0,0.0,0.0,0.0,0.0,0.0,,,,,,,,,,,,,,,,,,
2026-01-06 09:03:50,421260,0.0,0.0,0.0,0.0,0.0,0.0,,,,,,,,,,,,,,,,,,
2026-01-06 09:04:20,421258,0.0,0.0,0.0,0.0,0.0,0.0,,,,,,,,,,,,,,,,,,
2026-01-06 09:04:20,421260,0.0,0.0,0.0,0.0,0.0,0.0,,,,,,,,,,,,,,,,,,
2026-01-06 09:04:50,421258,0.0,0.0,0.0,0.0,0.0,0.0,,,,,,,,,,,,,,,,,,
2026-01-06 09:04:50,421260,0.0,0.0,0.0,0.0,0.0,0.0,,,,,,,,,,,,,,,,,,
2026-01-06 09:05:20,421258,0.0,0.0,0.0,0.0,0.0,0.0,,,,,,,,,,,,,,,,,,
2026-01-06 09:05:20,421260,0.0,0.0,0.0,0.0,0.0,0.0,,,,,,,,,,,,,,,,,,
2026-01-06 09:05:50,421258,0.0,0.0,0.0,0.0,0.0,0.0,,,,,,,,,,,,,,,,,,
2026-01-06 09:05:50,421260,0.0,0.0,0.0,0.0,0.0,0.0,,,,,,,,,,,,,,,,,,
2026-01-06 09:06:20,421258,0.0,0.0,0.0,0.0,0.0,0.0,,,,,,,,,,,,,,,,,,
2026-01-06 09:06:20,421260,0.0,0.0,0.0,0.0,0.0,0.0,,,,,,,,,,,,,,,,,,
2026-01-06 09:06:50,421258,0.0,0.0,0.0,0.0,0.0,0.0,,,,,,,,,,,,,,,,,,
2026-01-06 09:06:50,421260,0.0,0.0,0.0,0.0,0.0,0.0,,,,,,,,,,,,,,,,,,
2026-01-06 09:07:20,421258,0.0,0.0,0.0,0.0,0.0,0.0,,,,,,,,,,,,,,,,,,
2026-01-06 09:07:20,421260,0.0,0.0,0.0,0.0,0.0,0.0,,,,,,,,,,,,,,,,,,
2026-01-06 09:07:50,421258,0.0,0.0,0.0,0.0,0.0,0.0,,,,,,,,,,,,,,,,,,
2026-01-06 09:07:50,421260,0.0,0.0,0.0,0.0,0.0,0.0,,,,,,,,,,,,,,,,,,
2026-01-06 09:08:20,421258,0.0,0.0,0.0,0.0,0.0,0.0,,,,,,,,,,,,,,,,,,
2026-01-06 09:08:20,421260,0.0,0.0,0.0,0.0,0.0,0.0,,,,,,,,,,,,,,,,,,
2026-01-06 09:08:50,421258,0.0,0.0,0.0,0.0,0.0,0.0,,,,,,,,,,,,,,,,,,
2026-01-06 09:08:50,421260,0.0,0.0,0.0,0.0,0.0,0.0,,,,,,,,,,,,,,,,,,
2026-01-06 09:09:20,421258,0.0,0.0,0.0,0.0,0.0,0.0,,,,,,,,,,,,,,,,,,
2026-01-06 09:09:20,421260,0.0,0.0,0.0,0.0,0.0,0.0,,,,,,,,,,,,,,,,,,
2026-01-06 09:09:50,421258,0.0,0.0,0.0,0.0,0.0,0.0,,,,,,,,,,,,,,,,,,
2026-01-06 09:09:50,421260,0.0,0.0,0.0,0.0,0.0,0.0,,,,,,,,,,,,,,,,,,
2026-01-06 09:10:20,421258,0.0,0.0,0.0,0.0,0.0,0.0,,,,,,,,,,,,,,,,,,
2026-01-06 09:10:20,421260,0.0,0.0,0.0,0.0,0.0,0.0,,,,,,,,,,,,,,,,,,
2026-01-06 09:10:50,421258,0.0,0.0,0.0,0.0,0.0,0.0,,,,,,,,,,,,,,,,,,
2026-01-06 09:10:50,421260,0.0,0.0,0.0,0.0,0.0,0.0,,,,,,,,,,,,,,,,,,
2026-01-06 09:11:20,421258,0.0,0.0,0.0,0.0,0.0,0.0,,,,,,,,,,,,,,,,,,
2026-01-06 09:11:20,421260,0.0,0.0,0.0,0.0,0.0,0.0,,,,,,,,,,,,,,,,,,
2026-01-06 09:11:50,421258,0.0,0.0,0.0,0.0,0.0,0.0,,,,,,,,,,,,,,,,,,
2026-01-06 09:11:50,421260,0.0,0.0,0.0,0.0,0.0,0.0,,,,,,,,,,,,,,,,,,
2026-01-06 09:12:20,421258,0.0,0.0,0.0,0.0,0.0,0.0,,,,,,,,,,,,,,,,,,
2026-01-06 09:12:20,421260,0.0,0.0,0.0,0.0,0.0,0.0,,,,,,,,,,,,,,,,,,
2026-01-06 09:12:50,421258,0.0,0.0,0.0,0.0,0.0,0.0,,,,,,,,,,,,,,,,,,
2026-01-06 09:12:50,421260,0.0,0.0,0.0,0.0,0.0,0.0,,,,,,,,,,,,,,,,,,
2026-01-06 09:13:20,421258,0.0,0.0,0.0,0.0,0.0,0.0,,,,,,,,,,,,,,,,,,
2026-01-06 09:13:20,421260,0.0,0.0,0.0,0.0,0.0,0.0,,,,,,,,,,,,,,,,,,
2026-01-06 09:13:50,421258,0.0,0.0,0.0,0.0,0.0,0.0,,,,,,,,,,,,,,,,,,
2026-01-06 09:13:50,421260,0.0,0.0,0.0,0.0,0.0,0.0,,,,,,,,,,,,,,,,,,
2026-01-06 09:14:20,421258,0.0,0.0,0.0,0.0,0.0,0.0,,,,,,,,,,,,,,,,,,
2026-01-06 09:14:20,421260,0.0,0.0,0.0,0.0,0.0,0.0,,,,,,,,,,,,,,,,,,
2026-01-06 09:14:50,421258,0.0,0.0,0.0,0.0,0.0,0.0,,,,,,,,,,,,,,,,,,
2026-01-06 09:14:50,421260,0.0,0.0,0.0,0.0,0.0,0.0,,,,,,,,,,,,,,,,,,
2026-01-06 09:15:20,421258,0.0,0.0,0.0,0.0,0.0,0.0,,,,,,,,,,,,,,,,,,
2026-01-06 09:15:20,421260,0.0,0.0,0.0,0.0,0.0,0.0,,,,,,,,,,,,,,,,,,
2026-01-06 09:15:50,421258,0.0,0.0,0.0,0.0,0.0,0.0,,,,,,,,,,,,,,,,,,
2026-01-06 09:15:50,421260,0.0,0.0,0.0,0.0,0.0,0.0,,,,,,,,,,,,,,,,,,
2026-01-06 09:16:20,421258,0.0,0.0,0.0,0.0,0.0,0.0,,,,,,,,,,,,,,,,,,
2026-01-06 09:16:20,421260,0.0,0.0,0.0,0.0,0.0,0.0,,,,,,,,,,,,,,,,,,
2026-01-06 09:16:50,421258,0.0,0.0,0.0,0.0,0.0,0.0,,,,,,,,,,,,,,,,,,
2026-01-06 09:16:50,421260,0.0,0.0,0.0,0.0,0.0,0.0,,,,,,,,,,,,,,,,,,
2026-01-06 09:17:20,421258,0.0,0.0,0.0,0.0,0.0,0.0,,,,,,,,,,,,,,,,,,
2026-01-06 09:17:20,421260,0.0,0.0,0.0,0.0,0.0,0.0,,,,,,,,,,,,,,,,,,
2026-01-06 09:17:50,421258,0.0,0.0,0.0,0.0,0.0,0.0,,,,,,,,,,,,,,,,,,
2026-01-06 09:17:50,421260,0.0,0.0,0.0,0.0,0.0,0.0,,,,,,,,,,,,,,,,,,
2026-01-06 09:18:20,421258,0.0,0.0,0.0,0.0,0.0,0.0,,,,,,,,,,,,,,,,,,
2026-01-06 09:18:20,421260,0.0,0.0,0.0,0.0,0.0,0.0,,,,,,,,,,,,,,,,,,
2026-01-06 09:18:50,421258,0.0,0.0,0.0,0.0,0.0,0.0,,,,,,,,,,,,,,,,,,
2026-01-06 09:18:50,421260,0.0,0.0,0.0,0.0,0.0,0.0,,,,,,,,,,,,,,,,,,
2026-01-06 09:19:20,421258,0.0,0.0,0.0,0.0,0.0,0.0,,,,,,,,,,,,,,,,,,
2026-01-06 09:19:20,421260,0.0,0.0,0.0,0.0,0.0,0.0,,,,,,,,,,,,,,,,,,
2026-01-06 09:19:50,421258,0.0,0.0,0.0,0.0,0.0,0.0,,,,,,,,,,,,,,,,,,
2026-01-06 09:19:50,421260,0.0,0.0,0.0,0.0,0.0,0.0,,,,,,,,,,,,,,,,,,
2026-01-06 09:20:20,421258,0.0,0.0,0.0,0.0,0.0,0.0,,,,,,,,,,,,,,,,,,
2026-01-06 09:20:20,421260,0.0,0.0,0.0,0.0,0.0,0.0,,,,,,,,,,,,,,,,,,
2026-01-06 09:20:50,421258,0.0,0.0,0.0,0.0,0.0,0.0,,,,,,,,,,,,,,,,,,
2026-01-06 09:20:50,421260,0.0,0.0,0.0,0.0,0.0,0.0,,,,,,,,,,,,,,,,,,
2026-01-06 09:21:20,421258,0.0,0.0,0.0,0.0,0.0,0.0,,,,,,,,,,,,,,,,,,
2026-01-06 09:21:20,421260,0.0,0.0,0.0,0.0,0.0,0.0,,,,,,,,,,,,,,,,,,
2026-01-06 09:21:50,421258,0.0,0.0,0.0,0.0,0.0,0.0,,,,,,,,,,,,,,,,,,
2026-01-06 09:21:50,421260,0.0,0.0,0.0,0.0,0.0,0.0,,,,,,,,,,,,,,,,,,
2026-01-06 09:22:20,421258,0.0,0.0,0.0,0.0,0.0,0.0,,,,,,,,,,,,,,,,,,
2026-01-06 09:22:20,421260,0.0,0.0,0.0,0.0,0.0,0.0,,,,,,,,,,,,,,,,,,
2026-01-06 09:22:50,421258,0.0,0.0,0.0,0.0,0.0,0.0,,,,,,,,,,,,,,,,,,
2026-01-06 09:22:50,421260,0.0,0.0,0.0,0.0,0.0,0.0,,,,,,,,,,,,,,,,,,
2026-01-06 09:23:20,421258,0.0,0.0,0.0,0.0,0.0,0.0,,,,,,,,,,,,,,,,,,
2026-01-06 09:23:20,421260,0.0,0.0,0.0,0.0,0.0,0.0,,,,,,,,,,,,,,,,,,
2026-01-06 09:23:50,421258,0.0,0.0,0.0,0.0,0.0,0.0,,,,,,,,,,,,,,,,,,
2026-01-06 09:23:50,421260,0.0,0.0,0.0,0.0,0.0,0.0,,,,,,,,,,,,,,,,,,
2026-01-06 09:24:20,421258,0.0,0.0,0.0,0.0,0.0,0.0,,,,,,,,,,,,,,,,,,
2026-01-06 09:24:20,421260,0.0,0.0,0.0,0.0,0.0,0.0,,,,,,,,,,,,,,,,,,
2026-01-06 09:24:50,421258,0.0,0.0,0.0,0.0,0.0,0.0,,,,,,,,,,,,,,,,,,
2026-01-06 09:24:50,421260,0.0,0.0,0.0,0.0,0.0,0.0,,,,,,,,,,,,,,,,,,
2026-01-06 09:25:20,421258,0.0,0.0,0.0,0.0,0.0,0.0,,,,,,,,,,,,,,,,,,
2026-01-06 09:25:20,421260,0.0,0.0,0.0,0.0,0.0,0.0,,,,,,,,,,,,,,,,,,
2026-01-06 09:25:50,421258,0.0,0.0,0.0,0.0,0.0,0.0,,,,,,,,,,,,,,,,,,
2026-01-06 09:25:50,421260,0.0,0.0,0.0,0.0,0.0,0.0,,,,,,,,,,,,,,,,,,
2026-01-06 09:26:20,421258,0.0,0.0,0.0,0.0,0.0,0.0,,,,,,,,,,,,,,,,,,
2026-01-06 09:26:20,421260,0.0,0.0,0.0,0.0,0.0,0.0,,,,,,,,,,,,,,,,,,
2026-01-06 09:26:50,421258,0.0,0.0,0.0,0.0,0.0,0.0,,,,,,,,,,,,,,,,,,
2026-01-06 09:26:50,421260,0.0,0.0,0.0,0.0,0.0,0.0,,,,,,,,,,,,,,,,,,
2026-01-06 09:27:20,421258,0.0,0.0,0.0,0.0,0.0,0.0,,,,,,,,,,,,,,,,,,
2026-01-06 09:27:20,421260,0.0,0.0,0.0,0.0,0.0,0.0,,,,,,,,,,,,,,,,,,
2026-01-06 09:27:50,421258,0.0,0.0,0.0,0.0,0.0,0.0,,,,,,,,,,,,,,,,,,
2026-01-06 09:27:50,421260,0.0,0.0,0.0,0.0,0.0,0.0,,,,,,,,,,,,,,,,,,
2026-01-06 09:28:20,421258,0.0,0.0,0.0,0.0,0.0,0.0,,,,,,,,,,,,,,,,,,
2026-01-06 09:28:20,421260,0.0,0.0,0.0,0.0,0.0,0.0,,,,,,,,,,,,,,,,,,
2026-01-06 09:28:50,421258,0.0,0.0,0.0,0.0,0.0,0.0,,,,,,,,,,,,,,,,,,
2026-01-06 09:28:50,421260,0.0,0.0,0.0,0.0,0.0,0.0,,,,,,,,,,,,,,,,,,
2026-01-06 09:29:20,421258,0.0,0.0,0.0,0.0,0.0,0.0,,,,,,,,,,,,,,,,,,
2026-01-06 09:29:20,421260,0.0,0.0,0.0,0.0,0.0,0.0,,,,,,,,,,,,,,,,,,
2026-01-06 09:29:50,421258,0.0,0.0,0.0,0.0,0.0,0.0,,,,,,,,,,,,,,,,,,
2026-01-06 09:29:50,421260,0.0,0.0,0.0,0.0,0.0,0.0,,,,,,,,,,,,,,,,,,
2026-01-06 09:30:20,421258,0.0,0.0,0.0,0.0,0.0,0.0,,,,,,,,,,,,,,,,,,
2026-01-06 09:30:20,421260,0.0,0.0,0.0,0.0,0.0,0.0,,,,,,,,,,,,,,,,,,
2026-01-06 09:30:50,421258,0.0,0.0,0.0,0.0,0.0,0.0,,,,,,,,,,,,,,,,,,
2026-01-06 09:30:50,421260,0.0,0.0,0.0,0.0,0.0,0.0,,,,,,,,,,,,,,,,,,
2026-01-06 09:31:20,421258,0.0,0.0,0.0,0.0,0.0,0.0,,,,,,,,,,,,,,,,,,
2026-01-06 09:31:20,421260,0.0,0.0,0.0,0.0,0.0,0.0,,,,,,,,,,,,,,,,,,
2026-01-06 09:31:50,421258,0.0,0.0,0.0,0.0,0.0,0.0,,,,,,,,,,,,,,,,,,
2026-01-06 09:31:50,421260,0.0,0.0,0.0,0.0,0.0,0.0,,,,,,,,,,,,,,,,,,
2026-01-06 09:32:20,421258,0.0,0.0,0.0,0.0,0.0,0.0,,,,,,,,,,,,,,,,,,
2026-01-06 09:32:20,421260,0.0,0.0,0.0,0.0,0.0,0.0,,,,,,,,,,,,,,,,,,
2026-01-06 09:32:50,421258,0.0,0.0,0.0,0.0,0.0,0.0,,,,,,,,,,,,,,,,,,
2026-01-06 09:32:50,421260,0.0,0.0,0.0,0.0,0.0,0.0,,,,,,,,,,,,,,,,,,
2026-01-06 09:33:20,421258,0.0,0.0,0.0,0.0,0.0,0.0,,,,,,,,,,,,,,,,,,
2026-01-06 09:33:20,421260,0.0,0.0,0.0,0.0,0.0,0.0,,,,,,,,,,,,,,,,,,
2026-01-06 09:33:50,421258,0.0,0.0,0.0,0.0,0.0,0.0,,,,,,,,,,,,,,,,,,
2026-01-06 09:33:50,421260,0.0,0.0,0.0,0.0,0.0,0.0,,,,,,,,,,,,,,,,,,
2026-01-06 09:34:20,421258,0.0,0.0,0.0,0.0,0.0,0.0,,,,,,,,,,,,,,,,,,
2026-01-06 09:34:20,421260,0.0,0.0,0.0,0.0,0.0,0.0,,,,,,,,,,,,,,,,,,
2026-01-06 09:34:50,421258,0.0,0.0,0.0,0.0,0.0,0.0,,,,,,,,,,,,,,,,,,
2026-01-06 09:34:50,421260,0.0,0.0,0.0,0.0,0.0,0.0,,,,,,,,,,,,,,,,,,
2026-01-06 09:35:20,421258,0.0,0.0,0.0,0.0,0.0,0.0,,,,,,,,,,,,,,,,,,
2026-01-06 09:35:20,421260,0.0,0.0,0.0,0.0,0.0,0.0,,,,,,,,,,,,,,,,,,
2026-01-06 09:35:50,421258,0.0,0.0,0.0,0.0,0.0,0.0,,,,,,,,,,,,,,,,,,
2026-01-06 09:35:50,421260,0.0,0.0,0.0,0.0,0.0,0.0,,,,,,,,,,,,,,,,,,
2026-01-06 09:36:20,421258,0.0,0.0,0.0,0.0,0.0,0.0,,,,,,,,,,,,,,,,,,
2026-01-06 09:36:20,421260,0.0,0.0,0.0,0.0,0.0,0.0,,,,,,,,,,,,,,,,,,
2026-01-06 09:36:50,421258,0.0,0.0,0.0,0.0,0.0,0.0,,,,,,,,,,,,,,,,,,
2026-01-06 09:36:50,421260,0.0,0.0,0.0,0.0,0.0,0.0,,,,,,,,,,,,,,,,,,
2026-01-06 09:37:20,421258,0.0,0.0,0.0,0.0,0.0,0.0,,,,,,,,,,,,,,,,,,
2026-01-06 09:37:20,421260,0.0,0.0,0.0,0.0,0.0,0.0,,,,,,,,,,,,,,,,,,
2026-01-06 09:37:50,421258,0.0,0.0,0.0,0.0,0.0,0.0,,,,,,,,,,,,,,,,,,
2026-01-06 09:37:50,421260,0.0,0.0,0.0,0.0,0.0,0.0,,,,,,,,,,,,,,,,,,
2026-01-06 09:38:20,421258,0.0,0.0,0.0,0.0,0.0,0.0,,,,,,,,,,,,,,,,,,
2026-01-06 09:38:20,421260,0.0,0.0,0.0,0.0,0.0,0.0,,,,,,,,,,,,,,,,,,
2026-01-06 09:38:50,421258,0.0,0.0,0.0,0.0,0.0,0.0,,,,,,,,,,,,,,,,,,
2026-01-06 09:38:50,421260,0.0,0.0,0.0,0.0,0.0,0.0,,,,,,,,,,,,,,,,,,
2026-01-06 09:39:20,421258,0.0,0.0,0.0,0.0,0.0,0.0,,,,,,,,,,,,,,,,,,
2026-01-06 09:39:20,421260,0.0,0.0,0.0,0.0,0.0,0.0,,,,,,,,,,,,,,,,,,
2026-01-06 09:39:50,421258,0.0,0.0,0.0,0.0,0.0,0.0,,,,,,,,,,,,,,,,,,
2026-01-06 09:39:50,421260,0.0,0.0,0.0,0.0,0.0,0.0,,,,,,,,,,,,,,,,,,
2026-01-06 09:40:20,421258,0.0,0.0,0.0,0.0,0.0,0.0,,,,,,,,,,,,,,,,,,
2026-01-06 09:40:20,421260,0.0,0.0,0.0,0.0,0.0,0.0,,,,,,,,,,,,,,,,,,
2026-01-06 09:40:50,421258,0.0,0.0,0.0,0.0,0.0,0.0,,,,,,,,,,,,,,,,,,
2026-01-06 09:40:50,421260,0.0,0.0,0.0,0.0,0.0,0.0,,,,,,,,,,,,,,,,,,
2026-01-06 09:41:20,421258,0.0,0.0,0.0,0.0,0.0,0.0,,,,,,,,,,,,,,,,,,
2026-01-06 09:41:20,421260,0.0,0.0,0.0,0.0,0.0,0.0,,,,,,,,,,,,,,,,,,
2026-01-06 09:41:50,421258,0.0,0.0,0.0,0.0,0.0,0.0,,,,,,,,,,,,,,,,,,
2026-01-06 09:41:50,421260,0.0,0.0,0.0,0.0,0.0,0.0,,,,,,,,,,,,,,,,,,
2026-01-06 09:42:20,421258,0.0,0.0,0.0,0.0,0.0,0.0,,,,,,,,,,,,,,,,,,
2026-01-06 09:42:20,421260,0.0,0.0,0.0,0.0,0.0,0.0,,,,,,,,,,,,,,,,,,
2026-01-06 09:42:50,421258,0.0,0.0,0.0,0.0,0.0,0.0,,,,,,,,,,,,,,,,,,
2026-01-06 09:42:50,421260,0.0,0.0,0.0,0.0,0.0,0.0,,,,,,,,,,,,,,,,,,
2026-01-06 09:43:20,421258,0.0,0.0,0.0,0.0,0.0,0.0,,,,,,,,,,,,,,,,,,
2026-01-06 09:43:20,421260,0.0,0.0,0.0,0.0,0.0,0.0,,,,,,,,,,,,,,,,,,
2026-01-06 09:43:50,421258,0.0,0.0,0.0,0.0,0.0,0.0,,,,,,,,,,,,,,,,,,
2026-01-06 09:43:50,421260,0.0,0.0,0.0,0.0,0.0,0.0,,,,,,,,,,,,,,,,,,
2026-01-06 09:44:20,421258,0.0,0.0,0.0,0.0,0.0,0.0,,,,,,,,,,,,,,,,,,
2026-01-06 09:44:20,421260,0.0,0.0,0.0,0.0,0.0,0.0,,,,,,,,,,,,,,,,,,
2026-01-06 09:44:50,421258,0.0,0.0,0.0,0.0,0.0,0.0,,,,,,,,,,,,,,,,,,
2026-01-06 09:44:50,421260,0.0,0.0,0.0,0.0,0.0,0.0,,,,,,,,,,,,,,,,,,
2026-01-06 09:45:20,421258,0.0,0.0,0.0,0.0,0.0,0.0,,,,,,,,,,,,,,,,,,
2026-01-06 09:45:20,421260,0.0,0.0,0.0,0.0,0.0,0.0,,,,,,,,,,,,,,,,,,
2026-01-06 09:45:50,421258,0.0,0.0,0.0,0.0,0.0,0.0,,,,,,,,,,,,,,,,,,
2026-01-06 09:45:50,421260,0.0,0.0,0.0,0.0,0.0,0.0,,,,,,,,,,,,,,,,,,
2026-01-06 09:46:20,421258,0.0,0.0,0.0,0.0,0.0,0.0,,,,,,,,,,,,,,,,,,
2026-01-06 09:46:20,421260,0.0,0.0,0.0,0.0,0.0,0.0,,,,,,,,,,,,,,,,,,
2026-01-06 09:46:50,421258,0.0,0.0,0.0,0.0,0.0,0.0,,,,,,,,,,,,,,,,,,
2026-01-06 09:46:50,421260,0.0,0.0,0.0,0.0,0.0,0.0,,,,,,,,,,,,,,,,,,
2026-01-06 09:47:20,421258,0.0,0.0,0.0,0.0,0.0,0.0,,,,,,,,,,,,,,,,,,
2026-01-06 09:47:20,421260,0.0,0.0,0.0,0.0,0.0,0.0,,,,,,,,,,,,,,,,,,
2026-01-06 09:47:50,421258,0.0,0.0,0.0,0.0,0.0,0.0,,,,,,,,,,,,,,,,,,
2026-01-06 09:47:50,421260,0.0,0.0,0.0,0.0,0.0,0.0,,,,,,,,,,,,,,,,,,
2026-01-06 09:48:20,421258,0.0,0.0,0.0,0.0,0.0,0.0,,,,,,,,,,,,,,,,,,
2026-01-06 09:48:20,421260,0.0,0.0,0.0,0.0,0.0,0.0,,,,,,,,,,,,,,,,,,
2026-01-06 09:48:50,421258,0.0,0.0,0.0,0.0,0.0,0.0,,,,,,,,,,,,,,,,,,
2026-01-06 09:48:50,421260,0.0,0.0,0.0,0.0,0.0,0.0,,,,,,,,,,,,,,,,,,
2026-01-06 09:49:20,421258,0.0,0.0,0.0,0.0,0.0,0.0,,,,,,,,,,,,,,,,,,
2026-01-06 09:49:20,421260,0.0,0.0,0.0,0.0,0.0,0.0,,,,,,,,,,,,,,,,,,
2026-01-06 09:49:50,421258,0.0,0.0,0.0,0.0,0.0,0.0,,,,,,,,,,,,,,,,,,
2026-01-06 09:49:50,421260,0.0,0.0,0.0,0.0,0.0,0.0,,,,,,,,,,,,,,,,,,
2026-01-06 09:50:20,421258,0.0,0.0,0.0,0.0,0.0,0.0,,,,,,,,,,,,,,,,,,
2026-01-06 09:50:20,421260,0.0,0.0,0.0,0.0,0.0,0.0,,,,,,,,,,,,,,,,,,
2026-01-06 09:50:50,421258,0.0,0.0,0.0,0.0,0.0,0.0,,,,,,,,,,,,,,,,,,
2026-01-06 09:50:50,421260,0.0,0.0,0.0,0.0,0.0,0.0,,,,,,,,,,,,,,,,,,
2026-01-06 09:51:20,421258,0.0,0.0,0.0,0.0,0.0,0.0,,,,,,,,,,,,,,,,,,
2026-01-06 09:51:20,421260,0.0,0.0,0.0,0.0,0.0,0.0,,,,,,,,,,,,,,,,,,
2026-01-06 09:51:50,421258,0.0,0.0,0.0,0.0,0.0,0.0,,,,,,,,,,,,,,,,,,
2026-01-06 09:51:50,421260,0.0,0.0,0.0,0.0,0.0,0.0,,,,,,,,,,,,,,,,,,
2026-01-06 09:52:20,421258,0.0,0.0,0.0,0.0,0.0,0.0,,,,,,,,,,,,,,,,,,
2026-01-06 09:52:20,421260,0.0,0.0,0.0,0.0,0.0,0.0,,,,,,,,,,,,,,,,,,
2026-01-06 09:52:50,421258,0.0,0.0,0.0,0.0,0.0,0.0,,,,,,,,,,,,,,,,,,
2026-01-06 09:52:50,421260,0.0,0.0,0.0,0.0,0.0,0.0,,,,,,,,,,,,,,,,,,
2026-01-06 09:53:20,421258,0.0,0.0,0.0,0.0,0.0,0.0,,,,,,,,,,,,,,,,,,
2026-01-06 09:53:20,421260,0.0,0.0,0.0,0.0,0.0,0.0,,,,,,,,,,,,,,,,,,
2026-01-06 09:53:50,421258,0.0,0.0,0.0,0.0,0.0,0.0,,,,,,,,,,,,,,,,,,
2026-01-06 09:53:50,421260,0.0,0.0,0.0,0.0,0.0,0.0,,,,,,,,,,,,,,,,,,
2026-01-06 09:54:20,421258,0.0,0.0,0.0,0.0,0.0,0.0,,,,,,,,,,,,,,,,,,
2026-01-06 09:54:20,421260,0.0,0.0,0.0,0.0,0.0,0.0,,,,,,,,,,,,,,,,,,
2026-01-06 09:54:50,421258,0.0,0.0,0.0,0.0,0.0,0.0,,,,,,,,,,,,,,,,,,
2026-01-06 09:54:50,421260,0.0,0.0,0.0,0.0,0.0,0.0,,,,,,,,,,,,,,,,,,
2026-01-06 09:55:20,421258,0.0,0.0,0.0,0.0,0.0,0.0,,,,,,,,,,,,,,,,,,
2026-01-06 09:55:20,421260,0.0,0.0,0.0,0.0,0.0,0.0,,,,,,,,,,,,,,,,,,
2026-01-06 09:55:50,421258,0.0,0.0,0.0,0.0,0.0,0.0,,,,,,,,,,,,,,,,,,
2026-01-06 09:55:50,421260,0.0,0.0,0.0,0.0,0.0,0.0,,,,,,,,,,,,,,,,,,
2026-01-06 09:56:20,421258,0.0,0.0,0.0,0.0,0.0,0.0,,,,,,,,,,,,,,,,,,
2026-01-06 09:56:20,421260,0.0,0.0,0.0,0.0,0.0,0.0,,,,,,,,,,,,,,,,,,
2026-01-06 09:56:50,421258,0.0,0.0,0.0,0.0,0.0,0.0,,,,,,,,,,,,,,,,,,
2026-01-06 09:56:50,421260,0.0,0.0,0.0,0.0,0.0,0.0,,,,,,,,,,,,,,,,,,
2026-01-06 09:57:20,421258,0.0,0.0,0.0,0.0,0.0,0.0,,,,,,,,,,,,,,,,,,
2026-01-06 09:57:20,421260,0.0,0.0,0.0,0.0,0.0,0.0,,,,,,,,,,,,,,,,,,
2026-01-06 09:57:50,421258,0.0,0.0,0.0,0.0,0.0,0.0,,,,,,,,,,,,,,,,,,
2026-01-06 09:57:50,421260,0.0,0.0,0.0,0.0,0.0,0.0,,,,,,,,,,,,,,,,,,
2026-01-06 09:58:20,421258,0.0,0.0,0.0,0.0,0.0,0.0,,,,,,,,,,,,,,,,,,
2026-01-06 09:58:20,421260,0.0,0.0,0.0,0.0,0.0,0.0,,,,,,,,,,,,,,,,,,
2026-01-06 09:58:50,421258,0.0,0.0,0.0,0.0,0.0,0.0,,,,,,,,,,,,,,,,,,
2026-01-06 09:58:50,421260,0.0,0.0,0.0,0.0,0.0,0.0,,,,,,,,,,,,,,,,,,
2026-01-06 09:59:20,421258,0.0,0.0,0.0,0.0,0.0,0.0,,,,,,,,,,,,,,,,,,
2026-01-06 09:59:20,421260,0.0,0.0,0.0,0.0,0.0,0.0,,,,,,,,,,,,,,,,,,
2026-01-06 09:59:50,421258,0.0,0.0,0.0,0.0,0.0,0.0,,,,,,,,,,,,,,,,,,
2026-01-06 09:59:50,421260,0.0,0.0,0.0,0.0,0.0,0.0,,,,,,,,,,,,,,,,,,
2026-01-06 10:00:20,421258,7.0,0.0278,71.0,5.0,0.0378,56.0,,,,,,,,,,,,,,,,,,
2026-01-06 10:00:20,421260,3.0,0.0189,65.0,8.0,0.0539,52.0,,,,,,,,,,,,,,,,,,
2026-01-06 10:00:50,421258,9.0,0.0406,71.0,6.0,0.075,49.0,,,,,,,,,,,,,,,,,,
2026-01-06 10:00:50,421260,10.0,0.0539,65.0,8.0,0.0578,56.0,,,,,,,,,,,,,,,,,,
2026-01-06 10:01:20,421258,8.0,0.035,60.0,9.0,0.1178,44.0,,,,,,,,,,,,,,,,,,
2026-01-06 10:01:20,421260,18.0,0.1106,60.0,11.0,0.0989,56.0,,,,,,,,,,,,,,,,,,
2026-01-06 10:01:50,421258,7.0,0.035,65.0,3.0,0.0267,52.0,,,,,,,,,,,,,,,,,,
2026-01-06 10:01:50,421260,7.0,0.0367,65.0,11.0,0.0817,56.0,,,,,,,,,,,,,,,,,,
2026-01-06 10:02:20,421258,10.0,0.0456,60.0,9.0,0.1256,44.0,,,,,,,,,,,,,,,,,,
2026-01-06 10:02:20,421260,15.0,0.0917,60.0,10.0,0.0917,46.0,,,,,,,,,,,,,,,,,,
2026-01-06 10:02:50,421258,10.0,0.045,65.0,8.0,0.065,52.0,,,,,,,,,,,,,,,,,,
2026-01-06 10:02:50,421260,6.0,0.0289,78.0,7.0,0.05,60.0,,,,,,,,,,,,,,,,,,
2026-01-06 10:03:20,421258,17.0,0.075,60.0,10.0,0.0939,52.0,,,,,,,,,,,,,,,,,,
2026-01-06 10:03:20,421260,5.0,0.0239,78.0,10.0,0.0628,65.0,,,,,,,,,,,,,,,,,,
2026-01-06 10:03:50,421258,5.0,0.0267,65.0,8.0,0.105,36.0,,,,,,,,,,,,,,,,,,
2026-01-06 10:03:50,421260,5.0,0.025,71.0,6.0,0.0356,65.0,,,,,,,,,,,,,,,,,,
2026-01-06 10:04:20,421258,14.0,0.0606,60.0,11.0,0.1239,38.0,,,,,,,,,,,,,,,,,,
2026-01-06 10:04:20,421260,13.0,0.0728,65.0,9.0,0.0767,60.0,,,,,,,,,,,,,,,,,,
2026-01-06 10:04:50,421258,6.0,0.0239,71.0,12.0,0.1156,46.0,,,,,,,,,,,,,,,,,,
2026-01-06 10:04:50,421260,13.0,0.0739,65.0,9.0,0.0656,56.0,,,,,,,,,,,,,,,,,,
2026-01-06 10:05:20,421258,7.0,0.0278,78.0,6.0,0.0417,60.0,,,,,,,,,,,,,,,,,,
2026-01-06 10:05:20,421260,7.0,0.04,71.0,4.0,0.0228,65.0,,,,,,,,,,,,,,,,,,
2026-01-06 10:05:50,421258,4.0,0.0156,71.0,10.0,0.0739,52.0,,,,,,,,,,,,,,,,,,
2026-01-06 10:05:50,421260,7.0,0.0356,71.0,7.0,0.0506,60.0,,,,,,,,,,,,,,,,,,
2026-01-06 10:06:20,421258,16.0,0.0678,65.0,11.0,0.0939,52.0,,,,,,,,,,,,,,,,,,
2026-01-06 10:06:20,421260,7.0,0.0417,65.0,6.0,0.0417,60.0,,,,,,,,,,,,,,,,,,
2026-01-06 10:06:50,421258,7.0,0.0328,65.0,7.0,0.0467,56.0,,,,,,,,,,,,,,,,,,
2026-01-06 10:06:50,421260,6.0,0.03,71.0,6.0,0.0478,56.0,,,,,,,,,,,,,,,,,,
2026-01-06 10:07:20,421258,8.0,0.0339,65.0,4.0,0.0339,56.0,,,,,,,,,,,,,,,,,,
2026-01-06 10:07:20,421260,4.0,0.02,71.0,7.0,0.0539,60.0,,,,,,,,,,,,,,,,,,
2026-01-06 10:07:50,421258,4.0,0.0178,65.0,6.0,0.0617,49.0,,,,,,,,,,,,,,,,,,
2026-01-06 10:07:50,421260,1.0,0.0056,71.0,4.0,0.0239,65.0,,,,,,,,,,,,,,,,,,
2026-01-06 10:08:20,421258,6.0,0.0267,65.0,6.0,0.0617,56.0,,,,,,,,,,,,,,,,,,
2026-01-06 10:08:20,421260,6.0,0.035,65.0,8.0,0.0617,52.0,,,,,,,,,,,,,,,,,,
2026-01-06 10:08:50,421258,11.0,0.045,71.0,5.0,0.0539,49.0,,,,,,,,,,,,,,,,,,
2026-01-06 10:08:50,421260,11.0,0.0628,65.0,7.0,0.06,56.0,,,,,,,,,,,,,,,,,,
2026-01-06 10:09:20,421258,3.0,0.0139,65.0,5.0,0.0456,52.0,,,,,,,,,,,,,,,,,,
2026-01-06 10:09:20,421260,11.0,0.0789,65.0,11.0,0.0789,56.0,,,,,,,,,,,,,,,,,,
2026-01-06 10:09:50,421258,0.0,0.0,0.0,3.0,0.0217,56.0,,,,,,,,,,,,,,,,,,
2026-01-06 10:09:50,421260,9.0,0.0628,56.0,7.0,0.0567,52.0,,,,,,,,,,,,,,,,,,
2026-01-06 10:10:20,421258,5.0,0.0228,71.0,4.0,0.0317,52.0,,,,,,,,,,,,,,,,,,
2026-01-06 10:10:20,421260,9.0,0.0556,60.0,7.0,0.0628,49.0,,,,,,,,,,,,,,,,,,
2026-01-06 10:10:50,421258,9.0,0.0428,60.0,8.0,0.105,42.0,,,,,,,,,,,,,,,,,,
2026-01-06 10:10:50,421260,15.0,0.0906,60.0,13.0,0.1417,46.0,,,,,,,,,,,,,,,,,,
2026-01-06 10:11:20,421258,18.0,0.0967,65.0,12.0,0.155,46.0,,,,,,,,,,,,,,,,,,
2026-01-06 10:11:20,421260,6.0,0.0339,65.0,11.0,0.0889,52.0,,,,,,,,,,,,,,,,,,
2026-01-06 10:11:50,421258,10.0,0.045,65.0,5.0,0.0589,52.0,,,,,,,,,,,,,,,,,,
2026-01-06 10:11:50,421260,7.0,0.0417,65.0,5.0,0.0606,52.0,,,,,,,,,,,,,,,,,,
2026-01-06 10:12:20,421258,5.0,0.0228,65.0,7.0,0.0856,44.0,,,,,,,,,,,,,,,,,,
2026-01-06 10:12:20,421260,5.0,0.0267,65.0,6.0,0.0389,56.0,,,,,,,,,,,,,,,,,,
2026-01-06 10:12:50,421258,11.0,0.0489,71.0,4.0,0.055,30.0,,,,,,,,,,,,,,,,,,
2026-01-06 10:12:50,421260,8.0,0.0467,65.0,8.0,0.0517,56.0,,,,,,,,,,,,,,,,,,
2026-01-06 10:13:20,421258,11.0,0.0556,60.0,11.0,0.1906,36.0,,,,,,,,,,,,,,,,,,
2026-01-06 10:13:20,421260,13.0,0.0756,60.0,9.0,0.065,56.0,,,,,,,,,,,,,,,,,,
2026-01-06 10:13:50,421258,8.0,0.035,60.0,8.0,0.1,40.0,,,,,,,,,,,,,,,,,,
2026-01-06 10:13:50,421260,15.0,0.0878,65.0,8.0,0.065,52.0,,,,,,,,,,,,,,,,,,
2026-01-06 10:14:20,421258,8.0,0.0339,65.0,7.0,0.0628,46.0,,,,,,,,,,,,,,,,,,
2026-01-06 10:14:20,421260,3.0,0.0167,65.0,5.0,0.0489,60.0,,,,,,,,,,,,,,,,,,
2026-01-06 10:14:50,421258,5.0,0.025,60.0,6.0,0.0656,44.0,,,,,,,,,,,,,,,,,,
2026-01-06 10:14:50,421260,6.0,0.0367,65.0,8.0,0.0606,56.0,,,,,,,,,,,,,,,,,,
2026-01-06 10:15:20,421258,13.0,0.06,60.0,11.0,0.1117,46.0,,,,,,,,,,,,,,,,,,
2026-01-06 10:15:20,421260,11.0,0.0589,65.0,7.0,0.0467,60.0,,,,,,,,,,,,,,,,,,
2026-01-06 10:15:50,421258,11.0,0.0467,71.0,9.0,0.07,56.0,,,,,,,,,,,,,,,,,,
2026-01-06 10:15:50,421260,9.0,0.0489,71.0,4.0,0.0328,56.0,,,,,,,,,,,,,,,,,,
2026-01-06 10:16:20,421258,8.0,0.0356,65.0,4.0,0.0456,56.0,,,,,,,,,,,,,,,,,,
2026-01-06 10:16:20,421260,13.0,0.0739,65.0,11.0,0.095,52.0,,,,,,,,,,,,,,,,,,
2026-01-06 10:16:50,421258,10.0,0.045,65.0,8.0,0.0828,52.0,,,,,,,,,,,,,,,,,,
2026-01-06 10:16:50,421260,7.0,0.0389,65.0,9.0,0.0639,60.0,,,,,,,,,,,,,,,,,,
2026-01-06 10:17:20,421258,7.0,0.0256,71.0,8.0,0.0606,56.0,,,,,,,,,,,,,,,,,,
2026-01-06 10:17:20,421260,10.0,0.0539,65.0,9.0,0.0628,60.0,,,,,,,,,,,,,,,,,,
2026-01-06 10:17:50,421258,9.0,0.0378,71.0,6.0,0.0528,49.0,,,,,,,,,,,,,,,,,,
2026-01-06 10:17:50,421260,10.0,0.06,65.0,8.0,0.0717,49.0,,,,,,,,,,,,,,,,,,
2026-01-06 10:18:20,421258,8.0,0.0328,71.0,6.0,0.1017,34.0,,,,,,,,,,,,,,,,,,
2026-01-06 10:18:20,421260,17.0,0.1156,60.0,9.0,0.0739,52.0,,,,,,,,,,,,,,,,,,
2026-01-06 10:18:50,421258,13.0,0.0539,71.0,9.0,0.1078,44.0,,,,,,,,,,,,,,,,,,
2026-01-06 10:18:50,421260,12.0,0.07,65.0,10.0,0.0717,56.0,,,,,,,,,,,,,,,,,,
2026-01-06 10:19:20,421258,11.0,0.0489,60.0,7.0,0.0567,56.0,,,,,,,,,,,,,,,,,,
2026-01-06 10:19:20,421260,11.0,0.0606,71.0,7.0,0.0439,60.0,,,,,,,,,,,,,,,,,,
2026-01-06 10:19:50,421258,8.0,0.0339,65.0,7.0,0.0689,52.0,,,,,,,,,,,,,,,,,,
2026-01-06 10:19:50,421260,9.0,0.0506,71.0,8.0,0.0639,56.0,,,,,,,,,,,,,,,,,,
2026-01-06 10:20:20,421258,10.0,0.0417,71.0,6.0,0.0889,49.0,,,,,,,,,,,,,,,,,,
2026-01-06 10:20:20,421260,12.0,0.0678,65.0,10.0,0.1089,56.0,,,,,,,,,,,,,,,,,,
2026-01-06 10:20:50,421258,22.0,0.115,60.0,12.0,0.1278,44.0,,,,,,,,,,,,,,,,,,
2026-01-06 10:20:50,421260,13.0,0.0756,65.0,12.0,0.0817,56.0,,,,,,,,,,,,,,,,,,
2026-01-06 10:21:20,421258,10.0,0.0406,71.0,7.0,0.0539,52.0,,,,,,,,,,,,,,,,,,
2026-01-06 10:21:20,421260,15.0,0.0867,71.0,7.0,0.0467,60.0,,,,,,,,,,,,,,,,,,
2026-01-06 10:21:50,421258,7.0,0.0306,71.0,7.0,0.065,49.0,,,,,,,,,,,,,,,,,,
2026-01-06 10:21:50,421260,15.0,0.085,65.0,15.0,0.11,56.0,,,,,,,,,,,,,,,,,,
2026-01-06 10:22:20,421258,10.0,0.0456,65.0,9.0,0.1256,36.0,,,,,,,,,,,,,,,,,,
2026-01-06 10:22:20,421260,8.0,0.04,71.0,3.0,0.02,60.0,,,,,,,,,,,,,,,,,,
2026-01-06 10:22:50,421258,12.0,0.0517,60.0,12.0,0.1217,49.0,,,,,,,,,,,,,,,,,,
2026-01-06 10:22:50,421260,5.0,0.0267,71.0,4.0,0.0256,60.0,,,,,,,,,,,,,,,,,,
2026-01-06 10:23:20,421258,16.0,0.0728,65.0,13.0,0.1089,49.0,,,,,,,,,,,,,,,,,,
2026-01-06 10:23:20,421260,10.0,0.0506,71.0,3.0,0.025,52.0,,,,,,,,,,,,,,,,,,
2026-01-06 10:23:50,421258,13.0,0.06,65.0,12.0,0.0928,52.0,,,,,,,,,,,,,,,,,,
2026-01-06 10:23:50,421260,8.0,0.0467,65.0,7.0,0.065,49.0,,,,,,,,,,,,,,,,,,
2026-01-06 10:24:20,421258,3.0,0.0117,71.0,4.0,0.0317,49.0,,,,,,,,,,,,,,,,,,
2026-01-06 10:24:20,421260,9.0,0.05,71.0,10.0,0.0656,60.0,,,,,,,,,,,,,,,,,,
2026-01-06 10:24:50,421258,7.0,0.0278,65.0,8.0,0.0628,52.0,,,,,,,,,,,,,,,,,,
2026-01-06 10:24:50,421260,1.0,0.0039,71.0,6.0,0.0406,56.0,,,,,,,,,,,,,,,,,,
2026-01-06 10:25:20,421258,5.0,0.0217,71.0,2.0,0.015,60.0,,,,,,,,,,,,,,,,,,
2026-01-06 10:25:20,421260,9.0,0.05,65.0,9.0,0.0678,60.0,,,,,,,,,,,,,,,,,,
2026-01-06 10:25:50,421258,8.0,0.0339,65.0,6.0,0.07,49.0,,,,,,,,,,,,,,,,,,
2026-01-06 10:25:50,421260,11.0,0.0689,60.0,9.0,0.0578,52.0,,,,,,,,,,,,,,,,,,
2026-01-06 10:26:20,421258,9.0,0.0406,60.0,6.0,0.0906,40.0,,,,,,,,,,,,,,,,,,
2026-01-06 10:26:20,421260,10.0,0.0567,65.0,7.0,0.0478,56.0,,,,,,,,,,,,,,,,,,
2026-01-06 10:26:50,421258,6.0,0.0278,65.0,11.0,0.1039,42.0,,,,,,,,,,,,,,,,,,
2026-01-06 10:26:50,421260,9.0,0.0517,71.0,5.0,0.0339,60.0,,,,,,,,,,,,,,,,,,
2026-01-06 10:27:20,421258,5.0,0.02,71.0,7.0,0.0589,49.0,,,,,,,,,,,,,,,,,,
2026-01-06 10:27:20,421260,12.0,0.0678,65.0,10.0,0.0878,52.0,,,,,,,,,,,,,,,,,,
2026-01-06 10:27:50,421258,13.0,0.06,65.0,8.0,0.1078,46.0,,,,,,,,,,,,,,,,,,
2026-01-06 10:27:50,421260,8.0,0.0417,71.0,8.0,0.0478,65.0,,,,,,,,,,,,,,,,,,
2026-01-06 10:28:20,421258,13.0,0.06,65.0,6.0,0.0689,49.0,,,,,,,,,,,,,,,,,,
2026-01-06 10:28:20,421260,10.0,0.055,65.0,7.0,0.0539,56.0,,,,,,,,,,,,,,,,,,
2026-01-06 10:28:50,421258,6.0,0.0239,78.0,9.0,0.0628,52.0,,,,,,,,,,,,,,,,,,
2026-01-06 10:28:50,421260,5.0,0.0256,71.0,10.0,0.0728,56.0,,,,,,,,,,,,,,,,,,
2026-01-06 10:29:20,421258,11.0,0.0489,71.0,7.0,0.0828,49.0,,,,,,,,,,,,,,,,,,
2026-01-06 10:29:20,421260,9.0,0.0506,71.0,8.0,0.065,56.0,,,,,,,,,,,,,,,,,,
2026-01-06 10:29:50,421258,14.0,0.065,65.0,8.0,0.0856,44.0,,,,,,,,,,,,,,,,,,
2026-01-06 10:29:50,421260,15.0,0.0856,71.0,10.0,0.0628,60.0,,,,,,,,,,,,,,,,,,
2026-01-06 10:30:20,421258,2.0,0.0078,60.0,7.0,0.0628,46.0,,,,,,,,,,,,,,,,,,
2026-01-06 10:30:20,421260,7.0,0.0356,71.0,6.0,0.0406,60.0,,,,,,,,,,,,,,,,,,
2026-01-06 10:30:50,421258,11.0,0.0467,60.0,8.0,0.0889,46.0,,,,,,,,,,,,,,,,,,
2026-01-06 10:30:50,421260,7.0,0.0417,65.0,8.0,0.0778,49.0,,,,,,,,,,,,,,,,,,
2026-01-06 10:31:20,421258,5.0,0.0217,78.0,5.0,0.0439,52.0,,,,,,,,,,,,,,,,,,
2026-01-06 10:31:20,421260,15.0,0.0917,65.0,10.0,0.1006,52.0,,,,,,,,,,,,,,,,,,
2026-01-06 10:31:50,421258,9.0,0.045,65.0,11.0,0.105,44.0,,,,,,,,,,,,,,,,,,
2026-01-06 10:31:50,421260,8.0,0.0467,71.0,8.0,0.0567,60.0,,,,,,,,,,,,,,,,,,
2026-01-06 10:32:20,421258,14.0,0.0728,56.0,9.0,0.0839,46.0,,,,,,,,,,,,,,,,,,
2026-01-06 10:32:20,421260,6.0,0.03,71.0,6.0,0.0428,60.0,,,,,,,,,,,,,,,,,,
2026-01-06 10:32:50,421258,5.0,0.02,71.0,5.0,0.0589,49.0,,,,,,,,,,,,,,,,,,
2026-01-06 10:32:50,421260,6.0,0.0339,71.0,7.0,0.045,56.0,,,,,,,,,,,,,,,,,,
2026-01-06 10:33:20,421258,17.0,0.0789,65.0,12.0,0.1517,49.0,,,,,,,,,,,,,,,,,,
2026-01-06 10:33:20,421260,7.0,0.0389,71.0,4.0,0.0256,65.0,,,,,,,,,,,,,,,,,,
2026-01-06 10:33:50,421258,6.0,0.0256,71.0,8.0,0.07,52.0,,,,,,,,,,,,,,,,,,
2026-01-06 10:33:50,421260,10.0,0.0556,65.0,7.0,0.0528,56.0,,,,,,,,,,,,,,,,,,
2026-01-06 10:34:20,421258,6.0,0.0256,65.0,5.0,0.0428,49.0,,,,,,,,,,,,,,,,,,
2026-01-06 10:34:20,421260,13.0,0.075,65.0,7.0,0.0539,56.0,,,,,,,,,,,,,,,,,,
2026-01-06 10:34:50,421258,7.0,0.0328,65.0,9.0,0.0817,56.0,,,,,,,,,,,,,,,,,,
2026-01-06 10:34:50,421260,5.0,0.0267,71.0,3.0,0.0228,52.0,,,,,,,,,,,,,,,,,,
2026-01-06 10:35:20,421258,4.0,0.0156,78.0,3.0,0.02,60.0,,,,,,,,,,,,,,,,,,
2026-01-06 10:35:20,421260,13.0,0.0739,65.0,9.0,0.0667,49.0,,,,,,,,,,,,,,,,,,
2026-01-06 10:35:50,421258,9.0,0.04,71.0,9.0,0.07,49.0,,,,,,,,,,,,,,,,,,
2026-01-06 10:35:50,421260,7.0,0.0339,71.0,4.0,0.0278,60.0,,,,,,,,,,,,,,,,,,
2026-01-06 10:36:20,421258,10.0,0.0428,65.0,6.0,0.0689,49.0,,,,,,,,,,,,,,,,,,
2026-01-06 10:36:20,421260,7.0,0.0428,60.0,9.0,0.0717,46.0,,,,,,,,,,,,,,,,,,
2026-01-06 10:36:50,421258,10.0,0.045,60.0,6.0,0.0706,49.0,,,,,,,,,,,,,,,,,,
2026-01-06 10:36:50,421260,16.0,0.0989,60.0,9.0,0.0728,49.0,,,,,,,,,,,,,,,,,,
2026-01-06 10:37:20,421258,10.0,0.0417,71.0,6.0,0.07,49.0,,,,,,,,,,,,,,,,,,
2026-01-06 10:37:20,421260,9.0,0.0539,65.0,12.0,0.0828,56.0,,,,,,,,,,,,,,,,,,
2026-01-06 10:37:50,421258,4.0,0.0178,60.0,7.0,0.0689,49.0,,,,,,,,,,,,,,,,,,
2026-01-06 10:37:50,421260,4.0,0.02,78.0,6.0,0.0478,56.0,,,,,,,,,,,,,,,,,,
2026-01-06 10:38:20,421258,1.0,0.005,60.0,2.0,0.0156,49.0,,,,,,,,,,,,,,,,,,
2026-01-06 10:38:20,421260,4.0,0.0217,71.0,6.0,0.0439,56.0,,,,,,,,,,,,,,,,,,
2026-01-06 10:38:50,421258,18.0,0.0917,60.0,12.0,0.1428,44.0,,,,,,,,,,,,,,,,,,
2026-01-06 10:38:50,421260,9.0,0.0567,65.0,9.0,0.0617,56.0,,,,,,,,,,,,,,,,,,
2026-01-06 10:39:20,421258,11.0,0.0528,60.0,13.0,0.1367,44.0,,,,,,,,,,,,,,,,,,
2026-01-06 10:39:20,421260,14.0,0.0767,65.0,11.0,0.1089,52.0,,,,,,,,,,,,,,,,,,
2026-01-06 10:39:50,421258,5.0,0.0217,65.0,7.0,0.0728,46.0,,,,,,,,,,,,,,,,,,
2026-01-06 10:39:50,421260,10.0,0.0517,71.0,8.0,0.0528,52.0,,,,,,,,,,,,,,,,,,
2026-01-06 10:40:20,421258,3.0,0.0156,71.0,5.0,0.0417,49.0,,,,,,,,,,,,,,,,,,
2026-01-06 10:40:20,421260,11.0,0.0628,71.0,7.0,0.0406,65.0,,,,,,,,,,,,,,,,,,
2026-01-06 10:40:50,421258,14.0,0.06,65.0,11.0,0.0928,49.0,,,,,,,,,,,,,,,,,,
2026-01-06 10:40:50,421260,5.0,0.025,71.0,5.0,0.0406,60.0,,,,,,,,,,,,,,,,,,
2026-01-06 10:41:20,421258,10.0,0.0428,65.0,6.0,0.1017,49.0,,,,,,,,,,,,,,,,,,
2026-01-06 10:41:20,421260,10.0,0.0578,65.0,7.0,0.0528,56.0,,,,,,,,,,,,,,,,,,
2026-01-06 10:41:50,421258,12.0,0.0539,65.0,11.0,0.1167,52.0,,,,,,,,,,,,,,,,,,
2026-01-06 10:41:50,421260,9.0,0.05,65.0,10.0,0.08,56.0,,,,,,,,,,,,,,,,,,
2026-01-06 10:42:20,421258,5.0,0.0239,56.0,8.0,0.0567,56.0,,,,,,,,,,,,,,,,,,
2026-01-06 10:42:20,421260,9.0,0.0489,65.0,10.0,0.0689,56.0,,,,,,,,,,,,,,,,,,
2026-01-06 10:42:50,421258,6.0,0.03,65.0,5.0,0.0439,52.0,,,,,,,,,,,,,,,,,,
2026-01-06 10:42:50,421260,6.0,0.03,71.0,7.0,0.0539,60.0,,,,,,,,,,,,,,,,,,
2026-01-06 10:43:20,421258,8.0,0.0328,71.0,5.0,0.0417,49.0,,,,,,,,,,,,,,,,,,
2026-01-06 10:43:20,421260,14.0,0.0806,65.0,6.0,0.0406,60.0,,,,,,,,,,,,,,,,,,
2026-01-06 10:43:50,421258,9.0,0.0406,65.0,9.0,0.0706,52.0,,,,,,,,,,,,,,,,,,
2026-01-06 10:43:50,421260,14.0,0.0778,65.0,13.0,0.1228,52.0,,,,,,,,,,,,,,,,,,
2026-01-06 10:44:20,421258,8.0,0.0367,65.0,11.0,0.1017,46.0,,,,,,,,,,,,,,,,,,
2026-01-06 10:44:20,421260,5.0,0.0306,65.0,9.0,0.0656,52.0,,,,,,,,,,,,,,,,,,
2026-01-06 10:44:50,421258,10.0,0.0417,71.0,7.0,0.0606,52.0,,,,,,,,,,,,,,,,,,
2026-01-06 10:44:50,421260,11.0,0.06,71.0,9.0,0.0656,60.0,,,,,,,,,,,,,,,,,,
2026-01-06 10:45:20,421258,10.0,0.0428,71.0,8.0,0.0978,49.0,,,,,,,,,,,,,,,,,,
2026-01-06 10:45:20,421260,9.0,0.0439,71.0,10.0,0.0656,56.0,,,,,,,,,,,,,,,,,,
2026-01-06 10:45:50,421258,6.0,0.0378,65.0,8.0,0.0928,46.0,,,,,,,,,,,,,,,,,,
2026-01-06 10:45:50,421260,3.0,0.0128,78.0,2.0,0.0106,71.0,,,,,,,,,,,,,,,,,,
2026-01-06 10:46:20,421258,10.0,0.0528,56.0,12.0,0.14,44.0,,,,,,,,,,,,,,,,,,
2026-01-06 10:46:20,421260,6.0,0.0328,71.0,7.0,0.05,60.0,,,,,,,,,,,,,,,,,,
2026-01-06 10:46:50,421258,15.0,0.0739,60.0,10.0,0.11,46.0,,,,,,,,,,,,,,,,,,
2026-01-06 10:46:50,421260,7.0,0.0428,71.0,6.0,0.0389,60.0,,,,,,,,,,,,,,,,,,
2026-01-06 10:47:20,421258,5.0,0.02,71.0,4.0,0.03,52.0,,,,,,,,,,,,,,,,,,
2026-01-06 10:47:20,421260,10.0,0.0517,71.0,8.0,0.0606,56.0,,,,,,,,,,,,,,,,,,
2026-01-06 10:47:50,421258,4.0,0.0156,78.0,6.0,0.055,52.0,,,,,,,,,,,,,,,,,,
2026-01-06 10:47:50,421260,9.0,0.0456,78.0,6.0,0.0389,65.0,,,,,,,,,,,,,,,,,,
2026-01-06 10:48:20,421258,8.0,0.0339,71.0,7.0,0.0567,49.0,,,,,,,,,,,,,,,,,,
2026-01-06 10:48:20,421260,10.0,0.055,71.0,7.0,0.065,56.0,,,,,,,,,,,,,,,,,,
2026-01-06 10:48:50,421258,3.0,0.0117,78.0,5.0,0.0489,52.0,,,,,,,,,,,,,,,,,,
2026-01-06 10:48:50,421260,11.0,0.06,65.0,13.0,0.0889,56.0,,,,,,,,,,,,,,,,,,
2026-01-06 10:49:20,421258,13.0,0.0606,65.0,8.0,0.07,49.0,,,,,,,,,,,,,,,,,,
2026-01-06 10:49:20,421260,6.0,0.0278,78.0,7.0,0.0428,65.0,,,,,,,,,,,,,,,,,,
2026-01-06 10:49:50,421258,9.0,0.0428,65.0,9.0,0.0617,56.0,,,,,,,,,,,,,,,,,,
2026-01-06 10:49:50,421260,11.0,0.06,65.0,13.0,0.0889,60.0,,,,,,,,,,,,,,,,,,
2026-01-06 10:50:20,421258,4.0,0.0156,65.0,4.0,0.0467,49.0,,,,,,,,,,,,,,,,,,
2026-01-06 10:50:20,421260,2.0,0.0089,78.0,4.0,0.0289,65.0,,,,,,,,,,,,,,,,,,
2026-01-06 10:50:50,421258,16.0,0.0656,65.0,12.0,0.1256,44.0,,,,,,,,,,,,,,,,,,
2026-01-06 10:50:50,421260,13.0,0.0739,65.0,11.0,0.0778,52.0,,,,,,,,,,,,,,,,,,
2026-01-06 10:51:20,421258,5.0,0.02,71.0,9.0,0.0739,49.0,,,,,,,,,,,,,,,,,,
2026-01-06 10:51:20,421260,8.0,0.0406,78.0,3.0,0.0239,65.0,,,,,,,,,,,,,,,,,,
2026-01-06 10:51:50,421258,8.0,0.035,71.0,12.0,0.0956,52.0,,,,,,,,,,,,,,,,,,
2026-01-06 10:51:50,421260,7.0,0.04,71.0,9.0,0.0578,52.0,,,,,,,,,,,,,,,,,,
2026-01-06 10:52:20,421258,2.0,0.0089,60.0,6.0,0.0428,56.0,,,,,,,,,,,,,,,,,,
2026-01-06 10:52:20,421260,5.0,0.0289,65.0,8.0,0.0517,52.0,,,,,,,,,,,,,,,,,,
2026-01-06 10:52:50,421258,12.0,0.0539,65.0,7.0,0.0867,46.0,,,,,,,,,,,,,,,,,,
2026-01-06 10:52:50,421260,14.0,0.0806,65.0,11.0,0.0878,56.0,,,,,,,,,,,,,,,,,,
2026-01-06 10:53:20,421258,7.0,0.0306,71.0,9.0,0.0706,49.0,,,,,,,,,,,,,,,,,,
2026-01-06 10:53:20,421260,18.0,0.1117,60.0,12.0,0.0867,52.0,,,,,,,,,,,,,,,,,,
2026-01-06 10:53:50,421258,1.0,0.0039,60.0,2.0,0.0117,60.0,,,,,,,,,,,,,,,,,,
2026-01-06 10:53:50,421260,7.0,0.0378,65.0,6.0,0.0639,46.0,,,,,,,,,,,,,,,,,,
2026-01-06 10:54:20,421258,5.0,0.0217,71.0,9.0,0.1628,42.0,,,,,,,,,,,,,,,,,,
2026-01-06 10:54:20,421260,9.0,0.0567,60.0,7.0,0.0606,49.0,,,,,,,,,,,,,,,,,,
2026-01-06 10:54:50,421258,17.0,0.0917,60.0,14.0,0.1278,49.0,,,,,,,,,,,,,,,,,,
2026-01-06 10:54:50,421260,10.0,0.0539,71.0,12.0,0.0906,52.0,,,,,,,,,,,,,,,,,,
2026-01-06 10:55:20,421258,11.0,0.0489,71.0,5.0,0.0506,52.0,,,,,,,,,,,,,,,,,,
2026-01-06 10:55:20,421260,15.0,0.0828,65.0,6.0,0.0567,49.0,,,,,,,,,,,,,,,,,,
2026-01-06 10:55:50,421258,10.0,0.0439,65.0,8.0,0.0656,49.0,,,,,,,,,,,,,,,,,,
2026-01-06 10:55:50,421260,5.0,0.0317,60.0,4.0,0.0328,52.0,,,,,,,,,,,,,,,,,,
2026-01-06 10:56:20,421258,11.0,0.0528,60.0,11.0,0.1439,42.0,,,,,,,,,,,,,,,,,,
2026-01-06 10:56:20,421260,12.0,0.0689,65.0,9.0,0.0689,49.0,,,,,,,,,,,,,,,,,,
2026-01-06 10:56:50,421258,6.0,0.0278,65.0,7.0,0.0928,40.0,,,,,,,,,,,,,,,,,,
2026-01-06 10:56:50,421260,11.0,0.06,65.0,7.0,0.055,56.0,,,,,,,,,,,,,,,,,,
2026-01-06 10:57:20,421258,13.0,0.0556,65.0,10.0,0.0889,52.0,,,,,,,,,,,,,,,,,,
2026-01-06 10:57:20,421260,9.0,0.0539,65.0,11.0,0.1128,52.0,,,,,,,,,,,,,,,,,,
2026-01-06 10:57:50,421258,4.0,0.0156,65.0,6.0,0.0767,46.0,,,,,,,,,,,,,,,,,,
2026-01-06 10:57:50,421260,11.0,0.0639,65.0,7.0,0.0578,56.0,,,,,,,,,,,,,,,,,,
2026-01-06 10:58:20,421258,10.0,0.045,65.0,6.0,0.0739,44.0,,,,,,,,,,,,,,,,,,
2026-01-06 10:58:20,421260,12.0,0.0756,60.0,6.0,0.0517,52.0,,,,,,,,,,,,,,,,,,
2026-01-06 10:58:50,421258,12.0,0.0606,65.0,12.0,0.1689,42.0,,,,,,,,,,,,,,,,,,
2026-01-06 10:58:50,421260,10.0,0.055,71.0,8.0,0.055,60.0,,,,,,,,,,,,,,,,,,
2026-01-06 10:59:20,421258,9.0,0.0406,60.0,6.0,0.0906,44.0,,,,,,,,,,,,,,,,,,
2026-01-06 10:59:20,421260,8.0,0.0439,71.0,7.0,0.0456,60.0,,,,,,,,,,,,,,,,,,
2026-01-06 10:59:50,421258,11.0,0.055,60.0,6.0,0.0767,46.0,,,,,,,,,,,,,,,,,,
2026-01-06 10:59:50,421260,12.0,0.0617,71.0,7.0,0.055,56.0,,,,,,,,,,,,,,,,,,
2026-01-06 11:00:20,421258,10.0,0.0428,71.0,5.0,0.0817,52.0,,,,,,,,,,,,,,,,,,
2026-01-06 11:00:20,421260,10.0,0.0528,71.0,4.0,0.0267,60.0,,,,,,,,,,,,,,,,,,
2026-01-06 11:00:50,421258,13.0,0.065,60.0,11.0,0.1406,44.0,,,,,,,,,,,,,,,,,,
2026-01-06 11:00:50,421260,6.0,0.0339,71.0,7.0,0.0417,65.0,,,,,,,,,,,,,,,,,,
2026-01-06 11:01:20,421258,11.0,0.0467,65.0,8.0,0.0706,49.0,,,,,,,,,,,,,,,,,,
2026-01-06 11:01:20,421260,10.0,0.0506,71.0,6.0,0.0367,60.0,,,,,,,,,,,,,,,,,,
2026-01-06 11:01:50,421258,7.0,0.0278,71.0,7.0,0.0628,49.0,,,,,,,,,,,,,,,,,,
2026-01-06 11:01:50,421260,6.0,0.0278,78.0,3.0,0.0178,60.0,,,,,,,,,,,,,,,,,,
2026-01-06 11:02:20,421258,9.0,0.0367,71.0,7.0,0.0528,52.0,,,,,,,,,,,,,,,,,,
2026-01-06 11:02:20,421260,7.0,0.0356,71.0,13.0,0.1,56.0,,,,,,,,,,,,,,,,,,
2026-01-06 11:02:50,421258,10.0,0.0406,71.0,6.0,0.0428,56.0,,,,,,,,,,,,,,,,,,
2026-01-06 11:02:50,421260,6.0,0.0428,65.0,5.0,0.0389,60.0,,,,,,,,,,,,,,,,,,
2026-01-06 11:03:20,421258,6.0,0.0239,71.0,4.0,0.03,60.0,,,,,,,,,,,,,,,,,,
2026-01-06 11:03:20,421260,6.0,0.0289,86.0,6.0,0.0256,65.0,,,,,,,,,,,,,,,,,,
2026-01-06 11:03:50,421258,5.0,0.02,71.0,5.0,0.035,52.0,,,,,,,,,,,,,,,,,,
2026-01-06 11:03:50,421260,7.0,0.0489,56.0,10.0,0.0867,46.0,,,,,,,,,,,,,,,,,,
2026-01-06 11:04:20,421258,7.0,0.0389,71.0,11.0,0.1256,49.0,,,,,,,,,,,,,,,,,,
2026-01-06 11:04:20,421260,12.0,0.0706,60.0,9.0,0.08,49.0,,,,,,,,,,,,,,,,,,
2026-01-06 11:04:50,421258,7.0,0.035,65.0,5.0,0.05,56.0,,,,,,,,,,,,,,,,,,
2026-01-06 11:04:50,421260,9.0,0.0478,71.0,10.0,0.0817,56.0,,,,,,,,,,,,,,,,,,
2026-01-06 11:05:20,421258,1.0,0.005,60.0,4.0,0.0339,56.0,,,,,,,,,,,,,,,,,,
2026-01-06 11:05:20,421260,13.0,0.0867,60.0,10.0,0.0906,56.0,,,,,,,,,,,,,,,,,,
2026-01-06 11:05:50,421258,2.0,0.0078,78.0,5.0,0.0506,60.0,,,,,,,,,,,,,,,,,,
2026-01-06 11:05:50,421260,5.0,0.0256,71.0,11.0,0.1039,49.0,,,,,,,,,,,,,,,,,,
2026-01-06 11:06:20,421258,16.0,0.09,52.0,11.0,0.1289,42.0,,,,,,,,,,,,,,,,,,
2026-01-06 11:06:20,421260,8.0,0.0389,71.0,5.0,0.0417,49.0,,,,,,,,,,,,,,,,,,
2026-01-06 11:06:50,421258,11.0,0.0539,60.0,12.0,0.1389,42.0,,,,,,,,,,,,,,,,,,
2026-01-06 11:06:50,421260,4.0,0.0206,71.0,7.0,0.04,65.0,,,,,,,,,,,,,,,,,,
2026-01-06 11:07:20,421258,10.0,0.0528,65.0,8.0,0.0906,44.0,,,,,,,,,,,,,,,,,,
2026-01-06 11:07:20,421260,3.0,0.015,71.0,5.0,0.03,65.0,,,,,,,,,,,,,,,,,,
2026-01-06 11:07:50,421258,6.0,0.0239,71.0,8.0,0.0967,44.0,,,,,,,,,,,,,,,,,,
2026-01-06 11:07:50,421260,9.0,0.0489,71.0,7.0,0.055,60.0,,,,,,,,,,,,,,,,,,
2026-01-06 11:08:20,421258,11.0,0.0506,65.0,11.0,0.1128,44.0,,,,,,,,,,,,,,,,,,
2026-01-06 11:08:20,421260,13.0,0.0767,65.0,13.0,0.0939,56.0,,,,,,,,,,,,,,,,,,
2026-01-06 11:08:50,421258,3.0,0.0117,65.0,7.0,0.0589,56.0,,,,,,,,,,,,,,,,,,
2026-01-06 11:08:50,421260,6.0,0.0278,71.0,6.0,0.035,65.0,,,,,,,,,,,,,,,,,,
2026-01-06 11:09:20,421258,6.0,0.0256,71.0,5.0,0.035,56.0,,,,,,,,,,,,,,,,,,
2026-01-06 11:09:20,421260,12.0,0.0639,65.0,9.0,0.0856,49.0,,,,,,,,,,,,,,,,,,
2026-01-06 11:09:50,421258,10.0,0.0417,71.0,7.0,0.0806,49.0,,,,,,,,,,,,,,,,,,
2026-01-06 11:09:50,421260,8.0,0.0467,65.0,4.0,0.0267,49.0,,,,,,,,,,,,,,,,,,
2026-01-06 11:10:20,421258,13.0,0.0617,65.0,7.0,0.0767,44.0,,,,,,,,,,,,,,,,,,
2026-01-06 11:10:20,421260,6.0,0.0367,60.0,9.0,0.085,49.0,,,,,,,,,,,,,,,,,,
2026-01-06 11:10:50,421258,6.0,0.0239,71.0,6.0,0.04,56.0,,,,,,,,,,,,,,,,,,
2026-01-06 11:10:50,421260,4.0,0.02,71.0,4.0,0.0267,60.0,,,,,,,,,,,,,,,,,,
2026-01-06 11:11:20,421258,3.0,0.0117,78.0,8.0,0.0989,49.0,,,,,,,,,,,,,,,,,,
2026-01-06 11:11:20,421260,8.0,0.0478,65.0,8.0,0.0828,56.0,,,,,,,,,,,,,,,,,,
2026-01-06 11:11:50,421258,9.0,0.045,60.0,8.0,0.1167,42.0,,,,,,,,,,,,,,,,,,
2026-01-06 11:11:50,421260,16.0,0.0867,65.0,9.0,0.065,56.0,,,,,,,,,,,,,,,,,,
2026-01-06 11:12:20,421258,4.0,0.0156,71.0,4.0,0.04,46.0,,,,,,,,,,,,,,,,,,
2026-01-06 11:12:20,421260,9.0,0.0467,71.0,7.0,0.0478,56.0,,,,,,,,,,,,,,,,,,
2026-01-06 11:12:50,421258,13.0,0.06,65.0,4.0,0.0928,18.0,,,,,,,,,,,,,,,,,,
2026-01-06 11:12:50,421260,8.0,0.04,71.0,11.0,0.0878,52.0,,,,,,,,,,,,,,,,,,
2026-01-06 11:13:20,421258,1.0,0.0039,78.0,2.0,0.0167,52.0,,,,,,,,,,,,,,,,,,
2026-01-06 11:13:20,421260,5.0,0.0239,71.0,4.0,0.0256,60.0,,,,,,,,,,,,,,,,,,
2026-01-06 11:13:50,421258,19.0,0.0867,65.0,9.0,0.1306,42.0,,,,,,,,,,,,,,,,,,
2026-01-06 11:13:50,421260,5.0,0.03,65.0,13.0,0.0939,52.0,,,,,,,,,,,,,,,,,,
2026-01-06 11:14:20,421258,12.0,0.0639,56.0,12.0,0.0989,46.0,,,,,,,,,,,,,,,,,,
2026-01-06 11:14:20,421260,3.0,0.0167,65.0,8.0,0.0567,60.0,,,,,,,,,,,,,,,,,,
2026-01-06 11:14:50,421258,7.0,0.03,71.0,7.0,0.075,46.0,,,,,,,,,,,,,,,,,,
2026-01-06 11:14:50,421260,9.0,0.0539,65.0,9.0,0.0628,52.0,,,,,,,,,,,,,,,,,,
2026-01-06 11:15:20,421258,2.0,0.0078,65.0,5.0,0.04,49.0,,,,,,,,,,,,,,,,,,
2026-01-06 11:15:20,421260,8.0,0.0489,65.0,6.0,0.0467,56.0,,,,,,,,,,,,,,,,,,
2026-01-06 11:15:50,421258,6.0,0.0267,65.0,9.0,0.0906,44.0,,,,,,,,,,,,,,,,,,
2026-01-06 11:15:50,421260,7.0,0.0378,65.0,9.0,0.0556,60.0,,,,,,,,,,,,,,,,,,
2026-01-06 11:16:20,421258,5.0,0.02,71.0,11.0,0.1167,42.0,,,,,,,,,,,,,,,,,,
2026-01-06 11:16:20,421260,5.0,0.0289,65.0,2.0,0.015,56.0,,,,,,,,,,,,,,,,,,
2026-01-06 11:16:50,421258,5.0,0.0256,65.0,6.0,0.0717,49.0,,,,,,,,,,,,,,,,,,
2026-01-06 11:16:50,421260,5.0,0.0267,65.0,7.0,0.0539,56.0,,,,,,,,,,,,,,,,,,
2026-01-06 11:17:20,421258,10.0,0.045,65.0,13.0,0.1178,49.0,,,,,,,,,,,,,,,,,,
2026-01-06 11:17:20,421260,8.0,0.0406,65.0,7.0,0.04,65.0,,,,,,,,,,,,,,,,,,
2026-01-06 11:17:50,421258,3.0,0.0139,60.0,8.0,0.0628,52.0,,,,,,,,,,,,,,,,,,
2026-01-06 11:17:50,421260,5.0,0.0289,65.0,7.0,0.0456,60.0,,,,,,,,,,,,,,,,,,
2026-01-06 11:18:20,421258,4.0,0.0178,65.0,3.0,0.025,52.0,,,,,,,,,,,,,,,,,,
2026-01-06 11:18:20,421260,16.0,0.0906,65.0,8.0,0.0689,56.0,,,,,,,,,,,,,,,,,,
2026-01-06 11:18:50,421258,6.0,0.0256,65.0,6.0,0.0739,46.0,,,,,,,,,,,,,,,,,,
2026-01-06 11:18:50,421260,8.0,0.0489,65.0,12.0,0.0867,56.0,,,,,,,,,,,,,,,,,,
2026-01-06 11:19:20,421258,8.0,0.0339,65.0,9.0,0.0656,52.0,,,,,,,,,,,,,,,,,,
2026-01-06 11:19:20,421260,18.0,0.1139,60.0,13.0,0.1167,46.0,,,,,,,,,,,,,,,,,,
2026-01-06 11:19:50,421258,8.0,0.0317,71.0,9.0,0.085,52.0,,,,,,,,,,,,,,,,,,
2026-01-06 11:19:50,421260,11.0,0.0617,71.0,7.0,0.0506,56.0,,,,,,,,,,,,,,,,,,
2026-01-06 11:20:20,421258,12.0,0.0556,65.0,11.0,0.0889,52.0,,,,,,,,,,,,,,,,,,
2026-01-06 11:20:20,421260,4.0,0.0217,71.0,6.0,0.0489,56.0,,,,,,,,,,,,,,,,,,
2026-01-06 11:20:50,421258,9.0,0.0378,71.0,10.0,0.0817,52.0,,,,,,,,,,,,,,,,,,
2026-01-06 11:20:50,421260,4.0,0.0217,71.0,5.0,0.0328,60.0,,,,,,,,,,,,,,,,,,
2026-01-06 11:21:20,421258,14.0,0.0606,65.0,10.0,0.1117,49.0,,,,,,,,,,,,,,,,,,
2026-01-06 11:21:20,421260,11.0,0.0578,65.0,7.0,0.0467,52.0,,,,,,,,,,,,,,,,,,
2026-01-06 11:21:50,421258,9.0,0.0389,65.0,10.0,0.09,46.0,,,,,,,,,,,,,,,,,,
2026-01-06 11:21:50,421260,7.0,0.0389,71.0,9.0,0.0589,60.0,,,,,,,,,,,,,,,,,,
2026-01-06 11:22:20,421258,3.0,0.0117,71.0,3.0,0.0478,46.0,,,,,,,,,,,,,,,,,,
2026-01-06 11:22:20,421260,10.0,0.0556,71.0,5.0,0.0328,65.0,,,,,,,,,,,,,,,,,,
2026-01-06 11:22:50,421258,3.0,0.0117,65.0,8.0,0.0628,49.0,,,,,,,,,,,,,,,,,,
2026-01-06 11:22:50,421260,9.0,0.0489,71.0,11.0,0.0789,56.0,,,,,,,,,,,,,,,,,,
2026-01-06 11:23:20,421258,8.0,0.035,65.0,9.0,0.0767,52.0,,,,,,,,,,,,,,,,,,
2026-01-06 11:23:20,421260,6.0,0.0306,71.0,4.0,0.0256,56.0,,,,,,,,,,,,,,,,,,
2026-01-06 11:23:50,421258,11.0,0.0478,71.0,9.0,0.075,52.0,,,,,,,,,,,,,,,,,,
2026-01-06 11:23:50,421260,8.0,0.0489,60.0,9.0,0.0789,56.0,,,,,,,,,,,,,,,,,,
2026-01-06 11:24:20,421258,10.0,0.0406,71.0,5.0,0.0289,60.0,,,,,,,,,,,,,,,,,,
2026-01-06 11:24:20,421260,2.0,0.0106,71.0,5.0,0.0317,60.0,,,,,,,,,,,,,,,,,,
2026-01-06 11:24:50,421258,8.0,0.0378,65.0,10.0,0.0778,52.0,,,,,,,,,,,,,,,,,,
2026-01-06 11:24:50,421260,4.0,0.02,78.0,7.0,0.0606,49.0,,,,,,,,,,,,,,,,,,
2026-01-06 11:25:20,421258,3.0,0.0117,71.0,4.0,0.0389,56.0,,,,,,,,,,,,,,,,,,
2026-01-06 11:25:20,421260,1.0,0.005,65.0,5.0,0.0317,65.0,,,,,,,,,,,,,,,,,,
2026-01-06 11:25:50,421258,7.0,0.0278,71.0,7.0,0.065,56.0,,,,,,,,,,,,,,,,,,
2026-01-06 11:25:50,421260,3.0,0.0189,65.0,8.0,0.055,49.0,,,,,,,,,,,,,,,,,,
2026-01-06 11:26:20,421258,2.0,0.0089,65.0,7.0,0.0567,49.0,,,,,,,,,,,,,,,,,,
2026-01-06 11:26:20,421260,7.0,0.0317,71.0,6.0,0.0389,60.0,,,,,,,,,,,,,,,,,,
2026-01-06 11:26:50,421258,2.0,0.0078,78.0,6.0,0.0478,52.0,,,,,,,,,,,,,,,,,,
2026-01-06 11:26:50,421260,8.0,0.0589,65.0,4.0,0.0256,60.0,,,,,,,,,,,,,,,,,,
2026-01-06 11:27:20,421258,3.0,0.0117,78.0,7.0,0.075,49.0,,,,,,,,,,,,,,,,,,
2026-01-06 11:27:20,421260,16.0,0.1,60.0,15.0,0.1228,49.0,,,,,,,,,,,,,,,,,,
2026-01-06 11:27:50,421258,2.0,0.0089,65.0,8.0,0.0778,49.0,,,,,,,,,,,,,,,,,,
2026-01-06 11:27:50,421260,11.0,0.0656,65.0,7.0,0.0589,46.0,,,,,,,,,,,,,,,,,,
2026-01-06 11:28:20,421258,5.0,0.0228,65.0,8.0,0.0617,52.0,,,,,,,,,,,,,,,,,,
2026-01-06 11:28:20,421260,9.0,0.0528,65.0,9.0,0.0967,49.0,,,,,,,,,,,,,,,,,,
2026-01-06 11:28:50,421258,9.0,0.0467,65.0,6.0,0.0417,56.0,,,,,,,,,,,,,,,,,,
2026-01-06 11:28:50,421260,16.0,0.1,65.0,8.0,0.0689,52.0,,,,,,,,,,,,,,,,,,
2026-01-06 11:29:20,421258,12.0,0.0517,65.0,7.0,0.0706,49.0,,,,,,,,,,,,,,,,,,
2026-01-06 11:29:20,421260,8.0,0.0417,71.0,5.0,0.03,65.0,,,,,,,,,,,,,,,,,,
2026-01-06 11:29:50,421258,8.0,0.0328,78.0,10.0,0.1156,44.0,,,,,,,,,,,,,,,,,,
2026-01-06 11:29:50,421260,4.0,0.0228,65.0,5.0,0.05,49.0,,,,,,,,,,,,,,,,,,
2026-01-06 11:30:20,421258,9.0,0.045,60.0,11.0,0.1417,44.0,,,,,,,,,,,,,,,,,,
2026-01-06 11:30:20,421260,13.0,0.0739,65.0,10.0,0.0706,52.0,,,,,,,,,,,,,,,,,,
2026-01-06 11:30:50,421258,18.0,0.0839,65.0,12.0,0.1439,44.0,,,,,,,,,,,,,,,,,,
2026-01-06 11:30:50,421260,9.0,0.0489,71.0,7.0,0.04,60.0,,,,,,,,,,,,,,,,,,
2026-01-06 11:31:20,421258,4.0,0.0189,65.0,7.0,0.065,46.0,,,,,,,,,,,,,,,,,,
2026-01-06 11:31:20,421260,1.0,0.0106,60.0,6.0,0.0478,52.0,,,,,,,,,,,,,,,,,,
2026-01-06 11:31:50,421258,3.0,0.0139,71.0,5.0,0.04,49.0,,,,,,,,,,,,,,,,,,
2026-01-06 11:31:50,421260,8.0,0.0378,65.0,8.0,0.0556,60.0,,,,,,,,,,,,,,,,,,
2026-01-06 11:32:20,421258,16.0,0.0739,65.0,9.0,0.1,44.0,,,,,,,,,,,,,,,,,,
2026-01-06 11:32:20,421260,4.0,0.02,71.0,4.0,0.035,52.0,,,,,,,,,,,,,,,,,,
2026-01-06 11:32:50,421258,4.0,0.0189,60.0,8.0,0.095,49.0,,,,,,,,,,,,,,,,,,
2026-01-06 11:32:50,421260,10.0,0.06,65.0,9.0,0.0628,56.0,,,,,,,,,,,,,,,,,,
2026-01-06 11:33:20,421258,6.0,0.0278,65.0,8.0,0.0628,52.0,,,,,,,,,,,,,,,,,,
2026-01-06 11:33:20,421260,3.0,0.0189,60.0,9.0,0.06,52.0,,,,,,,,,,,,,,,,,,
2026-01-06 11:33:50,421258,5.0,0.02,65.0,3.0,0.0256,49.0,,,,,,,,,,,,,,,,,,
2026-01-06 11:33:50,421260,7.0,0.04,65.0,6.0,0.0439,60.0,,,,,,,,,,,,,,,,,,
2026-01-06 11:34:20,421258,3.0,0.0117,65.0,6.0,0.0706,52.0,,,,,,,,,,,,,,,,,,
2026-01-06 11:34:20,421260,6.0,0.035,65.0,6.0,0.0489,60.0,,,,,,,,,,,,,,,,,,
2026-01-06 11:34:50,421258,6.0,0.0278,65.0,7.0,0.0489,56.0,,,,,,,,,,,,,,,,,,
2026-01-06 11:34:50,421260,12.0,0.0717,60.0,13.0,0.105,52.0,,,,,,,,,,,,,,,,,,
2026-01-06 11:35:20,421258,8.0,0.0378,60.0,8.0,0.0778,52.0,,,,,,,,,,,,,,,,,,
2026-01-06 11:35:20,421260,4.0,0.0267,71.0,9.0,0.0606,60.0,,,,,,,,,,,,,,,,,,
2026-01-06 11:35:50,421258,3.0,0.0139,60.0,5.0,0.0467,49.0,,,,,,,,,,,,,,,,,,
2026-01-06 11:35:50,421260,16.0,0.0839,65.0,8.0,0.0589,60.0,,,,,,,,,,,,,,,,,,
2026-01-06 11:36:20,421258,13.0,0.0639,60.0,6.0,0.1106,42.0,,,,,,,,,,,,,,,,,,
2026-01-06 11:36:20,421260,4.0,0.0206,71.0,4.0,0.0256,60.0,,,,,,,,,,,,,,,,,,
2026-01-06 11:36:50,421258,2.0,0.0078,65.0,5.0,0.0628,49.0,,,,,,,,,,,,,,,,,,
2026-01-06 11:36:50,421260,6.0,0.0328,71.0,5.0,0.0378,56.0,,,,,,,,,,,,,,,,,,
2026-01-06 11:37:20,421258,19.0,0.0956,56.0,15.0,0.1556,44.0,,,,,,,,,,,,,,,,,,
2026-01-06 11:37:20,421260,6.0,0.03,71.0,9.0,0.0628,56.0,,,,,,,,,,,,,,,,,,
2026-01-06 11:37:50,421258,6.0,0.0239,78.0,7.0,0.0589,49.0,,,,,,,,,,,,,,,,,,
2026-01-06 11:37:50,421260,4.0,0.0228,65.0,7.0,0.0489,56.0,,,,,,,,,,,,,,,,,,
2026-01-06 11:38:20,421258,5.0,0.0228,65.0,7.0,0.0456,56.0,,,,,,,,,,,,,,,,,,
2026-01-06 11:38:20,421260,2.0,0.01,71.0,6.0,0.0406,60.0,,,,,,,,,,,,,,,,,,
2026-01-06 11:38:50,421258,4.0,0.0178,65.0,4.0,0.0589,44.0,,,,,,,,,,,,,,,,,,
2026-01-06 11:38:50,421260,11.0,0.0717,56.0,4.0,0.0328,52.0,,,,,,,,,,,,,,,,,,
2026-01-06 11:39:20,421258,9.0,0.0389,65.0,8.0,0.0606,52.0,,,,,,,,,,,,,,,,,,
2026-01-06 11:39:20,421260,14.0,0.0828,60.0,10.0,0.0717,52.0,,,,,,,,,,,,,,,,,,
2026-01-06 11:39:50,421258,2.0,0.0089,60.0,8.0,0.0628,56.0,,,,,,,,,,,,,,,,,,
2026-01-06 11:39:50,421260,7.0,0.04,65.0,8.0,0.0628,52.0,,,,,,,,,,,,,,,,,,
2026-01-06 11:40:20,421258,5.0,0.02,65.0,5.0,0.0339,56.0,,,,,,,,,,,,,,,,,,
2026-01-06 11:40:20,421260,11.0,0.0739,60.0,9.0,0.0678,52.0,,,,,,,,,,,,,,,,,,
2026-01-06 11:40:50,421258,6.0,0.0239,71.0,8.0,0.0967,49.0,,,,,,,,,,,,,,,,,,
2026-01-06 11:40:50,421260,3.0,0.0178,65.0,8.0,0.0617,56.0,,,,,,,,,,,,,,,,,,
2026-01-06 11:41:20,421258,6.0,0.0256,71.0,9.0,0.0739,52.0,,,,,,,,,,,,,,,,,,
2026-01-06 11:41:20,421260,10.0,0.08,52.0,9.0,0.0717,46.0,,,,,,,,,,,,,,,,,,
2026-01-06 11:41:50,421258,4.0,0.0156,65.0,5.0,0.0378,56.0,,,,,,,,,,,,,,,,,,
2026-01-06 11:41:50,421260,9.0,0.0528,65.0,3.0,0.02,52.0,,,,,,,,,,,,,,,,,,
2026-01-06 11:42:20,421258,13.0,0.0656,56.0,14.0,0.1428,46.0,,,,,,,,,,,,,,,,,,
2026-01-06 11:42:20,421260,9.0,0.0478,71.0,9.0,0.0728,56.0,,,,,,,,,,,,,,,,,,
2026-01-06 11:42:50,421258,2.0,0.0078,65.0,10.0,0.1006,44.0,,,,,,,,,,,,,,,,,,
2026-01-06 11:42:50,421260,7.0,0.0367,71.0,4.0,0.03,56.0,,,,,,,,,,,,,,,,,,
2026-01-06 11:43:20,421258,3.0,0.0117,65.0,1.0,0.0156,52.0,,,,,,,,,,,,,,,,,,
2026-01-06 11:43:20,421260,16.0,0.0928,65.0,5.0,0.0556,56.0,,,,,,,,,,,,,,,,,,
2026-01-06 11:43:50,421258,18.0,0.0917,56.0,11.0,0.0928,46.0,,,,,,,,,,,,,,,,,,
2026-01-06 11:43:50,421260,7.0,0.04,65.0,8.0,0.0517,60.0,,,,,,,,,,,,,,,,,,
2026-01-06 11:44:20,421258,10.0,0.0456,65.0,12.0,0.1239,46.0,,,,,,,,,,,,,,,,,,
2026-01-06 11:44:20,421260,11.0,0.0617,65.0,8.0,0.0528,60.0,,,,,,,,,,,,,,,,,,
2026-01-06 11:44:50,421258,2.0,0.0078,78.0,6.0,0.0489,52.0,,,,,,,,,,,,,,,,,,
2026-01-06 11:44:50,421260,9.0,0.0456,71.0,5.0,0.0678,52.0,,,,,,,,,,,,,,,,,,
2026-01-06 11:45:20,421258,16.0,0.0656,65.0,4.0,0.0656,49.0,,,,,,,,,,,,,,,,,,
2026-01-06 11:45:20,421260,3.0,0.02,60.0,8.0,0.0589,56.0,,,,,,,,,,,,,,,,,,
2026-01-06 11:45:50,421258,14.0,0.06,71.0,12.0,0.1,49.0,,,,,,,,,,,,,,,,,,
2026-01-06 11:45:50,421260,11.0,0.0589,65.0,8.0,0.0606,56.0,,,,,,,,,,,,,,,,,,
2026-01-06 11:46:20,421258,7.0,0.0278,71.0,4.0,0.0267,60.0,,,,,,,,,,,,,,,,,,
2026-01-06 11:46:20,421260,14.0,0.0828,65.0,10.0,0.0856,49.0,,,,,,,,,,,,,,,,,,
2026-01-06 11:46:50,421258,2.0,0.01,65.0,4.0,0.0656,52.0,,,,,,,,,,,,,,,,,,
2026-01-06 11:46:50,421260,14.0,0.0839,65.0,9.0,0.0706,52.0,,,,,,,,,,,,,,,,,,
2026-01-06 11:47:20,421258,3.0,0.0117,65.0,8.0,0.0689,49.0,,,,,,,,,,,,,,,,,,
2026-01-06 11:47:20,421260,9.0,0.0478,71.0,5.0,0.0439,52.0,,,,,,,,,,,,,,,,,,
2026-01-06 11:47:50,421258,10.0,0.0456,60.0,11.0,0.09,49.0,,,,,,,,,,,,,,,,,,
2026-01-06 11:47:50,421260,8.0,0.0417,65.0,6.0,0.045,49.0,,,,,,,,,,,,,,,,,,
2026-01-06 11:48:20,421258,9.0,0.0367,71.0,10.0,0.1017,49.0,,,,,,,,,,,,,,,,,,
2026-01-06 11:48:20,421260,10.0,0.0539,71.0,7.0,0.0578,52.0,,,,,,,,,,,,,,,,,,
2026-01-06 11:48:50,421258,11.0,0.05,65.0,9.0,0.0889,46.0,,,,,,,,,,,,,,,,,,
2026-01-06 11:48:50,421260,10.0,0.0567,65.0,11.0,0.1,49.0,,,,,,,,,,,,,,,,,,
2026-01-06 11:49:20,421258,10.0,0.0478,65.0,9.0,0.1006,46.0,,,,,,,,,,,,,,,,,,
2026-01-06 11:49:20,421260,8.0,0.0428,65.0,8.0,0.0628,52.0,,,,,,,,,,,,,,,,,,
2026-01-06 11:49:50,421258,1.0,0.0006,78.0,4.0,0.0567,49.0,,,,,,,,,,,,,,,,,,
2026-01-06 11:49:50,421260,8.0,0.0506,65.0,6.0,0.0489,52.0,,,,,,,,,,,,,,,,,,
2026-01-06 11:50:20,421258,14.0,0.0656,65.0,11.0,0.1256,44.0,,,,,,,,,,,,,,,,,,
2026-01-06 11:50:20,421260,10.0,0.0639,60.0,10.0,0.0889,49.0,,,,,,,,,,,,,,,,,,
2026-01-06 11:50:50,421258,3.0,0.015,60.0,6.0,0.0856,44.0,,,,,,,,,,,,,,,,,,
2026-01-06 11:50:50,421260,9.0,0.0506,65.0,6.0,0.04,56.0,,,,,,,,,,,,,,,,,,
2026-01-06 11:51:20,421258,10.0,0.0456,60.0,10.0,0.1017,46.0,,,,,,,,,,,,,,,,,,
2026-01-06 11:51:20,421260,7.0,0.0367,71.0,6.0,0.0389,56.0,,,,,,,,,,,,,,,,,,
2026-01-06 11:51:50,421258,9.0,0.0389,71.0,4.0,0.0656,44.0,,,,,,,,,,,,,,,,,,
2026-01-06 11:51:50,421260,9.0,0.0467,71.0,7.0,0.0528,60.0,,,,,,,,,,,,,,,,,,
2026-01-06 11:52:20,421258,8.0,0.0339,65.0,6.0,0.0767,44.0,,,,,,,,,,,,,,,,,,
2026-01-06 11:52:20,421260,6.0,0.0339,65.0,5.0,0.0456,52.0,,,,,,,,,,,,,,,,,,
2026-01-06 11:52:50,421258,15.0,0.0739,60.0,13.0,0.1317,46.0,,,,,,,,,,,,,,,,,,
2026-01-06 11:52:50,421260,4.0,0.025,71.0,3.0,0.0228,60.0,,,,,,,,,,,,,,,,,,
2026-01-06 11:53:20,421258,8.0,0.0328,60.0,3.0,0.0317,52.0,,,,,,,,,,,,,,,,,,
2026-01-06 11:53:20,421260,10.0,0.0617,60.0,10.0,0.0889,49.0,,,,,,,,,,,,,,,,,,
2026-01-06 11:53:50,421258,6.0,0.0256,71.0,6.0,0.0656,49.0,,,,,,,,,,,,,,,,,,
2026-01-06 11:53:50,421260,7.0,0.0539,52.0,8.0,0.07,49.0,,,,,,,,,,,,,,,,,,
2026-01-06 11:54:20,421258,4.0,0.0178,65.0,4.0,0.0378,49.0,,,,,,,,,,,,,,,,,,
2026-01-06 11:54:20,421260,4.0,0.02,71.0,6.0,0.0417,56.0,,,,,,,,,,,,,,,,,,
2026-01-06 11:54:50,421258,7.0,0.035,60.0,8.0,0.0778,49.0,,,,,,,,,,,,,,,,,,
2026-01-06 11:54:50,421260,3.0,0.015,71.0,3.0,0.0178,65.0,,,,,,,,,,,,,,,,,,
2026-01-06 11:55:20,421258,7.0,0.035,65.0,4.0,0.0539,46.0,,,,,,,,,,,,,,,,,,
2026-01-06 11:55:20,421260,10.0,0.0539,71.0,9.0,0.0667,56.0,,,,,,,,,,,,,,,,,,
2026-01-06 11:55:50,421258,5.0,0.0228,65.0,6.0,0.0578,44.0,,,,,,,,,,,,,,,,,,
2026-01-06 11:55:50,421260,5.0,0.0278,71.0,6.0,0.0478,56.0,,,,,,,,,,,,,,,,,,
2026-01-06 11:56:20,421258,5.0,0.0217,65.0,9.0,0.1078,46.0,,,,,,,,,,,,,,,,,,
2026-01-06 11:56:20,421260,9.0,0.0506,65.0,11.0,0.0928,52.0,,,,,,,,,,,,,,,,,,
2026-01-06 11:56:50,421258,5.0,0.0217,71.0,7.0,0.0489,56.0,,,,,,,,,,,,,,,,,,
2026-01-06 11:56:50,421260,14.0,0.085,65.0,9.0,0.0606,56.0,,,,,,,,,,,,,,,,,,
2026-01-06 11:57:20,421258,9.0,0.0378,71.0,6.0,0.0478,52.0,,,,,,,,,,,,,,,,,,
2026-01-06 11:57:20,421260,14.0,0.0828,60.0,12.0,0.0939,52.0,,,,,,,,,,,,,,,,,,
2026-01-06 11:57:50,421258,0.0,0.0,0.0,7.0,0.0617,49.0,,,,,,,,,,,,,,,,,,
2026-01-06 11:57:50,421260,9.0,0.0506,71.0,5.0,0.0378,60.0,,,,,,,,,,,,,,,,,,
2026-01-06 11:58:20,421258,11.0,0.0517,60.0,8.0,0.0739,44.0,,,,,,,,,,,,,,,,,,
2026-01-06 11:58:20,421260,6.0,0.035,65.0,4.0,0.0267,60.0,,,,,,,,,,,,,,,,,,
2026-01-06 11:58:50,421258,15.0,0.0789,56.0,15.0,0.1439,46.0,,,,,,,,,,,,,,,,,,
2026-01-06 11:58:50,421260,9.0,0.0767,52.0,11.0,0.0789,52.0,,,,,,,,,,,,,,,,,,
2026-01-06 11:59:20,421258,13.0,0.0578,65.0,7.0,0.1328,44.0,,,,,,,,,,,,,,,,,,
2026-01-06 11:59:20,421260,6.0,0.0328,71.0,6.0,0.0606,52.0,,,,,,,,,,,,,,,,,,
2026-01-06 11:59:50,421258,9.0,0.0406,65.0,9.0,0.075,52.0,,,,,,,,,,,,,,,,,,
2026-01-06 11:59:50,421260,3.0,0.0167,71.0,9.0,0.0578,56.0,,,,,,,,,,,,,,,,,,
2026-01-06 12:00:20,421258,1.0,0.0039,78.0,0.0,0.005,0.0,,,,,,,,,,,,,,,,,,
2026-01-06 12:00:20,421260,8.0,0.0456,65.0,5.0,0.0567,56.0,,,,,,,,,,,,,,,,,,
2026-01-06 12:00:50,421258,1.0,0.0039,78.0,9.0,0.1089,46.0,,,,,,,,,,,,,,,,,,
2026-01-06 12:00:50,421260,5.0,0.0278,65.0,10.0,0.0739,52.0,,,,,,,,,,,,,,,,,,
2026-01-06 12:01:20,421258,12.0,0.0717,56.0,13.0,0.1239,46.0,,,,,,,,,,,,,,,,,,
2026-01-06 12:01:20,421260,14.0,0.0889,60.0,11.0,0.1006,49.0,,,,,,,,,,,,,,,,,,
2026-01-06 12:01:50,421258,6.0,0.0256,71.0,7.0,0.1,46.0,,,,,,,,,,,,,,,,,,
2026-01-06 12:01:50,421260,8.0,0.0556,65.0,13.0,0.1006,52.0,,,,,,,,,,,,,,,,,,
2026-01-06 12:02:20,421258,3.0,0.0117,78.0,8.0,0.0806,46.0,,,,,,,,,,,,,,,,,,
2026-01-06 12:02:20,421260,7.0,0.0356,71.0,4.0,0.0306,60.0,,,,,,,,,,,,,,,,,,
2026-01-06 12:02:50,421258,5.0,0.0228,65.0,8.0,0.1139,49.0,,,,,,,,,,,,,,,,,,
2026-01-06 12:02:50,421260,7.0,0.0367,71.0,9.0,0.065,56.0,,,,,,,,,,,,,,,,,,
2026-01-06 12:03:20,421258,12.0,0.0556,65.0,5.0,0.0889,32.0,,,,,,,,,,,,,,,,,,
2026-01-06 12:03:20,421260,11.0,0.0639,71.0,8.0,0.0656,56.0,,,,,,,,,,,,,,,,,,
2026-01-06 12:03:50,421258,12.0,0.0528,71.0,11.0,0.1367,40.0,,,,,,,,,,,,,,,,,,
2026-01-06 12:03:50,421260,8.0,0.05,65.0,6.0,0.0478,52.0,,,,,,,,,,,,,,,,,,
2026-01-06 12:04:20,421258,4.0,0.0156,71.0,5.0,0.0428,46.0,,,,,,,,,,,,,,,,,,
2026-01-06 12:04:20,421260,12.0,0.0639,71.0,8.0,0.05,65.0,,,,,,,,,,,,,,,,,,
2026-01-06 12:04:50,421258,9.0,0.0378,71.0,12.0,0.1089,52.0,,,,,,,,,,,,,,,,,,
2026-01-06 12:04:50,421260,8.0,0.0428,65.0,5.0,0.06,56.0,,,,,,,,,,,,,,,,,,
2026-01-06 12:05:20,421258,6.0,0.0267,71.0,8.0,0.095,49.0,,,,,,,,,,,,,,,,,,
2026-01-06 12:05:20,421260,9.0,0.0506,65.0,9.0,0.0728,49.0,,,,,,,,,,,,,,,,,,
2026-01-06 12:05:50,421258,11.0,0.0456,71.0,8.0,0.0628,52.0,,,,,,,,,,,,,,,,,,
2026-01-06 12:05:50,421260,2.0,0.0089,78.0,3.0,0.0267,60.0,,,,,,,,,,,,,,,,,,
2026-01-06 12:06:20,421258,8.0,0.0367,65.0,6.0,0.0467,52.0,,,,,,,,,,,,,,,,,,
2026-01-06 12:06:20,421260,6.0,0.0328,71.0,8.0,0.0506,65.0,,,,,,,,,,,,,,,,,,
2026-01-06 12:06:50,421258,6.0,0.0256,71.0,6.0,0.0778,52.0,,,,,,,,,,,,,,,,,,
2026-01-06 12:06:50,421260,8.0,0.0417,71.0,12.0,0.085,52.0,,,,,,,,,,,,,,,,,,
2026-01-06 12:07:20,421258,5.0,0.02,71.0,5.0,0.0939,49.0,,,,,,,,,,,,,,,,,,
2026-01-06 12:07:20,421260,14.0,0.0856,60.0,7.0,0.0656,46.0,,,,,,,,,,,,,,,,,,
2026-01-06 12:07:50,421258,6.0,0.0256,71.0,8.0,0.0728,52.0,,,,,,,,,,,,,,,,,,
2026-01-06 12:07:50,421260,8.0,0.0489,65.0,9.0,0.0639,56.0,,,,,,,,,,,,,,,,,,
2026-01-06 12:08:20,421258,3.0,0.0139,71.0,7.0,0.0617,52.0,,,,,,,,,,,,,,,,,,
2026-01-06 12:08:20,421260,8.0,0.045,71.0,7.0,0.0478,60.0,,,,,,,,,,,,,,,,,,
2026-01-06 12:08:50,421258,6.0,0.0239,65.0,6.0,0.0689,46.0,,,,,,,,,,,,,,,,,,
2026-01-06 12:08:50,421260,8.0,0.0428,65.0,5.0,0.0489,56.0,,,,,,,,,,,,,,,,,,
2026-01-06 12:09:20,421258,14.0,0.0656,65.0,8.0,0.095,44.0,,,,,,,,,,,,,,,,,,
2026-01-06 12:09:20,421260,9.0,0.0456,71.0,8.0,0.05,65.0,,,,,,,,,,,,,,,,,,
2026-01-06 12:09:50,421258,11.0,0.0517,60.0,13.0,0.155,44.0,,,,,,,,,,,,,,,,,,
2026-01-06 12:09:50,421260,6.0,0.0306,71.0,8.0,0.0506,60.0,,,,,,,,,,,,,,,,,,
2026-01-06 12:10:20,421258,5.0,0.02,71.0,6.0,0.0589,56.0,,,,,,,,,,,,,,,,,,
2026-01-06 12:10:20,421260,5.0,0.0256,71.0,7.0,0.0506,56.0,,,,,,,,,,,,,,,,,,
2026-01-06 12:10:50,421258,8.0,0.0367,65.0,7.0,0.0706,49.0,,,,,,,,,,,,,,,,,,
2026-01-06 12:10:50,421260,12.0,0.0617,71.0,9.0,0.0689,60.0,,,,,,,,,,,,,,,,,,
2026-01-06 12:11:20,421258,12.0,0.0506,71.0,6.0,0.0417,56.0,,,,,,,,,,,,,,,,,,
2026-01-06 12:11:20,421260,12.0,0.0639,71.0,6.0,0.0406,56.0,,,,,,,,,,,,,,,,,,
2026-01-06 12:11:50,421258,2.0,0.0078,65.0,6.0,0.0456,49.0,,,,,,,,,,,,,,,,,,
2026-01-06 12:11:50,421260,4.0,0.0217,71.0,10.0,0.0667,60.0,,,,,,,,,,,,,,,,,,
2026-01-06 12:12:20,421258,7.0,0.03,65.0,9.0,0.0706,56.0,,,,,,,,,,,,,,,,,,
2026-01-06 12:12:20,421260,7.0,0.0389,71.0,5.0,0.0339,60.0,,,,,,,,,,,,,,,,,,
2026-01-06 12:12:50,421258,12.0,0.0528,71.0,13.0,0.1089,52.0,,,,,,,,,,,,,,,,,,
2026-01-06 12:12:50,421260,9.0,0.0528,65.0,6.0,0.0428,56.0,,,,,,,,,,,,,,,,,,
2026-01-06 12:13:20,421258,6.0,0.0289,65.0,6.0,0.0439,56.0,,,,,,,,,,,,,,,,,,
2026-01-06 12:13:20,421260,15.0,0.0828,65.0,13.0,0.0967,52.0,,,,,,,,,,,,,,,,,,
2026-01-06 12:13:50,421258,11.0,0.0456,71.0,8.0,0.0628,49.0,,,,,,,,,,,,,,,,,,
2026-01-06 12:13:50,421260,4.0,0.0206,78.0,9.0,0.0567,65.0,,,,,,,,,,,,,,,,,,
2026-01-06 12:14:20,421258,0.0,0.0,0.0,5.0,0.0378,56.0,,,,,,,,,,,,,,,,,,
2026-01-06 12:14:20,421260,4.0,0.0217,71.0,7.0,0.05,60.0,,,,,,,,,,,,,,,,,,
2026-01-06 12:14:50,421258,8.0,0.0389,60.0,6.0,0.0467,52.0,,,,,,,,,,,,,,,,,,
2026-01-06 12:14:50,421260,8.0,0.0456,65.0,7.0,0.0506,60.0,,,,,,,,,,,,,,,,,,
2026-01-06 12:15:20,421258,18.0,0.08,60.0,13.0,0.155,46.0,,,,,,,,,,,,,,,,,,
2026-01-06 12:15:20,421260,7.0,0.0367,71.0,7.0,0.0567,56.0,,,,,,,,,,,,,,,,,,
2026-01-06 12:15:50,421258,4.0,0.0156,60.0,9.0,0.0689,56.0,,,,,,,,,,,,,,,,,,
2026-01-06 12:15:50,421260,9.0,0.0556,60.0,9.0,0.08,49.0,,,,,,,,,,,,,,,,,,
2026-01-06 12:16:20,421258,7.0,0.03,65.0,4.0,0.0478,56.0,,,,,,,,,,,,,,,,,,
2026-01-06 12:16:20,421260,3.0,0.0167,65.0,7.0,0.0528,52.0,,,,,,,,,,,,,,,,,,
2026-01-06 12:16:50,421258,5.0,0.02,71.0,6.0,0.0617,56.0,,,,,,,,,,,,,,,,,,
2026-01-06 12:16:50,421260,19.0,0.1256,56.0,8.0,0.09,52.0,,,,,,,,,,,,,,,,,,
2026-01-06 12:17:20,421258,10.0,0.05,60.0,5.0,0.0517,46.0,,,,,,,,,,,,,,,,,,
2026-01-06 12:17:20,421260,9.0,0.0478,65.0,5.0,0.0356,60.0,,,,,,,,,,,,,,,,,,
2026-01-06 12:17:50,421258,7.0,0.035,60.0,5.0,0.0556,52.0,,,,,,,,,,,,,,,,,,
2026-01-06 12:17:50,421260,7.0,0.04,65.0,6.0,0.0439,46.0,,,,,,,,,,,,,,,,,,
2026-01-06 12:18:20,421258,10.0,0.0428,65.0,10.0,0.1339,44.0,,,,,,,,,,,,,,,,,,
2026-01-06 12:18:20,421260,8.0,0.045,65.0,8.0,0.0717,49.0,,,,,,,,,,,,,,,,,,
2026-01-06 12:18:50,421258,13.0,0.0739,71.0,5.0,0.0606,49.0,,,,,,,,,,,,,,,,,,
2026-01-06 12:18:50,421260,9.0,0.055,65.0,5.0,0.0539,60.0,,,,,,,,,,,,,,,,,,
2026-01-06 12:19:20,421258,9.0,0.0378,65.0,6.0,0.0778,46.0,,,,,,,,,,,,,,,,,,
2026-01-06 12:19:20,421260,6.0,0.03,71.0,6.0,0.0417,60.0,,,,,,,,,,,,,,,,,,
2026-01-06 12:19:50,421258,2.0,0.0078,60.0,6.0,0.0439,52.0,,,,,,,,,,,,,,,,,,
2026-01-06 12:19:50,421260,7.0,0.0389,65.0,8.0,0.0639,52.0,,,,,,,,,,,,,,,,,,
2026-01-06 12:20:20,421258,9.0,0.0417,65.0,7.0,0.1306,44.0,,,,,,,,,,,,,,,,,,
2026-01-06 12:20:20,421260,13.0,0.0728,65.0,3.0,0.0228,56.0,,,,,,,,,,,,,,,,,,
2026-01-06 12:20:50,421258,10.0,0.0489,60.0,11.0,0.1378,44.0,,,,,,,,,,,,,,,,,,
2026-01-06 12:20:50,421260,6.0,0.035,65.0,4.0,0.0339,52.0,,,,,,,,,,,,,,,,,,
2026-01-06 12:21:20,421258,6.0,0.025,78.0,5.0,0.0389,56.0,,,,,,,,,,,,,,,,,,
2026-01-06 12:21:20,421260,6.0,0.035,65.0,6.0,0.0406,60.0,,,,,,,,,,,,,,,,,,
2026-01-06 12:21:50,421258,6.0,0.0267,65.0,8.0,0.0817,49.0,,,,,,,,,,,,,,,,,,
2026-01-06 12:21:50,421260,8.0,0.0489,60.0,5.0,0.035,52.0,,,,,,,,,,,,,,,,,,
2026-01-06 12:22:20,421258,8.0,0.0339,71.0,4.0,0.0317,49.0,,,,,,,,,,,,,,,,,,
2026-01-06 12:22:20,421260,8.0,0.0506,56.0,4.0,0.03,49.0,,,,,,,,,,,,,,,,,,
2026-01-06 12:22:50,421258,8.0,0.0367,71.0,10.0,0.085,49.0,,,,,,,,,,,,,,,,,,
2026-01-06 12:22:50,421260,10.0,0.0806,49.0,5.0,0.0428,44.0,,,,,,,,,,,,,,,,,,
2026-01-06 12:23:20,421258,3.0,0.0117,71.0,6.0,0.0417,60.0,,,,,,,,,,,,,,,,,,
2026-01-06 12:23:20,421260,17.0,0.1656,36.0,1.0,0.0456,15.0,,,,,,,,,,,,,,,,,,
2026-01-06 12:23:50,421258,5.0,0.02,71.0,6.0,0.065,52.0,,,,,,,,,,,,,,,,,,
2026-01-06 12:23:50,421260,12.0,0.1417,33.0,9.0,0.1178,32.0,,,,,,,,,,,,,,,,,,
2026-01-06 12:24:20,421258,3.0,0.0117,65.0,7.0,0.0539,52.0,,,,,,,,,,,,,,,,,,
2026-01-06 12:24:20,421260,10.0,0.175,20.0,2.0,0.0456,15.0,,,,,,,,,,,,,,,,,,
2026-01-06 12:24:50,421258,4.0,0.0178,65.0,4.0,0.035,49.0,,,,,,,,,,,,,,,,,,
2026-01-06 12:24:50,421260,11.0,0.3167,20.0,6.0,0.1156,23.0,,,,,,,,,,,,,,,,,,
2026-01-06 12:25:20,421258,11.0,0.0539,65.0,11.0,0.0967,46.0,,,,,,,,,,,,,,,,,,
2026-01-06 12:25:20,421260,10.0,0.1889,18.0,7.0,0.1628,16.0,,,,,,,,,,,,,,,,,,
2026-01-06 12:25:50,421258,6.0,0.0256,71.0,3.0,0.02,56.0,,,,,,,,,,,,,,,,,,
2026-01-06 12:25:50,421260,8.0,0.0639,46.0,7.0,0.1128,29.0,,,,,,,,,,,,,,,,,,
2026-01-06 12:26:20,421258,10.0,0.0428,65.0,6.0,0.07,52.0,,,,,,,,,,,,,,,,,,
2026-01-06 12:26:20,421260,14.0,0.0839,60.0,10.0,0.0917,44.0,,,,,,,,,,,,,,,,,,
2026-01-06 12:26:50,421258,3.0,0.0139,71.0,5.0,0.0506,46.0,,,,,,,,,,,,,,,,,,
2026-01-06 12:26:50,421260,7.0,0.0367,71.0,8.0,0.0628,52.0,,,,,,,,,,,,,,,,,,
2026-01-06 12:27:20,421258,6.0,0.0239,71.0,5.0,0.0339,56.0,,,,,,,,,,,,,,,,,,
2026-01-06 12:27:20,421260,6.0,0.0356,65.0,10.0,0.0656,60.0,,,,,,,,,,,,,,,,,,
2026-01-06 12:27:50,421258,8.0,0.0339,65.0,5.0,0.0606,49.0,,,,,,,,,,,,,,,,,,
2026-01-06 12:27:50,421260,7.0,0.0389,65.0,7.0,0.05,60.0,,,,,,,,,,,,,,,,,,
2026-01-06 12:28:20,421258,1.0,0.005,60.0,6.0,0.065,49.0,,,,,,,,,,,,,,,,,,
2026-01-06 12:28:20,421260,5.0,0.0267,71.0,5.0,0.0317,60.0,,,,,,,,,,,,,,,,,,
2026-01-06 12:28:50,421258,7.0,0.03,65.0,4.0,0.0306,49.0,,,,,,,,,,,,,,,,,,
2026-01-06 12:28:50,421260,15.0,0.0906,65.0,8.0,0.065,52.0,,,,,,,,,,,,,,,,,,
2026-01-06 12:29:20,421258,4.0,0.0189,60.0,1.0,0.0089,44.0,,,,,,,,,,,,,,,,,,
2026-01-06 12:29:20,421260,11.0,0.0606,65.0,12.0,0.0878,56.0,,,,,,,,,,,,,,,,,,
2026-01-06 12:29:50,421258,9.0,0.0489,60.0,10.0,0.125,44.0,,,,,,,,,,,,,,,,,,
2026-01-06 12:29:50,421260,5.0,0.0306,71.0,5.0,0.0367,52.0,,,,,,,,,,,,,,,,,,
2026-01-06 12:30:20,421258,4.0,0.0156,65.0,4.0,0.055,49.0,,,,,,,,,,,,,,,,,,
2026-01-06 12:30:20,421260,3.0,0.0167,65.0,6.0,0.04,60.0,,,,,,,,,,,,,,,,,,
2026-01-06 12:30:50,421258,6.0,0.03,65.0,8.0,0.075,44.0,,,,,,,,,,,,,,,,,,
2026-01-06 12:30:50,421260,7.0,0.0378,71.0,11.0,0.0756,60.0,,,,,,,,,,,,,,,,,,
2026-01-06 12:31:20,421258,6.0,0.0306,60.0,4.0,0.0306,52.0,,,,,,,,,,,,,,,,,,
2026-01-06 12:31:20,421260,7.0,0.0406,65.0,9.0,0.0667,60.0,,,,,,,,,,,,,,,,,,
2026-01-06 12:31:50,421258,8.0,0.0378,60.0,6.0,0.0406,52.0,,,,,,,,,,,,,,,,,,
2026-01-06 12:31:50,421260,14.0,0.0828,60.0,11.0,0.0778,49.0,,,,,,,,,,,,,,,,,,
2026-01-06 12:32:20,421258,6.0,0.0339,60.0,8.0,0.0767,44.0,,,,,,,,,,,,,,,,,,
2026-01-06 12:32:20,421260,9.0,0.0467,71.0,6.0,0.0478,56.0,,,,,,,,,,,,,,,,,,
2026-01-06 12:32:50,421258,10.0,0.0628,44.0,3.0,0.0228,52.0,,,,,,,,,,,,,,,,,,
2026-01-06 12:32:50,421260,10.0,0.0606,65.0,13.0,0.1117,52.0,,,,,,,,,,,,,,,,,,
2026-01-06 12:33:20,421258,13.0,0.1517,28.0,8.0,0.1928,18.0,,,,,,,,,,,,,,,,,,
2026-01-06 12:33:20,421260,13.0,0.0778,65.0,11.0,0.085,52.0,,,,,,,,,,,,,,,,,,
2026-01-06 12:33:50,421258,14.0,0.1828,27.0,10.0,0.1967,22.0,,,,,,,,,,,,,,,,,,
2026-01-06 12:33:50,421260,9.0,0.0517,65.0,10.0,0.075,52.0,,,,,,,,,,,,,,,,,,
2026-01-06 12:34:20,421258,13.0,0.1517,27.0,6.0,0.18,22.0,,,,,,,,,,,,,,,,,,
2026-01-06 12:34:20,421260,13.0,0.0839,60.0,11.0,0.0906,56.0,,,,,,,,,,,,,,,,,,
2026-01-06 12:34:50,421258,12.0,0.21,23.0,12.0,0.2967,18.0,,,,,,,,,,,,,,,,,,
2026-01-06 12:34:50,421260,9.0,0.0478,65.0,8.0,0.0717,49.0,,,,,,,,,,,,,,,,,,
2026-01-06 12:35:20,421258,14.0,0.225,20.0,8.0,0.3217,15.0,,,,,,,,,,,,,,,,,,
2026-01-06 12:35:20,421260,7.0,0.0417,65.0,6.0,0.0467,49.0,,,,,,,,,,,,,,,,,,
2026-01-06 12:35:50,421258,14.0,0.2378,20.0,11.0,0.3228,19.0,,,,,,,,,,,,,,,,,,
2026-01-06 12:35:50,421260,8.0,0.0489,60.0,11.0,0.1028,46.0,,,,,,,,,,,,,,,,,,
2026-01-06 12:36:20,421258,15.0,0.2256,22.0,12.0,0.255,20.0,,,,,,,,,,,,,,,,,,
2026-01-06 12:36:20,421260,7.0,0.0428,65.0,7.0,0.0628,56.0,,,,,,,,,,,,,,,,,,
2026-01-06 12:36:50,421258,14.0,0.1978,24.0,10.0,0.2317,21.0,,,,,,,,,,,,,,,,,,
2026-01-06 12:36:50,421260,9.0,0.0506,65.0,10.0,0.0728,52.0,,,,,,,,,,,,,,,,,,
2026-01-06 12:37:20,421258,13.0,0.1578,29.0,8.0,0.3028,16.0,,,,,,,,,,,,,,,,,,
2026-01-06 12:37:20,421260,6.0,0.035,65.0,5.0,0.0389,52.0,,,,,,,,,,,,,,,,,,
2026-01-06 12:37:50,421258,13.0,0.14,27.0,9.0,0.1867,25.0,,,,,,,,,,,,,,,,,,
2026-01-06 12:37:50,421260,16.0,0.1,56.0,10.0,0.0839,46.0,,,,,,,,,,,,,,,,,,
2026-01-06 12:38:20,421258,8.0,0.2617,19.0,8.0,0.2156,19.0,,,,,,,,,,,,,,,,,,
2026-01-06 12:38:20,421260,10.0,0.055,71.0,5.0,0.0406,52.0,,,,,,,,,,,,,,,,,,
2026-01-06 12:38:50,421258,7.0,0.1889,14.0,10.0,0.3806,15.0,,,,,,,,,,,,,,,,,,
2026-01-06 12:38:50,421260,6.0,0.035,65.0,6.0,0.0389,65.0,,,,,,,,,,,,,,,,,,
2026-01-06 12:39:20,421258,12.0,0.305,14.0,7.0,0.4128,11.0,,,,,,,,,,,,,,,,,,
2026-01-06 12:39:20,421260,9.0,0.0489,65.0,6.0,0.0489,52.0,,,,,,,,,,,,,,,,,,
2026-01-06 12:39:50,421258,11.0,0.2778,16.0,8.0,0.355,12.0,,,,,,,,,,,,,,,,,,
2026-01-06 12:39:50,421260,7.0,0.035,71.0,5.0,0.0317,65.0,,,,,,,,,,,,,,,,,,
2026-01-06 12:40:20,421258,8.0,0.2856,10.0,7.0,0.425,9.0,,,,,,,,,,,,,,,,,,
2026-01-06 12:40:20,421260,9.0,0.0489,65.0,8.0,0.0506,60.0,,,,,,,,,,,,,,,,,,
2026-01-06 12:40:50,421258,9.0,0.1889,16.0,7.0,0.4328,9.0,,,,,,,,,,,,,,,,,,
2026-01-06 12:40:50,421260,9.0,0.0489,65.0,9.0,0.0767,52.0,,,,,,,,,,,,,,,,,,
2026-01-06 12:41:20,421258,10.0,0.2256,15.0,9.0,0.5017,8.0,,,,,,,,,,,,,,,,,,
2026-01-06 12:41:20,421260,12.0,0.0689,65.0,8.0,0.0839,52.0,,,,,,,,,,,,,,,,,,
2026-01-06 12:41:50,421258,11.0,0.2356,16.0,7.0,0.27,13.0,,,,,,,,,,,,,,,,,,
2026-01-06 12:41:50,421260,5.0,0.0267,71.0,8.0,0.0517,56.0,,,,,,,,,,,,,,,,,,
2026-01-06 12:42:20,421258,12.0,0.1939,21.0,8.0,0.22,19.0,,,,,,,,,,,,,,,,,,
2026-01-06 12:42:20,421260,5.0,0.0367,60.0,8.0,0.055,56.0,,,,,,,,,,,,,,,,,,
2026-01-06 12:42:50,421258,9.0,0.1117,26.0,10.0,0.2106,20.0,,,,,,,,,,,,,,,,,,
2026-01-06 12:42:50,421260,9.0,0.0578,60.0,9.0,0.0728,52.0,,,,,,,,,,,,,,,,,,
2026-01-06 12:43:20,421258,12.0,0.1767,23.0,7.0,0.1717,23.0,,,,,,,,,,,,,,,,,,
2026-01-06 12:43:20,421260,12.0,0.065,65.0,9.0,0.0706,56.0,,,,,,,,,,,,,,,,,,
2026-01-06 12:43:50,421258,8.0,0.2128,15.0,8.0,0.28,18.0,,,,,,,,,,,,,,,,,,
2026-01-06 12:43:50,421260,6.0,0.0339,71.0,5.0,0.0339,60.0,,,,,,,,,,,,,,,,,,
2026-01-06 12:44:20,421258,5.0,0.0489,28.0,5.0,0.0839,30.0,,,,,,,,,,,,,,,,,,
2026-01-06 12:44:20,421260,4.0,0.0306,71.0,8.0,0.0617,60.0,,,,,,,,,,,,,,,,,,
2026-01-06 12:44:50,421258,7.0,0.0539,49.0,5.0,0.0478,42.0,,,,,,,,,,,,,,,,,,
2026-01-06 12:44:50,421260,6.0,0.0328,65.0,7.0,0.0478,56.0,,,,,,,,,,,,,,,,,,
2026-01-06 12:45:20,421258,13.0,0.0628,60.0,12.0,0.125,46.0,,,,,,,,,,,,,,,,,,
2026-01-06 12:45:20,421260,11.0,0.0589,71.0,9.0,0.0628,60.0,,,,,,,,,,,,,,,,,,
2026-01-06 12:45:50,421258,9.0,0.0517,60.0,9.0,0.1006,46.0,,,,,,,,,,,,,,,,,,
2026-01-06 12:45:50,421260,7.0,0.0356,71.0,6.0,0.0439,60.0,,,,,,,,,,,,,,,,,,
2026-01-06 12:46:20,421258,4.0,0.0178,65.0,5.0,0.0428,49.0,,,,,,,,,,,,,,,,,,
2026-01-06 12:46:20,421260,7.0,0.0406,71.0,7.0,0.0439,60.0,,,,,,,,,,,,,,,,,,
2026-01-06 12:46:50,421258,7.0,0.0278,71.0,5.0,0.0517,49.0,,,,,,,,,,,,,,,,,,
2026-01-06 12:46:50,421260,7.0,0.0317,71.0,8.0,0.0556,52.0,,,,,,,,,,,,,,,,,,
2026-01-06 12:47:20,421258,11.0,0.05,60.0,10.0,0.085,49.0,,,,,,,,,,,,,,,,,,
2026-01-06 12:47:20,421260,12.0,0.0689,65.0,11.0,0.0978,49.0,,,,,,,,,,,,,,,,,,
2026-01-06 12:47:50,421258,7.0,0.0289,65.0,7.0,0.0578,49.0,,,,,,,,,,,,,,,,,,
2026-01-06 12:47:50,421260,8.0,0.0417,65.0,9.0,0.0689,56.0,,,,,,,,,,,,,,,,,,
2026-01-06 12:48:20,421258,5.0,0.02,78.0,7.0,0.0567,52.0,,,,,,,,,,,,,,,,,,
2026-01-06 12:48:20,421260,11.0,0.0639,65.0,6.0,0.0417,56.0,,,,,,,,,,,,,,,,,,
2026-01-06 12:48:50,421258,7.0,0.0278,71.0,10.0,0.085,49.0,,,,,,,,,,,,,,,,,,
2026-01-06 12:48:50,421260,7.0,0.0356,71.0,5.0,0.0356,56.0,,,,,,,,,,,,,,,,,,
2026-01-06 12:49:20,421258,6.0,0.0256,65.0,9.0,0.0956,49.0,,,,,,,,,,,,,,,,,,
2026-01-06 12:49:20,421260,8.0,0.0456,65.0,8.0,0.0578,52.0,,,,,,,,,,,,,,,,,,
2026-01-06 12:49:50,421258,11.0,0.0539,65.0,11.0,0.1017,49.0,,,,,,,,,,,,,,,,,,
2026-01-06 12:49:50,421260,10.0,0.0617,71.0,9.0,0.0628,56.0,,,,,,,,,,,,,,,,,,
2026-01-06 12:50:20,421258,12.0,0.0528,65.0,8.0,0.0617,52.0,,,,,,,,,,,,,,,,,,
2026-01-06 12:50:20,421260,7.0,0.035,71.0,7.0,0.0478,56.0,,,,,,,,,,,,,,,,,,
2026-01-06 12:50:50,421258,4.0,0.0178,65.0,6.0,0.07,49.0,,,,,,,,,,,,,,,,,,
2026-01-06 12:50:50,421260,2.0,0.0089,78.0,11.0,0.0789,56.0,,,,,,,,,,,,,,,,,,
2026-01-06 12:51:20,421258,7.0,0.035,65.0,10.0,0.0839,49.0,,,,,,,,,,,,,,,,,,
2026-01-06 12:51:20,421260,7.0,0.0378,71.0,8.0,0.0506,60.0,,,,,,,,,,,,,,,,,,
2026-01-06 12:51:50,421258,9.0,0.0389,71.0,8.0,0.0689,49.0,,,,,,,,,,,,,,,,,,
2026-01-06 12:51:50,421260,7.0,0.04,71.0,8.0,0.0567,65.0,,,,,,,,,,,,,,,,,,
2026-01-06 12:52:20,421258,5.0,0.02,78.0,6.0,0.0639,49.0,,,,,,,,,,,,,,,,,,
2026-01-06 12:52:20,421260,4.0,0.0189,71.0,8.0,0.0456,65.0,,,,,,,,,,,,,,,,,,
2026-01-06 12:52:50,421258,3.0,0.015,60.0,13.0,0.1406,49.0,,,,,,,,,,,,,,,,,,
2026-01-06 12:52:50,421260,8.0,0.0467,71.0,5.0,0.0317,65.0,,,,,,,,,,,,,,,,,,
2026-01-06 12:53:20,421258,9.0,0.0406,65.0,10.0,0.09,49.0,,,,,,,,,,,,,,,,,,
2026-01-06 12:53:20,421260,2.0,0.0106,71.0,6.0,0.0417,56.0,,,,,,,,,,,,,,,,,,
2026-01-06 12:53:50,421258,7.0,0.0289,71.0,7.0,0.0489,56.0,,,,,,,,,,,,,,,,,,
2026-01-06 12:53:50,421260,9.0,0.0478,71.0,8.0,0.08,60.0,,,,,,,,,,,,,,,,,,
2026-01-06 12:54:20,421258,4.0,0.0189,65.0,3.0,0.0267,60.0,,,,,,,,,,,,,,,,,,
2026-01-06 12:54:20,421260,9.0,0.05,71.0,8.0,0.0539,60.0,,,,,,,,,,,,,,,,,,
2026-01-06 12:54:50,421258,5.0,0.0239,65.0,5.0,0.0428,56.0,,,,,,,,,,,,,,,,,,
2026-01-06 12:54:50,421260,4.0,0.0217,71.0,8.0,0.0539,56.0,,,,,,,,,,,,,,,,,,
2026-01-06 12:55:20,421258,9.0,0.0378,65.0,6.0,0.0506,56.0,,,,,,,,,,,,,,,,,,
2026-01-06 12:55:20,421260,4.0,0.0217,65.0,7.0,0.0478,56.0,,,,,,,,,,,,,,,,,,
2026-01-06 12:55:50,421258,9.0,0.0378,65.0,8.0,0.0856,52.0,,,,,,,,,,,,,,,,,,
2026-01-06 12:55:50,421260,4.0,0.0217,71.0,5.0,0.0328,56.0,,,,,,,,,,,,,,,,,,
2026-01-06 12:56:20,421258,6.0,0.0256,71.0,8.0,0.0656,49.0,,,,,,,,,,,,,,,,,,
2026-01-06 12:56:20,421260,8.0,0.0456,65.0,9.0,0.0678,56.0,,,,,,,,,,,,,,,,,,
2026-01-06 12:56:50,421258,2.0,0.0128,60.0,8.0,0.0706,49.0,,,,,,,,,,,,,,,,,,
2026-01-06 12:56:50,421260,16.0,0.1039,65.0,7.0,0.0528,52.0,,,,,,,,,,,,,,,,,,
2026-01-06 12:57:20,421258,7.0,0.0278,71.0,4.0,0.0339,44.0,,,,,,,,,,,,,,,,,,
2026-01-06 12:57:20,421260,10.0,0.0556,65.0,7.0,0.0539,52.0,,,,,,,,,,,,,,,,,,
2026-01-06 12:57:50,421258,5.0,0.0239,71.0,6.0,0.0656,56.0,,,,,,,,,,,,,,,,,,
2026-01-06 12:57:50,421260,9.0,0.0539,65.0,4.0,0.035,56.0,,,,,,,,,,,,,,,,,,
2026-01-06 12:58:20,421258,11.0,0.0556,71.0,5.0,0.0578,49.0,,,,,,,,,,,,,,,,,,
2026-01-06 12:58:20,421260,11.0,0.0578,71.0,7.0,0.0456,60.0,,,,,,,,,,,,,,,,,,
2026-01-06 12:58:50,421258,11.0,0.0506,65.0,9.0,0.0939,49.0,,,,,,,,,,,,,,,,,,
2026-01-06 12:58:50,421260,12.0,0.0639,71.0,7.0,0.0439,60.0,,,,,,,,,,,,,,,,,,
2026-01-06 12:59:20,421258,5.0,0.02,60.0,7.0,0.0706,52.0,,,,,,,,,,,,,,,,,,
2026-01-06 12:59:20,421260,3.0,0.015,71.0,6.0,0.0389,65.0,,,,,,,,,,,,,,,,,,
2026-01-06 12:59:50,421258,11.0,0.0456,65.0,11.0,0.1056,46.0,,,,,,,,,,,,,,,,,,
2026-01-06 12:59:50,421260,2.0,0.0089,78.0,5.0,0.0289,65.0,,,,,,,,,,,,,,,,,,
2026-01-06 13:00:20,421258,5.0,0.02,78.0,10.0,0.085,56.0,,,,,,,,,,,,,,,,,,
2026-01-06 13:00:20,421260,12.0,0.065,71.0,8.0,0.05,65.0,,,,,,,,,,,,,,,,,,
2026-01-06 13:00:50,421258,9.0,0.0378,78.0,7.0,0.0567,52.0,,,,,,,,,,,,,,,,,,
2026-01-06 13:00:50,421260,9.0,0.045,78.0,6.0,0.0406,65.0,,,,,,,,,,,,,,,,,,
2026-01-06 13:01:20,421258,2.0,0.0078,78.0,6.0,0.0378,65.0,,,,,,,,,,,,,,,,,,
2026-01-06 13:01:20,421260,10.0,0.06,65.0,10.0,0.0878,49.0,,,,,,,,,,,,,,,,,,
2026-01-06 13:01:50,421258,8.0,0.0378,65.0,6.0,0.0378,60.0,,,,,,,,,,,,,,,,,,
2026-01-06 13:01:50,421260,6.0,0.0328,71.0,9.0,0.08,49.0,,,,,,,,,,,,,,,,,,
2026-01-06 13:02:20,421258,9.0,0.0378,65.0,7.0,0.0456,60.0,,,,,,,,,,,,,,,,,,
2026-01-06 13:02:20,421260,5.0,0.0278,71.0,7.0,0.0528,52.0,,,,,,,,,,,,,,,,,,
2026-01-06 13:02:50,421258,7.0,0.0306,78.0,7.0,0.065,52.0,,,,,,,,,,,,,,,,,,
2026-01-06 13:02:50,421260,10.0,0.055,71.0,6.0,0.05,56.0,,,,,,,,,,,,,,,,,,
2026-01-06 13:03:20,421258,8.0,0.0328,78.0,4.0,0.03,52.0,,,,,,,,,,,,,,,,,,
2026-01-06 13:03:20,421260,8.0,0.0489,65.0,6.0,0.0639,52.0,,,,,,,,,,,,,,,,,,
2026-01-06 13:03:50,421258,7.0,0.0306,65.0,6.0,0.11,42.0,,,,,,,,,,,,,,,,,,
2026-01-06 13:03:50,421260,13.0,0.0756,65.0,13.0,0.1067,49.0,,,,,,,,,,,,,,,,,,
2026-01-06 13:04:20,421258,13.0,0.0578,65.0,10.0,0.1017,49.0,,,,,,,,,,,,,,,,,,
2026-01-06 13:04:20,421260,1.0,0.005,71.0,5.0,0.0328,60.0,,,,,,,,,,,,,,,,,,
2026-01-06 13:04:50,421258,3.0,0.015,65.0,4.0,0.04,49.0,,,,,,,,,,,,,,,,,,
2026-01-06 13:04:50,421260,7.0,0.0356,71.0,8.0,0.0628,60.0,,,,,,,,,,,,,,,,,,
2026-01-06 13:05:20,421258,9.0,0.0367,71.0,8.0,0.055,60.0,,,,,,,,,,,,,,,,,,
2026-01-06 13:05:20,421260,5.0,0.0267,71.0,7.0,0.0428,60.0,,,,,,,,,,,,,,,,,,
2026-01-06 13:05:50,421258,6.0,0.0256,65.0,6.0,0.08,49.0,,,,,,,,,,,,,,,,,,
2026-01-06 13:05:50,421260,3.0,0.015,78.0,2.0,0.0117,60.0,,,,,,,,,,,,,,,,,,
2026-01-06 13:06:20,421258,7.0,0.0306,65.0,14.0,0.1378,44.0,,,,,,,,,,,,,,,,,,
2026-01-06 13:06:20,421260,8.0,0.04,71.0,5.0,0.0428,60.0,,,,,,,,,,,,,,,,,,
2026-01-06 13:06:50,421258,6.0,0.0267,71.0,8.0,0.0728,49.0,,,,,,,,,,,,,,,,,,
2026-01-06 13:06:50,421260,5.0,0.03,65.0,4.0,0.0306,56.0,,,,,,,,,,,,,,,,,,
2026-01-06 13:07:20,421258,3.0,0.0117,71.0,7.0,0.0528,52.0,,,,,,,,,,,,,,,,,,
2026-01-06 13:07:20,421260,9.0,0.0456,71.0,6.0,0.0439,60.0,,,,,,,,,,,,,,,,,,
2026-01-06 13:07:50,421258,6.0,0.0256,71.0,4.0,0.0278,52.0,,,,,,,,,,,,,,,,,,
2026-01-06 13:07:50,421260,11.0,0.07,60.0,12.0,0.1,52.0,,,,,,,,,,,,,,,,,,
2026-01-06 13:08:20,421258,5.0,0.02,78.0,4.0,0.05,44.0,,,,,,,,,,,,,,,,,,
2026-01-06 13:08:20,421260,4.0,0.0239,60.0,3.0,0.0256,56.0,,,,,,,,,,,,,,,,,,
2026-01-06 13:08:50,421258,7.0,0.0339,60.0,6.0,0.0667,49.0,,,,,,,,,,,,,,,,,,
2026-01-06 13:08:50,421260,6.0,0.0339,71.0,4.0,0.03,46.0,,,,,,,,,,,,,,,,,,
2026-01-06 13:09:20,421258,5.0,0.02,71.0,5.0,0.0628,56.0,,,,,,,,,,,,,,,,,,
2026-01-06 13:09:20,421260,9.0,0.0478,65.0,5.0,0.0467,56.0,,,,,,,,,,,,,,,,,,
2026-01-06 13:09:50,421258,9.0,0.0378,71.0,6.0,0.0656,56.0,,,,,,,,,,,,,,,,,,
2026-01-06 13:09:50,421260,6.0,0.0306,71.0,3.0,0.0206,52.0,,,,,,,,,,,,,,,,,,
2026-01-06 13:10:20,421258,3.0,0.0156,60.0,5.0,0.0617,40.0,,,,,,,,,,,,,,,,,,
2026-01-06 13:10:20,421260,12.0,0.0656,65.0,7.0,0.0539,56.0,,,,,,,,,,,,,,,,,,
2026-01-06 13:10:50,421258,4.0,0.0156,71.0,4.0,0.055,46.0,,,,,,,,,,,,,,,,,,
2026-01-06 13:10:50,421260,5.0,0.0256,71.0,9.0,0.07,56.0,,,,,,,,,,,,,,,,,,
2026-01-06 13:11:20,421258,8.0,0.0339,65.0,8.0,0.0739,49.0,,,,,,,,,,,,,,,,,,
2026-01-06 13:11:20,421260,8.0,0.04,78.0,6.0,0.05,60.0,,,,,,,,,,,,,,,,,,
2026-01-06 13:12:20,421258,13.0,0.0556,65.0,6.0,0.055,46.0,,,,,,,,,,,,,,,,,,
2026-01-06 13:12:20,421260,5.0,0.0278,65.0,6.0,0.0406,56.0,,,,,,,,,,,,,,,,,,
2026-01-06 13:12:50,421258,13.0,0.0539,71.0,8.0,0.065,56.0,,,,,,,,,,,,,,,,,,
2026-01-06 13:12:50,421260,9.0,0.0478,65.0,7.0,0.0467,60.0,,,,,,,,,,,,,,,,,,
2026-01-06 13:13:20,421258,3.0,0.0117,78.0,6.0,0.0567,56.0,,,,,,,,,,,,,,,,,,
2026-01-06 13:13:20,421260,6.0,0.0367,65.0,8.0,0.0617,52.0,,,,,,,,,,,,,,,,,,
2026-01-06 13:13:50,421258,8.0,0.035,65.0,5.0,0.0767,49.0,,,,,,,,,,,,,,,,,,
2026-01-06 13:13:50,421260,14.0,0.0828,60.0,7.0,0.0578,56.0,,,,,,,,,,,,,,,,,,
2026-01-06 13:14:20,421258,10.0,0.0467,65.0,5.0,0.0356,56.0,,,,,,,,,,,,,,,,,,
2026-01-06 13:14:20,421260,11.0,0.0606,65.0,12.0,0.0867,56.0,,,,,,,,,,,,,,,,,,
2026-01-06 13:14:50,421258,7.0,0.025,78.0,7.0,0.0539,56.0,,,,,,,,,,,,,,,,,,
2026-01-06 13:14:50,421260,7.0,0.035,78.0,9.0,0.0539,65.0,,,,,,,,,,,,,,,,,,
2026-01-06 13:15:20,421258,3.0,0.0117,65.0,8.0,0.0589,52.0,,,,,,,,,,,,,,,,,,
2026-01-06 13:15:20,421260,8.0,0.0439,71.0,9.0,0.0756,56.0,,,,,,,,,,,,,,,,,,
2026-01-06 13:15:50,421258,12.0,0.0539,65.0,12.0,0.1328,44.0,,,,,,,,,,,,,,,,,,
2026-01-06 13:15:50,421260,4.0,0.0189,78.0,8.0,0.0456,71.0,,,,,,,,,,,,,,,,,,
2026-01-06 13:16:20,421258,15.0,0.0689,65.0,13.0,0.105,52.0,,,,,,,,,,,,,,,,,,
2026-01-06 13:16:20,421260,2.0,0.0128,65.0,9.0,0.0617,56.0,,,,,,,,,,,,,,,,,,
2026-01-06 13:16:50,421258,8.0,0.035,78.0,5.0,0.0417,52.0,,,,,,,,,,,,,,,,,,
2026-01-06 13:16:50,421260,3.0,0.015,78.0,6.0,0.0439,60.0,,,,,,,,,,,,,,,,,,
2026-01-06 13:17:20,421258,8.0,0.0339,71.0,7.0,0.0739,52.0,,,,,,,,,,,,,,,,,,
2026-01-06 13:17:20,421260,12.0,0.0689,65.0,7.0,0.0717,56.0,,,,,,,,,,,,,,,,,,
2026-01-06 13:17:50,421258,3.0,0.0139,65.0,5.0,0.0378,56.0,,,,,,,,,,,,,,,,,,
2026-01-06 13:17:50,421260,8.0,0.0417,71.0,5.0,0.0328,60.0,,,,,,,,,,,,,,,,,,
2026-01-06 13:18:20,421258,5.0,0.0217,71.0,7.0,0.055,52.0,,,,,,,,,,,,,,,,,,
2026-01-06 13:18:20,421260,5.0,0.0256,71.0,6.0,0.0406,60.0,,,,,,,,,,,,,,,,,,
2026-01-06 13:18:50,421258,9.0,0.0389,65.0,7.0,0.0539,56.0,,,,,,,,,,,,,,,,,,
2026-01-06 13:18:50,421260,10.0,0.0528,71.0,5.0,0.0389,56.0,,,,,,,,,,,,,,,,,,
2026-01-06 13:19:20,421258,9.0,0.0378,71.0,3.0,0.0439,44.0,,,,,,,,,,,,,,,,,,
2026-01-06 13:19:20,421260,3.0,0.0156,71.0,3.0,0.0267,60.0,,,,,,,,,,,,,,,,,,
2026-01-06 13:19:50,421258,9.0,0.0389,65.0,9.0,0.0889,42.0,,,,,,,,,,,,,,,,,,
2026-01-06 13:19:50,421260,4.0,0.0239,65.0,10.0,0.0917,52.0,,,,,,,,,,,,,,,,,,
2026-01-06 13:20:20,421258,4.0,0.0156,65.0,5.0,0.0389,52.0,,,,,,,,,,,,,,,,,,
2026-01-06 13:20:20,421260,12.0,0.0767,60.0,13.0,0.1117,52.0,,,,,,,,,,,,,,,,,,
2026-01-06 13:20:50,421258,6.0,0.0256,65.0,7.0,0.0578,52.0,,,,,,,,,,,,,,,,,,
2026-01-06 13:20:50,421260,8.0,0.0389,71.0,3.0,0.0239,60.0,,,,,,,,,,,,,,,,,,
2026-01-06 13:21:20,421258,1.0,0.0039,60.0,4.0,0.0389,46.0,,,,,,,,,,,,,,,,,,
2026-01-06 13:21:20,421260,9.0,0.0478,71.0,7.0,0.0578,52.0,,,,,,,,,,,,,,,,,,
2026-01-06 13:21:50,421258,2.0,0.0078,60.0,6.0,0.0467,52.0,,,,,,,,,,,,,,,,,,
2026-01-06 13:21:50,421260,9.0,0.0506,65.0,7.0,0.0567,60.0,,,,,,,,,,,,,,,,,,
2026-01-06 13:22:20,421258,14.0,0.07,60.0,10.0,0.12,44.0,,,,,,,,,,,,,,,,,,
2026-01-06 13:22:20,421260,7.0,0.0378,71.0,7.0,0.045,60.0,,,,,,,,,,,,,,,,,,
2026-01-06 13:22:50,421258,9.0,0.045,60.0,7.0,0.0928,44.0,,,,,,,,,,,,,,,,,,
2026-01-06 13:22:50,421260,8.0,0.0428,65.0,7.0,0.0489,60.0,,,,,,,,,,,,,,,,,,
2026-01-06 13:23:20,421258,10.0,0.0467,65.0,9.0,0.0956,49.0,,,,,,,,,,,,,,,,,,
2026-01-06 13:23:20,421260,7.0,0.035,71.0,10.0,0.0739,52.0,,,,,,,,,,,,,,,,,,
2026-01-06 13:23:50,421258,9.0,0.04,65.0,10.0,0.0839,52.0,,,,,,,,,,,,,,,,,,
2026-01-06 13:23:50,421260,5.0,0.0278,71.0,6.0,0.0439,65.0,,,,,,,,,,,,,,,,,,
2026-01-06 13:24:20,421258,6.0,0.0239,78.0,7.0,0.0628,52.0,,,,,,,,,,,,,,,,,,
2026-01-06 13:24:20,421260,13.0,0.0728,71.0,9.0,0.0528,56.0,,,,,,,,,,,,,,,,,,
2026-01-06 13:24:50,421258,7.0,0.0278,65.0,5.0,0.055,52.0,,,,,,,,,,,,,,,,,,
2026-01-06 13:24:50,421260,10.0,0.0517,71.0,9.0,0.0739,52.0,,,,,,,,,,,,,,,,,,
2026-01-06 13:25:20,421258,11.0,0.05,65.0,7.0,0.0578,52.0,,,,,,,,,,,,,,,,,,
2026-01-06 13:25:20,421260,9.0,0.0478,71.0,5.0,0.04,56.0,,,,,,,,,,,,,,,,,,
2026-01-06 13:25:50,421258,7.0,0.035,56.0,5.0,0.0439,44.0,,,,,,,,,,,,,,,,,,
2026-01-06 13:25:50,421260,7.0,0.0339,78.0,6.0,0.0478,60.0,,,,,,,,,,,,,,,,,,
2026-01-06 13:26:20,421258,10.0,0.0489,56.0,6.0,0.0689,46.0,,,,,,,,,,,,,,,,,,
2026-01-06 13:26:20,421260,6.0,0.03,71.0,6.0,0.0406,60.0,,,,,,,,,,,,,,,,,,
2026-01-06 13:26:50,421258,6.0,0.03,56.0,8.0,0.0867,49.0,,,,,,,,,,,,,,,,,,
2026-01-06 13:26:50,421260,11.0,0.06,71.0,7.0,0.0578,56.0,,,,,,,,,,,,,,,,,,
2026-01-06 13:27:20,421258,9.0,0.0406,65.0,6.0,0.0567,56.0,,,,,,,,,,,,,,,,,,
2026-01-06 13:27:20,421260,4.0,0.02,71.0,6.0,0.0417,60.0,,,,,,,,,,,,,,,,,,
2026-01-06 13:27:50,421258,7.0,0.03,71.0,9.0,0.0756,46.0,,,,,,,,,,,,,,,,,,
2026-01-06 13:27:50,421260,6.0,0.0317,71.0,2.0,0.0117,65.0,,,,,,,,,,,,,,,,,,
2026-01-06 13:28:20,421258,8.0,0.0328,71.0,9.0,0.0589,56.0,,,,,,,,,,,,,,,,,,
2026-01-06 13:28:20,421260,9.0,0.055,60.0,4.0,0.0239,52.0,,,,,,,,,,,,,,,,,,
2026-01-06 13:28:50,421258,3.0,0.0117,71.0,6.0,0.0728,49.0,,,,,,,,,,,,,,,,,,
2026-01-06 13:28:50,421260,5.0,0.0278,65.0,8.0,0.0578,56.0,,,,,,,,,,,,,,,,,,
2026-01-06 13:29:20,421258,6.0,0.0239,78.0,6.0,0.0417,56.0,,,,,,,,,,,,,,,,,,
2026-01-06 13:29:20,421260,9.0,0.0456,78.0,6.0,0.0339,65.0,,,,,,,,,,,,,,,,,,
2026-01-06 13:29:50,421258,2.0,0.0078,78.0,6.0,0.045,56.0,,,,,,,,,,,,,,,,,,
2026-01-06 13:29:50,421260,11.0,0.065,65.0,7.0,0.0489,52.0,,,,,,,,,,,,,,,,,,
2026-01-06 13:30:20,421258,5.0,0.0217,65.0,4.0,0.0378,56.0,,,,,,,,,,,,,,,,,,
2026-01-06 13:30:20,421260,13.0,0.09,52.0,13.0,0.1278,40.0,,,,,,,,,,,,,,,,,,
2026-01-06 13:30:50,421258,9.0,0.0428,65.0,8.0,0.0656,52.0,,,,,,,,,,,,,,,,,,
2026-01-06 13:30:50,421260,2.0,0.01,78.0,6.0,0.0428,52.0,,,,,,,,,,,,,,,,,,
2026-01-06 13:31:20,421258,5.0,0.02,71.0,7.0,0.0506,52.0,,,,,,,,,,,,,,,,,,
2026-01-06 13:31:20,421260,12.0,0.0656,71.0,8.0,0.0539,56.0,,,,,,,,,,,,,,,,,,
2026-01-06 13:31:50,421258,10.0,0.045,65.0,9.0,0.0956,49.0,,,,,,,,,,,,,,,,,,
2026-01-06 13:31:50,421260,15.0,0.1028,56.0,10.0,0.0828,52.0,,,,,,,,,,,,,,,,,,
2026-01-06 13:32:20,421258,5.0,0.0228,65.0,6.0,0.0439,56.0,,,,,,,,,,,,,,,,,,
2026-01-06 13:32:20,421260,6.0,0.0389,65.0,4.0,0.035,52.0,,,,,,,,,,,,,,,,,,
2026-01-06 13:32:50,421258,8.0,0.0406,65.0,10.0,0.13,42.0,,,,,,,,,,,,,,,,,,
2026-01-06 13:32:50,421260,10.0,0.0539,60.0,6.0,0.0517,52.0,,,,,,,,,,,,,,,,,,
2026-01-06 13:33:20,421258,12.0,0.0578,60.0,10.0,0.0839,46.0,,,,,,,,,,,,,,,,,,
2026-01-06 13:33:20,421260,2.0,0.01,86.0,5.0,0.0317,60.0,,,,,,,,,,,,,,,,,,
2026-01-06 13:33:50,421258,10.0,0.045,65.0,8.0,0.0706,49.0,,,,,,,,,,,,,,,,,,
2026-01-06 13:33:50,421260,5.0,0.0278,71.0,6.0,0.0389,60.0,,,,,,,,,,,,,,,,,,
2026-01-06 13:34:20,421258,7.0,0.0328,65.0,7.0,0.0917,46.0,,,,,,,,,,,,,,,,,,
2026-01-06 13:34:20,421260,14.0,0.0806,65.0,10.0,0.0967,52.0,,,,,,,,,,,,,,,,,,
2026-01-06 13:34:50,421258,7.0,0.03,65.0,6.0,0.0467,46.0,,,,,,,,,,,,,,,,,,
2026-01-06 13:34:50,421260,12.0,0.0739,65.0,9.0,0.0706,56.0,,,,,,,,,,,,,,,,,,
2026-01-06 13:35:20,421258,6.0,0.0256,71.0,8.0,0.0878,46.0,,,,,,,,,,,,,,,,,,
2026-01-06 13:35:20,421260,6.0,0.0317,71.0,9.0,0.08,56.0,,,,,,,,,,,,,,,,,,
2026-01-06 13:35:50,421258,6.0,0.0267,71.0,8.0,0.0728,56.0,,,,,,,,,,,,,,,,,,
2026-01-06 13:35:50,421260,6.0,0.0339,71.0,6.0,0.04,60.0,,,,,,,,,,,,,,,,,,
2026-01-06 13:36:20,421258,11.0,0.05,65.0,9.0,0.0856,52.0,,,,,,,,,,,,,,,,,,
2026-01-06 13:36:20,421260,10.0,0.0556,65.0,4.0,0.0628,52.0,,,,,,,,,,,,,,,,,,
2026-01-06 13:36:50,421258,7.0,0.035,60.0,8.0,0.0689,52.0,,,,,,,,,,,,,,,,,,
2026-01-06 13:36:50,421260,10.0,0.0539,71.0,12.0,0.1006,56.0,,,,,,,,,,,,,,,,,,
2026-01-06 13:37:20,421258,9.0,0.0389,65.0,5.0,0.1128,26.0,,,,,,,,,,,,,,,,,,
2026-01-06 13:37:20,421260,13.0,0.0739,65.0,10.0,0.0706,56.0,,,,,,,,,,,,,,,,,,
2026-01-06 13:37:50,421258,4.0,0.0156,71.0,5.0,0.05,49.0,,,,,,,,,,,,,,,,,,
2026-01-06 13:37:50,421260,4.0,0.0206,65.0,7.0,0.0417,60.0,,,,,,,,,,,,,,,,,,
2026-01-06 13:38:20,421258,12.0,0.0528,65.0,6.0,0.0806,46.0,,,,,,,,,,,,,,,,,,
2026-01-06 13:38:20,421260,11.0,0.065,60.0,6.0,0.0478,49.0,,,,,,,,,,,,,,,,,,
2026-01-06 13:38:50,421258,13.0,0.0617,60.0,13.0,0.1289,49.0,,,,,,,,,,,,,,,,,,
2026-01-06 13:38:50,421260,9.0,0.0517,65.0,10.0,0.0706,56.0,,,,,,,,,,,,,,,,,,
2026-01-06 13:39:20,421258,8.0,0.0339,71.0,11.0,0.0856,52.0,,,,,,,,,,,,,,,,,,
2026-01-06 13:39:20,421260,14.0,0.0867,60.0,8.0,0.0589,56.0,,,,,,,,,,,,,,,,,,
2026-01-06 13:39:50,421258,6.0,0.0256,65.0,6.0,0.05,56.0,,,,,,,,,,,,,,,,,,
2026-01-06 13:39:50,421260,10.0,0.0556,71.0,6.0,0.0467,56.0,,,,,,,,,,,,,,,,,,
2026-01-06 13:40:20,421258,12.0,0.05,71.0,5.0,0.0478,49.0,,,,,,,,,,,,,,,,,,
2026-01-06 13:40:20,421260,8.0,0.0378,71.0,5.0,0.0339,60.0,,,,,,,,,,,,,,,,,,
2026-01-06 13:40:50,421258,5.0,0.0217,65.0,7.0,0.075,49.0,,,,,,,,,,,,,,,,,,
2026-01-06 13:40:50,421260,17.0,0.1,60.0,9.0,0.0989,46.0,,,,,,,,,,,,,,,,,,
2026-01-06 13:41:20,421258,16.0,0.0728,65.0,14.0,0.125,46.0,,,,,,,,,,,,,,,,,,
2026-01-06 13:41:20,421260,18.0,0.1089,60.0,13.0,0.1056,52.0,,,,,,,,,,,,,,,,,,
2026-01-06 13:41:50,421258,9.0,0.0378,71.0,7.0,0.1006,42.0,,,,,,,,,,,,,,,,,,
2026-01-06 13:41:50,421260,7.0,0.035,71.0,8.0,0.0628,56.0,,,,,,,,,,,,,,,,,,
2026-01-06 13:42:20,421258,4.0,0.0156,78.0,6.0,0.0789,52.0,,,,,,,,,,,,,,,,,,
2026-01-06 13:42:20,421260,12.0,0.0639,71.0,7.0,0.0467,60.0,,,,,,,,,,,,,,,,,,
2026-01-06 13:42:50,421258,12.0,0.0539,65.0,10.0,0.0928,52.0,,,,,,,,,,,,,,,,,,
2026-01-06 13:42:50,421260,7.0,0.0367,71.0,8.0,0.0528,60.0,,,,,,,,,,,,,,,,,,
2026-01-06 13:43:20,421258,13.0,0.0567,71.0,13.0,0.1406,46.0,,,,,,,,,,,,,,,,,,
2026-01-06 13:43:20,421260,12.0,0.0706,71.0,12.0,0.0856,52.0,,,,,,,,,,,,,,,,,,
2026-01-06 13:43:50,421258,9.0,0.0378,71.0,11.0,0.095,46.0,,,,,,,,,,,,,,,,,,
2026-01-06 13:43:50,421260,5.0,0.0217,78.0,4.0,0.0378,56.0,,,,,,,,,,,,,,,,,,
2026-01-06 13:44:20,421258,11.0,0.0489,65.0,8.0,0.075,46.0,,,,,,,,,,,,,,,,,,
2026-01-06 13:44:20,421260,12.0,0.0728,60.0,10.0,0.0806,49.0,,,,,,,,,,,,,,,,,,
2026-01-06 13:44:50,421258,11.0,0.0456,71.0,6.0,0.0706,49.0,,,,,,,,,,,,,,,,,,
2026-01-06 13:44:50,421260,9.0,0.05,71.0,5.0,0.0489,52.0,,,,,,,,,,,,,,,,,,
2026-01-06 13:45:20,421258,9.0,0.045,60.0,9.0,0.0656,52.0,,,,,,,,,,,,,,,,,,
2026-01-06 13:45:20,421260,4.0,0.0228,71.0,5.0,0.0356,56.0,,,,,,,,,,,,,,,,,,
2026-01-06 13:45:50,421258,5.0,0.02,78.0,5.0,0.0339,60.0,,,,,,,,,,,,,,,,,,
2026-01-06 13:45:50,421260,12.0,0.0617,71.0,11.0,0.0817,56.0,,,,,,,,,,,,,,,,,,
2026-01-06 13:46:20,421258,11.0,0.0489,71.0,6.0,0.0789,46.0,,,,,,,,,,,,,,,,,,
2026-01-06 13:46:20,421260,7.0,0.0406,65.0,10.0,0.0656,60.0,,,,,,,,,,,,,,,,,,
2026-01-06 13:46:50,421258,9.0,0.0378,60.0,10.0,0.1017,46.0,,,,,,,,,,,,,,,,,,
2026-01-06 13:46:50,421260,11.0,0.065,65.0,8.0,0.0617,56.0,,,,,,,,,,,,,,,,,,
2026-01-06 13:47:20,421258,6.0,0.0256,71.0,8.0,0.0589,56.0,,,,,,,,,,,,,,,,,,
2026-01-06 13:47:20,421260,13.0,0.0717,71.0,8.0,0.0517,60.0,,,,,,,,,,,,,,,,,,
2026-01-06 13:47:50,421258,7.0,0.0289,65.0,8.0,0.085,49.0,,,,,,,,,,,,,,,,,,
2026-01-06 13:47:50,421260,6.0,0.0317,71.0,8.0,0.0767,56.0,,,,,,,,,,,,,,,,,,
2026-01-06 13:48:20,421258,13.0,0.0606,65.0,11.0,0.0778,52.0,,,,,,,,,,,,,,,,,,
2026-01-06 13:48:20,421260,13.0,0.0656,71.0,5.0,0.0278,71.0,,,,,,,,,,,,,,,,,,
2026-01-06 13:48:50,421258,9.0,0.0406,65.0,6.0,0.0839,46.0,,,,,,,,,,,,,,,,,,
2026-01-06 13:48:50,421260,6.0,0.0339,71.0,10.0,0.0678,56.0,,,,,,,,,,,,,,,,,,
2026-01-06 13:49:20,421258,12.0,0.0539,65.0,7.0,0.0467,52.0,,,,,,,,,,,,,,,,,,
2026-01-06 13:49:20,421260,8.0,0.0506,60.0,10.0,0.0906,49.0,,,,,,,,,,,,,,,,,,
2026-01-06 13:49:50,421258,11.0,0.0489,65.0,6.0,0.0739,46.0,,,,,,,,,,,,,,,,,,
2026-01-06 13:49:50,421260,8.0,0.045,65.0,4.0,0.035,65.0,,,,,,,,,,,,,,,,,,
2026-01-06 13:50:20,421258,9.0,0.0378,71.0,6.0,0.0606,52.0,,,,,,,,,,,,,,,,,,
2026-01-06 13:50:20,421260,17.0,0.0939,71.0,12.0,0.0756,60.0,,,,,,,,,,,,,,,,,,
2026-01-06 13:50:50,421258,9.0,0.0378,65.0,7.0,0.0528,52.0,,,,,,,,,,,,,,,,,,
2026-01-06 13:50:50,421260,9.0,0.0506,65.0,5.0,0.0506,56.0,,,,,,,,,,,,,,,,,,
2026-01-06 13:51:20,421258,3.0,0.0117,71.0,7.0,0.0706,49.0,,,,,,,,,,,,,,,,,,
2026-01-06 13:51:20,421260,8.0,0.0406,71.0,10.0,0.1039,52.0,,,,,,,,,,,,,,,,,,
2026-01-06 13:51:50,421258,13.0,0.0578,65.0,12.0,0.1056,52.0,,,,,,,,,,,,,,,,,,
2026-01-06 13:51:50,421260,2.0,0.0106,71.0,5.0,0.0306,65.0,,,,,,,,,,,,,,,,,,
2026-01-06 13:52:20,421258,9.0,0.0378,46.0,14.0,0.1128,52.0,,,,,,,,,,,,,,,,,,
2026-01-06 13:52:20,421260,6.0,0.035,65.0,6.0,0.0389,60.0,,,,,,,,,,,,,,,,,,
2026-01-06 13:52:50,421258,8.0,0.0328,78.0,6.0,0.0606,52.0,,,,,,,,,,,,,,,,,,
2026-01-06 13:52:50,421260,8.0,0.0478,60.0,7.0,0.0567,52.0,,,,,,,,,,,,,,,,,,
2026-01-06 13:53:20,421258,1.0,0.015,60.0,4.0,0.05,44.0,,,,,,,,,,,,,,,,,,
2026-01-06 13:53:20,421260,2.0,0.01,71.0,6.0,0.0467,60.0,,,,,,,,,,,,,,,,,,
2026-01-06 13:53:50,421258,6.0,0.0256,65.0,10.0,0.0856,46.0,,,,,,,,,,,,,,,,,,
2026-01-06 13:53:50,421260,9.0,0.045,71.0,6.0,0.045,56.0,,,,,,,,,,,,,,,,,,
2026-01-06 13:54:20,421258,4.0,0.0156,78.0,5.0,0.0428,49.0,,,,,,,,,,,,,,,,,,
2026-01-06 13:54:20,421260,9.0,0.0456,71.0,5.0,0.0328,60.0,,,,,,,,,,,,,,,,,,
2026-01-06 13:54:50,421258,5.0,0.0228,71.0,6.0,0.0567,46.0,,,,,,,,,,,,,,,,,,
2026-01-06 13:54:50,421260,12.0,0.0656,65.0,8.0,0.055,56.0,,,,,,,,,,,,,,,,,,
2026-01-06 13:55:20,421258,6.0,0.0239,65.0,7.0,0.0817,46.0,,,,,,,,,,,,,,,,,,
2026-01-06 13:55:20,421260,8.0,0.0528,78.0,8.0,0.045,65.0,,,,,,,,,,,,,,,,,,
2026-01-06 13:55:50,421258,10.0,0.0428,65.0,8.0,0.0656,49.0,,,,,,,,,,,,,,,,,,
2026-01-06 13:55:50,421260,17.0,0.09,71.0,7.0,0.0506,56.0,,,,,,,,,,,,,,,,,,
2026-01-06 13:56:20,421258,13.0,0.0578,65.0,8.0,0.0817,52.0,,,,,,,,,,,,,,,,,,
2026-01-06 13:56:20,421260,6.0,0.0306,71.0,6.0,0.0378,56.0,,,,,,,,,,,,,,,,,,
2026-01-06 13:56:50,421258,8.0,0.0339,71.0,7.0,0.0528,52.0,,,,,,,,,,,,,,,,,,
2026-01-06 13:56:50,421260,10.0,0.0589,65.0,10.0,0.0756,52.0,,,,,,,,,,,,,,,,,,
2026-01-06 13:57:20,421258,10.0,0.0539,71.0,6.0,0.0439,56.0,,,,,,,,,,,,,,,,,,
2026-01-06 13:57:20,421260,10.0,0.0617,65.0,13.0,0.0878,56.0,,,,,,,,,,,,,,,,,,
2026-01-06 13:57:50,421258,8.0,0.0317,71.0,9.0,0.0656,56.0,,,,,,,,,,,,,,,,,,
2026-01-06 13:57:50,421260,9.0,0.0489,65.0,11.0,0.0706,60.0,,,,,,,,,,,,,,,,,,
2026-01-06 13:58:20,421258,10.0,0.0417,71.0,7.0,0.0567,49.0,,,,,,,,,,,,,,,,,,
2026-01-06 13:58:20,421260,2.0,0.0106,71.0,7.0,0.0628,56.0,,,,,,,,,,,,,,,,,,
2026-01-06 13:58:50,421258,7.0,0.0306,65.0,5.0,0.0378,52.0,,,,,,,,,,,,,,,,,,
2026-01-06 13:58:50,421260,8.0,0.0428,71.0,7.0,0.0506,56.0,,,,,,,,,,,,,,,,,,
2026-01-06 13:59:20,421258,13.0,0.0706,60.0,12.0,0.1239,42.0,,,,,,,,,,,,,,,,,,
2026-01-06 13:59:20,421260,3.0,0.0139,78.0,5.0,0.03,56.0,,,,,,,,,,,,,,,,,,
2026-01-06 13:59:50,421258,12.0,0.0528,60.0,12.0,0.1078,46.0,,,,,,,,,,,,,,,,,,
2026-01-06 13:59:50,421260,6.0,0.0339,65.0,7.0,0.0539,52.0,,,,,,,,,,,,,,,,,,
2026-01-06 14:00:20,421258,4.0,0.0156,78.0,6.0,0.0689,52.0,,,,,,,,,,,,,,,,,,
2026-01-06 14:00:20,421260,9.0,0.0478,65.0,9.0,0.0739,56.0,,,,,,,,,,,,,,,,,,
2026-01-06 14:00:50,421258,5.0,0.0228,71.0,7.0,0.045,56.0,,,,,,,,,,,,,,,,,,
2026-01-06 14:00:50,421260,10.0,0.055,71.0,9.0,0.0878,49.0,,,,,,,,,,,,,,,,,,
2026-01-06 14:01:20,421258,2.0,0.0089,56.0,3.0,0.0239,56.0,,,,,,,,,,,,,,,,,,
2026-01-06 14:01:20,421260,8.0,0.045,65.0,7.0,0.06,60.0,,,,,,,,,,,,,,,,,,
2026-01-06 14:01:50,421258,11.0,0.05,71.0,8.0,0.0667,49.0,,,,,,,,,,,,,,,,,,
2026-01-06 14:01:50,421260,5.0,0.0239,71.0,2.0,0.0228,56.0,,,,,,,,,,,,,,,,,,
2026-01-06 14:02:20,421258,7.0,0.0306,71.0,9.0,0.0817,49.0,,,,,,,,,,,,,,,,,,
2026-01-06 14:02:20,421260,15.0,0.1128,56.0,8.0,0.1089,46.0,,,,,,,,,,,,,,,,,,
2026-01-06 14:02:50,421258,5.0,0.02,78.0,5.0,0.0578,40.0,,,,,,,,,,,,,,,,,,
2026-01-06 14:02:50,421260,6.0,0.0406,65.0,5.0,0.05,60.0,,,,,,,,,,,,,,,,,,
2026-01-06 14:03:20,421258,12.0,0.0556,60.0,11.0,0.1256,44.0,,,,,,,,,,,,,,,,,,
2026-01-06 14:03:20,421260,7.0,0.04,65.0,7.0,0.05,56.0,,,,,,,,,,,,,,,,,,
2026-01-06 14:03:50,421258,4.0,0.0206,65.0,5.0,0.0417,52.0,,,,,,,,,,,,,,,,,,
2026-01-06 14:03:50,421260,15.0,0.0928,60.0,6.0,0.065,56.0,,,,,,,,,,,,,,,,,,
2026-01-06 14:04:20,421258,8.0,0.0356,71.0,7.0,0.0939,46.0,,,,,,,,,,,,,,,,,,
2026-01-06 14:04:20,421260,12.0,0.07,65.0,9.0,0.0656,52.0,,,,,,,,,,,,,,,,,,
2026-01-06 14:04:50,421258,9.0,0.0539,60.0,5.0,0.0656,42.0,,,,,,,,,,,,,,,,,,
2026-01-06 14:04:50,421260,3.0,0.0228,65.0,6.0,0.0539,60.0,,,,,,,,,,,,,,,,,,
2026-01-06 14:05:20,421258,5.0,0.0217,71.0,8.0,0.0656,49.0,,,,,,,,,,,,,,,,,,
2026-01-06 14:05:20,421260,10.0,0.0578,65.0,6.0,0.105,49.0,,,,,,,,,,,,,,,,,,
2026-01-06 14:05:50,421258,7.0,0.0367,60.0,8.0,0.0689,46.0,,,,,,,,,,,,,,,,,,
2026-01-06 14:05:50,421260,14.0,0.0878,60.0,6.0,0.0567,52.0,,,,,,,,,,,,,,,,,,
2026-01-06 14:06:20,421258,14.0,0.0678,60.0,11.0,0.1056,52.0,,,,,,,,,,,,,,,,,,
2026-01-06 14:06:20,421260,6.0,0.0306,71.0,6.0,0.0489,56.0,,,,,,,,,,,,,,,,,,
2026-01-06 14:06:50,421258,5.0,0.0217,71.0,8.0,0.0856,49.0,,,,,,,,,,,,,,,,,,
2026-01-06 14:06:50,421260,4.0,0.02,71.0,8.0,0.055,60.0,,,,,,,,,,,,,,,,,,
2026-01-06 14:07:20,421258,6.0,0.0256,65.0,4.0,0.08,38.0,,,,,,,,,,,,,,,,,,
2026-01-06 14:07:20,421260,7.0,0.0367,71.0,7.0,0.0589,60.0,,,,,,,,,,,,,,,,,,
2026-01-06 14:07:50,421258,15.0,0.0728,60.0,14.0,0.1578,44.0,,,,,,,,,,,,,,,,,,
2026-01-06 14:07:50,421260,8.0,0.045,65.0,5.0,0.0306,52.0,,,,,,,,,,,,,,,,,,
2026-01-06 14:08:20,421258,6.0,0.0239,71.0,6.0,0.0606,49.0,,,,,,,,,,,,,,,,,,
2026-01-06 14:08:20,421260,6.0,0.0306,78.0,5.0,0.0317,65.0,,,,,,,,,,,,,,,,,,
2026-01-06 14:08:50,421258,3.0,0.0117,78.0,4.0,0.0278,56.0,,,,,,,,,,,,,,,,,,
2026-01-06 14:08:50,421260,2.0,0.0128,60.0,3.0,0.0317,56.0,,,,,,,,,,,,,,,,,,
2026-01-06 14:09:20,421258,11.0,0.0506,65.0,7.0,0.085,46.0,,,,,,,,,,,,,,,,,,
2026-01-06 14:09:20,421260,4.0,0.0206,71.0,7.0,0.0439,56.0,,,,,,,,,,,,,,,,,,
2026-01-06 14:09:50,421258,7.0,0.0328,71.0,7.0,0.0817,46.0,,,,,,,,,,,,,,,,,,
2026-01-06 14:09:50,421260,5.0,0.0278,78.0,6.0,0.0356,65.0,,,,,,,,,,,,,,,,,,
2026-01-06 14:10:20,421258,2.0,0.01,78.0,4.0,0.03,60.0,,,,,,,,,,,,,,,,,,
2026-01-06 14:10:20,421260,3.0,0.0106,65.0,2.0,0.0167,60.0,,,,,,,,,,,,,,,,,,
2026-01-06 14:10:50,421258,1.0,0.0039,78.0,4.0,0.0239,65.0,,,,,,,,,,,,,,,,,,
2026-01-06 14:10:50,421260,8.0,0.05,56.0,8.0,0.0628,56.0,,,,,,,,,,,,,,,,,,
2026-01-06 14:11:20,421258,6.0,0.0239,71.0,9.0,0.0778,49.0,,,,,,,,,,,,,,,,,,
2026-01-06 14:11:20,421260,6.0,0.0367,65.0,4.0,0.035,56.0,,,,,,,,,,,,,,,,,,
2026-01-06 14:11:50,421258,2.0,0.0078,78.0,4.0,0.0256,60.0,,,,,,,,,,,,,,,,,,
2026-01-06 14:11:50,421260,5.0,0.0278,65.0,5.0,0.0389,56.0,,,,,,,,,,,,,,,,,,
2026-01-06 14:12:20,421258,5.0,0.02,78.0,3.0,0.0256,56.0,,,,,,,,,,,,,,,,,,
2026-01-06 14:12:20,421260,4.0,0.0217,65.0,8.0,0.0556,56.0,,,,,,,,,,,,,,,,,,
2026-01-06 14:12:50,421258,5.0,0.0217,65.0,8.0,0.0589,56.0,,,,,,,,,,,,,,,,,,
2026-01-06 14:12:50,421260,13.0,0.0728,65.0,5.0,0.0456,52.0,,,,,,,,,,,,,,,,,,
2026-01-06 14:13:20,421258,4.0,0.0178,65.0,5.0,0.0478,49.0,,,,,,,,,,,,,,,,,,
2026-01-06 14:13:20,421260,14.0,0.0767,65.0,7.0,0.0428,60.0,,,,,,,,,,,,,,,,,,
2026-01-06 14:13:50,421258,3.0,0.0139,65.0,4.0,0.03,52.0,,,,,,,,,,,,,,,,,,
2026-01-06 14:13:50,421260,4.0,0.0217,71.0,8.0,0.0567,56.0,,,,,,,,,,,,,,,,,,
2026-01-06 14:14:20,421258,7.0,0.0306,65.0,3.0,0.0239,49.0,,,,,,,,,,,,,,,,,,
2026-01-06 14:14:20,421260,13.0,0.0706,65.0,10.0,0.0789,52.0,,,,,,,,,,,,,,,,,,
2026-01-06 14:14:50,421258,14.0,0.0689,65.0,9.0,0.0789,46.0,,,,,,,,,,,,,,,,,,
2026-01-06 14:14:50,421260,11.0,0.065,65.0,9.0,0.0567,60.0,,,,,,,,,,,,,,,,,,
2026-01-06 14:15:20,421258,12.0,0.0567,60.0,9.0,0.0889,46.0,,,,,,,,,,,,,,,,,,
2026-01-06 14:15:20,421260,11.0,0.06,71.0,5.0,0.0517,56.0,,,,,,,,,,,,,,,,,,
2026-01-06 14:15:50,421258,5.0,0.0217,71.0,6.0,0.0517,52.0,,,,,,,,,,,,,,,,,,
2026-01-06 14:15:50,421260,11.0,0.0667,65.0,7.0,0.0567,49.0,,,,,,,,,,,,,,,,,,
2026-01-06 14:16:20,421258,12.0,0.0506,65.0,8.0,0.075,46.0,,,,,,,,,,,,,,,,,,
2026-01-06 14:16:20,421260,6.0,0.03,78.0,3.0,0.0317,56.0,,,,,,,,,,,,,,,,,,
2026-01-06 14:16:50,421258,11.0,0.0506,65.0,12.0,0.0939,49.0,,,,,,,,,,,,,,,,,,
2026-01-06 14:16:50,421260,12.0,0.0656,71.0,6.0,0.0478,56.0,,,,,,,,,,,,,,,,,,
2026-01-06 14:17:20,421258,12.0,0.0556,65.0,5.0,0.0517,46.0,,,,,,,,,,,,,,,,,,
2026-01-06 14:17:20,421260,5.0,0.0256,65.0,4.0,0.03,56.0,,,,,,,,,,,,,,,,,,
2026-01-06 14:17:50,421258,7.0,0.0306,71.0,5.0,0.0578,42.0,,,,,,,,,,,,,,,,,,
2026-01-06 14:17:50,421260,7.0,0.0389,65.0,6.0,0.0406,60.0,,,,,,,,,,,,,,,,,,
2026-01-06 14:18:20,421258,5.0,0.0239,60.0,8.0,0.0978,49.0,,,,,,,,,,,,,,,,,,
2026-01-06 14:18:20,421260,14.0,0.075,71.0,7.0,0.0478,56.0,,,,,,,,,,,,,,,,,,
2026-01-06 14:18:50,421258,6.0,0.0256,71.0,8.0,0.0689,52.0,,,,,,,,,,,,,,,,,,
2026-01-06 14:18:50,421260,4.0,0.0217,65.0,7.0,0.0489,56.0,,,,,,,,,,,,,,,,,,
2026-01-06 14:19:20,421258,4.0,0.0178,65.0,8.0,0.07,49.0,,,,,,,,,,,,,,,,,,
2026-01-06 14:19:20,421260,7.0,0.0328,78.0,4.0,0.0267,60.0,,,,,,,,,,,,,,,,,,
2026-01-06 14:19:50,421258,10.0,0.0406,65.0,7.0,0.0567,52.0,,,,,,,,,,,,,,,,,,
2026-01-06 14:19:50,421260,8.0,0.04,71.0,7.0,0.0439,60.0,,,,,,,,,,,,,,,,,,
2026-01-06 14:20:20,421258,7.0,0.0328,65.0,7.0,0.0789,49.0,,,,,,,,,,,,,,,,,,
2026-01-06 14:20:20,421260,11.0,0.0606,65.0,8.0,0.0517,60.0,,,,,,,,,,,,,,,,,,
2026-01-06 14:20:50,421258,3.0,0.0117,71.0,6.0,0.05,49.0,,,,,,,,,,,,,,,,,,
2026-01-06 14:20:50,421260,6.0,0.0306,78.0,3.0,0.0228,60.0,,,,,,,,,,,,,,,,,,
2026-01-06 14:21:20,421258,8.0,0.0328,65.0,8.0,0.0567,52.0,,,,,,,,,,,,,,,,,,
2026-01-06 14:21:20,421260,11.0,0.0578,65.0,4.0,0.0467,46.0,,,,,,,,,,,,,,,,,,
2026-01-06 14:21:50,421258,14.0,0.06,71.0,8.0,0.0667,49.0,,,,,,,,,,,,,,,,,,
2026-01-06 14:21:50,421260,12.0,0.0717,65.0,13.0,0.1256,46.0,,,,,,,,,,,,,,,,,,
2026-01-06 14:22:20,421258,6.0,0.0256,71.0,4.0,0.0278,60.0,,,,,,,,,,,,,,,,,,
2026-01-06 14:22:20,421260,5.0,0.0306,65.0,5.0,0.0428,56.0,,,,,,,,,,,,,,,,,,
2026-01-06 14:22:50,421258,3.0,0.0117,71.0,3.0,0.0256,60.0,,,,,,,,,,,,,,,,,,
2026-01-06 14:22:50,421260,10.0,0.0578,65.0,8.0,0.055,56.0,,,,,,,,,,,,,,,,,,
2026-01-06 14:23:20,421258,6.0,0.0239,71.0,7.0,0.055,52.0,,,,,,,,,,,,,,,,,,
2026-01-06 14:23:20,421260,6.0,0.0306,71.0,5.0,0.03,65.0,,,,,,,,,,,,,,,,,,
2026-01-06 14:23:50,421258,11.0,0.0506,65.0,6.0,0.09,34.0,,,,,,,,,,,,,,,,,,
2026-01-06 14:23:50,421260,11.0,0.0639,65.0,9.0,0.0617,60.0,,,,,,,,,,,,,,,,,,
2026-01-06 14:24:20,421258,9.0,0.0417,60.0,9.0,0.1178,42.0,,,,,,,,,,,,,,,,,,
2026-01-06 14:24:20,421260,5.0,0.0239,78.0,5.0,0.0306,60.0,,,,,,,,,,,,,,,,,,
2026-01-06 14:24:50,421258,12.0,0.0539,65.0,7.0,0.0778,49.0,,,,,,,,,,,,,,,,,,
2026-01-06 14:24:50,421260,4.0,0.0217,65.0,5.0,0.0356,60.0,,,,,,,,,,,,,,,,,,
2026-01-06 14:25:20,421258,9.0,0.0367,71.0,6.0,0.0406,56.0,,,,,,,,,,,,,,,,,,
2026-01-06 14:25:20,421260,5.0,0.0228,71.0,5.0,0.0328,60.0,,,,,,,,,,,,,,,,,,
2026-01-06 14:25:50,421258,11.0,0.0467,71.0,8.0,0.09,46.0,,,,,,,,,,,,,,,,,,
2026-01-06 14:25:50,421260,9.0,0.05,71.0,13.0,0.0928,56.0,,,,,,,,,,,,,,,,,,
2026-01-06 14:26:20,421258,1.0,0.0039,60.0,6.0,0.0428,56.0,,,,,,,,,,,,,,,,,,
2026-01-06 14:26:20,421260,5.0,0.025,78.0,5.0,0.0317,60.0,,,,,,,,,,,,,,,,,,
2026-01-06 14:26:50,421258,6.0,0.0256,71.0,3.0,0.0217,56.0,,,,,,,,,,,,,,,,,,
2026-01-06 14:26:50,421260,5.0,0.0267,71.0,4.0,0.0256,60.0,,,,,,,,,,,,,,,,,,
2026-01-06 14:27:20,421258,3.0,0.0117,78.0,4.0,0.03,56.0,,,,,,,,,,,,,,,,,,
2026-01-06 14:27:20,421260,12.0,0.065,71.0,11.0,0.08,56.0,,,,,,,,,,,,,,,,,,
2026-01-06 14:27:50,421258,11.0,0.0528,60.0,10.0,0.0806,49.0,,,,,,,,,,,,,,,,,,
2026-01-06 14:27:50,421260,16.0,0.0989,65.0,12.0,0.085,56.0,,,,,,,,,,,,,,,,,,
2026-01-06 14:28:20,421258,2.0,0.0078,78.0,7.0,0.0589,46.0,,,,,,,,,,,,,,,,,,
2026-01-06 14:28:20,421260,8.0,0.0356,71.0,5.0,0.0328,60.0,,,,,,,,,,,,,,,,,,
2026-01-06 14:28:50,421258,8.0,0.0339,65.0,7.0,0.0456,56.0,,,,,,,,,,,,,,,,,,
2026-01-06 14:28:50,421260,4.0,0.0189,78.0,4.0,0.0228,60.0,,,,,,,,,,,,,,,,,,
2026-01-06 14:29:20,421258,11.0,0.0478,65.0,5.0,0.0706,52.0,,,,,,,,,,,,,,,,,,
2026-01-06 14:29:20,421260,10.0,0.0567,65.0,7.0,0.0589,49.0,,,,,,,,,,,,,,,,,,
2026-01-06 14:29:50,421258,19.0,0.0967,60.0,13.0,0.125,46.0,,,,,,,,,,,,,,,,,,
2026-01-06 14:29:50,421260,4.0,0.02,78.0,6.0,0.0356,65.0,,,,,,,,,,,,,,,,,,
2026-01-06 14:30:20,421258,6.0,0.025,71.0,7.0,0.0589,52.0,,,,,,,,,,,,,,,,,,
2026-01-06 14:30:20,421260,9.0,0.0478,71.0,3.0,0.0206,60.0,,,,,,,,,,,,,,,,,,
2026-01-06 14:30:50,421258,3.0,0.0117,78.0,5.0,0.0517,52.0,,,,,,,,,,,,,,,,,,
2026-01-06 14:30:50,421260,15.0,0.0867,65.0,10.0,0.0678,60.0,,,,,,,,,,,,,,,,,,
2026-01-06 14:31:20,421258,7.0,0.03,71.0,8.0,0.0867,49.0,,,,,,,,,,,,,,,,,,
2026-01-06 14:31:20,421260,10.0,0.0506,71.0,6.0,0.0367,65.0,,,,,,,,,,,,,,,,,,
2026-01-06 14:31:50,421258,7.0,0.0306,65.0,10.0,0.0728,52.0,,,,,,,,,,,,,,,,,,
2026-01-06 14:31:50,421260,10.0,0.0589,65.0,10.0,0.0639,56.0,,,,,,,,,,,,,,,,,,
2026-01-06 14:32:20,421258,6.0,0.0256,65.0,5.0,0.0478,52.0,,,,,,,,,,,,,,,,,,
2026-01-06 14:32:20,421260,6.0,0.03,71.0,6.0,0.0356,65.0,,,,,,,,,,,,,,,,,,
2026-01-06 14:32:50,421258,13.0,0.0656,60.0,9.0,0.0917,46.0,,,,,,,,,,,,,,,,,,
2026-01-06 14:32:50,421260,10.0,0.0478,78.0,5.0,0.0289,65.0,,,,,,,,,,,,,,,,,,
2026-01-06 14:33:20,421258,10.0,0.045,71.0,8.0,0.0567,52.0,,,,,,,,,,,,,,,,,,
2026-01-06 14:33:20,421260,5.0,0.0239,71.0,2.0,0.0117,60.0,,,,,,,,,,,,,,,,,,
2026-01-06 14:33:50,421258,10.0,0.0456,65.0,8.0,0.07,49.0,,,,,,,,,,,,,,,,,,
2026-01-06 14:33:50,421260,2.0,0.01,71.0,5.0,0.0339,60.0,,,,,,,,,,,,,,,,,,
2026-01-06 14:34:20,421258,11.0,0.045,71.0,8.0,0.0539,56.0,,,,,,,,,,,,,,,,,,
2026-01-06 14:34:20,421260,10.0,0.0567,65.0,4.0,0.0289,52.0,,,,,,,,,,,,,,,,,,
2026-01-06 14:34:50,421258,3.0,0.0117,78.0,4.0,0.0267,60.0,,,,,,,,,,,,,,,,,,
2026-01-06 14:34:50,421260,11.0,0.0617,65.0,5.0,0.0439,52.0,,,,,,,,,,,,,,,,,,
2026-01-06 14:35:20,421258,1.0,0.0039,78.0,4.0,0.03,56.0,,,,,,,,,,,,,,,,,,
2026-01-06 14:35:20,421260,8.0,0.0456,65.0,6.0,0.0428,56.0,,,,,,,,,,,,,,,,,,
2026-01-06 14:35:50,421258,2.0,0.0078,65.0,3.0,0.02,52.0,,,,,,,,,,,,,,,,,,
2026-01-06 14:35:50,421260,6.0,0.0317,71.0,7.0,0.0467,52.0,,,,,,,,,,,,,,,,,,
2026-01-06 14:36:20,421258,9.0,0.0428,65.0,9.0,0.0767,49.0,,,,,,,,,,,,,,,,,,
2026-01-06 14:36:20,421260,9.0,0.0539,65.0,7.0,0.05,56.0,,,,,,,,,,,,,,,,,,
2026-01-06 14:36:50,421258,10.0,0.0467,60.0,8.0,0.0889,49.0,,,,,,,,,,,,,,,,,,
2026-01-06 14:36:50,421260,6.0,0.035,71.0,7.0,0.0478,60.0,,,,,,,,,,,,,,,,,,
2026-01-06 14:37:20,421258,4.0,0.0156,65.0,7.0,0.0578,52.0,,,,,,,,,,,,,,,,,,
2026-01-06 14:37:20,421260,13.0,0.075,60.0,10.0,0.07,52.0,,,,,,,,,,,,,,,,,,
2026-01-06 14:37:50,421258,8.0,0.035,71.0,4.0,0.0378,49.0,,,,,,,,,,,,,,,,,,
2026-01-06 14:37:50,421260,8.0,0.0428,71.0,7.0,0.0489,56.0,,,,,,,,,,,,,,,,,,
2026-01-06 14:38:20,421258,10.0,0.0467,65.0,11.0,0.0939,46.0,,,,,,,,,,,,,,,,,,
2026-01-06 14:38:20,421260,7.0,0.0367,71.0,5.0,0.0289,60.0,,,,,,,,,,,,,,,,,,
2026-01-06 14:38:50,421258,9.0,0.0367,78.0,4.0,0.0339,52.0,,,,,,,,,,,,,,,,,,
2026-01-06 14:38:50,421260,13.0,0.0728,65.0,9.0,0.0617,52.0,,,,,,,,,,,,,,,,,,
2026-01-06 14:39:20,421258,11.0,0.0489,65.0,9.0,0.0828,46.0,,,,,,,,,,,,,,,,,,
2026-01-06 14:39:20,421260,6.0,0.0317,71.0,4.0,0.0306,56.0,,,,,,,,,,,,,,,,,,
2026-01-06 14:39:50,421258,5.0,0.02,71.0,8.0,0.0817,49.0,,,,,,,,,,,,,,,,,,
2026-01-06 14:39:50,421260,4.0,0.02,71.0,7.0,0.0506,60.0,,,,,,,,,,,,,,,,,,
2026-01-06 14:40:20,421258,6.0,0.0239,78.0,8.0,0.0617,49.0,,,,,,,,,,,,,,,,,,
2026-01-06 14:40:20,421260,10.0,0.0528,65.0,10.0,0.0828,56.0,,,,,,,,,,,,,,,,,,
2026-01-06 14:40:50,421258,9.0,0.0389,60.0,8.0,0.0767,49.0,,,,,,,,,,,,,,,,,,
2026-01-06 14:40:50,421260,8.0,0.0417,71.0,6.0,0.0367,65.0,,,,,,,,,,,,,,,,,,
2026-01-06 14:41:20,421258,5.0,0.0217,65.0,7.0,0.0667,52.0,,,,,,,,,,,,,,,,,,
2026-01-06 14:41:20,421260,6.0,0.03,78.0,10.0,0.0656,60.0,,,,,,,,,,,,,,,,,,
2026-01-06 14:41:50,421258,4.0,0.0156,65.0,3.0,0.0378,56.0,,,,,,,,,,,,,,,,,,
2026-01-06 14:41:50,421260,10.0,0.0639,65.0,7.0,0.0406,60.0,,,,,,,,,,,,,,,,,,
2026-01-06 14:42:20,421258,15.0,0.0617,65.0,8.0,0.0956,49.0,,,,,,,,,,,,,,,,,,
2026-01-06 14:42:20,421260,7.0,0.0378,71.0,8.0,0.05,65.0,,,,,,,,,,,,,,,,,,
2026-01-06 14:42:50,421258,6.0,0.0256,71.0,6.0,0.0606,56.0,,,,,,,,,,,,,,,,,,
2026-01-06 14:42:50,421260,11.0,0.0639,65.0,6.0,0.0367,65.0,,,,,,,,,,,,,,,,,,
2026-01-06 14:43:20,421258,4.0,0.0239,65.0,9.0,0.0728,49.0,,,,,,,,,,,,,,,,,,
2026-01-06 14:43:20,421260,7.0,0.04,65.0,5.0,0.0317,52.0,,,,,,,,,,,,,,,,,,
2026-01-06 14:43:50,421258,13.0,0.0606,65.0,8.0,0.065,56.0,,,,,,,,,,,,,,,,,,
2026-01-06 14:43:50,421260,2.0,0.0089,78.0,4.0,0.025,60.0,,,,,,,,,,,,,,,,,,
2026-01-06 14:44:20,421258,2.0,0.0078,65.0,7.0,0.0489,56.0,,,,,,,,,,,,,,,,,,
2026-01-06 14:44:20,421260,5.0,0.0239,78.0,6.0,0.0667,65.0,,,,,,,,,,,,,,,,,,
2026-01-06 14:44:50,421258,13.0,0.0567,71.0,7.0,0.0528,56.0,,,,,,,,,,,,,,,,,,
2026-01-06 14:44:50,421260,9.0,0.0489,71.0,7.0,0.0956,56.0,,,,,,,,,,,,,,,,,,
2026-01-06 14:45:20,421258,4.0,0.0156,78.0,7.0,0.0628,49.0,,,,,,,,,,,,,,,,,,
2026-01-06 14:45:20,421260,12.0,0.0656,71.0,7.0,0.0439,56.0,,,,,,,,,,,,,,,,,,
2026-01-06 14:45:50,421258,3.0,0.0139,71.0,7.0,0.0506,56.0,,,,,,,,,,,,,,,,,,
2026-01-06 14:45:50,421260,10.0,0.055,65.0,6.0,0.045,56.0,,,,,,,,,,,,,,,,,,
2026-01-06 14:46:20,421258,4.0,0.0156,78.0,5.0,0.0589,60.0,,,,,,,,,,,,,,,,,,
2026-01-06 14:46:20,421260,9.0,0.0467,71.0,5.0,0.03,60.0,,,,,,,,,,,,,,,,,,
2026-01-06 14:46:50,421258,13.0,0.0567,65.0,6.0,0.0939,49.0,,,,,,,,,,,,,,,,,,
2026-01-06 14:46:50,421260,8.0,0.0478,65.0,11.0,0.0756,56.0,,,,,,,,,,,,,,,,,,
2026-01-06 14:47:20,421258,6.0,0.0256,65.0,6.0,0.0378,56.0,,,,,,,,,,,,,,,,,,
2026-01-06 14:47:20,421260,5.0,0.0256,78.0,5.0,0.0328,60.0,,,,,,,,,,,,,,,,,,
2026-01-06 14:47:50,421258,13.0,0.0617,60.0,7.0,0.0817,52.0,,,,,,,,,,,,,,,,,,
2026-01-06 14:47:50,421260,8.0,0.0389,71.0,8.0,0.0539,56.0,,,,,,,,,,,,,,,,,,
2026-01-06 14:48:20,421258,10.0,0.045,65.0,9.0,0.0628,56.0,,,,,,,,,,,,,,,,,,
2026-01-06 14:48:20,421260,12.0,0.06,71.0,8.0,0.0517,60.0,,,,,,,,,,,,,,,,,,
2026-01-06 14:48:50,421258,6.0,0.0239,78.0,7.0,0.0578,52.0,,,,,,,,,,,,,,,,,,
2026-01-06 14:48:50,421260,2.0,0.0167,65.0,8.0,0.065,56.0,,,,,,,,,,,,,,,,,,
2026-01-06 14:49:20,421258,2.0,0.0078,60.0,5.0,0.0378,56.0,,,,,,,,,,,,,,,,,,
2026-01-06 14:49:20,421260,4.0,0.0206,78.0,5.0,0.0378,52.0,,,,,,,,,,,,,,,,,,
2026-01-06 14:49:50,421258,15.0,0.0617,71.0,7.0,0.0506,56.0,,,,,,,,,,,,,,,,,,
2026-01-06 14:49:50,421260,7.0,0.0356,71.0,7.0,0.0456,60.0,,,,,,,,,,,,,,,,,,
2026-01-06 14:50:20,421258,4.0,0.0156,71.0,7.0,0.0706,49.0,,,,,,,,,,,,,,,,,,
2026-01-06 14:50:20,421260,7.0,0.045,60.0,7.0,0.0428,60.0,,,,,,,,,,,,,,,,,,
2026-01-06 14:50:50,421258,2.0,0.0078,78.0,6.0,0.0489,56.0,,,,,,,,,,,,,,,,,,
2026-01-06 14:50:50,421260,9.0,0.0467,71.0,9.0,0.0567,65.0,,,,,,,,,,,,,,,,,,
2026-01-06 14:51:20,421258,5.0,0.02,71.0,6.0,0.095,33.0,,,,,,,,,,,,,,,,,,
2026-01-06 14:51:20,421260,6.0,0.0306,78.0,5.0,0.0328,60.0,,,,,,,,,,,,,,,,,,
2026-01-06 14:51:50,421258,5.0,0.02,71.0,7.0,0.0528,52.0,,,,,,,,,,,,,,,,,,
2026-01-06 14:51:50,421260,13.0,0.0706,71.0,6.0,0.04,60.0,,,,,,,,,,,,,,,,,,
2026-01-06 14:52:20,421258,11.0,0.05,71.0,7.0,0.0528,56.0,,,,,,,,,,,,,,,,,,
2026-01-06 14:52:20,421260,9.0,0.0467,71.0,11.0,0.09,60.0,,,,,,,,,,,,,,,,,,
2026-01-06 14:52:50,421258,9.0,0.0378,71.0,6.0,0.04,56.0,,,,,,,,,,,,,,,,,,
2026-01-06 14:52:50,421260,3.0,0.0156,71.0,4.0,0.02,65.0,,,,,,,,,,,,,,,,,,
2026-01-06 14:53:20,421258,7.0,0.0306,65.0,6.0,0.0478,49.0,,,,,,,,,,,,,,,,,,
2026-01-06 14:53:20,421260,2.0,0.01,78.0,6.0,0.0339,71.0,,,,,,,,,,,,,,,,,,
2026-01-06 14:53:50,421258,15.0,0.0656,65.0,8.0,0.0617,52.0,,,,,,,,,,,,,,,,,,
2026-01-06 14:53:50,421260,7.0,0.0378,71.0,4.0,0.0256,60.0,,,,,,,,,,,,,,,,,,
2026-01-06 14:54:20,421258,5.0,0.0217,71.0,9.0,0.0856,49.0,,,,,,,,,,,,,,,,,,
2026-01-06 14:54:20,421260,11.0,0.0578,71.0,6.0,0.0406,60.0,,,,,,,,,,,,,,,,,,
2026-01-06 14:54:50,421258,2.0,0.0078,78.0,5.0,0.0317,60.0,,,,,,,,,,,,,,,,,,
2026-01-06 14:54:50,421260,16.0,0.0956,56.0,9.0,0.065,56.0,,,,,,,,,,,,,,,,,,
2026-01-06 14:55:20,421258,2.0,0.0078,78.0,3.0,0.0189,56.0,,,,,,,,,,,,,,,,,,
2026-01-06 14:55:20,421260,4.0,0.0217,65.0,8.0,0.0539,60.0,,,,,,,,,,,,,,,,,,
2026-01-06 14:55:50,421258,10.0,0.0428,71.0,7.0,0.0456,56.0,,,,,,,,,,,,,,,,,,
2026-01-06 14:55:50,421260,11.0,0.0578,71.0,10.0,0.0756,56.0,,,,,,,,,,,,,,,,,,
2026-01-06 14:56:20,421258,8.0,0.0328,65.0,6.0,0.045,56.0,,,,,,,,,,,,,,,,,,
2026-01-06 14:56:20,421260,8.0,0.0456,65.0,9.0,0.0606,56.0,,,,,,,,,,,,,,,,,,
2026-01-06 14:56:50,421258,8.0,0.0317,65.0,5.0,0.055,49.0,,,,,,,,,,,,,,,,,,
2026-01-06 14:56:50,421260,7.0,0.0367,65.0,6.0,0.0378,65.0,,,,,,,,,,,,,,,,,,
2026-01-06 14:57:20,421258,14.0,0.0639,65.0,15.0,0.1167,52.0,,,,,,,,,,,,,,,,,,
2026-01-06 14:57:20,421260,7.0,0.035,71.0,6.0,0.0389,56.0,,,,,,,,,,,,,,,,,,
2026-01-06 14:57:50,421258,7.0,0.0306,65.0,4.0,0.0578,49.0,,,,,,,,,,,,,,,,,,
2026-01-06 14:57:50,421260,10.0,0.0539,65.0,7.0,0.0467,56.0,,,,,,,,,,,,,,,,,,
2026-01-06 14:58:20,421258,10.0,0.05,65.0,9.0,0.0778,46.0,,,,,,,,,,,,,,,,,,
2026-01-06 14:58:20,421260,10.0,0.0539,65.0,8.0,0.0656,52.0,,,,,,,,,,,,,,,,,,
2026-01-06 14:58:50,421258,6.0,0.0256,60.0,9.0,0.07,52.0,,,,,,,,,,,,,,,,,,
2026-01-06 14:58:50,421260,6.0,0.03,71.0,4.0,0.0267,56.0,,,,,,,,,,,,,,,,,,
2026-01-06 14:59:20,421258,6.0,0.0256,71.0,5.0,0.0317,52.0,,,,,,,,,,,,,,,,,,
2026-01-06 14:59:20,421260,6.0,0.0306,71.0,7.0,0.0478,56.0,,,,,,,,,,,,,,,,,,
2026-01-06 14:59:50,421258,11.0,0.0489,60.0,7.0,0.0839,46.0,,,,,,,,,,,,,,,,,,
2026-01-06 14:59:50,421260,15.0,0.0878,65.0,11.0,0.08,52.0,,,,,,,,,,,,,,,,,,
2026-01-06 15:00:20,421258,4.0,0.0189,60.0,10.0,0.0917,46.0,,,,,,,,,,,,,,,,,,
2026-01-06 15:00:20,421260,9.0,0.0478,65.0,8.0,0.055,52.0,,,,,,,,,,,,,,,,,,
2026-01-06 15:00:50,421258,6.0,0.0267,65.0,6.0,0.0456,60.0,,,,,,,,,,,,,,,,,,
2026-01-06 15:00:50,421260,9.0,0.0439,78.0,7.0,0.0478,60.0,,,,,,,,,,,,,,,,,,
2026-01-06 15:01:20,421258,10.0,0.0539,60.0,10.0,0.085,49.0,,,,,,,,,,,,,,,,,,
2026-01-06 15:01:20,421260,5.0,0.0267,71.0,7.0,0.0439,60.0,,,,,,,,,,,,,,,,,,
2026-01-06 15:01:50,421258,9.0,0.04,71.0,6.0,0.0456,49.0,,,,,,,,,,,,,,,,,,
2026-01-06 15:01:50,421260,4.0,0.02,71.0,7.0,0.0456,60.0,,,,,,,,,,,,,,,,,,
2026-01-06 15:02:20,421258,8.0,0.035,60.0,9.0,0.0767,46.0,,,,,,,,,,,,,,,,,,
2026-01-06 15:02:20,421260,12.0,0.0639,71.0,10.0,0.0639,60.0,,,,,,,,,,,,,,,,,,
2026-01-06 15:02:50,421258,10.0,0.045,60.0,11.0,0.0956,52.0,,,,,,,,,,,,,,,,,,
2026-01-06 15:02:50,421260,13.0,0.07,71.0,8.0,0.0589,60.0,,,,,,,,,,,,,,,,,,
2026-01-06 15:03:20,421258,1.0,0.0039,78.0,7.0,0.0506,52.0,,,,,,,,,,,,,,,,,,
2026-01-06 15:03:20,421260,6.0,0.0289,78.0,4.0,0.0328,60.0,,,,,,,,,,,,,,,,,,
2026-01-06 15:03:50,421258,10.0,0.0406,65.0,11.0,0.085,52.0,,,,,,,,,,,,,,,,,,
2026-01-06 15:03:50,421260,3.0,0.0167,78.0,5.0,0.03,65.0,,,,,,,,,,,,,,,,,,
2026-01-06 15:04:20,421258,8.0,0.0328,71.0,10.0,0.0817,49.0,,,,,,,,,,,,,,,,,,
2026-01-06 15:04:20,421260,11.0,0.0606,71.0,10.0,0.075,60.0,,,,,,,,,,,,,,,,,,
2026-01-06 15:04:50,421258,10.0,0.0456,65.0,10.0,0.0917,52.0,,,,,,,,,,,,,,,,,,
2026-01-06 15:04:50,421260,11.0,0.055,71.0,9.0,0.0567,65.0,,,,,,,,,,,,,,,,,,
2026-01-06 15:05:20,421258,1.0,0.0078,78.0,5.0,0.0356,56.0,,,,,,,,,,,,,,,,,,
2026-01-06 15:05:20,421260,5.0,0.0267,71.0,4.0,0.0289,56.0,,,,,,,,,,,,,,,,,,
2026-01-06 15:05:50,421258,6.0,0.0217,78.0,5.0,0.0428,52.0,,,,,,,,,,,,,,,,,,
2026-01-06 15:05:50,421260,5.0,0.0239,78.0,6.0,0.0367,65.0,,,,,,,,,,,,,,,,,,
2026-01-06 15:06:20,421258,12.0,0.0489,65.0,12.0,0.09,52.0,,,,,,,,,,,,,,,,,,
2026-01-06 15:06:20,421260,7.0,0.0367,65.0,5.0,0.0367,60.0,,,,,,,,,,,,,,,,,,
2026-01-06 15:06:50,421258,4.0,0.0178,65.0,7.0,0.0506,52.0,,,,,,,,,,,,,,,,,,
2026-01-06 15:06:50,421260,11.0,0.0589,71.0,6.0,0.0439,56.0,,,,,,,,,,,,,,,,,,
2026-01-06 15:07:20,421258,5.0,0.02,71.0,4.0,0.0306,49.0,,,,,,,,,,,,,,,,,,
2026-01-06 15:07:20,421260,8.0,0.0428,71.0,7.0,0.0489,60.0,,,,,,,,,,,,,,,,,,
2026-01-06 15:07:50,421258,8.0,0.0367,60.0,5.0,0.0617,49.0,,,,,,,,,,,,,,,,,,
2026-01-06 15:07:50,421260,7.0,0.0328,71.0,5.0,0.0406,60.0,,,,,,,,,,,,,,,,,,
2026-01-06 15:08:20,421258,9.0,0.0378,71.0,4.0,0.0578,56.0,,,,,,,,,,,,,,,,,,
2026-01-06 15:08:20,421260,9.0,0.0467,71.0,8.0,0.0578,56.0,,,,,,,,,,,,,,,,,,
2026-01-06 15:08:50,421258,8.0,0.0339,71.0,11.0,0.0928,49.0,,,,,,,,,,,,,,,,,,
2026-01-06 15:08:50,421260,10.0,0.06,60.0,9.0,0.0589,56.0,,,,,,,,,,,,,,,,,,
2026-01-06 15:09:20,421258,4.0,0.0178,71.0,3.0,0.0267,60.0,,,,,,,,,,,,,,,,,,
2026-01-06 15:09:20,421260,10.0,0.0556,65.0,9.0,0.06,60.0,,,,,,,,,,,,,,,,,,
2026-01-06 15:09:50,421258,7.0,0.0306,71.0,7.0,0.0578,52.0,,,,,,,,,,,,,,,,,,
2026-01-06 15:09:50,421260,9.0,0.0506,71.0,10.0,0.0606,60.0,,,,,,,,,,,,,,,,,,
2026-01-06 15:10:20,421258,8.0,0.035,65.0,10.0,0.085,49.0,,,,,,,,,,,,,,,,,,
2026-01-06 15:10:20,421260,10.0,0.045,78.0,6.0,0.0406,65.0,,,,,,,,,,,,,,,,,,
2026-01-06 15:10:50,421258,9.0,0.0389,65.0,7.0,0.0528,52.0,,,,,,,,,,,,,,,,,,
2026-01-06 15:10:50,421260,5.0,0.025,71.0,6.0,0.04,56.0,,,,,,,,,,,,,,,,,,
2026-01-06 15:11:20,421258,11.0,0.0489,65.0,13.0,0.1,52.0,,,,,,,,,,,,,,,,,,
2026-01-06 15:11:20,421260,3.0,0.0167,71.0,2.0,0.0117,65.0,,,,,,,,,,,,,,,,,,
2026-01-06 15:11:50,421258,13.0,0.0589,65.0,10.0,0.0739,52.0,,,,,,,,,,,,,,,,,,
2026-01-06 15:11:50,421260,10.0,0.0578,65.0,9.0,0.0617,60.0,,,,,,,,,,,,,,,,,,
2026-01-06 15:12:20,421258,4.0,0.0189,65.0,4.0,0.0528,52.0,,,,,,,,,,,,,,,,,,
2026-01-06 15:12:20,421260,5.0,0.0267,71.0,9.0,0.0617,56.0,,,,,,,,,,,,,,,,,,
2026-01-06 15:12:50,421258,5.0,0.0189,71.0,5.0,0.0339,60.0,,,,,,,,,,,,,,,,,,
2026-01-06 15:12:50,421260,6.0,0.0306,71.0,7.0,0.0428,60.0,,,,,,,,,,,,,,,,,,
2026-01-06 15:13:20,421258,3.0,0.0117,78.0,3.0,0.02,56.0,,,,,,,,,,,,,,,,,,
2026-01-06 15:13:20,421260,3.0,0.0156,78.0,4.0,0.0517,60.0,,,,,,,,,,,,,,,,,,
2026-01-06 15:13:50,421258,10.0,0.0428,71.0,9.0,0.0667,56.0,,,,,,,,,,,,,,,,,,
2026-01-06 15:13:50,421260,3.0,0.0117,78.0,3.0,0.0189,65.0,,,,,,,,,,,,,,,,,,
2026-01-06 15:14:20,421258,9.0,0.0389,65.0,10.0,0.0817,49.0,,,,,,,,,,,,,,,,,,
2026-01-06 15:14:20,421260,6.0,0.0306,71.0,8.0,0.0556,56.0,,,,,,,,,,,,,,,,,,
2026-01-06 15:14:50,421258,3.0,0.0117,78.0,4.0,0.0317,49.0,,,,,,,,,,,,,,,,,,
2026-01-06 15:14:50,421260,11.0,0.0617,71.0,8.0,0.0528,60.0,,,,,,,,,,,,,,,,,,
2026-01-06 15:15:20,421258,2.0,0.0078,78.0,4.0,0.0417,60.0,,,,,,,,,,,,,,,,,,
2026-01-06 15:15:20,421260,2.0,0.0106,71.0,5.0,0.0328,60.0,,,,,,,,,,,,,,,,,,
2026-01-06 15:15:50,421258,3.0,0.0117,78.0,6.0,0.0539,56.0,,,,,,,,,,,,,,,,,,
2026-01-06 15:15:50,421260,6.0,0.0317,71.0,6.0,0.0406,56.0,,,,,,,,,,,,,,,,,,
2026-01-06 15:16:20,421258,8.0,0.0339,65.0,9.0,0.07,52.0,,,,,,,,,,,,,,,,,,
2026-01-06 15:16:20,421260,5.0,0.0256,78.0,4.0,0.0306,56.0,,,,,,,,,,,,,,,,,,
2026-01-06 15:16:50,421258,6.0,0.0267,65.0,9.0,0.0728,49.0,,,,,,,,,,,,,,,,,,
2026-01-06 15:16:50,421260,7.0,0.0367,71.0,9.0,0.0578,60.0,,,,,,,,,,,,,,,,,,
2026-01-06 15:17:20,421258,3.0,0.0117,71.0,6.0,0.0428,56.0,,,,,,,,,,,,,,,,,,
2026-01-06 15:17:20,421260,7.0,0.0356,71.0,8.0,0.045,71.0,,,,,,,,,,,,,,,,,,
2026-01-06 15:17:50,421258,2.0,0.0078,78.0,7.0,0.0528,52.0,,,,,,,,,,,,,,,,,,
2026-01-06 15:17:50,421260,9.0,0.0456,71.0,4.0,0.03,60.0,,,,,,,,,,,,,,,,,,
2026-01-06 15:18:20,421258,5.0,0.0256,60.0,5.0,0.0378,52.0,,,,,,,,,,,,,,,,,,
2026-01-06 15:18:20,421260,6.0,0.0306,71.0,10.0,0.0589,65.0,,,,,,,,,,,,,,,,,,
2026-01-06 15:18:50,421258,10.0,0.0489,60.0,12.0,0.0978,46.0,,,,,,,,,,,,,,,,,,
2026-01-06 15:18:50,421260,3.0,0.0156,71.0,3.0,0.0189,65.0,,,,,,,,,,,,,,,,,,
2026-01-06 15:19:20,421258,10.0,0.0406,71.0,5.0,0.0339,65.0,,,,,,,,,,,,,,,,,,
2026-01-06 15:19:20,421260,6.0,0.0317,71.0,6.0,0.035,65.0,,,,,,,,,,,,,,,,,,
2026-01-06 15:19:50,421258,7.0,0.03,71.0,5.0,0.0356,60.0,,,,,,,,,,,,,,,,,,
2026-01-06 15:19:50,421260,12.0,0.0628,71.0,11.0,0.0689,60.0,,,,,,,,,,,,,,,,,,
2026-01-06 15:20:20,421258,3.0,0.0139,71.0,5.0,0.04,52.0,,,,,,,,,,,,,,,,,,
2026-01-06 15:20:20,421260,12.0,0.0678,65.0,14.0,0.0889,60.0,,,,,,,,,,,,,,,,,,
2026-01-06 15:20:50,421258,5.0,0.0217,71.0,8.0,0.0506,56.0,,,,,,,,,,,,,,,,,,
2026-01-06 15:20:50,421260,7.0,0.0406,65.0,7.0,0.0489,56.0,,,,,,,,,,,,,,,,,,
2026-01-06 15:21:20,421258,11.0,0.045,71.0,8.0,0.0589,56.0,,,,,,,,,,,,,,,,,,
2026-01-06 15:21:20,421260,6.0,0.0317,71.0,5.0,0.045,56.0,,,,,,,,,,,,,,,,,,
2026-01-06 15:21:50,421258,6.0,0.0239,71.0,9.0,0.0656,56.0,,,,,,,,,,,,,,,,,,
2026-01-06 15:21:50,421260,12.0,0.0589,71.0,7.0,0.0506,56.0,,,,,,,,,,,,,,,,,,
2026-01-06 15:22:20,421258,12.0,0.0556,65.0,10.0,0.0706,56.0,,,,,,,,,,,,,,,,,,
2026-01-06 15:22:20,421260,5.0,0.0278,71.0,5.0,0.0367,56.0,,,,,,,,,,,,,,,,,,
2026-01-06 15:22:50,421258,8.0,0.0328,78.0,5.0,0.0339,56.0,,,,,,,,,,,,,,,,,,
2026-01-06 15:22:50,421260,12.0,0.065,71.0,10.0,0.0756,56.0,,,,,,,,,,,,,,,,,,
2026-01-06 15:23:20,421258,9.0,0.0389,71.0,7.0,0.0617,52.0,,,,,,,,,,,,,,,,,,
2026-01-06 15:23:20,421260,2.0,0.01,65.0,7.0,0.0428,60.0,,,,,,,,,,,,,,,,,,
2026-01-06 15:23:50,421258,6.0,0.0256,65.0,7.0,0.0578,49.0,,,,,,,,,,,,,,,,,,
2026-01-06 15:23:50,421260,8.0,0.045,65.0,5.0,0.0717,46.0,,,,,,,,,,,,,,,,,,
2026-01-06 15:24:20,421258,10.0,0.045,71.0,6.0,0.0528,52.0,,,,,,,,,,,,,,,,,,
2026-01-06 15:24:20,421260,8.0,0.0406,71.0,5.0,0.0328,56.0,,,,,,,,,,,,,,,,,,
2026-01-06 15:24:50,421258,5.0,0.02,71.0,4.0,0.0306,52.0,,,,,,,,,,,,,,,,,,
2026-01-06 15:24:50,421260,9.0,0.0478,71.0,11.0,0.0789,56.0,,,,,,,,,,,,,,,,,,
2026-01-06 15:25:20,421258,9.0,0.0389,65.0,10.0,0.0856,46.0,,,,,,,,,,,,,,,,,,
2026-01-06 15:25:20,421260,8.0,0.0439,71.0,3.0,0.0206,60.0,,,,,,,,,,,,,,,,,,
2026-01-06 15:25:50,421258,9.0,0.0367,65.0,2.0,0.0389,56.0,,,,,,,,,,,,,,,,,,
2026-01-06 15:25:50,421260,11.0,0.0628,65.0,12.0,0.0828,56.0,,,,,,,,,,,,,,,,,,
2026-01-06 15:26:20,421258,12.0,0.0528,65.0,8.0,0.0778,49.0,,,,,,,,,,,,,,,,,,
2026-01-06 15:26:20,421260,8.0,0.0439,71.0,6.0,0.0439,56.0,,,,,,,,,,,,,,,,,,
2026-01-06 15:26:50,421258,7.0,0.0278,78.0,8.0,0.065,52.0,,,,,,,,,,,,,,,,,,
2026-01-06 15:26:50,421260,13.0,0.0778,65.0,8.0,0.0539,56.0,,,,,,,,,,,,,,,,,,
2026-01-06 15:27:20,421258,9.0,0.0378,71.0,7.0,0.055,49.0,,,,,,,,,,,,,,,,,,
2026-01-06 15:27:20,421260,11.0,0.065,71.0,7.0,0.05,56.0,,,,,,,,,,,,,,,,,,
2026-01-06 15:27:50,421258,9.0,0.0406,65.0,7.0,0.065,49.0,,,,,,,,,,,,,,,,,,
2026-01-06 15:27:50,421260,8.0,0.035,71.0,6.0,0.0378,60.0,,,,,,,,,,,,,,,,,,
2026-01-06 15:28:20,421258,9.0,0.0367,71.0,6.0,0.0456,52.0,,,,,,,,,,,,,,,,,,
2026-01-06 15:28:20,421260,10.0,0.0578,65.0,10.0,0.065,60.0,,,,,,,,,,,,,,,,,,
2026-01-06 15:28:50,421258,7.0,0.0306,71.0,7.0,0.0506,56.0,,,,,,,,,,,,,,,,,,
2026-01-06 15:28:50,421260,3.0,0.0178,71.0,6.0,0.0356,65.0,,,,,,,,,,,,,,,,,,
2026-01-06 15:29:20,421258,15.0,0.0728,60.0,11.0,0.1056,46.0,,,,,,,,,,,,,,,,,,
2026-01-06 15:29:20,421260,8.0,0.0406,71.0,8.0,0.0578,60.0,,,,,,,,,,,,,,,,,,
2026-01-06 15:29:50,421258,5.0,0.02,78.0,8.0,0.0606,52.0,,,,,,,,,,,,,,,,,,
2026-01-06 15:29:50,421260,11.0,0.0606,71.0,14.0,0.09,60.0,,,,,,,,,,,,,,,,,,
2026-01-06 15:30:20,421258,7.0,0.0306,71.0,7.0,0.0539,52.0,,,,,,,,,,,,,,,,,,
2026-01-06 15:30:20,421260,7.0,0.0339,78.0,3.0,0.0167,71.0,,,,,,,,,,,,,,,,,,
2026-01-06 15:30:50,421258,8.0,0.035,65.0,6.0,0.0428,56.0,,,,,,,,,,,,,,,,,,
2026-01-06 15:30:50,421260,7.0,0.0367,71.0,7.0,0.0439,65.0,,,,,,,,,,,,,,,,,,
2026-01-06 15:31:20,421258,8.0,0.0339,65.0,6.0,0.05,49.0,,,,,,,,,,,,,,,,,,
2026-01-06 15:31:20,421260,1.0,0.0056,78.0,7.0,0.0439,65.0,,,,,,,,,,,,,,,,,,
2026-01-06 15:31:50,421258,17.0,0.075,65.0,13.0,0.1056,49.0,,,,,,,,,,,,,,,,,,
2026-01-06 15:31:50,421260,8.0,0.04,71.0,4.0,0.03,56.0,,,,,,,,,,,,,,,,,,
2026-01-06 15:32:20,421258,5.0,0.02,71.0,5.0,0.035,60.0,,,,,,,,,,,,,,,,,,
2026-01-06 15:32:20,421260,10.0,0.0517,71.0,8.0,0.0478,60.0,,,,,,,,,,,,,,,,,,
2026-01-06 15:32:50,421258,2.0,0.0078,78.0,9.0,0.0667,52.0,,,,,,,,,,,,,,,,,,
2026-01-06 15:32:50,421260,10.0,0.0567,71.0,8.0,0.06,60.0,,,,,,,,,,,,,,,,,,
2026-01-06 15:33:20,421258,2.0,0.0078,78.0,2.0,0.0128,60.0,,,,,,,,,,,,,,,,,,
2026-01-06 15:33:20,421260,6.0,0.0328,71.0,5.0,0.0378,60.0,,,,,,,,,,,,,,,,,,
2026-01-06 15:33:50,421258,11.0,0.0489,65.0,6.0,0.0567,60.0,,,,,,,,,,,,,,,,,,
2026-01-06 15:33:50,421260,5.0,0.0239,78.0,8.0,0.05,65.0,,,,,,,,,,,,,,,,,,
2026-01-06 15:34:20,421258,4.0,0.0178,65.0,8.0,0.0806,49.0,,,,,,,,,,,,,,,,,,
2026-01-06 15:34:20,421260,7.0,0.0406,65.0,7.0,0.0489,56.0,,,,,,,,,,,,,,,,,,
2026-01-06 15:34:50,421258,8.0,0.0378,60.0,13.0,0.1006,52.0,,,,,,,,,,,,,,,,,,
2026-01-06 15:34:50,421260,5.0,0.0267,71.0,9.0,0.065,56.0,,,,,,,,,,,,,,,,,,
2026-01-06 15:35:20,421258,6.0,0.0256,65.0,7.0,0.0578,49.0,,,,,,,,,,,,,,,,,,
2026-01-06 15:35:20,421260,1.0,0.005,78.0,4.0,0.0439,60.0,,,,,,,,,,,,,,,,,,
2026-01-06 15:35:50,421258,4.0,0.0156,78.0,5.0,0.0356,56.0,,,,,,,,,,,,,,,,,,
2026-01-06 15:35:50,421260,5.0,0.0289,65.0,8.0,0.06,49.0,,,,,,,,,,,,,,,,,,
2026-01-06 15:36:20,421258,4.0,0.0189,65.0,5.0,0.04,49.0,,,,,,,,,,,,,,,,,,
2026-01-06 15:36:20,421260,3.0,0.0206,71.0,8.0,0.0467,60.0,,,,,,,,,,,,,,,,,,
2026-01-06 15:36:50,421258,4.0,0.0189,65.0,11.0,0.0889,49.0,,,,,,,,,,,,,,,,,,
2026-01-06 15:36:50,421260,8.0,0.0428,71.0,5.0,0.03,60.0,,,,,,,,,,,,,,,,,,
2026-01-06 15:37:20,421258,1.0,0.0039,78.0,2.0,0.035,49.0,,,,,,,,,,,,,,,,,,
2026-01-06 15:37:20,421260,5.0,0.0239,71.0,5.0,0.0278,65.0,,,,,,,,,,,,,,,,,,
2026-01-06 15:37:50,421258,9.0,0.0467,60.0,6.0,0.0767,44.0,,,,,,,,,,,,,,,,,,
2026-01-06 15:37:50,421260,5.0,0.025,71.0,2.0,0.0356,60.0,,,,,,,,,,,,,,,,,,
2026-01-06 15:38:20,421258,7.0,0.0406,60.0,6.0,0.0578,49.0,,,,,,,,,,,,,,,,,,
2026-01-06 15:38:20,421260,10.0,0.075,65.0,10.0,0.095,49.0,,,,,,,,,,,,,,,,,,
2026-01-06 15:38:50,421258,7.0,0.0306,65.0,9.0,0.0578,56.0,,,,,,,,,,,,,,,,,,
2026-01-06 15:38:50,421260,15.0,0.0817,65.0,10.0,0.0678,56.0,,,,,,,,,,,,,,,,,,
2026-01-06 15:39:20,421258,4.0,0.0156,78.0,4.0,0.0228,56.0,,,,,,,,,,,,,,,,,,
2026-01-06 15:39:20,421260,10.0,0.0506,71.0,10.0,0.0728,56.0,,,,,,,,,,,,,,,,,,
2026-01-06 15:39:50,421258,5.0,0.02,65.0,4.0,0.0656,52.0,,,,,,,,,,,,,,,,,,
2026-01-06 15:39:50,421260,6.0,0.0289,78.0,4.0,0.0317,56.0,,,,,,,,,,,,,,,,,,
2026-01-06 15:40:20,421258,7.0,0.0306,71.0,4.0,0.05,49.0,,,,,,,,,,,,,,,,,,
2026-01-06 15:40:20,421260,7.0,0.0339,78.0,7.0,0.0478,60.0,,,,,,,,,,,,,,,,,,
2026-01-06 15:40:50,421258,9.0,0.0417,60.0,10.0,0.0939,46.0,,,,,,,,,,,,,,,,,,
2026-01-06 15:40:50,421260,10.0,0.0517,71.0,8.0,0.0567,56.0,,,,,,,,,,,,,,,,,,
2026-01-06 15:41:20,421258,17.0,0.0767,65.0,14.0,0.1239,46.0,,,,,,,,,,,,,,,,,,
2026-01-06 15:41:20,421260,10.0,0.0539,65.0,8.0,0.0478,60.0,,,,,,,,,,,,,,,,,,
2026-01-06 15:41:50,421258,5.0,0.02,71.0,4.0,0.0467,52.0,,,,,,,,,,,,,,,,,,
2026-01-06 15:41:50,421260,10.0,0.0506,71.0,7.0,0.0439,60.0,,,,,,,,,,,,,,,,,,
2026-01-06 15:42:20,421258,7.0,0.0306,65.0,6.0,0.0467,52.0,,,,,,,,,,,,,,,,,,
2026-01-06 15:42:20,421260,6.0,0.0289,78.0,5.0,0.0278,65.0,,,,,,,,,,,,,,,,,,
2026-01-06 15:42:50,421258,7.0,0.0289,71.0,10.0,0.0817,52.0,,,,,,,,,,,,,,,,,,
2026-01-06 15:42:50,421260,10.0,0.0539,71.0,8.0,0.0628,60.0,,,,,,,,,,,,,,,,,,
2026-01-06 15:43:20,421258,16.0,0.0678,65.0,8.0,0.0628,56.0,,,,,,,,,,,,,,,,,,
2026-01-06 15:43:20,421260,12.0,0.0706,65.0,7.0,0.0417,56.0,,,,,,,,,,,,,,,,,,
2026-01-06 15:43:50,421258,8.0,0.0339,71.0,10.0,0.0667,60.0,,,,,,,,,,,,,,,,,,
2026-01-06 15:43:50,421260,10.0,0.0606,60.0,10.0,0.0667,60.0,,,,,,,,,,,,,,,,,,
2026-01-06 15:44:20,421258,1.0,0.0039,78.0,5.0,0.0506,52.0,,,,,,,,,,,,,,,,,,
2026-01-06 15:44:20,421260,7.0,0.0356,71.0,5.0,0.0328,60.0,,,,,,,,,,,,,,,,,,
2026-01-06 15:44:50,421258,13.0,0.0539,71.0,10.0,0.0739,60.0,,,,,,,,,,,,,,,,,,
2026-01-06 15:44:50,421260,10.0,0.0528,71.0,4.0,0.0267,60.0,,,,,,,,,,,,,,,,,,
2026-01-06 15:45:20,421258,5.0,0.0228,71.0,8.0,0.0817,49.0,,,,,,,,,,,,,,,,,,
2026-01-06 15:45:20,421260,7.0,0.0378,71.0,8.0,0.055,56.0,,,,,,,,,,,,,,,,,,
2026-01-06 15:45:50,421258,16.0,0.0717,60.0,8.0,0.085,49.0,,,,,,,,,,,,,,,,,,
2026-01-06 15:45:50,421260,5.0,0.0228,78.0,7.0,0.0428,60.0,,,,,,,,,,,,,,,,,,
2026-01-06 15:46:20,421258,7.0,0.03,71.0,3.0,0.02,56.0,,,,,,,,,,,,,,,,,,
2026-01-06 15:46:20,421260,17.0,0.105,60.0,10.0,0.1039,49.0,,,,,,,,,,,,,,,,,,
2026-01-06 15:46:50,421258,5.0,0.02,71.0,7.0,0.0506,65.0,,,,,,,,,,,,,,,,,,
2026-01-06 15:46:50,421260,13.0,0.075,60.0,9.0,0.0617,56.0,,,,,,,,,,,,,,,,,,
2026-01-06 15:47:20,421258,7.0,0.03,65.0,8.0,0.065,49.0,,,,,,,,,,,,,,,,,,
2026-01-06 15:47:20,421260,8.0,0.0478,65.0,7.0,0.0456,56.0,,,,,,,,,,,,,,,,,,
2026-01-06 15:47:50,421258,8.0,0.0339,71.0,9.0,0.0656,56.0,,,,,,,,,,,,,,,,,,
2026-01-06 15:47:50,421260,5.0,0.0256,71.0,10.0,0.0606,65.0,,,,,,,,,,,,,,,,,,
2026-01-06 15:48:20,421258,8.0,0.0339,71.0,5.0,0.0778,42.0,,,,,,,,,,,,,,,,,,
2026-01-06 15:48:20,421260,5.0,0.0256,78.0,3.0,0.0156,71.0,,,,,,,,,,,,,,,,,,
2026-01-06 15:48:50,421258,22.0,0.1039,60.0,11.0,0.1139,46.0,,,,,,,,,,,,,,,,,,
2026-01-06 15:48:50,421260,9.0,0.0478,71.0,8.0,0.0539,56.0,,,,,,,,,,,,,,,,,,
2026-01-06 15:49:20,421258,7.0,0.0328,71.0,8.0,0.0506,56.0,,,,,,,,,,,,,,,,,,
2026-01-06 15:49:20,421260,3.0,0.015,71.0,5.0,0.0489,60.0,,,,,,,,,,,,,,,,,,
2026-01-06 15:49:50,421258,6.0,0.0239,71.0,7.0,0.0567,52.0,,,,,,,,,,,,,,,,,,
2026-01-06 15:49:50,421260,5.0,0.0256,78.0,4.0,0.0339,65.0,,,,,,,,,,,,,,,,,,
2026-01-06 15:50:20,421258,4.0,0.0189,78.0,5.0,0.0289,56.0,,,,,,,,,,,,,,,,,,
2026-01-06 15:50:20,421260,9.0,0.0439,78.0,5.0,0.0306,65.0,,,,,,,,,,,,,,,,,,
2026-01-06 15:50:50,421258,5.0,0.0178,65.0,6.0,0.045,56.0,,,,,,,,,,,,,,,,,,
2026-01-06 15:50:50,421260,7.0,0.0356,71.0,7.0,0.0428,56.0,,,,,,,,,,,,,,,,,,
2026-01-06 15:51:20,421258,4.0,0.0156,71.0,6.0,0.0617,56.0,,,,,,,,,,,,,,,,,,
2026-01-06 15:51:20,421260,8.0,0.0428,71.0,5.0,0.0328,60.0,,,,,,,,,,,,,,,,,,
2026-01-06 15:51:50,421258,8.0,0.0328,78.0,7.0,0.0606,56.0,,,,,,,,,,,,,,,,,,
2026-01-06 15:51:50,421260,5.0,0.0267,78.0,8.0,0.0489,65.0,,,,,,,,,,,,,,,,,,
2026-01-06 15:52:20,421258,8.0,0.0328,71.0,5.0,0.035,60.0,,,,,,,,,,,,,,,,,,
2026-01-06 15:52:20,421260,6.0,0.0267,78.0,6.0,0.0317,71.0,,,,,,,,,,,,,,,,,,
2026-01-06 15:52:50,421258,7.0,0.0306,65.0,6.0,0.0506,60.0,,,,,,,,,,,,,,,,,,
2026-01-06 15:52:50,421260,2.0,0.0089,78.0,3.0,0.0178,65.0,,,,,,,,,,,,,,,,,,
2026-01-06 15:53:20,421258,6.0,0.0239,78.0,5.0,0.035,56.0,,,,,,,,,,,,,,,,,,
2026-01-06 15:53:20,421260,16.0,0.0917,65.0,11.0,0.0817,52.0,,,,,,,,,,,,,,,,,,
2026-01-06 15:53:50,421258,10.0,0.0428,71.0,5.0,0.04,52.0,,,,,,,,,,,,,,,,,,
2026-01-06 15:53:50,421260,11.0,0.0628,71.0,9.0,0.0656,56.0,,,,,,,,,,,,,,,,,,
2026-01-06 15:54:20,421258,2.0,0.0078,65.0,5.0,0.0378,52.0,,,,,,,,,,,,,,,,,,
2026-01-06 15:54:20,421260,4.0,0.02,78.0,7.0,0.0417,65.0,,,,,,,,,,,,,,,,,,
2026-01-06 15:54:50,421258,4.0,0.0156,78.0,4.0,0.0239,60.0,,,,,,,,,,,,,,,,,,
2026-01-06 15:54:50,421260,8.0,0.0417,71.0,5.0,0.0306,65.0,,,,,,,,,,,,,,,,,,
2026-01-06 15:55:20,421258,13.0,0.0556,65.0,9.0,0.0739,46.0,,,,,,,,,,,,,,,,,,
2026-01-06 15:55:20,421260,9.0,0.0517,71.0,7.0,0.0467,60.0,,,,,,,,,,,,,,,,,,
2026-01-06 15:55:50,421258,12.0,0.0578,65.0,10.0,0.0917,49.0,,,,,,,,,,,,,,,,,,
2026-01-06 15:55:50,421260,7.0,0.0317,78.0,4.0,0.0267,60.0,,,,,,,,,,,,,,,,,,
2026-01-06 15:56:20,421258,5.0,0.0217,65.0,6.0,0.0406,56.0,,,,,,,,,,,,,,,,,,
2026-01-06 15:56:20,421260,6.0,0.0306,71.0,4.0,0.0267,56.0,,,,,,,,,,,,,,,,,,
2026-01-06 15:56:50,421258,9.0,0.0378,71.0,4.0,0.03,52.0,,,,,,,,,,,,,,,,,,
2026-01-06 15:56:50,421260,11.0,0.0639,65.0,7.0,0.0506,56.0,,,,,,,,,,,,,,,,,,
2026-01-06 15:57:20,421258,10.0,0.045,71.0,6.0,0.045,52.0,,,,,,,,,,,,,,,,,,
2026-01-06 15:57:20,421260,10.0,0.0567,65.0,10.0,0.0617,60.0,,,,,,,,,,,,,,,,,,
2026-01-06 15:57:50,421258,4.0,0.0156,71.0,3.0,0.0256,52.0,,,,,,,,,,,,,,,,,,
2026-01-06 15:57:50,421260,13.0,0.065,78.0,7.0,0.0639,60.0,,,,,,,,,,,,,,,,,,
2026-01-06 15:58:20,421258,5.0,0.02,65.0,6.0,0.0528,52.0,,,,,,,,,,,,,,,,,,
2026-01-06 15:58:20,421260,8.0,0.0406,71.0,7.0,0.0456,60.0,,,,,,,,,,,,,,,,,,
2026-01-06 15:58:50,421258,9.0,0.0389,71.0,8.0,0.0578,52.0,,,,,,,,,,,,,,,,,,
2026-01-06 15:58:50,421260,8.0,0.0406,78.0,7.0,0.0517,60.0,,,,,,,,,,,,,,,,,,
2026-01-06 15:59:20,421258,14.0,0.0617,65.0,13.0,0.0967,49.0,,,,,,,,,,,,,,,,,,
2026-01-06 15:59:20,421260,4.0,0.02,78.0,3.0,0.0206,60.0,,,,,,,,,,,,,,,,,,
2026-01-06 15:59:50,421258,3.0,0.0117,78.0,9.0,0.0917,52.0,,,,,,,,,,,,,,,,,,
2026-01-06 15:59:50,421260,4.0,0.0217,71.0,5.0,0.035,60.0,,,,,,,,,,,,,,,,,,
2026-01-06 16:00:20,421258,12.0,0.0489,71.0,6.0,0.0428,60.0,,,,,,,,,,,,,,,,,,
2026-01-06 16:00:20,421260,10.0,0.0606,65.0,10.0,0.0667,56.0,,,,,,,,,,,,,,,,,,
2026-01-06 16:00:50,421258,4.0,0.0156,78.0,5.0,0.0417,52.0,,,,,,,,,,,,,,,,,,
2026-01-06 16:00:50,421260,8.0,0.0406,71.0,6.0,0.0378,65.0,,,,,,,,,,,,,,,,,,
2026-01-06 16:01:20,421258,1.0,0.0039,78.0,4.0,0.0339,52.0,,,,,,,,,,,,,,,,,,
2026-01-06 16:01:20,421260,4.0,0.0206,78.0,5.0,0.0328,56.0,,,,,,,,,,,,,,,,,,
2026-01-06 16:01:50,421258,3.0,0.0117,78.0,5.0,0.035,60.0,,,,,,,,,,,,,,,,,,
2026-01-06 16:01:50,421260,7.0,0.0356,71.0,4.0,0.025,60.0,,,,,,,,,,,,,,,,,,
2026-01-06 16:02:20,421258,17.0,0.0767,65.0,11.0,0.0956,49.0,,,,,,,,,,,,,,,,,,
2026-01-06 16:02:20,421260,6.0,0.0339,65.0,6.0,0.045,56.0,,,,,,,,,,,,,,,,,,
2026-01-06 16:02:50,421258,3.0,0.0117,78.0,6.0,0.04,56.0,,,,,,,,,,,,,,,,,,
2026-01-06 16:02:50,421260,9.0,0.0456,71.0,6.0,0.0417,60.0,,,,,,,,,,,,,,,,,,
2026-01-06 16:03:20,421258,6.0,0.0239,65.0,3.0,0.0228,52.0,,,,,,,,,,,,,,,,,,
2026-01-06 16:03:20,421260,9.0,0.0456,71.0,7.0,0.04,65.0,,,,,,,,,,,,,,,,,,
2026-01-06 16:03:50,421258,3.0,0.015,65.0,4.0,0.0306,52.0,,,,,,,,,,,,,,,,,,
2026-01-06 16:03:50,421260,6.0,0.0328,71.0,9.0,0.0617,65.0,,,,,,,,,,,,,,,,,,
2026-01-06 16:04:20,421258,11.0,0.05,65.0,9.0,0.07,52.0,,,,,,,,,,,,,,,,,,
2026-01-06 16:04:20,421260,10.0,0.0528,71.0,6.0,0.0367,65.0,,,,,,,,,,,,,,,,,,
2026-01-06 16:04:50,421258,9.0,0.0367,71.0,7.0,0.0506,52.0,,,,,,,,,,,,,,,,,,
2026-01-06 16:04:50,421260,6.0,0.0317,78.0,5.0,0.0289,71.0,,,,,,,,,,,,,,,,,,
2026-01-06 16:05:20,421258,9.0,0.0367,78.0,7.0,0.0578,56.0,,,,,,,,,,,,,,,,,,
2026-01-06 16:05:20,421260,10.0,0.0556,71.0,6.0,0.0339,65.0,,,,,,,,,,,,,,,,,,
2026-01-06 16:05:50,421258,5.0,0.0228,71.0,9.0,0.0617,56.0,,,,,,,,,,,,,,,,,,
2026-01-06 16:05:50,421260,4.0,0.025,65.0,8.0,0.0578,56.0,,,,,,,,,,,,,,,,,,
2026-01-06 16:06:20,421258,8.0,0.0339,71.0,8.0,0.0528,60.0,,,,,,,,,,,,,,,,,,
2026-01-06 16:06:20,421260,2.0,0.01,71.0,3.0,0.0228,60.0,,,,,,,,,,,,,,,,,,
2026-01-06 16:06:50,421258,8.0,0.0339,71.0,4.0,0.0239,65.0,,,,,,,,,,,,,,,,,,
2026-01-06 16:06:50,421260,9.0,0.045,71.0,4.0,0.0356,56.0,,,,,,,,,,,,,,,,,,
2026-01-06 16:07:20,421258,4.0,0.0178,65.0,3.0,0.02,56.0,,,,,,,,,,,,,,,,,,
2026-01-06 16:07:20,421260,11.0,0.0739,56.0,11.0,0.085,49.0,,,,,,,,,,,,,,,,,,
2026-01-06 16:07:50,421258,3.0,0.0139,65.0,4.0,0.0267,60.0,,,,,,,,,,,,,,,,,,
2026-01-06 16:07:50,421260,3.0,0.015,78.0,2.0,0.0128,65.0,,,,,,,,,,,,,,,,,,
2026-01-06 16:08:20,421258,5.0,0.0217,71.0,6.0,0.0656,46.0,,,,,,,,,,,,,,,,,,
2026-01-06 16:08:20,421260,12.0,0.0717,65.0,7.0,0.055,52.0,,,,,,,,,,,,,,,,,,
2026-01-06 16:08:50,421258,4.0,0.0189,65.0,5.0,0.05,49.0,,,,,,,,,,,,,,,,,,
2026-01-06 16:08:50,421260,12.0,0.0756,60.0,10.0,0.0756,52.0,,,,,,,,,,,,,,,,,,
2026-01-06 16:09:20,421258,14.0,0.0639,65.0,11.0,0.1,49.0,,,,,,,,,,,,,,,,,,
2026-01-06 16:09:20,421260,14.0,0.075,71.0,6.0,0.04,71.0,,,,,,,,,,,,,,,,,,
2026-01-06 16:09:50,421258,4.0,0.0178,78.0,3.0,0.0217,56.0,,,,,,,,,,,,,,,,,,
2026-01-06 16:09:50,421260,8.0,0.0456,65.0,7.0,0.0517,52.0,,,,,,,,,,,,,,,,,,
2026-01-06 16:10:20,421258,9.0,0.0367,71.0,6.0,0.0467,52.0,,,,,,,,,,,,,,,,,,
2026-01-06 16:10:20,421260,11.0,0.055,78.0,6.0,0.0378,65.0,,,,,,,,,,,,,,,,,,
2026-01-06 16:10:50,421258,11.0,0.0528,60.0,9.0,0.0889,44.0,,,,,,,,,,,,,,,,,,
2026-01-06 16:10:50,421260,8.0,0.0428,78.0,6.0,0.0378,60.0,,,,,,,,,,,,,,,,,,
2026-01-06 16:11:20,421258,15.0,0.08,56.0,13.0,0.1267,44.0,,,,,,,,,,,,,,,,,,
2026-01-06 16:11:20,421260,6.0,0.0317,71.0,5.0,0.0289,60.0,,,,,,,,,,,,,,,,,,
2026-01-06 16:11:50,421258,11.0,0.045,71.0,8.0,0.07,49.0,,,,,,,,,,,,,,,,,,
2026-01-06 16:11:50,421260,8.0,0.0428,71.0,7.0,0.0456,65.0,,,,,,,,,,,,,,,,,,
2026-01-06 16:12:20,421258,9.0,0.0389,71.0,8.0,0.0656,56.0,,,,,,,,,,,,,,,,,,
2026-01-06 16:12:20,421260,4.0,0.0217,65.0,5.0,0.0317,60.0,,,,,,,,,,,,,,,,,,
2026-01-06 16:12:50,421258,4.0,0.0156,71.0,4.0,0.04,40.0,,,,,,,,,,,,,,,,,,
2026-01-06 16:12:50,421260,9.0,0.0478,71.0,6.0,0.04,60.0,,,,,,,,,,,,,,,,,,
2026-01-06 16:13:20,421258,9.0,0.0378,71.0,6.0,0.0439,56.0,,,,,,,,,,,,,,,,,,
2026-01-06 16:13:20,421260,6.0,0.0289,78.0,8.0,0.0489,65.0,,,,,,,,,,,,,,,,,,
2026-01-06 16:13:50,421258,2.0,0.0078,65.0,5.0,0.0317,60.0,,,,,,,,,,,,,,,,,,
2026-01-06 16:13:50,421260,8.0,0.0417,71.0,5.0,0.0656,60.0,,,,,,,,,,,,,,,,,,
2026-01-06 16:14:20,421258,6.0,0.0239,71.0,11.0,0.0839,56.0,,,,,,,,,,,,,,,,,,
2026-01-06 16:14:20,421260,13.0,0.075,65.0,8.0,0.055,56.0,,,,,,,,,,,,,,,,,,
2026-01-06 16:14:50,421258,5.0,0.0217,71.0,9.0,0.0628,56.0,,,,,,,,,,,,,,,,,,
2026-01-06 16:14:50,421260,3.0,0.0156,71.0,9.0,0.0617,56.0,,,,,,,,,,,,,,,,,,
2026-01-06 16:15:20,421258,3.0,0.0117,78.0,6.0,0.0389,56.0,,,,,,,,,,,,,,,,,,
2026-01-06 16:15:20,421260,7.0,0.0328,71.0,5.0,0.0306,60.0,,,,,,,,,,,,,,,,,,
2026-01-06 16:15:50,421258,7.0,0.0278,71.0,6.0,0.0667,60.0,,,,,,,,,,,,,,,,,,
2026-01-06 16:15:50,421260,7.0,0.04,65.0,7.0,0.0456,60.0,,,,,,,,,,,,,,,,,,
2026-01-06 16:16:20,421258,10.0,0.0417,71.0,8.0,0.0628,52.0,,,,,,,,,,,,,,,,,,
2026-01-06 16:16:20,421260,7.0,0.04,71.0,8.0,0.05,65.0,,,,,,,,,,,,,,,,,,
2026-01-06 16:16:50,421258,5.0,0.02,71.0,9.0,0.0667,52.0,,,,,,,,,,,,,,,,,,
2026-01-06 16:16:50,421260,5.0,0.0339,65.0,8.0,0.0517,56.0,,,,,,,,,,,,,,,,,,
2026-01-06 16:17:20,421258,5.0,0.0217,78.0,7.0,0.0506,52.0,,,,,,,,,,,,,,,,,,
2026-01-06 16:17:20,421260,9.0,0.0489,65.0,8.0,0.0556,56.0,,,,,,,,,,,,,,,,,,
2026-01-06 16:17:50,421258,7.0,0.03,71.0,6.0,0.05,49.0,,,,,,,,,,,,,,,,,,
2026-01-06 16:17:50,421260,10.0,0.05,71.0,9.0,0.0567,65.0,,,,,,,,,,,,,,,,,,
2026-01-06 16:18:20,421258,4.0,0.0178,65.0,8.0,0.06,56.0,,,,,,,,,,,,,,,,,,
2026-01-06 16:18:20,421260,8.0,0.0406,71.0,3.0,0.0428,60.0,,,,,,,,,,,,,,,,,,
2026-01-06 16:18:50,421258,7.0,0.03,65.0,9.0,0.0756,52.0,,,,,,,,,,,,,,,,,,
2026-01-06 16:18:50,421260,6.0,0.03,71.0,3.0,0.0228,60.0,,,,,,,,,,,,,,,,,,
2026-01-06 16:19:20,421258,13.0,0.0578,65.0,10.0,0.0817,52.0,,,,,,,,,,,,,,,,,,
2026-01-06 16:19:20,421260,5.0,0.025,71.0,6.0,0.04,60.0,,,,,,,,,,,,,,,,,,
2026-01-06 16:19:50,421258,10.0,0.0417,71.0,6.0,0.0439,56.0,,,,,,,,,,,,,,,,,,
2026-01-06 16:19:50,421260,6.0,0.0317,71.0,8.0,0.0517,60.0,,,,,,,,,,,,,,,,,,
2026-01-06 16:20:20,421258,3.0,0.0117,78.0,4.0,0.05,60.0,,,,,,,,,,,,,,,,,,
2026-01-06 16:20:20,421260,9.0,0.0506,65.0,8.0,0.0578,52.0,,,,,,,,,,,,,,,,,,
2026-01-06 16:20:50,421258,3.0,0.0117,71.0,4.0,0.0317,49.0,,,,,,,,,,,,,,,,,,
2026-01-06 16:20:50,421260,5.0,0.0278,65.0,5.0,0.0306,60.0,,,,,,,,,,,,,,,,,,
2026-01-06 16:21:20,421258,6.0,0.0256,65.0,6.0,0.0467,52.0,,,,,,,,,,,,,,,,,,
2026-01-06 16:21:20,421260,9.0,0.045,78.0,7.0,0.0567,60.0,,,,,,,,,,,,,,,,,,
2026-01-06 16:21:50,421258,5.0,0.02,78.0,7.0,0.0578,49.0,,,,,,,,,,,,,,,,,,
2026-01-06 16:21:50,421260,6.0,0.0328,71.0,4.0,0.0267,65.0,,,,,,,,,,,,,,,,,,
2026-01-06 16:22:20,421258,9.0,0.0389,65.0,9.0,0.0739,46.0,,,,,,,,,,,,,,,,,,
2026-01-06 16:22:20,421260,11.0,0.0578,65.0,8.0,0.0617,56.0,,,,,,,,,,,,,,,,,,
2026-01-06 16:22:50,421258,4.0,0.0178,71.0,4.0,0.0267,56.0,,,,,,,,,,,,,,,,,,
2026-01-06 16:22:50,421260,3.0,0.0167,65.0,9.0,0.08,52.0,,,,,,,,,,,,,,,,,,
2026-01-06 16:23:20,421258,10.0,0.0406,71.0,7.0,0.0667,49.0,,,,,,,,,,,,,,,,,,
2026-01-06 16:23:20,421260,8.0,0.0478,65.0,5.0,0.0289,65.0,,,,,,,,,,,,,,,,,,
2026-01-06 16:23:50,421258,7.0,0.03,65.0,3.0,0.0217,44.0,,,,,,,,,,,,,,,,,,
2026-01-06 16:23:50,421260,12.0,0.0606,65.0,8.0,0.055,56.0,,,,,,,,,,,,,,,,,,
2026-01-06 16:24:20,421258,4.0,0.02,60.0,7.0,0.065,49.0,,,,,,,,,,,,,,,,,,
2026-01-06 16:24:20,421260,10.0,0.0489,78.0,7.0,0.0456,60.0,,,,,,,,,,,,,,,,,,
2026-01-06 16:24:50,421258,6.0,0.0267,65.0,9.0,0.1117,49.0,,,,,,,,,,,,,,,,,,
2026-01-06 16:24:50,421260,9.0,0.0478,71.0,8.0,0.0528,60.0,,,,,,,,,,,,,,,,,,
2026-01-06 16:25:20,421258,8.0,0.0378,65.0,8.0,0.0578,56.0,,,,,,,,,,,,,,,,,,
2026-01-06 16:25:20,421260,6.0,0.0328,71.0,5.0,0.0406,52.0,,,,,,,,,,,,,,,,,,
2026-01-06 16:25:50,421258,10.0,0.0406,71.0,10.0,0.0806,46.0,,,,,,,,,,,,,,,,,,
2026-01-06 16:25:50,421260,7.0,0.0367,71.0,11.0,0.0789,56.0,,,,,,,,,,,,,,,,,,
2026-01-06 16:26:20,421258,10.0,0.0456,65.0,10.0,0.0778,52.0,,,,,,,,,,,,,,,,,,
2026-01-06 16:26:20,421260,7.0,0.0367,71.0,4.0,0.0256,60.0,,,,,,,,,,,,,,,,,,
2026-01-06 16:26:50,421258,4.0,0.0156,78.0,6.0,0.0517,52.0,,,,,,,,,,,,,,,,,,
2026-01-06 16:26:50,421260,8.0,0.0478,71.0,11.0,0.07,60.0,,,,,,,,,,,,,,,,,,
2026-01-06 16:27:20,421258,6.0,0.0239,71.0,7.0,0.0739,49.0,,,,,,,,,,,,,,,,,,
2026-01-06 16:27:20,421260,10.0,0.0489,71.0,12.0,0.0789,60.0,,,,,,,,,,,,,,,,,,
2026-01-06 16:27:50,421258,8.0,0.0339,71.0,9.0,0.0928,52.0,,,,,,,,,,,,,,,,,,
2026-01-06 16:27:50,421260,8.0,0.0439,71.0,6.0,0.035,56.0,,,,,,,,,,,,,,,,,,
2026-01-06 16:28:20,421258,5.0,0.0217,65.0,3.0,0.0217,56.0,,,,,,,,,,,,,,,,,,
2026-01-06 16:28:20,421260,8.0,0.0389,78.0,7.0,0.05,65.0,,,,,,,,,,,,,,,,,,
2026-01-06 16:28:50,421258,14.0,0.0578,65.0,13.0,0.1006,52.0,,,,,,,,,,,,,,,,,,
2026-01-06 16:28:50,421260,3.0,0.0156,71.0,4.0,0.0267,60.0,,,,,,,,,,,,,,,,,,
2026-01-06 16:29:20,421258,7.0,0.03,71.0,8.0,0.0539,60.0,,,,,,,,,,,,,,,,,,
2026-01-06 16:29:20,421260,6.0,0.0306,71.0,5.0,0.0356,56.0,,,,,,,,,,,,,,,,,,
2026-01-06 16:29:50,421258,6.0,0.0239,78.0,4.0,0.0256,60.0,,,,,,,,,,,,,,,,,,
2026-01-06 16:29:50,421260,8.0,0.0378,78.0,6.0,0.0417,56.0,,,,,,,,,,,,,,,,,,
2026-01-06 16:30:20,421258,8.0,0.0339,65.0,4.0,0.0689,46.0,,,,,,,,,,,,,,,,,,
2026-01-06 16:30:20,421260,9.0,0.0428,78.0,3.0,0.0217,71.0,,,,,,,,,,,,,,,,,,
2026-01-06 16:30:50,421258,6.0,0.0267,65.0,5.0,0.0356,56.0,,,,,,,,,,,,,,,,,,
2026-01-06 16:30:50,421260,7.0,0.0356,71.0,5.0,0.0267,60.0,,,,,,,,,,,,,,,,,,
2026-01-06 16:31:20,421258,7.0,0.0289,78.0,3.0,0.0239,52.0,,,,,,,,,,,,,,,,,,
2026-01-06 16:31:20,421260,11.0,0.06,71.0,7.0,0.05,56.0,,,,,,,,,,,,,,,,,,
2026-01-06 16:31:50,421258,12.0,0.05,65.0,7.0,0.055,52.0,,,,,,,,,,,,,,,,,,
2026-01-06 16:31:50,421260,2.0,0.0106,71.0,5.0,0.0389,60.0,,,,,,,,,,,,,,,,,,
2026-01-06 16:32:20,421258,1.0,0.0039,78.0,2.0,0.02,52.0,,,,,,,,,,,,,,,,,,
2026-01-06 16:32:20,421260,4.0,0.02,78.0,7.0,0.0456,60.0,,,,,,,,,,,,,,,,,,
2026-01-06 16:32:50,421258,15.0,0.0639,71.0,6.0,0.04,56.0,,,,,,,,,,,,,,,,,,
2026-01-06 16:32:50,421260,9.0,0.0467,71.0,5.0,0.045,56.0,,,,,,,,,,,,,,,,,,
2026-01-06 16:33:20,421258,1.0,0.0039,60.0,6.0,0.0528,49.0,,,,,,,,,,,,,,,,,,
2026-01-06 16:33:20,421260,12.0,0.0639,71.0,6.0,0.0389,65.0,,,,,,,,,,,,,,,,,,
2026-01-06 16:33:50,421258,5.0,0.02,71.0,7.0,0.055,56.0,,,,,,,,,,,,,,,,,,
2026-01-06 16:33:50,421260,9.0,0.0478,71.0,8.0,0.05,60.0,,,,,,,,,,,,,,,,,,
2026-01-06 16:34:20,421258,7.0,0.03,71.0,3.0,0.0267,52.0,,,,,,,,,,,,,,,,,,
2026-01-06 16:34:20,421260,8.0,0.045,65.0,8.0,0.0489,65.0,,,,,,,,,,,,,,,,,,
2026-01-06 16:34:50,421258,10.0,0.045,71.0,7.0,0.0578,52.0,,,,,,,,,,,,,,,,,,
2026-01-06 16:34:50,421260,5.0,0.025,71.0,5.0,0.0306,60.0,,,,,,,,,,,,,,,,,,
2026-01-06 16:35:20,421258,8.0,0.0367,65.0,5.0,0.05,46.0,,,,,,,,,,,,,,,,,,
2026-01-06 16:35:20,421260,14.0,0.0756,71.0,9.0,0.065,56.0,,,,,,,,,,,,,,,,,,
2026-01-06 16:35:50,421258,11.0,0.0467,65.0,11.0,0.0889,56.0,,,,,,,,,,,,,,,,,,
2026-01-06 16:35:50,421260,3.0,0.0156,71.0,5.0,0.0406,56.0,,,,,,,,,,,,,,,,,,
2026-01-06 16:36:20,421258,5.0,0.0217,65.0,4.0,0.0228,56.0,,,,,,,,,,,,,,,,,,
2026-01-06 16:36:20,421260,19.0,0.12,60.0,10.0,0.0739,52.0,,,,,,,,,,,,,,,,,,
2026-01-06 16:36:50,421258,9.0,0.0406,60.0,11.0,0.085,52.0,,,,,,,,,,,,,,,,,,
2026-01-06 16:36:50,421260,14.0,0.0767,71.0,6.0,0.0389,60.0,,,,,,,,,,,,,,,,,,
2026-01-06 16:37:20,421258,8.0,0.0339,65.0,7.0,0.075,49.0,,,,,,,,,,,,,,,,,,
2026-01-06 16:37:20,421260,5.0,0.03,65.0,9.0,0.0578,60.0,,,,,,,,,,,,,,,,,,
2026-01-06 16:37:50,421258,1.0,0.0039,78.0,3.0,0.0217,56.0,,,,,,,,,,,,,,,,,,
2026-01-06 16:37:50,421260,9.0,0.0456,71.0,7.0,0.0417,65.0,,,,,,,,,,,,,,,,,,
2026-01-06 16:38:20,421258,14.0,0.0639,60.0,8.0,0.0817,44.0,,,,,,,,,,,,,,,,,,
2026-01-06 16:38:20,421260,11.0,0.0567,71.0,7.0,0.0406,71.0,,,,,,,,,,,,,,,,,,
2026-01-06 16:38:50,421258,13.0,0.07,56.0,16.0,0.1528,44.0,,,,,,,,,,,,,,,,,,
2026-01-06 16:38:50,421260,6.0,0.03,71.0,5.0,0.0289,65.0,,,,,,,,,,,,,,,,,,
2026-01-06 16:39:20,421258,16.0,0.0728,65.0,11.0,0.0939,46.0,,,,,,,,,,,,,,,,,,
2026-01-06 16:39:20,421260,4.0,0.0189,71.0,6.0,0.035,65.0,,,,,,,,,,,,,,,,,,
2026-01-06 16:39:50,421258,11.0,0.0478,71.0,5.0,0.0417,52.0,,,,,,,,,,,,,,,,,,
2026-01-06 16:39:50,421260,12.0,0.075,65.0,8.0,0.0639,56.0,,,,,,,,,,,,,,,,,,
2026-01-06 16:40:20,421258,6.0,0.0267,71.0,7.0,0.0456,60.0,,,,,,,,,,,,,,,,,,
2026-01-06 16:40:20,421260,11.0,0.0567,71.0,6.0,0.04,65.0,,,,,,,,,,,,,,,,,,
2026-01-06 16:40:50,421258,4.0,0.0117,65.0,3.0,0.0228,56.0,,,,,,,,,,,,,,,,,,
2026-01-06 16:40:50,421260,5.0,0.025,78.0,5.0,0.0356,65.0,,,,,,,,,,,,,,,,,,
2026-01-06 16:41:20,421258,5.0,0.0228,71.0,5.0,0.0489,52.0,,,,,,,,,,,,,,,,,,
2026-01-06 16:41:20,421260,11.0,0.0606,65.0,12.0,0.0756,60.0,,,,,,,,,,,,,,,,,,
2026-01-06 16:41:50,421258,11.0,0.05,65.0,8.0,0.0739,49.0,,,,,,,,,,,,,,,,,,
2026-01-06 16:41:50,421260,3.0,0.0156,71.0,3.0,0.02,60.0,,,,,,,,,,,,,,,,,,
2026-01-06 16:42:20,421258,9.0,0.0378,71.0,4.0,0.0389,49.0,,,,,,,,,,,,,,,,,,
2026-01-06 16:42:20,421260,7.0,0.035,86.0,5.0,0.0306,60.0,,,,,,,,,,,,,,,,,,
2026-01-06 16:42:50,421258,9.0,0.0378,78.0,8.0,0.0589,56.0,,,,,,,,,,,,,,,,,,
2026-01-06 16:42:50,421260,7.0,0.0378,78.0,5.0,0.0317,60.0,,,,,,,,,,,,,,,,,,
2026-01-06 16:43:20,421258,4.0,0.0156,71.0,5.0,0.0478,60.0,,,,,,,,,,,,,,,,,,
2026-01-06 16:43:20,421260,8.0,0.0378,71.0,6.0,0.0378,65.0,,,,,,,,,,,,,,,,,,
2026-01-06 16:43:50,421258,7.0,0.0306,71.0,6.0,0.0439,56.0,,,,,,,,,,,,,,,,,,
2026-01-06 16:43:50,421260,8.0,0.0428,65.0,4.0,0.0278,60.0,,,,,,,,,,,,,,,,,,
2026-01-06 16:44:20,421258,5.0,0.0217,71.0,6.0,0.04,52.0,,,,,,,,,,,,,,,,,,
2026-01-06 16:44:20,421260,11.0,0.0656,65.0,9.0,0.0567,60.0,,,,,,,,,,,,,,,,,,
2026-01-06 16:44:50,421258,6.0,0.0239,78.0,7.0,0.05,56.0,,,,,,,,,,,,,,,,,,
2026-01-06 16:44:50,421260,10.0,0.0589,60.0,7.0,0.0478,60.0,,,,,,,,,,,,,,,,,,
2026-01-06 16:45:20,421258,5.0,0.0228,65.0,6.0,0.05,49.0,,,,,,,,,,,,,,,,,,
2026-01-06 16:45:20,421260,7.0,0.0367,71.0,3.0,0.0306,46.0,,,,,,,,,,,,,,,,,,
2026-01-06 16:45:50,421258,11.0,0.0489,65.0,6.0,0.0456,52.0,,,,,,,,,,,,,,,,,,
2026-01-06 16:45:50,421260,7.0,0.04,65.0,8.0,0.0689,60.0,,,,,,,,,,,,,,,,,,
2026-01-06 16:46:20,421258,8.0,0.035,71.0,9.0,0.0667,56.0,,,,,,,,,,,,,,,,,,
2026-01-06 16:46:20,421260,9.0,0.0489,71.0,10.0,0.0628,56.0,,,,,,,,,,,,,,,,,,
2026-01-06 16:46:50,421258,6.0,0.0267,65.0,8.0,0.0606,52.0,,,,,,,,,,,,,,,,,,
2026-01-06 16:46:50,421260,8.0,0.04,71.0,7.0,0.0439,60.0,,,,,,,,,,,,,,,,,,
2026-01-06 16:47:20,421258,8.0,0.0467,60.0,5.0,0.05,44.0,,,,,,,,,,,,,,,,,,
2026-01-06 16:47:20,421260,5.0,0.0306,65.0,9.0,0.0728,49.0,,,,,,,,,,,,,,,,,,
2026-01-06 16:47:50,421258,9.0,0.0406,65.0,8.0,0.0589,52.0,,,,,,,,,,,,,,,,,,
2026-01-06 16:47:50,421260,6.0,0.0306,71.0,9.0,0.0567,65.0,,,,,,,,,,,,,,,,,,
2026-01-06 16:48:20,421258,8.0,0.035,65.0,9.0,0.0728,49.0,,,,,,,,,,,,,,,,,,
2026-01-06 16:48:20,421260,8.0,0.0467,65.0,7.0,0.05,56.0,,,,,,,,,,,,,,,,,,
2026-01-06 16:48:50,421258,7.0,0.0278,78.0,6.0,0.0456,52.0,,,,,,,,,,,,,,,,,,
2026-01-06 16:48:50,421260,17.0,0.1006,65.0,7.0,0.0456,60.0,,,,,,,,,,,,,,,,,,
2026-01-06 16:49:20,421258,6.0,0.0239,71.0,9.0,0.0806,49.0,,,,,,,,,,,,,,,,,,
2026-01-06 16:49:20,421260,9.0,0.0456,71.0,6.0,0.0356,65.0,,,,,,,,,,,,,,,,,,
2026-01-06 16:49:50,421258,6.0,0.0267,65.0,6.0,0.05,52.0,,,,,,,,,,,,,,,,,,
2026-01-06 16:49:50,421260,7.0,0.0389,71.0,7.0,0.0489,60.0,,,,,,,,,,,,,,,,,,
2026-01-06 16:50:20,421258,9.0,0.0389,65.0,11.0,0.0839,52.0,,,,,,,,,,,,,,,,,,
2026-01-06 16:50:20,421260,11.0,0.0667,65.0,6.0,0.0467,52.0,,,,,,,,,,,,,,,,,,
2026-01-06 16:50:50,421258,14.0,0.0567,65.0,10.0,0.0778,49.0,,,,,,,,,,,,,,,,,,
2026-01-06 16:50:50,421260,10.0,0.0506,65.0,9.0,0.0606,56.0,,,,,,,,,,,,,,,,,,
2026-01-06 16:51:20,421258,7.0,0.03,65.0,7.0,0.06,49.0,,,,,,,,,,,,,,,,,,
2026-01-06 16:51:20,421260,18.0,0.1056,65.0,5.0,0.04,56.0,,,,,,,,,,,,,,,,,,
2026-01-06 16:51:50,421258,7.0,0.0306,65.0,4.0,0.0267,52.0,,,,,,,,,,,,,,,,,,
2026-01-06 16:51:50,421260,9.0,0.05,65.0,11.0,0.0739,56.0,,,,,,,,,,,,,,,,,,
2026-01-06 16:52:20,421258,10.0,0.0417,71.0,6.0,0.0578,49.0,,,,,,,,,,,,,,,,,,
2026-01-06 16:52:20,421260,3.0,0.0167,71.0,4.0,0.0228,60.0,,,,,,,,,,,,,,,,,,
2026-01-06 16:52:50,421258,9.0,0.045,60.0,11.0,0.0906,49.0,,,,,,,,,,,,,,,,,,
2026-01-06 16:52:50,421260,9.0,0.05,71.0,6.0,0.0489,52.0,,,,,,,,,,,,,,,,,,
2026-01-06 16:53:20,421258,16.0,0.0778,65.0,6.0,0.0467,49.0,,,,,,,,,,,,,,,,,,
2026-01-06 16:53:20,421260,13.0,0.0728,65.0,10.0,0.0739,52.0,,,,,,,,,,,,,,,,,,
2026-01-06 16:53:50,421258,10.0,0.0406,65.0,10.0,0.0739,52.0,,,,,,,,,,,,,,,,,,
2026-01-06 16:53:50,421260,14.0,0.0828,60.0,12.0,0.0806,52.0,,,,,,,,,,,,,,,,,,
2026-01-06 16:54:20,421258,3.0,0.0117,78.0,5.0,0.0356,49.0,,,,,,,,,,,,,,,,,,
2026-01-06 16:54:20,421260,9.0,0.0539,65.0,7.0,0.0489,56.0,,,,,,,,,,,,,,,,,,
2026-01-06 16:54:50,421258,10.0,0.0478,65.0,6.0,0.0539,49.0,,,,,,,,,,,,,,,,,,
2026-01-06 16:54:50,421260,2.0,0.0089,78.0,4.0,0.025,60.0,,,,,,,,,,,,,,,,,,
2026-01-06 16:55:20,421258,9.0,0.0389,65.0,7.0,0.0628,44.0,,,,,,,,,,,,,,,,,,
2026-01-06 16:55:20,421260,10.0,0.0567,65.0,9.0,0.0567,60.0,,,,,,,,,,,,,,,,,,
2026-01-06 16:55:50,421258,14.0,0.0717,60.0,14.0,0.1156,49.0,,,,,,,,,,,,,,,,,,
2026-01-06 16:55:50,421260,13.0,0.0689,71.0,6.0,0.0467,56.0,,,,,,,,,,,,,,,,,,
2026-01-06 16:56:20,421258,8.0,0.0389,65.0,9.0,0.0706,52.0,,,,,,,,,,,,,,,,,,
2026-01-06 16:56:20,421260,11.0,0.0689,60.0,7.0,0.0478,56.0,,,,,,,,,,,,,,,,,,
2026-01-06 16:56:50,421258,6.0,0.0239,71.0,3.0,0.0217,56.0,,,,,,,,,,,,,,,,,,
2026-01-06 16:56:50,421260,12.0,0.075,60.0,8.0,0.0589,52.0,,,,,,,,,,,,,,,,,,
2026-01-06 16:57:20,421258,0.0,0.0,0.0,2.0,0.0128,56.0,,,,,,,,,,,,,,,,,,
2026-01-06 16:57:20,421260,9.0,0.0517,65.0,10.0,0.0706,56.0,,,,,,,,,,,,,,,,,,
2026-01-06 16:57:50,421258,19.0,0.1039,56.0,14.0,0.1506,44.0,,,,,,,,,,,,,,,,,,
2026-01-06 16:57:50,421260,7.0,0.0367,71.0,6.0,0.0378,56.0,,,,,,,,,,,,,,,,,,
2026-01-06 16:58:20,421258,12.0,0.0567,65.0,7.0,0.0589,46.0,,,,,,,,,,,,,,,,,,
2026-01-06 16:58:20,421260,5.0,0.0267,65.0,4.0,0.0339,60.0,,,,,,,,,,,,,,,,,,
2026-01-06 16:58:50,421258,6.0,0.03,65.0,8.0,0.0628,49.0,,,,,,,,,,,,,,,,,,
2026-01-06 16:58:50,421260,4.0,0.0217,60.0,3.0,0.02,60.0,,,,,,,,,,,,,,,,,,
2026-01-06 16:59:20,421258,9.0,0.0378,65.0,7.0,0.055,46.0,,,,,,,,,,,,,,,,,,
2026-01-06 16:59:20,421260,10.0,0.0528,71.0,6.0,0.04,60.0,,,,,,,,,,,,,,,,,,
2026-01-06 16:59:50,421258,11.0,0.0467,60.0,9.0,0.0817,49.0,,,,,,,,,,,,,,,,,,
2026-01-06 16:59:50,421260,8.0,0.0417,71.0,11.0,0.0756,56.0,,,,,,,,,,,,,,,,,,
2026-01-06 17:00:20,421258,1.0,0.0039,78.0,4.0,0.0417,44.0,,,,,,,,,,,,,,,,,,
2026-01-06 17:00:20,421260,5.0,0.0256,71.0,5.0,0.0328,56.0,,,,,,,,,,,,,,,,,,
2026-01-06 17:00:50,421258,8.0,0.0339,65.0,4.0,0.0306,52.0,,,,,,,,,,,,,,,,,,
2026-01-06 17:00:50,421260,7.0,0.0428,65.0,9.0,0.0567,60.0,,,,,,,,,,,,,,,,,,
2026-01-06 17:01:20,421258,8.0,0.0367,65.0,8.0,0.0617,49.0,,,,,,,,,,,,,,,,,,
2026-01-06 17:01:20,421260,14.0,0.075,65.0,8.0,0.065,56.0,,,,,,,,,,,,,,,,,,
2026-01-06 17:01:50,421258,9.0,0.0378,71.0,9.0,0.0667,52.0,,,,,,,,,,,,,,,,,,
2026-01-06 17:01:50,421260,6.0,0.0306,71.0,8.0,0.05,60.0,,,,,,,,,,,,,,,,,,
2026-01-06 17:02:20,421258,3.0,0.0117,71.0,8.0,0.0567,52.0,,,,,,,,,,,,,,,,,,
2026-01-06 17:02:20,421260,10.0,0.0567,65.0,8.0,0.0506,56.0,,,,,,,,,,,,,,,,,,
2026-01-06 17:02:50,421258,7.0,0.035,65.0,8.0,0.0606,49.0,,,,,,,,,,,,,,,,,,
2026-01-06 17:02:50,421260,7.0,0.0378,71.0,6.0,0.0389,60.0,,,,,,,,,,,,,,,,,,
2026-01-06 17:03:20,421258,9.0,0.0428,60.0,10.0,0.0939,49.0,,,,,,,,,,,,,,,,,,
2026-01-06 17:03:20,421260,2.0,0.0106,71.0,6.0,0.0339,60.0,,,,,,,,,,,,,,,,,,
2026-01-06 17:03:50,421258,9.0,0.0378,65.0,9.0,0.0628,56.0,,,,,,,,,,,,,,,,,,
2026-01-06 17:03:50,421260,11.0,0.0617,71.0,8.0,0.0556,60.0,,,,,,,,,,,,,,,,,,
2026-01-06 17:04:20,421258,7.0,0.0306,65.0,6.0,0.0467,49.0,,,,,,,,,,,,,,,,,,
2026-01-06 17:04:20,421260,12.0,0.0639,71.0,7.0,0.0456,56.0,,,,,,,,,,,,,,,,,,
2026-01-06 17:04:50,421258,3.0,0.0139,65.0,9.0,0.0806,46.0,,,,,,,,,,,,,,,,,,
2026-01-06 17:04:50,421260,3.0,0.0167,71.0,2.0,0.0128,52.0,,,,,,,,,,,,,,,,,,
2026-01-06 17:05:20,421258,4.0,0.0178,71.0,5.0,0.035,56.0,,,,,,,,,,,,,,,,,,
2026-01-06 17:05:20,421260,4.0,0.02,71.0,5.0,0.0339,56.0,,,,,,,,,,,,,,,,,,
2026-01-06 17:05:50,421258,13.0,0.0528,71.0,11.0,0.08,56.0,,,,,,,,,,,,,,,,,,
2026-01-06 17:05:50,421260,5.0,0.0267,65.0,7.0,0.0478,56.0,,,,,,,,,,,,,,,,,,
2026-01-06 17:06:20,421258,8.0,0.0328,71.0,4.0,0.0456,52.0,,,,,,,,,,,,,,,,,,
2026-01-06 17:06:20,421260,10.0,0.055,71.0,6.0,0.0489,65.0,,,,,,,,,,,,,,,,,,
2026-01-06 17:06:50,421258,1.0,0.0039,78.0,2.0,0.0156,52.0,,,,,,,,,,,,,,,,,,
2026-01-06 17:06:50,421260,10.0,0.0567,65.0,5.0,0.045,60.0,,,,,,,,,,,,,,,,,,
2026-01-06 17:07:20,421258,4.0,0.0189,60.0,9.0,0.0789,46.0,,,,,,,,,,,,,,,,,,
2026-01-06 17:07:20,421260,6.0,0.0328,71.0,8.0,0.0567,56.0,,,,,,,,,,,,,,,,,,
2026-01-06 17:07:50,421258,9.0,0.0389,71.0,5.0,0.045,52.0,,,,,,,,,,,,,,,,,,
2026-01-06 17:07:50,421260,8.0,0.0456,65.0,5.0,0.0339,56.0,,,,,,,,,,,,,,,,,,
2026-01-06 17:08:20,421258,12.0,0.0528,71.0,9.0,0.0606,60.0,,,,,,,,,,,,,,,,,,
2026-01-06 17:08:20,421260,6.0,0.0306,71.0,6.0,0.0428,56.0,,,,,,,,,,,,,,,,,,
2026-01-06 17:08:50,421258,5.0,0.0167,71.0,5.0,0.0456,56.0,,,,,,,,,,,,,,,,,,
2026-01-06 17:08:50,421260,5.0,0.03,65.0,4.0,0.0267,56.0,,,,,,,,,,,,,,,,,,
2026-01-06 17:09:20,421258,5.0,0.02,71.0,4.0,0.0378,52.0,,,,,,,,,,,,,,,,,,
2026-01-06 17:09:20,421260,13.0,0.0617,78.0,7.0,0.0478,56.0,,,,,,,,,,,,,,,,,,
2026-01-06 17:09:50,421258,7.0,0.0317,65.0,7.0,0.0728,46.0,,,,,,,,,,,,,,,,,,
2026-01-06 17:09:50,421260,9.0,0.0478,65.0,9.0,0.0639,56.0,,,,,,,,,,,,,,,,,,
2026-01-06 17:10:20,421258,5.0,0.0217,65.0,5.0,0.0428,49.0,,,,,,,,,,,,,,,,,,
2026-01-06 17:10:20,421260,13.0,0.075,65.0,4.0,0.035,49.0,,,,,,,,,,,,,,,,,,
2026-01-06 17:10:50,421258,12.0,0.0489,71.0,8.0,0.0578,56.0,,,,,,,,,,,,,,,,,,
2026-01-06 17:10:50,421260,5.0,0.025,71.0,6.0,0.04,60.0,,,,,,,,,,,,,,,,,,
2026-01-06 17:11:20,421258,2.0,0.0078,65.0,3.0,0.0189,60.0,,,,,,,,,,,,,,,,,,
2026-01-06 17:11:20,421260,7.0,0.0378,71.0,5.0,0.0356,56.0,,,,,,,,,,,,,,,,,,
2026-01-06 17:11:50,421258,10.0,0.0467,60.0,10.0,0.085,46.0,,,,,,,,,,,,,,,,,,
2026-01-06 17:11:50,421260,10.0,0.0528,65.0,6.0,0.045,52.0,,,,,,,,,,,,,,,,,,
2026-01-06 17:12:20,421258,12.0,0.0567,65.0,9.0,0.07,52.0,,,,,,,,,,,,,,,,,,
2026-01-06 17:12:20,421260,12.0,0.0639,71.0,8.0,0.0506,60.0,,,,,,,,,,,,,,,,,,
2026-01-06 17:12:50,421258,3.0,0.0139,71.0,7.0,0.0767,46.0,,,,,,,,,,,,,,,,,,
2026-01-06 17:12:50,421260,8.0,0.0428,71.0,8.0,0.0478,65.0,,,,,,,,,,,,,,,,,,
2026-01-06 17:13:20,421258,5.0,0.0228,65.0,7.0,0.0478,56.0,,,,,,,,,,,,,,,,,,
2026-01-06 17:13:20,421260,9.0,0.0467,71.0,6.0,0.04,56.0,,,,,,,,,,,,,,,,,,
2026-01-06 17:13:50,421258,9.0,0.0389,65.0,7.0,0.0589,46.0,,,,,,,,,,,,,,,,,,
2026-01-06 17:13:50,421260,5.0,0.025,71.0,6.0,0.0367,60.0,,,,,,,,,,,,,,,,,,
2026-01-06 17:14:20,421258,14.0,0.0739,60.0,13.0,0.1017,49.0,,,,,,,,,,,,,,,,,,
2026-01-06 17:14:20,421260,7.0,0.0389,65.0,8.0,0.0539,60.0,,,,,,,,,,,,,,,,,,
2026-01-06 17:14:50,421258,4.0,0.0178,71.0,3.0,0.0217,56.0,,,,,,,,,,,,,,,,,,
2026-01-06 17:14:50,421260,11.0,0.06,65.0,8.0,0.0556,56.0,,,,,,,,,,,,,,,,,,
2026-01-06 17:15:20,421258,10.0,0.0406,71.0,9.0,0.0706,49.0,,,,,,,,,,,,,,,,,,
2026-01-06 17:15:20,421260,8.0,0.0417,65.0,6.0,0.045,56.0,,,,,,,,,,,,,,,,,,
2026-01-06 17:15:50,421258,4.0,0.0178,65.0,5.0,0.0356,56.0,,,,,,,,,,,,,,,,,,
2026-01-06 17:15:50,421260,13.0,0.07,71.0,6.0,0.0417,60.0,,,,,,,,,,,,,,,,,,
2026-01-06 17:16:20,421258,10.0,0.0428,65.0,6.0,0.0439,52.0,,,,,,,,,,,,,,,,,,
2026-01-06 17:16:20,421260,3.0,0.015,71.0,8.0,0.0567,60.0,,,,,,,,,,,,,,,,,,
2026-01-06 17:16:50,421258,12.0,0.0567,65.0,9.0,0.0667,52.0,,,,,,,,,,,,,,,,,,
2026-01-06 17:16:50,421260,9.0,0.0556,60.0,7.0,0.0528,52.0,,,,,,,,,,,,,,,,,,
2026-01-06 17:17:20,421258,8.0,0.0356,65.0,2.0,0.015,56.0,,,,,,,,,,,,,,,,,,
2026-01-06 17:17:20,421260,5.0,0.03,60.0,3.0,0.02,60.0,,,,,,,,,,,,,,,,,,
2026-01-06 17:17:50,421258,8.0,0.0328,65.0,11.0,0.0928,46.0,,,,,,,,,,,,,,,,,,
2026-01-06 17:17:50,421260,8.0,0.0567,65.0,7.0,0.065,56.0,,,,,,,,,,,,,,,,,,
2026-01-06 17:18:20,421258,2.0,0.0078,65.0,6.0,0.0467,52.0,,,,,,,,,,,,,,,,,,
2026-01-06 17:18:20,421260,10.0,0.06,60.0,8.0,0.0506,60.0,,,,,,,,,,,,,,,,,,
2026-01-06 17:18:50,421258,8.0,0.0367,60.0,6.0,0.0467,46.0,,,,,,,,,,,,,,,,,,
2026-01-06 17:18:50,421260,11.0,0.0689,60.0,5.0,0.0317,52.0,,,,,,,,,,,,,,,,,,
2026-01-06 17:19:20,421258,5.0,0.0217,65.0,4.0,0.0267,60.0,,,,,,,,,,,,,,,,,,
2026-01-06 17:19:20,421260,8.0,0.0439,71.0,7.0,0.0556,60.0,,,,,,,,,,,,,,,,,,
2026-01-06 17:19:50,421258,8.0,0.0339,71.0,7.0,0.0628,56.0,,,,,,,,,,,,,,,,,,
2026-01-06 17:19:50,421260,8.0,0.0428,71.0,7.0,0.0428,60.0,,,,,,,,,,,,,,,,,,
2026-01-06 17:20:20,421258,5.0,0.0217,65.0,7.0,0.0617,52.0,,,,,,,,,,,,,,,,,,
2026-01-06 17:20:20,421260,5.0,0.03,60.0,6.0,0.04,60.0,,,,,,,,,,,,,,,,,,
2026-01-06 17:20:50,421258,13.0,0.0539,71.0,6.0,0.0467,60.0,,,,,,,,,,,,,,,,,,
2026-01-06 17:20:50,421260,11.0,0.0667,60.0,13.0,0.1106,44.0,,,,,,,,,,,,,,,,,,
2026-01-06 17:21:20,421258,7.0,0.0367,65.0,6.0,0.0467,49.0,,,,,,,,,,,,,,,,,,
2026-01-06 17:21:20,421260,7.0,0.0417,65.0,9.0,0.0689,49.0,,,,,,,,,,,,,,,,,,
2026-01-06 17:21:50,421258,9.0,0.0389,65.0,8.0,0.0567,56.0,,,,,,,,,,,,,,,,,,
2026-01-06 17:21:50,421260,2.0,0.02,65.0,4.0,0.0339,56.0,,,,,,,,,,,,,,,,,,
2026-01-06 17:22:20,421258,8.0,0.0378,60.0,8.0,0.0578,56.0,,,,,,,,,,,,,,,,,,
2026-01-06 17:22:20,421260,8.0,0.0467,65.0,9.0,0.0578,52.0,,,,,,,,,,,,,,,,,,
2026-01-06 17:22:50,421258,5.0,0.02,71.0,5.0,0.0578,49.0,,,,,,,,,,,,,,,,,,
2026-01-06 17:22:50,421260,7.0,0.0378,65.0,6.0,0.0389,56.0,,,,,,,,,,,,,,,,,,
2026-01-06 17:23:20,421258,2.0,0.0089,60.0,2.0,0.015,56.0,,,,,,,,,,,,,,,,,,
2026-01-06 17:23:20,421260,12.0,0.08,60.0,9.0,0.0617,52.0,,,,,,,,,,,,,,,,,,
2026-01-06 17:23:50,421258,9.0,0.045,60.0,8.0,0.105,44.0,,,,,,,,,,,,,,,,,,
2026-01-06 17:23:50,421260,10.0,0.0639,60.0,7.0,0.0589,46.0,,,,,,,,,,,,,,,,,,
2026-01-06 17:24:20,421258,8.0,0.0417,60.0,7.0,0.0567,52.0,,,,,,,,,,,,,,,,,,
2026-01-06 17:24:20,421260,5.0,0.0289,71.0,5.0,0.0378,52.0,,,,,,,,,,,,,,,,,,
2026-01-06 17:24:50,421258,8.0,0.0417,52.0,10.0,0.1089,44.0,,,,,,,,,,,,,,,,,,
2026-01-06 17:24:50,421260,3.0,0.015,71.0,4.0,0.0278,56.0,,,,,,,,,,,,,,,,,,
2026-01-06 17:25:20,421258,3.0,0.0117,71.0,6.0,0.0428,52.0,,,,,,,,,,,,,,,,,,
2026-01-06 17:25:20,421260,9.0,0.0606,60.0,8.0,0.08,46.0,,,,,,,,,,,,,,,,,,
2026-01-06 17:25:50,421258,6.0,0.03,65.0,6.0,0.0417,56.0,,,,,,,,,,,,,,,,,,
2026-01-06 17:25:50,421260,20.0,0.1306,56.0,9.0,0.0678,52.0,,,,,,,,,,,,,,,,,,
2026-01-06 17:26:20,421258,5.0,0.0217,65.0,6.0,0.0428,52.0,,,,,,,,,,,,,,,,,,
2026-01-06 17:26:20,421260,7.0,0.04,65.0,9.0,0.0778,52.0,,,,,,,,,,,,,,,,,,
2026-01-06 17:26:50,421258,13.0,0.07,56.0,8.0,0.0889,46.0,,,,,,,,,,,,,,,,,,
2026-01-06 17:26:50,421260,5.0,0.0278,65.0,7.0,0.05,52.0,,,,,,,,,,,,,,,,,,
2026-01-06 17:27:20,421258,4.0,0.0267,60.0,2.0,0.0189,42.0,,,,,,,,,,,,,,,,,,
2026-01-06 17:27:20,421260,13.0,0.08,65.0,10.0,0.0706,56.0,,,,,,,,,,,,,,,,,,
2026-01-06 17:27:50,421258,8.0,0.0367,60.0,8.0,0.0667,49.0,,,,,,,,,,,,,,,,,,
2026-01-06 17:27:50,421260,16.0,0.1006,60.0,7.0,0.0517,52.0,,,,,,,,,,,,,,,,,,
2026-01-06 17:28:20,421258,11.0,0.0528,60.0,10.0,0.0839,52.0,,,,,,,,,,,,,,,,,,
2026-01-06 17:28:20,421260,1.0,0.005,71.0,2.0,0.0128,60.0,,,,,,,,,,,,,,,,,,
2026-01-06 17:28:50,421258,9.0,0.0417,60.0,5.0,0.0389,52.0,,,,,,,,,,,,,,,,,,
2026-01-06 17:28:50,421260,11.0,0.06,65.0,7.0,0.0467,56.0,,,,,,,,,,,,,,,,,,
2026-01-06 17:29:20,421258,7.0,0.035,60.0,6.0,0.0578,49.0,,,,,,,,,,,,,,,,,,
2026-01-06 17:29:20,421260,7.0,0.0367,71.0,6.0,0.0389,56.0,,,,,,,,,,,,,,,,,,
2026-01-06 17:29:50,421258,6.0,0.03,60.0,5.0,0.0356,49.0,,,,,,,,,,,,,,,,,,
2026-01-06 17:29:50,421260,4.0,0.0228,71.0,3.0,0.0189,56.0,,,,,,,,,,,,,,,,,,
2026-01-06 17:30:20,421258,10.0,0.0539,56.0,10.0,0.085,49.0,,,,,,,,,,,,,,,,,,
2026-01-06 17:30:20,421260,4.0,0.0217,65.0,5.0,0.0328,56.0,,,,,,,,,,,,,,,,,,
2026-01-06 17:30:50,421258,14.0,0.0728,56.0,6.0,0.0528,44.0,,,,,,,,,,,,,,,,,,
2026-01-06 17:30:50,421260,10.0,0.0589,65.0,9.0,0.0628,56.0,,,,,,,,,,,,,,,,,,
2026-01-06 17:31:20,421258,14.0,0.0689,52.0,2.0,0.0178,49.0,,,,,,,,,,,,,,,,,,
2026-01-06 17:31:20,421260,10.0,0.0556,65.0,6.0,0.0428,52.0,,,,,,,,,,,,,,,,,,
2026-01-06 17:31:50,421258,9.0,0.045,60.0,9.0,0.0789,46.0,,,,,,,,,,,,,,,,,,
2026-01-06 17:31:50,421260,6.0,0.0339,65.0,6.0,0.0389,56.0,,,,,,,,,,,,,,,,,,
2026-01-06 17:32:20,421258,6.0,0.0317,56.0,7.0,0.0617,44.0,,,,,,,,,,,,,,,,,,
2026-01-06 17:32:20,421260,5.0,0.0278,71.0,6.0,0.0406,60.0,,,,,,,,,,,,,,,,,,
2026-01-06 17:32:50,421258,12.0,0.0528,65.0,10.0,0.0789,52.0,,,,,,,,,,,,,,,,,,
2026-01-06 17:32:50,421260,12.0,0.07,65.0,6.0,0.0378,60.0,,,,,,,,,,,,,,,,,,
2026-01-06 17:33:20,421258,6.0,0.03,65.0,4.0,0.0306,52.0,,,,,,,,,,,,,,,,,,
2026-01-06 17:33:20,421260,12.0,0.0728,60.0,8.0,0.0706,46.0,,,,,,,,,,,,,,,,,,
2026-01-06 17:33:50,421258,8.0,0.0389,60.0,6.0,0.055,44.0,,,,,,,,,,,,,,,,,,
2026-01-06 17:33:50,421260,9.0,0.0489,71.0,6.0,0.04,60.0,,,,,,,,,,,,,,,,,,
2026-01-06 17:34:20,421258,9.0,0.0406,65.0,8.0,0.05,56.0,,,,,,,,,,,,,,,,,,
2026-01-06 17:34:20,421260,6.0,0.0339,65.0,7.0,0.0517,60.0,,,,,,,,,,,,,,,,,,
2026-01-06 17:34:50,421258,7.0,0.0289,71.0,7.0,0.0489,56.0,,,,,,,,,,,,,,,,,,
2026-01-06 17:34:50,421260,6.0,0.035,65.0,6.0,0.0339,60.0,,,,,,,,,,,,,,,,,,
2026-01-06 17:35:20,421258,9.0,0.0417,65.0,3.0,0.0217,56.0,,,,,,,,,,,,,,,,,,
2026-01-06 17:35:20,421260,8.0,0.0578,56.0,8.0,0.0528,60.0,,,,,,,,,,,,,,,,,,
2026-01-06 17:35:50,421258,9.0,0.045,56.0,4.0,0.0489,40.0,,,,,,,,,,,,,,,,,,
2026-01-06 17:35:50,421260,7.0,0.04,65.0,10.0,0.0756,52.0,,,,,,,,,,,,,,,,,,
2026-01-06 17:36:20,421258,10.0,0.0506,60.0,10.0,0.0856,46.0,,,,,,,,,,,,,,,,,,
2026-01-06 17:36:20,421260,7.0,0.0417,65.0,7.0,0.0589,52.0,,,,,,,,,,,,,,,,,,
2026-01-06 17:36:50,421258,12.0,0.0578,60.0,4.0,0.0317,49.0,,,,,,,,,,,,,,,,,,
2026-01-06 17:36:50,421260,4.0,0.0228,65.0,5.0,0.0328,52.0,,,,,,,,,,,,,,,,,,
2026-01-06 17:37:20,421258,4.0,0.0178,65.0,5.0,0.035,56.0,,,,,,,,,,,,,,,,,,
2026-01-06 17:37:20,421260,8.0,0.0478,60.0,8.0,0.0606,49.0,,,,,,,,,,,,,,,,,,
2026-01-06 17:37:50,421258,7.0,0.0339,65.0,6.0,0.0506,52.0,,,,,,,,,,,,,,,,,,
2026-01-06 17:37:50,421260,10.0,0.0578,65.0,4.0,0.03,56.0,,,,,,,,,,,,,,,,,,
2026-01-06 17:38:20,421258,10.0,0.055,56.0,9.0,0.0789,44.0,,,,,,,,,,,,,,,,,,
2026-01-06 17:38:20,421260,6.0,0.0306,65.0,7.0,0.045,56.0,,,,,,,,,,,,,,,,,,
2026-01-06 17:38:50,421258,5.0,0.0217,65.0,9.0,0.09,46.0,,,,,,,,,,,,,,,,,,
2026-01-06 17:38:50,421260,9.0,0.0539,65.0,5.0,0.0389,52.0,,,,,,,,,,,,,,,,,,
2026-01-06 17:39:20,421258,6.0,0.0256,65.0,2.0,0.015,56.0,,,,,,,,,,,,,,,,,,
2026-01-06 17:39:20,421260,9.0,0.0528,65.0,9.0,0.06,56.0,,,,,,,,,,,,,,,,,,
2026-01-06 17:39:50,421258,10.0,0.0506,60.0,7.0,0.0767,49.0,,,,,,,,,,,,,,,,,,
2026-01-06 17:39:50,421260,4.0,0.0228,65.0,8.0,0.0606,52.0,,,,,,,,,,,,,,,,,,
2026-01-06 17:40:20,421258,7.0,0.0378,52.0,5.0,0.0417,49.0,,,,,,,,,,,,,,,,,,
2026-01-06 17:40:20,421260,7.0,0.0389,71.0,7.0,0.0428,60.0,,,,,,,,,,,,,,,,,,
2026-01-06 17:40:50,421258,9.0,0.0456,60.0,3.0,0.0417,29.0,,,,,,,,,,,,,,,,,,
2026-01-06 17:40:50,421260,14.0,0.0839,65.0,7.0,0.0556,56.0,,,,,,,,,,,,,,,,,,
2026-01-06 17:41:20,421258,13.0,0.0778,52.0,6.0,0.0539,49.0,,,,,,,,,,,,,,,,,,
2026-01-06 17:41:20,421260,4.0,0.0239,65.0,5.0,0.035,56.0,,,,,,,,,,,,,,,,,,
2026-01-06 17:41:50,421258,14.0,0.065,60.0,5.0,0.0417,44.0,,,,,,,,,,,,,,,,,,
2026-01-06 17:41:50,421260,4.0,0.025,60.0,2.0,0.025,52.0,,,,,,,,,,,,,,,,,,
2026-01-06 17:42:20,421258,10.0,0.0456,65.0,10.0,0.0878,52.0,,,,,,,,,,,,,,,,,,
2026-01-06 17:42:20,421260,12.0,0.0756,60.0,10.0,0.0789,52.0,,,,,,,,,,,,,,,,,,
2026-01-06 17:42:50,421258,7.0,0.0339,65.0,6.0,0.0489,49.0,,,,,,,,,,,,,,,,,,
2026-01-06 17:42:50,421260,9.0,0.055,60.0,7.0,0.0478,56.0,,,,,,,,,,,,,,,,,,
2026-01-06 17:43:20,421258,1.0,0.005,78.0,3.0,0.0189,49.0,,,,,,,,,,,,,,,,,,
2026-01-06 17:43:20,421260,5.0,0.025,71.0,2.0,0.015,52.0,,,,,,,,,,,,,,,,,,
2026-01-06 17:43:50,421258,2.0,0.0117,60.0,4.0,0.0389,52.0,,,,,,,,,,,,,,,,,,
2026-01-06 17:43:50,421260,11.0,0.0678,65.0,6.0,0.05,52.0,,,,,,,,,,,,,,,,,,
2026-01-06 17:44:20,421258,11.0,0.0539,60.0,10.0,0.0778,52.0,,,,,,,,,,,,,,,,,,
2026-01-06 17:44:20,421260,4.0,0.02,71.0,2.0,0.015,56.0,,,,,,,,,,,,,,,,,,
2026-01-06 17:44:50,421258,12.0,0.0578,60.0,8.0,0.055,52.0,,,,,,,,,,,,,,,,,,
2026-01-06 17:44:50,421260,4.0,0.0189,78.0,4.0,0.0328,52.0,,,,,,,,,,,,,,,,,,
2026-01-06 17:45:20,421258,4.0,0.0178,65.0,4.0,0.0356,44.0,,,,,,,,,,,,,,,,,,
2026-01-06 17:45:20,421260,10.0,0.0567,65.0,5.0,0.0678,56.0,,,,,,,,,,,,,,,,,,
2026-01-06 17:45:50,421258,6.0,0.0306,56.0,5.0,0.0356,52.0,,,,,,,,,,,,,,,,,,
2026-01-06 17:45:50,421260,6.0,0.035,65.0,8.0,0.0628,52.0,,,,,,,,,,,,,,,,,,
2026-01-06 17:46:20,421258,10.0,0.0489,60.0,4.0,0.0656,42.0,,,,,,,,,,,,,,,,,,
2026-01-06 17:46:20,421260,13.0,0.0839,60.0,12.0,0.0967,49.0,,,,,,,,,,,,,,,,,,
2026-01-06 17:46:50,421258,9.0,0.0406,71.0,3.0,0.0256,49.0,,,,,,,,,,,,,,,,,,
2026-01-06 17:46:50,421260,11.0,0.0628,65.0,6.0,0.0539,52.0,,,,,,,,,,,,,,,,,,
2026-01-06 17:47:20,421258,3.0,0.0117,65.0,4.0,0.0317,52.0,,,,,,,,,,,,,,,,,,
2026-01-06 17:47:20,421260,7.0,0.0406,65.0,7.0,0.0617,56.0,,,,,,,,,,,,,,,,,,
2026-01-06 17:47:50,421258,6.0,0.0256,65.0,5.0,0.0656,52.0,,,,,,,,,,,,,,,,,,
2026-01-06 17:47:50,421260,3.0,0.0167,65.0,3.0,0.0228,52.0,,,,,,,,,,,,,,,,,,
2026-01-06 17:48:20,421258,9.0,0.0378,65.0,7.0,0.0606,49.0,,,,,,,,,,,,,,,,,,
2026-01-06 17:48:20,421260,10.0,0.0578,65.0,8.0,0.0578,56.0,,,,,,,,,,,,,,,,,,
2026-01-06 17:48:50,421258,13.0,0.0617,60.0,14.0,0.1289,46.0,,,,,,,,,,,,,,,,,,
2026-01-06 17:48:50,421260,12.0,0.0739,60.0,9.0,0.0656,52.0,,,,,,,,,,,,,,,,,,
2026-01-06 17:49:20,421258,4.0,0.0156,60.0,10.0,0.1139,46.0,,,,,,,,,,,,,,,,,,
2026-01-06 17:49:20,421260,5.0,0.0267,65.0,6.0,0.05,56.0,,,,,,,,,,,,,,,,,,
2026-01-06 17:49:50,421258,4.0,0.0178,60.0,6.0,0.0506,49.0,,,,,,,,,,,,,,,,,,
2026-01-06 17:49:50,421260,10.0,0.06,65.0,7.0,0.0489,56.0,,,,,,,,,,,,,,,,,,
2026-01-06 17:50:20,421258,11.0,0.0567,60.0,6.0,0.0439,56.0,,,,,,,,,,,,,,,,,,
2026-01-06 17:50:20,421260,16.0,0.1106,56.0,8.0,0.0689,46.0,,,,,,,,,,,,,,,,,,
2026-01-06 17:50:50,421258,11.0,0.0506,60.0,6.0,0.0478,49.0,,,,,,,,,,,,,,,,,,
2026-01-06 17:50:50,421260,8.0,0.0439,71.0,5.0,0.035,56.0,,,,,,,,,,,,,,,,,,
2026-01-06 17:51:20,421258,8.0,0.0367,60.0,7.0,0.0578,49.0,,,,,,,,,,,,,,,,,,
2026-01-06 17:51:20,421260,6.0,0.0339,60.0,4.0,0.0389,56.0,,,,,,,,,,,,,,,,,,
2026-01-06 17:51:50,421258,7.0,0.0317,65.0,8.0,0.075,46.0,,,,,,,,,,,,,,,,,,
2026-01-06 17:51:50,421260,7.0,0.0406,65.0,10.0,0.0706,56.0,,,,,,,,,,,,,,,,,,
2026-01-06 17:52:20,421258,12.0,0.0556,65.0,6.0,0.0456,56.0,,,,,,,,,,,,,,,,,,
2026-01-06 17:52:20,421260,1.0,0.0056,60.0,3.0,0.0278,49.0,,,,,,,,,,,,,,,,,,
2026-01-06 17:52:50,421258,10.0,0.0428,65.0,9.0,0.0728,49.0,,,,,,,,,,,,,,,,,,
2026-01-06 17:52:50,421260,8.0,0.0528,65.0,9.0,0.0667,52.0,,,,,,,,,,,,,,,,,,
2026-01-06 17:53:20,421258,7.0,0.0306,71.0,6.0,0.0567,49.0,,,,,,,,,,,,,,,,,,
2026-01-06 17:53:20,421260,15.0,0.0867,60.0,11.0,0.0756,56.0,,,,,,,,,,,,,,,,,,
2026-01-06 17:53:50,421258,6.0,0.0278,65.0,8.0,0.0617,49.0,,,,,,,,,,,,,,,,,,
2026-01-06 17:53:50,421260,11.0,0.0667,60.0,8.0,0.0728,52.0,,,,,,,,,,,,,,,,,,
2026-01-06 17:54:20,421258,1.0,0.0039,60.0,1.0,0.005,60.0,,,,,,,,,,,,,,,,,,
2026-01-06 17:54:20,421260,11.0,0.0639,60.0,6.0,0.0489,46.0,,,,,,,,,,,,,,,,,,
2026-01-06 17:54:50,421258,12.0,0.06,65.0,7.0,0.0656,46.0,,,,,,,,,,,,,,,,,,
2026-01-06 17:54:50,421260,5.0,0.0289,65.0,5.0,0.0306,60.0,,,,,,,,,,,,,,,,,,
2026-01-06 17:55:20,421258,17.0,0.0806,60.0,9.0,0.095,49.0,,,,,,,,,,,,,,,,,,
2026-01-06 17:55:20,421260,11.0,0.065,65.0,6.0,0.04,60.0,,,,,,,,,,,,,,,,,,
2026-01-06 17:55:50,421258,12.0,0.0567,60.0,7.0,0.0567,52.0,,,,,,,,,,,,,,,,,,
2026-01-06 17:55:50,421260,10.0,0.06,60.0,6.0,0.0478,56.0,,,,,,,,,,,,,,,,,,
2026-01-06 17:56:20,421258,6.0,0.0239,65.0,6.0,0.0417,56.0,,,,,,,,,,,,,,,,,,
2026-01-06 17:56:20,421260,5.0,0.0306,65.0,7.0,0.0567,46.0,,,,,,,,,,,,,,,,,,
2026-01-06 17:56:50,421258,7.0,0.0378,60.0,6.0,0.045,49.0,,,,,,,,,,,,,,,,,,
2026-01-06 17:56:50,421260,9.0,0.0517,71.0,5.0,0.0317,60.0,,,,,,,,,,,,,,,,,,
2026-01-06 17:57:20,421258,6.0,0.03,56.0,4.0,0.0278,52.0,,,,,,,,,,,,,,,,,,
2026-01-06 17:57:20,421260,13.0,0.0756,60.0,8.0,0.0678,56.0,,,,,,,,,,,,,,,,,,
2026-01-06 17:57:50,421258,6.0,0.0267,65.0,8.0,0.0606,52.0,,,,,,,,,,,,,,,,,,
2026-01-06 17:57:50,421260,9.0,0.0589,60.0,5.0,0.04,49.0,,,,,,,,,,,,,,,,,,
2026-01-06 17:58:20,421258,7.0,0.035,65.0,5.0,0.0589,49.0,,,,,,,,,,,,,,,,,,
2026-01-06 17:58:20,421260,11.0,0.0717,60.0,12.0,0.0917,49.0,,,,,,,,,,,,,,,,,,
2026-01-06 17:58:50,421258,7.0,0.0306,65.0,8.0,0.0889,46.0,,,,,,,,,,,,,,,,,,
2026-01-06 17:58:50,421260,7.0,0.0389,65.0,6.0,0.0428,60.0,,,,,,,,,,,,,,,,,,
2026-01-06 17:59:20,421258,16.0,0.0728,65.0,5.0,0.04,49.0,,,,,,,,,,,,,,,,,,
2026-01-06 17:59:20,421260,4.0,0.0239,65.0,6.0,0.0417,56.0,,,,,,,,,,,,,,,,,,
2026-01-06 17:59:50,421258,7.0,0.03,65.0,5.0,0.0428,52.0,,,,,,,,,,,,,,,,,,
2026-01-06 17:59:50,421260,6.0,0.0317,71.0,1.0,0.0067,60.0,,,,,,,,,,,,,,,,,,
2026-01-06 18:00:20,421258,2.0,0.0106,65.0,3.0,0.03,44.0,,,,,,,,,,,,,,,,,,
2026-01-06 18:00:20,421260,4.0,0.0206,71.0,7.0,0.0506,52.0,,,,,,,,,,,,,,,,,,
2026-01-06 18:00:50,421258,10.0,0.055,56.0,8.0,0.0889,46.0,,,,,,,,,,,,,,,,,,
2026-01-06 18:00:50,421260,5.0,0.03,60.0,5.0,0.0317,60.0,,,,,,,,,,,,,,,,,,
2026-01-06 18:01:20,421258,10.0,0.0456,65.0,5.0,0.0356,49.0,,,,,,,,,,,,,,,,,,
2026-01-06 18:01:20,421260,6.0,0.0328,71.0,2.0,0.015,56.0,,,,,,,,,,,,,,,,,,
2026-01-06 18:01:50,421258,10.0,0.0517,60.0,4.0,0.0256,56.0,,,,,,,,,,,,,,,,,,
2026-01-06 18:01:50,421260,8.0,0.0456,65.0,10.0,0.0689,56.0,,,,,,,,,,,,,,,,,,
2026-01-06 18:02:20,421258,7.0,0.0317,65.0,2.0,0.0167,56.0,,,,,,,,,,,,,,,,,,
2026-01-06 18:02:20,421260,8.0,0.0406,65.0,4.0,0.0239,56.0,,,,,,,,,,,,,,,,,,
2026-01-06 18:02:50,421258,7.0,0.0328,60.0,3.0,0.0239,49.0,,,,,,,,,,,,,,,,,,
2026-01-06 18:02:50,421260,6.0,0.0328,65.0,7.0,0.0456,60.0,,,,,,,,,,,,,,,,,,
2026-01-06 18:03:20,421258,11.0,0.05,60.0,4.0,0.0278,52.0,,,,,,,,,,,,,,,,,,
2026-01-06 18:03:20,421260,6.0,0.0356,60.0,4.0,0.0267,56.0,,,,,,,,,,,,,,,,,,
2026-01-06 18:03:50,421258,6.0,0.0256,65.0,5.0,0.0417,52.0,,,,,,,,,,,,,,,,,,
2026-01-06 18:03:50,421260,8.0,0.045,65.0,3.0,0.0217,56.0,,,,,,,,,,,,,,,,,,
2026-01-06 18:04:20,421258,9.0,0.0389,65.0,8.0,0.0578,49.0,,,,,,,,,,,,,,,,,,
2026-01-06 18:04:20,421260,11.0,0.065,60.0,6.0,0.0389,60.0,,,,,,,,,,,,,,,,,,
2026-01-06 18:04:50,421258,11.0,0.0489,65.0,5.0,0.0428,46.0,,,,,,,,,,,,,,,,,,
2026-01-06 18:04:50,421260,12.0,0.0739,60.0,5.0,0.0356,52.0,,,,,,,,,,,,,,,,,,
2026-01-06 18:05:20,421258,4.0,0.02,65.0,3.0,0.0239,49.0,,,,,,,,,,,,,,,,,,
2026-01-06 18:05:20,421260,7.0,0.0339,65.0,6.0,0.0428,52.0,,,,,,,,,,,,,,,,,,
2026-01-06 18:05:50,421258,7.0,0.0278,65.0,5.0,0.0378,56.0,,,,,,,,,,,,,,,,,,
2026-01-06 18:05:50,421260,4.0,0.025,65.0,5.0,0.0378,52.0,,,,,,,,,,,,,,,,,,
2026-01-06 18:06:20,421258,10.0,0.0489,60.0,4.0,0.0356,46.0,,,,,,,,,,,,,,,,,,
2026-01-06 18:06:20,421260,9.0,0.0506,65.0,6.0,0.0406,60.0,,,,,,,,,,,,,,,,,,
2026-01-06 18:06:50,421258,12.0,0.0528,60.0,5.0,0.0389,52.0,,,,,,,,,,,,,,,,,,
2026-01-06 18:06:50,421260,4.0,0.0206,71.0,4.0,0.0328,56.0,,,,,,,,,,,,,,,,,,
2026-01-06 18:07:20,421258,5.0,0.0256,65.0,5.0,0.0428,46.0,,,,,,,,,,,,,,,,,,
2026-01-06 18:07:20,421260,9.0,0.0617,56.0,8.0,0.0578,49.0,,,,,,,,,,,,,,,,,,
2026-01-06 18:07:50,421258,4.0,0.0178,65.0,8.0,0.0617,49.0,,,,,,,,,,,,,,,,,,
2026-01-06 18:07:50,421260,14.0,0.0806,60.0,11.0,0.0806,52.0,,,,,,,,,,,,,,,,,,
2026-01-06 18:08:20,421258,10.0,0.0467,56.0,6.0,0.0478,49.0,,,,,,,,,,,,,,,,,,
2026-01-06 18:08:20,421260,5.0,0.0306,65.0,4.0,0.0417,52.0,,,,,,,,,,,,,,,,,,
2026-01-06 18:08:50,421258,4.0,0.0156,65.0,2.0,0.015,56.0,,,,,,,,,,,,,,,,,,
2026-01-06 18:08:50,421260,4.0,0.0228,65.0,5.0,0.0367,52.0,,,,,,,,,,,,,,,,,,
2026-01-06 18:09:20,421258,6.0,0.035,60.0,6.0,0.0439,49.0,,,,,,,,,,,,,,,,,,
2026-01-06 18:09:20,421260,9.0,0.0478,71.0,6.0,0.0389,60.0,,,,,,,,,,,,,,,,,,
2026-01-06 18:09:50,421258,11.0,0.05,60.0,7.0,0.055,46.0,,,,,,,,,,,,,,,,,,
2026-01-06 18:09:50,421260,4.0,0.0217,65.0,5.0,0.0306,60.0,,,,,,,,,,,,,,,,,,
2026-01-06 18:10:20,421258,12.0,0.0578,60.0,7.0,0.0567,49.0,,,,,,,,,,,,,,,,,,
2026-01-06 18:10:20,421260,7.0,0.035,71.0,4.0,0.0267,60.0,,,,,,,,,,,,,,,,,,
2026-01-06 18:10:50,421258,6.0,0.0339,56.0,7.0,0.07,49.0,,,,,,,,,,,,,,,,,,
2026-01-06 18:10:50,421260,7.0,0.0406,65.0,6.0,0.0339,65.0,,,,,,,,,,,,,,,,,,
2026-01-06 18:11:20,421258,9.0,0.0389,60.0,5.0,0.0356,56.0,,,,,,,,,,,,,,,,,,
2026-01-06 18:11:20,421260,2.0,0.0106,65.0,4.0,0.0306,56.0,,,,,,,,,,,,,,,,,,
2026-01-06 18:11:50,421258,8.0,0.0339,65.0,3.0,0.02,56.0,,,,,,,,,,,,,,,,,,
2026-01-06 18:11:50,421260,10.0,0.06,60.0,9.0,0.06,56.0,,,,,,,,,,,,,,,,,,
2026-01-06 18:12:20,421258,5.0,0.0217,60.0,5.0,0.0389,49.0,,,,,,,,,,,,,,,,,,
2026-01-06 18:12:20,421260,7.0,0.0367,71.0,6.0,0.0556,56.0,,,,,,,,,,,,,,,,,,
2026-01-06 18:12:50,421258,7.0,0.0328,65.0,4.0,0.0278,52.0,,,,,,,,,,,,,,,,,,
2026-01-06 18:12:50,421260,5.0,0.0267,71.0,4.0,0.0278,56.0,,,,,,,,,,,,,,,,,,
2026-01-06 18:13:20,421258,3.0,0.0139,60.0,1.0,0.0067,52.0,,,,,,,,,,,,,,,,,,
2026-01-06 18:13:20,421260,7.0,0.0439,60.0,7.0,0.0539,52.0,,,,,,,,,,,,,,,,,,
2026-01-06 18:13:50,421258,15.0,0.0756,60.0,9.0,0.0706,52.0,,,,,,,,,,,,,,,,,,
2026-01-06 18:13:50,421260,9.0,0.055,65.0,4.0,0.0228,60.0,,,,,,,,,,,,,,,,,,
2026-01-06 18:14:20,421258,7.0,0.0278,65.0,4.0,0.0339,52.0,,,,,,,,,,,,,,,,,,
2026-01-06 18:14:20,421260,11.0,0.0739,56.0,3.0,0.0256,49.0,,,,,,,,,,,,,,,,,,
2026-01-06 18:14:50,421258,3.0,0.0117,65.0,5.0,0.0356,60.0,,,,,,,,,,,,,,,,,,
2026-01-06 18:14:50,421260,8.0,0.0478,65.0,5.0,0.0339,60.0,,,,,,,,,,,,,,,,,,
2026-01-06 18:15:20,421258,6.0,0.0267,65.0,6.0,0.0428,52.0,,,,,,,,,,,,,,,,,,
2026-01-06 18:15:20,421260,7.0,0.0378,65.0,8.0,0.0506,60.0,,,,,,,,,,,,,,,,,,
2026-01-06 18:15:50,421258,6.0,0.03,65.0,7.0,0.0606,52.0,,,,,,,,,,,,,,,,,,
2026-01-06 18:15:50,421260,5.0,0.0267,65.0,4.0,0.0239,60.0,,,,,,,,,,,,,,,,,,
2026-01-06 18:16:20,421258,8.0,0.0417,60.0,5.0,0.0389,49.0,,,,,,,,,,,,,,,,,,
2026-01-06 18:16:20,421260,6.0,0.0406,56.0,7.0,0.0656,49.0,,,,,,,,,,,,,,,,,,
2026-01-06 18:16:50,421258,10.0,0.05,60.0,3.0,0.0467,49.0,,,,,,,,,,,,,,,,,,
2026-01-06 18:16:50,421260,10.0,0.0606,60.0,7.0,0.0506,52.0,,,,,,,,,,,,,,,,,,
2026-01-06 18:17:20,421258,13.0,0.0639,60.0,5.0,0.04,49.0,,,,,,,,,,,,,,,,,,
2026-01-06 18:17:20,421260,3.0,0.0139,71.0,5.0,0.0356,56.0,,,,,,,,,,,,,,,,,,
2026-01-06 18:17:50,421258,4.0,0.0189,60.0,4.0,0.03,52.0,,,,,,,,,,,,,,,,,,
2026-01-06 18:17:50,421260,12.0,0.0717,60.0,6.0,0.0467,52.0,,,,,,,,,,,,,,,,,,
2026-01-06 18:18:20,421258,3.0,0.0139,56.0,3.0,0.0239,49.0,,,,,,,,,,,,,,,,,,
2026-01-06 18:18:20,421260,10.0,0.06,60.0,4.0,0.03,49.0,,,,,,,,,,,,,,,,,,
2026-01-06 18:18:50,421258,11.0,0.0556,60.0,4.0,0.0428,49.0,,,,,,,,,,,,,,,,,,
2026-01-06 18:18:50,421260,8.0,0.05,60.0,7.0,0.06,52.0,,,,,,,,,,,,,,,,,,
2026-01-06 18:19:20,421258,10.0,0.0489,60.0,7.0,0.0689,46.0,,,,,,,,,,,,,,,,,,
2026-01-06 18:19:20,421260,8.0,0.0456,65.0,7.0,0.05,52.0,,,,,,,,,,,,,,,,,,
2026-01-06 18:19:50,421258,10.0,0.0539,60.0,7.0,0.0489,49.0,,,,,,,,,,,,,,,,,,
2026-01-06 18:19:50,421260,8.0,0.0478,65.0,9.0,0.065,52.0,,,,,,,,,,,,,,,,,,
2026-01-06 18:20:20,421258,7.0,0.0328,60.0,4.0,0.0306,52.0,,,,,,,,,,,,,,,,,,
2026-01-06 18:20:20,421260,6.0,0.0339,65.0,6.0,0.04,56.0,,,,,,,,,,,,,,,,,,
2026-01-06 18:20:50,421258,4.0,0.0178,56.0,2.0,0.0189,44.0,,,,,,,,,,,,,,,,,,
2026-01-06 18:20:50,421260,6.0,0.0367,71.0,7.0,0.0417,65.0,,,,,,,,,,,,,,,,,,
2026-01-06 18:21:20,421258,9.0,0.0456,60.0,8.0,0.0789,49.0,,,,,,,,,,,,,,,,,,
2026-01-06 18:21:20,421260,4.0,0.0206,65.0,6.0,0.0417,56.0,,,,,,,,,,,,,,,,,,
2026-01-06 18:21:50,421258,10.0,0.05,60.0,10.0,0.0756,46.0,,,,,,,,,,,,,,,,,,
2026-01-06 18:21:50,421260,3.0,0.0167,65.0,6.0,0.0439,56.0,,,,,,,,,,,,,,,,,,
2026-01-06 18:22:20,421258,9.0,0.0417,60.0,12.0,0.1,49.0,,,,,,,,,,,,,,,,,,
2026-01-06 18:22:20,421260,11.0,0.0656,60.0,7.0,0.0689,49.0,,,,,,,,,,,,,,,,,,
2026-01-06 18:22:50,421258,9.0,0.0406,65.0,5.0,0.0339,56.0,,,,,,,,,,,,,,,,,,
2026-01-06 18:22:50,421260,5.0,0.0278,71.0,7.0,0.0517,56.0,,,,,,,,,,,,,,,,,,
2026-01-06 18:23:20,421258,2.0,0.0078,60.0,3.0,0.0228,52.0,,,,,,,,,,,,,,,,,,
2026-01-06 18:23:20,421260,11.0,0.0639,65.0,6.0,0.075,60.0,,,,,,,,,,,,,,,,,,
2026-01-06 18:23:50,421258,10.0,0.0417,65.0,5.0,0.0389,49.0,,,,,,,,,,,,,,,,,,
2026-01-06 18:23:50,421260,6.0,0.0339,71.0,8.0,0.0578,56.0,,,,,,,,,,,,,,,,,,
2026-01-06 18:24:20,421258,6.0,0.03,56.0,3.0,0.0256,46.0,,,,,,,,,,,,,,,,,,
2026-01-06 18:24:20,421260,5.0,0.0256,78.0,4.0,0.0239,56.0,,,,,,,,,,,,,,,,,,
2026-01-06 18:24:50,421258,8.0,0.0367,60.0,10.0,0.0928,52.0,,,,,,,,,,,,,,,,,,
2026-01-06 18:24:50,421260,3.0,0.0167,60.0,3.0,0.0206,56.0,,,,,,,,,,,,,,,,,,
2026-01-06 18:25:20,421258,11.0,0.0539,60.0,6.0,0.0606,49.0,,,,,,,,,,,,,,,,,,
2026-01-06 18:25:20,421260,1.0,0.005,78.0,2.0,0.0117,65.0,,,,,,,,,,,,,,,,,,
2026-01-06 18:25:50,421258,9.0,0.0467,60.0,5.0,0.075,36.0,,,,,,,,,,,,,,,,,,
2026-01-06 18:25:50,421260,4.0,0.0217,71.0,5.0,0.035,56.0,,,,,,,,,,,,,,,,,,
2026-01-06 18:26:20,421258,3.0,0.015,60.0,3.0,0.0189,56.0,,,,,,,,,,,,,,,,,,
2026-01-06 18:26:20,421260,3.0,0.0156,71.0,4.0,0.0228,60.0,,,,,,,,,,,,,,,,,,
2026-01-06 18:26:50,421258,3.0,0.0117,65.0,4.0,0.0439,49.0,,,,,,,,,,,,,,,,,,
2026-01-06 18:26:50,421260,7.0,0.0389,65.0,3.0,0.0189,60.0,,,,,,,,,,,,,,,,,,
2026-01-06 18:27:20,421258,3.0,0.0117,65.0,3.0,0.0228,49.0,,,,,,,,,,,,,,,,,,
2026-01-06 18:27:20,421260,3.0,0.0156,65.0,2.0,0.01,71.0,,,,,,,,,,,,,,,,,,
2026-01-06 18:27:50,421258,5.0,0.0239,60.0,2.0,0.015,56.0,,,,,,,,,,,,,,,,,,
2026-01-06 18:27:50,421260,5.0,0.0306,60.0,3.0,0.02,56.0,,,,,,,,,,,,,,,,,,
2026-01-06 18:28:20,421258,1.0,0.0039,78.0,6.0,0.0467,52.0,,,,,,,,,,,,,,,,,,
2026-01-06 18:28:20,421260,2.0,0.0106,71.0,2.0,0.015,46.0,,,,,,,,,,,,,,,,,,
2026-01-06 18:28:50,421258,7.0,0.0328,60.0,2.0,0.0139,52.0,,,,,,,,,,,,,,,,,,
2026-01-06 18:28:50,421260,9.0,0.05,65.0,6.0,0.0428,56.0,,,,,,,,,,,,,,,,,,
2026-01-06 18:29:20,421258,6.0,0.0256,60.0,3.0,0.0189,60.0,,,,,,,,,,,,,,,,,,
2026-01-06 18:29:20,421260,10.0,0.055,71.0,6.0,0.0406,56.0,,,,,,,,,,,,,,,,,,
2026-01-06 18:29:50,421258,2.0,0.0089,60.0,2.0,0.015,49.0,,,,,,,,,,,,,,,,,,
2026-01-06 18:29:50,421260,7.0,0.0406,65.0,7.0,0.05,52.0,,,,,,,,,,,,,,,,,,
2026-01-06 18:30:20,421258,0.0,0.0,0.0,0.0,0.0,0.0,,,,,,,,,,,,,,,,,,
2026-01-06 18:30:20,421260,2.0,0.0106,71.0,7.0,0.0467,56.0,,,,,,,,,,,,,,,,,,
2026-01-06 18:30:50,421258,15.0,0.0728,60.0,6.0,0.0456,52.0,,,,,,,,,,,,,,,,,,
2026-01-06 18:30:50,421260,4.0,0.0228,65.0,5.0,0.0328,60.0,,,,,,,,,,,,,,,,,,
2026-01-06 18:31:20,421258,8.0,0.0367,65.0,4.0,0.0278,56.0,,,,,,,,,,,,,,,,,,
2026-01-06 18:31:20,421260,6.0,0.0317,78.0,7.0,0.0467,56.0,,,,,,,,,,,,,,,,,,
2026-01-06 18:31:50,421258,6.0,0.0289,65.0,5.0,0.0589,52.0,,,,,,,,,,,,,,,,,,
2026-01-06 18:31:50,421260,4.0,0.0206,78.0,5.0,0.0328,60.0,,,,,,,,,,,,,,,,,,
2026-01-06 18:32:20,421258,2.0,0.0078,65.0,5.0,0.0356,52.0,,,,,,,,,,,,,,,,,,
2026-01-06 18:32:20,421260,2.0,0.0128,65.0,3.0,0.0189,56.0,,,,,,,,,,,,,,,,,,
2026-01-06 18:32:50,421258,6.0,0.0306,60.0,5.0,0.0389,49.0,,,,,,,,,,,,,,,,,,
2026-01-06 18:32:50,421260,9.0,0.0517,65.0,7.0,0.0528,49.0,,,,,,,,,,,,,,,,,,
2026-01-06 18:33:20,421258,8.0,0.0367,65.0,5.0,0.0428,46.0,,,,,,,,,,,,,,,,,,
2026-01-06 18:33:20,421260,3.0,0.0189,60.0,2.0,0.0128,60.0,,,,,,,,,,,,,,,,,,
2026-01-06 18:33:50,421258,4.0,0.0189,60.0,3.0,0.0217,56.0,,,,,,,,,,,,,,,,,,
2026-01-06 18:33:50,421260,2.0,0.01,71.0,1.0,0.005,65.0,,,,,,,,,,,,,,,,,,
2026-01-06 18:34:20,421258,4.0,0.0217,60.0,2.0,0.0178,52.0,,,,,,,,,,,,,,,,,,
2026-01-06 18:34:20,421260,5.0,0.0267,71.0,9.0,0.0689,52.0,,,,,,,,,,,,,,,,,,
2026-01-06 18:34:50,421258,6.0,0.0278,65.0,3.0,0.0228,56.0,,,,,,,,,,,,,,,,,,
2026-01-06 18:34:50,421260,5.0,0.03,65.0,4.0,0.0256,60.0,,,,,,,,,,,,,,,,,,
2026-01-06 18:35:20,421258,7.0,0.035,60.0,3.0,0.0578,33.0,,,,,,,,,,,,,,,,,,
2026-01-06 18:35:20,421260,9.0,0.0489,71.0,9.0,0.0589,60.0,,,,,,,,,,,,,,,,,,
2026-01-06 18:35:50,421258,3.0,0.0167,60.0,0.0,0.0,0.0,,,,,,,,,,,,,,,,,,
2026-01-06 18:35:50,421260,5.0,0.0256,65.0,6.0,0.0467,52.0,,,,,,,,,,,,,,,,,,
2026-01-06 18:36:20,421258,10.0,0.0439,60.0,5.0,0.0439,49.0,,,,,,,,,,,,,,,,,,
2026-01-06 18:36:20,421260,5.0,0.0278,65.0,1.0,0.0056,65.0,,,,,,,,,,,,,,,,,,
2026-01-06 18:36:50,421258,6.0,0.0267,65.0,2.0,0.0156,52.0,,,,,,,,,,,,,,,,,,
2026-01-06 18:36:50,421260,2.0,0.01,71.0,4.0,0.0256,65.0,,,,,,,,,,,,,,,,,,
2026-01-06 18:37:20,421258,11.0,0.0528,60.0,6.0,0.0439,52.0,,,,,,,,,,,,,,,,,,
2026-01-06 18:37:20,421260,2.0,0.0089,71.0,5.0,0.0439,56.0,,,,,,,,,,,,,,,,,,
2026-01-06 18:37:50,421258,4.0,0.0178,60.0,6.0,0.0456,52.0,,,,,,,,,,,,,,,,,,
2026-01-06 18:37:50,421260,3.0,0.0167,78.0,6.0,0.04,60.0,,,,,,,,,,,,,,,,,,
2026-01-06 18:38:20,421258,6.0,0.0267,60.0,5.0,0.0456,44.0,,,,,,,,,,,,,,,,,,
2026-01-06 18:38:20,421260,3.0,0.0156,71.0,2.0,0.0117,71.0,,,,,,,,,,,,,,,,,,
2026-01-06 18:38:50,421258,2.0,0.01,60.0,2.0,0.0167,52.0,,,,,,,,,,,,,,,,,,
2026-01-06 18:38:50,421260,4.0,0.0228,71.0,3.0,0.0206,65.0,,,,,,,,,,,,,,,,,,
2026-01-06 18:39:20,421258,2.0,0.0089,60.0,3.0,0.0506,44.0,,,,,,,,,,,,,,,,,,
2026-01-06 18:39:20,421260,5.0,0.0289,71.0,5.0,0.0328,56.0,,,,,,,,,,,,,,,,,,
2026-01-06 18:39:50,421258,3.0,0.0156,65.0,6.0,0.0489,49.0,,,,,,,,,,,,,,,,,,
2026-01-06 18:39:50,421260,4.0,0.0228,65.0,7.0,0.0539,60.0,,,,,,,,,,,,,,,,,,
2026-01-06 18:40:20,421258,6.0,0.0278,65.0,2.0,0.0156,52.0,,,,,,,,,,,,,,,,,,
2026-01-06 18:40:20,421260,4.0,0.0206,71.0,4.0,0.0256,65.0,,,,,,,,,,,,,,,,,,
2026-01-06 18:40:50,421258,4.0,0.02,71.0,5.0,0.035,65.0,,,,,,,,,,,,,,,,,,
2026-01-06 18:40:50,421260,7.0,0.045,60.0,7.0,0.0506,52.0,,,,,,,,,,,,,,,,,,
2026-01-06 18:41:20,421258,4.0,0.0156,65.0,3.0,0.0228,52.0,,,,,,,,,,,,,,,,,,
2026-01-06 18:41:20,421260,5.0,0.0278,60.0,7.0,0.0517,56.0,,,,,,,,,,,,,,,,,,
2026-01-06 18:41:50,421258,3.0,0.0139,60.0,3.0,0.0256,49.0,,,,,,,,,,,,,,,,,,
2026-01-06 18:41:50,421260,3.0,0.0156,71.0,2.0,0.0139,56.0,,,,,,,,,,,,,,,,,,
2026-01-06 18:42:20,421258,7.0,0.035,65.0,3.0,0.035,49.0,,,,,,,,,,,,,,,,,,
2026-01-06 18:42:20,421260,1.0,0.0056,71.0,3.0,0.0189,65.0,,,,,,,,,,,,,,,,,,
2026-01-06 18:42:50,421258,4.0,0.0128,65.0,1.0,0.0078,52.0,,,,,,,,,,,,,,,,,,
2026-01-06 18:42:50,421260,6.0,0.0356,65.0,6.0,0.045,56.0,,,,,,,,,,,,,,,,,,
2026-01-06 18:43:20,421258,12.0,0.0539,60.0,10.0,0.0806,52.0,,,,,,,,,,,,,,,,,,
2026-01-06 18:43:20,421260,4.0,0.0217,71.0,3.0,0.0178,60.0,,,,,,,,,,,,,,,,,,
2026-01-06 18:43:50,421258,1.0,0.005,60.0,3.0,0.0239,49.0,,,,,,,,,,,,,,,,,,
2026-01-06 18:43:50,421260,8.0,0.0456,65.0,8.0,0.055,60.0,,,,,,,,,,,,,,,,,,
2026-01-06 18:44:20,421258,3.0,0.0117,71.0,3.0,0.0217,56.0,,,,,,,,,,,,,,,,,,
2026-01-06 18:44:20,421260,2.0,0.01,78.0,2.0,0.0128,60.0,,,,,,,,,,,,,,,,,,
2026-01-06 18:44:50,421258,7.0,0.0339,65.0,7.0,0.0506,56.0,,,,,,,,,,,,,,,,,,
2026-01-06 18:44:50,421260,5.0,0.0256,71.0,3.0,0.0189,60.0,,,,,,,,,,,,,,,,,,
2026-01-06 18:45:20,421258,1.0,0.005,52.0,1.0,0.0078,52.0,,,,,,,,,,,,,,,,,,
2026-01-06 18:45:20,421260,6.0,0.0328,71.0,2.0,0.015,56.0,,,,,,,,,,,,,,,,,,
2026-01-06 18:45:50,421258,6.0,0.0278,60.0,9.0,0.0767,49.0,,,,,,,,,,,,,,,,,,
2026-01-06 18:45:50,421260,6.0,0.0289,71.0,7.0,0.05,60.0,,,,,,,,,,,,,,,,,,
2026-01-06 18:46:20,421258,2.0,0.0139,60.0,4.0,0.035,49.0,,,,,,,,,,,,,,,,,,
2026-01-06 18:46:20,421260,2.0,0.01,78.0,5.0,0.0267,60.0,,,,,,,,,,,,,,,,,,
2026-01-06 18:46:50,421258,5.0,0.0189,65.0,4.0,0.0239,60.0,,,,,,,,,,,,,,,,,,
2026-01-06 18:46:50,421260,4.0,0.02,71.0,4.0,0.0239,65.0,,,,,,,,,,,,,,,,,,
2026-01-06 18:47:20,421258,6.0,0.0289,65.0,5.0,0.035,56.0,,,,,,,,,,,,,,,,,,
2026-01-06 18:47:20,421260,6.0,0.0306,71.0,6.0,0.04,56.0,,,,,,,,,,,,,,,,,,
2026-01-06 18:47:50,421258,4.0,0.0128,65.0,7.0,0.0489,56.0,,,,,,,,,,,,,,,,,,
2026-01-06 18:47:50,421260,7.0,0.0378,65.0,6.0,0.045,52.0,,,,,,,,,,,,,,,,,,
2026-01-06 18:48:20,421258,5.0,0.0217,65.0,4.0,0.0278,52.0,,,,,,,,,,,,,,,,,,
2026-01-06 18:48:20,421260,6.0,0.0306,71.0,8.0,0.0528,60.0,,,,,,,,,,,,,,,,,,
2026-01-06 18:48:50,421258,4.0,0.0189,71.0,5.0,0.0306,56.0,,,,,,,,,,,,,,,,,,
2026-01-06 18:48:50,421260,0.0,0.0,0.0,1.0,0.0056,65.0,,,,,,,,,,,,,,,,,,
2026-01-06 18:49:20,421258,4.0,0.0189,65.0,3.0,0.0306,42.0,,,,,,,,,,,,,,,,,,
2026-01-06 18:49:20,421260,4.0,0.0217,71.0,5.0,0.0328,56.0,,,,,,,,,,,,,,,,,,
2026-01-06 18:49:50,421258,6.0,0.0328,60.0,3.0,0.0306,40.0,,,,,,,,,,,,,,,,,,
2026-01-06 18:49:50,421260,2.0,0.01,78.0,1.0,0.0067,56.0,,,,,,,,,,,,,,,,,,
2026-01-06 18:50:20,421258,6.0,0.0267,60.0,11.0,0.1,46.0,,,,,,,,,,,,,,,,,,
2026-01-06 18:50:20,421260,3.0,0.0189,65.0,3.0,0.0256,49.0,,,,,,,,,,,,,,,,,,
2026-01-06 18:50:50,421258,3.0,0.0139,65.0,1.0,0.0078,44.0,,,,,,,,,,,,,,,,,,
2026-01-06 18:50:50,421260,6.0,0.0356,65.0,6.0,0.0389,60.0,,,,,,,,,,,,,,,,,,
2026-01-06 18:51:20,421258,5.0,0.02,71.0,3.0,0.0239,52.0,,,,,,,,,,,,,,,,,,
2026-01-06 18:51:20,421260,7.0,0.035,78.0,4.0,0.025,65.0,,,,,,,,,,,,,,,,,,
2026-01-06 18:51:50,421258,2.0,0.0089,60.0,1.0,0.0067,60.0,,,,,,,,,,,,,,,,,,
2026-01-06 18:51:50,421260,5.0,0.0278,71.0,5.0,0.0339,56.0,,,,,,,,,,,,,,,,,,
2026-01-06 18:52:20,421258,3.0,0.0117,65.0,2.0,0.0356,49.0,,,,,,,,,,,,,,,,,,
2026-01-06 18:52:20,421260,10.0,0.0589,65.0,7.0,0.0478,56.0,,,,,,,,,,,,,,,,,,
2026-01-06 18:52:50,421258,9.0,0.045,60.0,6.0,0.0417,56.0,,,,,,,,,,,,,,,,,,
2026-01-06 18:52:50,421260,6.0,0.0306,71.0,4.0,0.035,65.0,,,,,,,,,,,,,,,,,,
2026-01-06 18:53:20,421258,5.0,0.0217,65.0,5.0,0.0417,46.0,,,,,,,,,,,,,,,,,,
2026-01-06 18:53:20,421260,4.0,0.0206,78.0,2.0,0.015,56.0,,,,,,,,,,,,,,,,,,
2026-01-06 18:53:50,421258,5.0,0.0206,65.0,6.0,0.05,49.0,,,,,,,,,,,,,,,,,,
2026-01-06 18:53:50,421260,5.0,0.0278,71.0,7.0,0.0478,56.0,,,,,,,,,,,,,,,,,,
2026-01-06 18:54:20,421258,8.0,0.0328,65.0,6.0,0.0428,56.0,,,,,,,,,,,,,,,,,,
2026-01-06 18:54:20,421260,5.0,0.0267,78.0,5.0,0.0289,65.0,,,,,,,,,,,,,,,,,,
2026-01-06 18:54:50,421258,7.0,0.0317,65.0,7.0,0.065,49.0,,,,,,,,,,,,,,,,,,
2026-01-06 18:54:50,421260,8.0,0.0417,71.0,4.0,0.0289,56.0,,,,,,,,,,,,,,,,,,
2026-01-06 18:55:20,421258,2.0,0.0078,65.0,3.0,0.0239,49.0,,,,,,,,,,,,,,,,,,
2026-01-06 18:55:20,421260,8.0,0.0417,71.0,7.0,0.05,52.0,,,,,,,,,,,,,,,,,,
2026-01-06 18:55:50,421258,5.0,0.0217,65.0,5.0,0.0417,49.0,,,,,,,,,,,,,,,,,,
2026-01-06 18:55:50,421260,7.0,0.04,65.0,6.0,0.04,60.0,,,,,,,,,,,,,,,,,,
2026-01-06 18:56:20,421258,10.0,0.045,65.0,5.0,0.035,60.0,,,,,,,,,,,,,,,,,,
2026-01-06 18:56:20,421260,2.0,0.0139,60.0,2.0,0.0106,71.0,,,,,,,,,,,,,,,,,,
2026-01-06 18:56:50,421258,4.0,0.0156,71.0,4.0,0.0267,60.0,,,,,,,,,,,,,,,,,,
2026-01-06 18:56:50,421260,3.0,0.0156,78.0,6.0,0.0428,56.0,,,,,,,,,,,,,,,,,,
2026-01-06 18:57:20,421258,2.0,0.0089,65.0,6.0,0.0467,52.0,,,,,,,,,,,,,,,,,,
2026-01-06 18:57:20,421260,5.0,0.0256,65.0,6.0,0.0489,52.0,,,,,,,,,,,,,,,,,,
2026-01-06 18:57:50,421258,7.0,0.0339,60.0,4.0,0.035,46.0,,,,,,,,,,,,,,,,,,
2026-01-06 18:57:50,421260,5.0,0.0267,65.0,4.0,0.0267,60.0,,,,,,,,,,,,,,,,,,
2026-01-06 18:58:20,421258,6.0,0.0267,65.0,9.0,0.065,52.0,,,,,,,,,,,,,,,,,,
2026-01-06 18:58:20,421260,7.0,0.0356,65.0,5.0,0.0389,52.0,,,,,,,,,,,,,,,,,,
2026-01-06 18:58:50,421258,1.0,0.0039,78.0,1.0,0.0067,52.0,,,,,,,,,,,,,,,,,,
2026-01-06 18:58:50,421260,12.0,0.0717,65.0,8.0,0.06,52.0,,,,,,,,,,,,,,,,,,
2026-01-06 18:59:20,421258,3.0,0.0156,56.0,4.0,0.035,49.0,,,,,,,,,,,,,,,,,,
2026-01-06 18:59:20,421260,1.0,0.005,65.0,7.0,0.0556,52.0,,,,,,,,,,,,,,,,,,
2026-01-06 18:59:50,421258,4.0,0.0156,60.0,6.0,0.0689,46.0,,,,,,,,,,,,,,,,,,
2026-01-06 18:59:50,421260,6.0,0.045,71.0,4.0,0.0317,56.0,,,,,,,,,,,,,,,,,,
2026-01-06 19:00:20,421258,7.0,0.0339,60.0,5.0,0.0428,52.0,,,,,,,,,,,,,,,,,,
2026-01-06 19:00:20,421260,2.0,0.01,71.0,5.0,0.0339,65.0,,,,,,,,,,,,,,,,,,
2026-01-06 19:00:50,421258,6.0,0.0267,65.0,5.0,0.04,46.0,,,,,,,,,,,,,,,,,,
2026-01-06 19:00:50,421260,3.0,0.0178,60.0,3.0,0.0167,65.0,,,,,,,,,,,,,,,,,,
2026-01-06 19:01:20,421258,4.0,0.0217,60.0,5.0,0.075,42.0,,,,,,,,,,,,,,,,,,
2026-01-06 19:01:20,421260,3.0,0.0156,65.0,4.0,0.0339,56.0,,,,,,,,,,,,,,,,,,
2026-01-06 19:01:50,421258,8.0,0.0506,46.0,2.0,0.0378,32.0,,,,,,,,,,,,,,,,,,
2026-01-06 19:01:50,421260,11.0,0.065,65.0,5.0,0.04,56.0,,,,,,,,,,,,,,,,,,
2026-01-06 19:02:20,421258,3.0,0.0389,44.0,4.0,0.07,36.0,,,,,,,,,,,,,,,,,,
2026-01-06 19:02:20,421260,3.0,0.0156,71.0,8.0,0.0517,60.0,,,,,,,,,,,,,,,,,,
2026-01-06 19:02:50,421258,6.0,0.0506,40.0,5.0,0.0556,36.0,,,,,,,,,,,,,,,,,,
2026-01-06 19:02:50,421260,4.0,0.0217,65.0,5.0,0.035,56.0,,,,,,,,,,,,,,,,,,
2026-01-06 19:03:20,421258,9.0,0.0817,36.0,1.0,0.0789,7.0,,,,,,,,,,,,,,,,,,
2026-01-06 19:03:20,421260,2.0,0.0106,71.0,3.0,0.02,56.0,,,,,,,,,,,,,,,,,,
2026-01-06 19:03:50,421258,13.0,0.1128,42.0,0.0,0.0,0.0,,,,,,,,,,,,,,,,,,
2026-01-06 19:03:50,421260,9.0,0.0539,65.0,10.0,0.0678,56.0,,,,,,,,,,,,,,,,,,
2026-01-06 19:04:20,421258,12.0,0.0928,40.0,0.0,0.0,0.0,,,,,,,,,,,,,,,,,,
2026-01-06 19:04:20,421260,6.0,0.0256,65.0,2.0,0.0306,60.0,,,,,,,,,,,,,,,,,,
2026-01-06 19:04:50,421258,11.0,0.0878,40.0,1.0,0.0278,15.0,,,,,,,,,,,,,,,,,,
2026-01-06 19:04:50,421260,7.0,0.0389,71.0,6.0,0.0417,65.0,,,,,,,,,,,,,,,,,,
2026-01-06 19:05:20,421258,10.0,0.0689,44.0,0.0,0.0,0.0,,,,,,,,,,,,,,,,,,
2026-01-06 19:05:20,421260,9.0,0.0506,65.0,5.0,0.0278,60.0,,,,,,,,,,,,,,,,,,
2026-01-06 19:05:50,421258,17.0,0.1028,52.0,0.0,0.0,0.0,,,,,,,,,,,,,,,,,,
2026-01-06 19:05:50,421260,9.0,0.0517,65.0,4.0,0.0256,60.0,,,,,,,,,,,,,,,,,,
2026-01-06 19:06:20,421258,11.0,0.0839,46.0,0.0,0.0,0.0,,,,,,,,,,,,,,,,,,
2026-01-06 19:06:20,421260,1.0,0.005,78.0,4.0,0.0378,49.0,,,,,,,,,,,,,,,,,,
2026-01-06 19:06:50,421258,10.0,0.0817,44.0,0.0,0.0,0.0,,,,,,,,,,,,,,,,,,
2026-01-06 19:06:50,421260,7.0,0.0378,71.0,3.0,0.0306,52.0,,,,,,,,,,,,,,,,,,
2026-01-06 19:07:20,421258,17.0,0.1239,44.0,0.0,0.0,0.0,,,,,,,,,,,,,,,,,,
2026-01-06 19:07:20,421260,6.0,0.035,65.0,5.0,0.0356,56.0,,,,,,,,,,,,,,,,,,
2026-01-06 19:07:50,421258,8.0,0.11,23.0,0.0,0.0,0.0,,,,,,,,,,,,,,,,,,
2026-01-06 19:07:50,421260,8.0,0.0467,60.0,7.0,0.0478,52.0,,,,,,,,,,,,,,,,,,
2026-01-06 19:08:20,421258,6.0,0.13,15.0,0.0,0.0,0.0,,,,,,,,,,,,,,,,,,
2026-01-06 19:08:20,421260,10.0,0.0567,65.0,3.0,0.025,60.0,,,,,,,,,,,,,,,,,,
2026-01-06 19:08:50,421258,10.0,0.1178,29.0,0.0,0.0,0.0,,,,,,,,,,,,,,,,,,
2026-01-06 19:08:50,421260,4.0,0.0239,65.0,4.0,0.025,65.0,,,,,,,,,,,,,,,,,,
2026-01-06 19:09:20,421258,11.0,0.0856,40.0,0.0,0.0,0.0,,,,,,,,,,,,,,,,,,
2026-01-06 19:09:20,421260,1.0,0.0056,65.0,4.0,0.025,60.0,,,,,,,,,,,,,,,,,,
2026-01-06 19:09:50,421258,11.0,0.0717,49.0,0.0,0.0,0.0,,,,,,,,,,,,,,,,,,
2026-01-06 19:09:50,421260,0.0,0.0,0.0,0.0,0.0,0.0,,,,,,,,,,,,,,,,,,
2026-01-06 19:10:20,421258,17.0,0.1417,40.0,0.0,0.0,0.0,,,,,,,,,,,,,,,,,,
2026-01-06 19:10:20,421260,0.0,0.0,0.0,0.0,0.0,0.0,,,,,,,,,,,,,,,,,,
2026-01-06 19:10:50,421258,7.0,0.0667,38.0,0.0,0.0,0.0,,,,,,,,,,,,,,,,,,
2026-01-06 19:10:50,421260,0.0,0.0,0.0,1.0,0.0067,60.0,,,,,,,,,,,,,,,,,,
2026-01-06 19:11:20,421258,5.0,0.0278,52.0,0.0,0.0,0.0,,,,,,,,,,,,,,,,,,
2026-01-06 19:11:20,421260,6.0,0.0339,56.0,4.0,0.0306,56.0,,,,,,,,,,,,,,,,,,
2026-01-06 19:11:50,421258,0.0,0.0,0.0,0.0,0.0,0.0,,,,,,,,,,,,,,,,,,
2026-01-06 19:11:50,421260,13.0,0.095,52.0,12.0,0.1117,44.0,,,,,,,,,,,,,,,,,,
2026-01-06 19:12:20,421258,0.0,0.0,0.0,0.0,0.0,0.0,,,,,,,,,,,,,,,,,,
2026-01-06 19:12:20,421260,11.0,0.0728,52.0,9.0,0.07,52.0,,,,,,,,,,,,,,,,,,
2026-01-06 19:12:50,421258,0.0,0.0,0.0,0.0,0.0,0.0,,,,,,,,,,,,,,,,,,
2026-01-06 19:12:50,421260,9.0,0.06,56.0,7.0,0.0578,46.0,,,,,,,,,,,,,,,,,,
2026-01-06 19:13:20,421258,6.0,0.03,56.0,0.0,0.0,0.0,,,,,,,,,,,,,,,,,,
2026-01-06 19:13:20,421260,7.0,0.0406,65.0,8.0,0.0628,52.0,,,,,,,,,,,,,,,,,,
2026-01-06 19:13:50,421258,10.0,0.0589,52.0,0.0,0.0,0.0,,,,,,,,,,,,,,,,,,
2026-01-06 19:13:50,421260,7.0,0.0406,65.0,7.0,0.045,60.0,,,,,,,,,,,,,,,,,,
2026-01-06 19:14:20,421258,14.0,0.0856,49.0,0.0,0.0,0.0,,,,,,,,,,,,,,,,,,
2026-01-06 19:14:20,421260,7.0,0.04,65.0,5.0,0.0328,60.0,,,,,,,,,,,,,,,,,,
2026-01-06 19:14:50,421258,11.0,0.0978,38.0,0.0,0.0,0.0,,,,,,,,,,,,,,,,,,
2026-01-06 19:14:50,421260,6.0,0.0306,65.0,2.0,0.0228,56.0,,,,,,,,,,,,,,,,,,
2026-01-06 19:15:20,421258,15.0,0.155,30.0,0.0,0.0,0.0,,,,,,,,,,,,,,,,,,
2026-01-06 19:15:20,421260,7.0,0.0428,60.0,8.0,0.055,56.0,,,,,,,,,,,,,,,,,,
2026-01-06 19:15:50,421258,9.0,0.1206,26.0,0.0,0.0,0.0,,,,,,,,,,,,,,,,,,
2026-01-06 19:15:50,421260,5.0,0.0267,65.0,7.0,0.0478,56.0,,,,,,,,,,,,,,,,,,
2026-01-06 19:16:20,421258,14.0,0.215,23.0,1.0,0.0928,5.0,,,,,,,,,,,,,,,,,,
2026-01-06 19:16:20,421260,3.0,0.0156,71.0,5.0,0.04,49.0,,,,,,,,,,,,,,,,,,
2026-01-06 19:16:50,421258,11.0,0.1289,27.0,0.0,0.0,0.0,,,,,,,,,,,,,,,,,,
2026-01-06 19:16:50,421260,4.0,0.0206,71.0,4.0,0.0278,65.0,,,,,,,,,,,,,,,,,,
2026-01-06 19:17:20,421258,10.0,0.0956,33.0,0.0,0.0,0.0,,,,,,,,,,,,,,,,,,
2026-01-06 19:17:20,421260,6.0,0.0317,65.0,7.0,0.05,56.0,,,,,,,,,,,,,,,,,,
2026-01-06 19:17:50,421258,11.0,0.1039,34.0,0.0,0.0,0.0,,,,,,,,,,,,,,,,,,
2026-01-06 19:17:50,421260,4.0,0.0206,65.0,4.0,0.0306,56.0,,,,,,,,,,,,,,,,,,
2026-01-06 19:18:20,421258,9.0,0.0839,33.0,0.0,0.0,0.0,,,,,,,,,,,,,,,,,,
2026-01-06 19:18:20,421260,3.0,0.0167,60.0,3.0,0.0217,52.0,,,,,,,,,,,,,,,,,,
2026-01-06 19:18:50,421258,9.0,0.0889,33.0,0.0,0.0,0.0,,,,,,,,,,,,,,,,,,
2026-01-06 19:18:50,421260,5.0,0.0289,65.0,3.0,0.02,60.0,,,,,,,,,,,,,,,,,,
2026-01-06 19:19:20,421258,11.0,0.1117,33.0,0.0,0.0,0.0,,,,,,,,,,,,,,,,,,
2026-01-06 19:19:20,421260,5.0,0.0267,71.0,2.0,0.0139,56.0,,,,,,,,,,,,,,,,,,
2026-01-06 19:19:50,421258,11.0,0.0989,36.0,0.0,0.0,0.0,,,,,,,,,,,,,,,,,,
2026-01-06 19:19:50,421260,5.0,0.0256,71.0,3.0,0.0328,52.0,,,,,,,,,,,,,,,,,,
2026-01-06 19:20:20,421258,11.0,0.1017,33.0,0.0,0.0,0.0,,,,,,,,,,,,,,,,,,
2026-01-06 19:20:20,421260,0.0,0.0,0.0,2.0,0.0139,60.0,,,,,,,,,,,,,,,,,,
2026-01-06 19:20:50,421258,10.0,0.0856,36.0,0.0,0.0,0.0,,,,,,,,,,,,,,,,,,
2026-01-06 19:20:50,421260,3.0,0.0178,65.0,7.0,0.055,49.0,,,,,,,,,,,,,,,,,,
2026-01-06 19:21:20,421258,11.0,0.1117,30.0,0.0,0.0,0.0,,,,,,,,,,,,,,,,,,
2026-01-06 19:21:20,421260,7.0,0.0428,56.0,7.0,0.0539,49.0,,,,,,,,,,,,,,,,,,
2026-01-06 19:21:50,421258,12.0,0.125,32.0,0.0,0.0,0.0,,,,,,,,,,,,,,,,,,
2026-01-06 19:21:50,421260,4.0,0.02,71.0,3.0,0.0256,52.0,,,,,,,,,,,,,,,,,,
2026-01-06 19:22:20,421258,10.0,0.1017,32.0,0.0,0.0,0.0,,,,,,,,,,,,,,,,,,
2026-01-06 19:22:20,421260,2.0,0.0117,65.0,5.0,0.035,56.0,,,,,,,,,,,,,,,,,,
2026-01-06 19:22:50,421258,10.0,0.1078,30.0,0.0,0.0,0.0,,,,,,,,,,,,,,,,,,
2026-01-06 19:22:50,421260,12.0,0.0778,60.0,11.0,0.0917,46.0,,,,,,,,,,,,,,,,,,
2026-01-06 19:23:20,421258,7.0,0.075,32.0,0.0,0.0,0.0,,,,,,,,,,,,,,,,,,
2026-01-06 19:23:20,421260,1.0,0.005,71.0,2.0,0.0128,60.0,,,,,,,,,,,,,,,,,,
2026-01-06 19:23:50,421258,12.0,0.1267,32.0,0.0,0.0,0.0,,,,,,,,,,,,,,,,,,
2026-01-06 19:23:50,421260,6.0,0.0367,60.0,4.0,0.0389,49.0,,,,,,,,,,,,,,,,,,
2026-01-06 19:24:20,421258,9.0,0.0967,29.0,0.0,0.0,0.0,,,,,,,,,,,,,,,,,,
2026-01-06 19:24:20,421260,4.0,0.0217,65.0,4.0,0.0256,60.0,,,,,,,,,,,,,,,,,,
2026-01-06 19:24:50,421258,6.0,0.0739,28.0,0.0,0.0,0.0,,,,,,,,,,,,,,,,,,
2026-01-06 19:24:50,421260,7.0,0.04,65.0,7.0,0.0467,56.0,,,,,,,,,,,,,,,,,,
2026-01-06 19:25:20,421258,12.0,0.125,32.0,0.0,0.0,0.0,,,,,,,,,,,,,,,,,,
2026-01-06 19:25:20,421260,6.0,0.0339,65.0,8.0,0.0589,56.0,,,,,,,,,,,,,,,,,,
2026-01-06 19:25:50,421258,10.0,0.1006,34.0,0.0,0.0,0.0,,,,,,,,,,,,,,,,,,
2026-01-06 19:25:50,421260,3.0,0.0156,65.0,4.0,0.0306,52.0,,,,,,,,,,,,,,,,,,
2026-01-06 19:26:20,421258,9.0,0.115,29.0,0.0,0.0,0.0,,,,,,,,,,,,,,,,,,
2026-01-06 19:26:20,421260,8.0,0.0439,65.0,5.0,0.0389,60.0,,,,,,,,,,,,,,,,,,
2026-01-06 19:26:50,421258,10.0,0.0856,33.0,0.0,0.0,0.0,,,,,,,,,,,,,,,,,,
2026-01-06 19:26:50,421260,4.0,0.0189,71.0,5.0,0.0278,65.0,,,,,,,,,,,,,,,,,,
2026-01-06 19:27:20,421258,7.0,0.0878,25.0,0.0,0.0,0.0,,,,,,,,,,,,,,,,,,
2026-01-06 19:27:20,421260,3.0,0.0156,71.0,5.0,0.03,60.0,,,,,,,,,,,,,,,,,,
2026-01-06 19:27:50,421258,12.0,0.1228,32.0,0.0,0.0,0.0,,,,,,,,,,,,,,,,,,
2026-01-06 19:27:50,421260,2.0,0.0117,78.0,0.0,0.0,0.0,,,,,,,,,,,,,,,,,,
2026-01-06 19:28:20,421258,10.0,0.0928,34.0,0.0,0.0,0.0,,,,,,,,,,,,,,,,,,
2026-01-06 19:28:20,421260,3.0,0.0189,65.0,6.0,0.045,52.0,,,,,,,,,,,,,,,,,,
2026-01-06 19:28:50,421258,10.0,0.1028,32.0,0.0,0.0,0.0,,,,,,,,,,,,,,,,,,
2026-01-06 19:28:50,421260,5.0,0.025,71.0,5.0,0.0456,56.0,,,,,,,,,,,,,,,,,,
2026-01-06 19:29:20,421258,12.0,0.1167,33.0,0.0,0.0,0.0,,,,,,,,,,,,,,,,,,
2026-01-06 19:29:20,421260,3.0,0.02,71.0,7.0,0.0506,56.0,,,,,,,,,,,,,,,,,,
2026-01-06 19:29:50,421258,9.0,0.0767,34.0,0.0,0.0,0.0,,,,,,,,,,,,,,,,,,
2026-01-06 19:29:50,421260,5.0,0.025,65.0,6.0,0.0456,56.0,,,,,,,,,,,,,,,,,,
2026-01-06 19:30:20,421258,10.0,0.1089,30.0,0.0,0.0,0.0,,,,,,,,,,,,,,,,,,
2026-01-06 19:30:20,421260,9.0,0.0478,71.0,9.0,0.0617,56.0,,,,,,,,,,,,,,,,,,
2026-01-06 19:30:50,421258,12.0,0.1167,34.0,0.0,0.0,0.0,,,,,,,,,,,,,,,,,,
2026-01-06 19:30:50,421260,3.0,0.0167,65.0,4.0,0.0267,56.0,,,,,,,,,,,,,,,,,,
2026-01-06 19:31:20,421258,8.0,0.09,32.0,0.0,0.0,0.0,,,,,,,,,,,,,,,,,,
2026-01-06 19:31:20,421260,6.0,0.0328,71.0,3.0,0.0178,65.0,,,,,,,,,,,,,,,,,,
2026-01-06 19:31:50,421258,11.0,0.1167,28.0,0.0,0.0,0.0,,,,,,,,,,,,,,,,,,
2026-01-06 19:31:50,421260,5.0,0.0306,65.0,4.0,0.0289,56.0,,,,,,,,,,,,,,,,,,
2026-01-06 19:32:20,421258,11.0,0.1128,33.0,0.0,0.0,0.0,,,,,,,,,,,,,,,,,,
2026-01-06 19:32:20,421260,3.0,0.0156,65.0,3.0,0.0228,52.0,,,,,,,,,,,,,,,,,,
2026-01-06 19:32:50,421258,10.0,0.09,34.0,0.0,0.0,0.0,,,,,,,,,,,,,,,,,,
2026-01-06 19:32:50,421260,2.0,0.0106,71.0,4.0,0.0289,56.0,,,,,,,,,,,,,,,,,,
2026-01-06 19:33:20,421258,9.0,0.0956,34.0,0.0,0.0,0.0,,,,,,,,,,,,,,,,,,
2026-01-06 19:33:20,421260,3.0,0.0178,65.0,5.0,0.0317,60.0,,,,,,,,,,,,,,,,,,
2026-01-06 19:33:50,421258,10.0,0.0978,32.0,0.0,0.0,0.0,,,,,,,,,,,,,,,,,,
2026-01-06 19:33:50,421260,8.0,0.0478,65.0,6.0,0.0428,56.0,,,,,,,,,,,,,,,,,,
2026-01-06 19:34:20,421258,10.0,0.11,30.0,0.0,0.0,0.0,,,,,,,,,,,,,,,,,,
2026-01-06 19:34:20,421260,5.0,0.0267,65.0,6.0,0.0428,56.0,,,,,,,,,,,,,,,,,,
2026-01-06 19:34:50,421258,10.0,0.0978,34.0,0.0,0.0,0.0,,,,,,,,,,,,,,,,,,
2026-01-06 19:34:50,421260,7.0,0.0356,78.0,4.0,0.0267,56.0,,,,,,,,,,,,,,,,,,
2026-01-06 19:35:20,421258,12.0,0.1056,36.0,0.0,0.0,0.0,,,,,,,,,,,,,,,,,,
2026-01-06 19:35:20,421260,5.0,0.035,52.0,3.0,0.0206,52.0,,,,,,,,,,,,,,,,,,
2026-01-06 19:35:50,421258,12.0,0.0967,38.0,0.0,0.0,0.0,,,,,,,,,,,,,,,,,,
2026-01-06 19:35:50,421260,5.0,0.0317,71.0,3.0,0.0328,52.0,,,,,,,,,,,,,,,,,,
2026-01-06 19:36:20,421258,11.0,0.0928,36.0,0.0,0.0,0.0,,,,,,,,,,,,,,,,,,
2026-01-06 19:36:20,421260,7.0,0.0389,65.0,7.0,0.0489,52.0,,,,,,,,,,,,,,,,,,
2026-01-06 19:36:50,421258,13.0,0.1078,40.0,0.0,0.0,0.0,,,,,,,,,,,,,,,,,,
2026-01-06 19:36:50,421260,9.0,0.0506,65.0,8.0,0.0578,56.0,,,,,,,,,,,,,,,,,,
2026-01-06 19:37:20,421258,10.0,0.0689,44.0,0.0,0.0,0.0,,,,,,,,,,,,,,,,,,
2026-01-06 19:37:20,421260,5.0,0.0267,71.0,2.0,0.0239,60.0,,,,,,,,,,,,,,,,,,
2026-01-06 19:37:50,421258,7.0,0.065,40.0,0.0,0.0,0.0,,,,,,,,,,,,,,,,,,
2026-01-06 19:37:50,421260,7.0,0.0367,71.0,5.0,0.0328,60.0,,,,,,,,,,,,,,,,,,
2026-01-06 19:38:20,421258,4.0,0.0439,42.0,0.0,0.0,0.0,,,,,,,,,,,,,,,,,,
2026-01-06 19:38:20,421260,3.0,0.0167,65.0,4.0,0.035,49.0,,,,,,,,,,,,,,,,,,
2026-01-06 19:38:50,421258,15.0,0.12,40.0,0.0,0.0,0.0,,,,,,,,,,,,,,,,,,
2026-01-06 19:38:50,421260,2.0,0.0106,60.0,5.0,0.0317,52.0,,,,,,,,,,,,,,,,,,
2026-01-06 19:39:20,421258,13.0,0.1389,36.0,0.0,0.0,0.0,,,,,,,,,,,,,,,,,,
2026-01-06 19:39:20,421260,7.0,0.0406,65.0,8.0,0.0567,56.0,,,,,,,,,,,,,,,,,,
2026-01-06 19:39:50,421258,12.0,0.1006,40.0,0.0,0.0,0.0,,,,,,,,,,,,,,,,,,
2026-01-06 19:39:50,421260,3.0,0.0178,65.0,5.0,0.0367,49.0,,,,,,,,,,,,,,,,,,
2026-01-06 19:40:20,421258,10.0,0.0967,34.0,0.0,0.0,0.0,,,,,,,,,,,,,,,,,,
2026-01-06 19:40:20,421260,4.0,0.0217,65.0,5.0,0.03,65.0,,,,,,,,,,,,,,,,,,
2026-01-06 19:40:50,421258,4.0,0.04,36.0,0.0,0.0,0.0,,,,,,,,,,,,,,,,,,
2026-01-06 19:40:50,421260,5.0,0.0367,65.0,4.0,0.0289,56.0,,,,,,,,,,,,,,,,,,
2026-01-06 19:41:20,421258,13.0,0.0956,42.0,0.0,0.0,0.0,,,,,,,,,,,,,,,,,,
2026-01-06 19:41:20,421260,0.0,0.0,0.0,3.0,0.0206,56.0,,,,,,,,,,,,,,,,,,
2026-01-06 19:41:50,421258,12.0,0.105,36.0,0.0,0.0,0.0,,,,,,,,,,,,,,,,,,
2026-01-06 19:41:50,421260,3.0,0.015,78.0,2.0,0.015,60.0,,,,,,,,,,,,,,,,,,
2026-01-06 19:42:20,421258,9.0,0.0767,40.0,0.0,0.0,0.0,,,,,,,,,,,,,,,,,,
2026-01-06 19:42:20,421260,5.0,0.0256,71.0,6.0,0.0406,60.0,,,,,,,,,,,,,,,,,,
2026-01-06 19:42:50,421258,12.0,0.0889,42.0,0.0,0.0,0.0,,,,,,,,,,,,,,,,,,
2026-01-06 19:42:50,421260,3.0,0.0156,65.0,3.0,0.0239,60.0,,,,,,,,,,,,,,,,,,
2026-01-06 19:43:20,421258,6.0,0.0339,49.0,0.0,0.0,0.0,,,,,,,,,,,,,,,,,,
2026-01-06 19:43:20,421260,3.0,0.0156,71.0,1.0,0.0067,52.0,,,,,,,,,,,,,,,,,,
2026-01-06 19:43:50,421258,4.0,0.0278,49.0,0.0,0.0,0.0,,,,,,,,,,,,,,,,,,
2026-01-06 19:43:50,421260,5.0,0.0267,65.0,6.0,0.0428,52.0,,,,,,,,,,,,,,,,,,
2026-01-06 19:44:20,421258,9.0,0.0617,46.0,0.0,0.0,0.0,,,,,,,,,,,,,,,,,,
2026-01-06 19:44:20,421260,3.0,0.015,71.0,0.0,0.0,0.0,,,,,,,,,,,,,,,,,,
2026-01-06 19:44:50,421258,5.0,0.0306,49.0,0.0,0.0,0.0,,,,,,,,,,,,,,,,,,
2026-01-06 19:44:50,421260,3.0,0.0167,65.0,2.0,0.0356,49.0,,,,,,,,,,,,,,,,,,
2026-01-06 19:45:20,421258,6.0,0.0317,49.0,0.0,0.0,0.0,,,,,,,,,,,,,,,,,,
2026-01-06 19:45:20,421260,4.0,0.0217,65.0,3.0,0.0189,60.0,,,,,,,,,,,,,,,,,,
2026-01-06 19:45:50,421258,5.0,0.03,52.0,0.0,0.0,0.0,,,,,,,,,,,,,,,,,,
2026-01-06 19:45:50,421260,1.0,0.005,71.0,3.0,0.0206,60.0,,,,,,,,,,,,,,,,,,
2026-01-06 19:46:20,421258,7.0,0.05,46.0,0.0,0.0,0.0,,,,,,,,,,,,,,,,,,
2026-01-06 19:46:20,421260,5.0,0.0278,71.0,7.0,0.0539,49.0,,,,,,,,,,,,,,,,,,
2026-01-06 19:46:50,421258,3.0,0.0189,56.0,0.0,0.0,0.0,,,,,,,,,,,,,,,,,,
2026-01-06 19:46:50,421260,4.0,0.02,71.0,5.0,0.035,56.0,,,,,,,,,,,,,,,,,,
2026-01-06 19:47:20,421258,7.0,0.0528,42.0,0.0,0.0,0.0,,,,,,,,,,,,,,,,,,
2026-01-06 19:47:20,421260,5.0,0.0267,71.0,6.0,0.0389,60.0,,,,,,,,,,,,,,,,,,
2026-01-06 19:47:50,421258,4.0,0.04,42.0,0.0,0.0,0.0,,,,,,,,,,,,,,,,,,
2026-01-06 19:47:50,421260,7.0,0.0378,71.0,5.0,0.035,56.0,,,,,,,,,,,,,,,,,,
2026-01-06 19:48:20,421258,6.0,0.05,42.0,0.0,0.0,0.0,,,,,,,,,,,,,,,,,,
2026-01-06 19:48:20,421260,8.0,0.0489,65.0,6.0,0.0489,56.0,,,,,,,,,,,,,,,,,,
2026-01-06 19:48:50,421258,12.0,0.0978,40.0,0.0,0.0,0.0,,,,,,,,,,,,,,,,,,
2026-01-06 19:48:50,421260,1.0,0.005,86.0,1.0,0.0067,56.0,,,,,,,,,,,,,,,,,,
2026-01-06 19:49:20,421258,7.0,0.0406,49.0,0.0,0.0,0.0,,,,,,,,,,,,,,,,,,
2026-01-06 19:49:20,421260,4.0,0.0217,71.0,3.0,0.0206,60.0,,,,,,,,,,,,,,,,,,
2026-01-06 19:49:50,421258,16.0,0.1189,42.0,0.0,0.0,0.0,,,,,,,,,,,,,,,,,,
2026-01-06 19:49:50,421260,2.0,0.0117,60.0,1.0,0.0067,52.0,,,,,,,,,,,,,,,,,,
2026-01-06 19:50:20,421258,11.0,0.0778,46.0,0.0,0.0,0.0,,,,,,,,,,,,,,,,,,
2026-01-06 19:50:20,421260,5.0,0.0256,65.0,3.0,0.0306,56.0,,,,,,,,,,,,,,,,,,
2026-01-06 19:50:50,421258,7.0,0.0617,44.0,0.0,0.0,0.0,,,,,,,,,,,,,,,,,,
2026-01-06 19:50:50,421260,4.0,0.0228,65.0,5.0,0.0428,56.0,,,,,,,,,,,,,,,,,,
2026-01-06 19:51:20,421258,6.0,0.0356,52.0,0.0,0.0,0.0,,,,,,,,,,,,,,,,,,
2026-01-06 19:51:20,421260,2.0,0.0117,65.0,2.0,0.0139,56.0,,,,,,,,,,,,,,,,,,
2026-01-06 19:51:50,421258,1.0,0.0078,40.0,0.0,0.0,0.0,,,,,,,,,,,,,,,,,,
2026-01-06 19:51:50,421260,0.0,0.0,0.0,3.0,0.02,60.0,,,,,,,,,,,,,,,,,,
2026-01-06 19:52:20,421258,7.0,0.055,40.0,0.0,0.0,0.0,,,,,,,,,,,,,,,,,,
2026-01-06 19:52:20,421260,4.0,0.0217,71.0,2.0,0.0106,65.0,,,,,,,,,,,,,,,,,,
2026-01-06 19:52:50,421258,11.0,0.1056,38.0,0.0,0.0,0.0,,,,,,,,,,,,,,,,,,
2026-01-06 19:52:50,421260,4.0,0.0217,71.0,6.0,0.0406,56.0,,,,,,,,,,,,,,,,,,
2026-01-06 19:53:20,421258,4.0,0.0317,40.0,0.0,0.0,0.0,,,,,,,,,,,,,,,,,,
2026-01-06 19:53:20,421260,4.0,0.0228,71.0,2.0,0.0117,65.0,,,,,,,,,,,,,,,,,,
2026-01-06 19:53:50,421258,5.0,0.0278,52.0,0.0,0.0,0.0,,,,,,,,,,,,,,,,,,
2026-01-06 19:53:50,421260,0.0,0.0,0.0,3.0,0.0267,49.0,,,,,,,,,,,,,,,,,,
2026-01-06 19:54:20,421258,7.0,0.0428,49.0,0.0,0.0,0.0,,,,,,,,,,,,,,,,,,
2026-01-06 19:54:20,421260,5.0,0.0317,60.0,5.0,0.045,49.0,,,,,,,,,,,,,,,,,,
2026-01-06 19:54:50,421258,4.0,0.0267,49.0,0.0,0.0,0.0,,,,,,,,,,,,,,,,,,
2026-01-06 19:54:50,421260,4.0,0.0206,71.0,4.0,0.0278,60.0,,,,,,,,,,,,,,,,,,
2026-01-06 19:55:20,421258,9.0,0.0667,44.0,0.0,0.0,0.0,,,,,,,,,,,,,,,,,,
2026-01-06 19:55:20,421260,6.0,0.0428,71.0,6.0,0.0378,60.0,,,,,,,,,,,,,,,,,,
2026-01-06 19:55:50,421258,3.0,0.0139,49.0,0.0,0.0,0.0,,,,,,,,,,,,,,,,,,
2026-01-06 19:55:50,421260,2.0,0.01,65.0,4.0,0.0267,65.0,,,,,,,,,,,,,,,,,,
2026-01-06 19:56:20,421258,4.0,0.0278,44.0,0.0,0.0,0.0,,,,,,,,,,,,,,,,,,
2026-01-06 19:56:20,421260,4.0,0.0228,65.0,5.0,0.035,60.0,,,,,,,,,,,,,,,,,,
2026-01-06 19:56:50,421258,10.0,0.0806,42.0,0.0,0.0,0.0,,,,,,,,,,,,,,,,,,
2026-01-06 19:56:50,421260,6.0,0.0339,71.0,2.0,0.015,52.0,,,,,,,,,,,,,,,,,,
2026-01-06 19:57:20,421258,11.0,0.12,36.0,0.0,0.0,0.0,,,,,,,,,,,,,,,,,,
2026-01-06 19:57:20,421260,2.0,0.0089,65.0,2.0,0.0128,65.0,,,,,,,,,,,,,,,,,,
2026-01-06 19:57:50,421258,12.0,0.1128,38.0,0.0,0.0,0.0,,,,,,,,,,,,,,,,,,
2026-01-06 19:57:50,421260,5.0,0.0267,71.0,4.0,0.0267,60.0,,,,,,,,,,,,,,,,,,
2026-01-06 19:58:20,421258,8.0,0.045,49.0,0.0,0.0,0.0,,,,,,,,,,,,,,,,,,
2026-01-06 19:58:20,421260,0.0,0.0,0.0,4.0,0.0267,60.0,,,,,,,,,,,,,,,,,,
2026-01-06 19:58:50,421258,9.0,0.0617,46.0,0.0,0.0,0.0,,,,,,,,,,,,,,,,,,
2026-01-06 19:58:50,421260,4.0,0.0228,71.0,4.0,0.025,60.0,,,,,,,,,,,,,,,,,,
2026-01-06 19:59:20,421258,3.0,0.02,44.0,0.0,0.0,0.0,,,,,,,,,,,,,,,,,,
2026-01-06 19:59:20,421260,0.0,0.0,0.0,1.0,0.0067,60.0,,,,,,,,,,,,,,,,,,
2026-01-06 19:59:50,421258,8.0,0.0606,44.0,0.0,0.0,0.0,,,,,,,,,,,,,,,,,,
2026-01-06 19:59:50,421260,5.0,0.0289,65.0,4.0,0.0256,60.0,,,,,,,,,,,,,,,,,,
2026-01-06 20:00:20,421258,4.0,0.0267,44.0,0.0,0.0,0.0,,,,,,,,,,,,,,,,,,
2026-01-06 20:00:20,421260,6.0,0.0339,65.0,3.0,0.0189,65.0,,,,,,,,,,,,,,,,,,
2026-01-06 20:00:50,421258,10.0,0.0667,46.0,0.0,0.0,0.0,,,,,,,,,,,,,,,,,,
2026-01-06 20:00:50,421260,3.0,0.015,71.0,2.0,0.0189,52.0,,,,,,,,,,,,,,,,,,
2026-01-06 20:01:20,421258,1.0,0.0067,44.0,0.0,0.0,0.0,,,,,,,,,,,,,,,,,,
2026-01-06 20:01:20,421260,7.0,0.0389,71.0,3.0,0.0406,56.0,,,,,,,,,,,,,,,,,,
2026-01-06 20:01:50,421258,10.0,0.0628,46.0,0.0,0.0,0.0,,,,,,,,,,,,,,,,,,
2026-01-06 20:01:50,421260,4.0,0.0217,71.0,7.0,0.0456,60.0,,,,,,,,,,,,,,,,,,
2026-01-06 20:02:20,421258,10.0,0.0589,52.0,0.0,0.0,0.0,,,,,,,,,,,,,,,,,,
2026-01-06 20:02:20,421260,4.0,0.0206,78.0,2.0,0.0128,60.0,,,,,,,,,,,,,,,,,,
2026-01-06 20:02:50,421258,4.0,0.0256,52.0,0.0,0.0,0.0,,,,,,,,,,,,,,,,,,
2026-01-06 20:02:50,421260,4.0,0.0239,65.0,1.0,0.0056,60.0,,,,,,,,,,,,,,,,,,
2026-01-06 20:03:20,421258,8.0,0.055,49.0,0.0,0.0,0.0,,,,,,,,,,,,,,,,,,
2026-01-06 20:03:20,421260,3.0,0.0167,65.0,2.0,0.0117,65.0,,,,,,,,,,,,,,,,,,
2026-01-06 20:03:50,421258,10.0,0.0856,42.0,0.0,0.0,0.0,,,,,,,,,,,,,,,,,,
2026-01-06 20:03:50,421260,2.0,0.0106,71.0,5.0,0.03,56.0,,,,,,,,,,,,,,,,,,
2026-01-06 20:04:20,421258,8.0,0.0578,46.0,0.0,0.0,0.0,,,,,,,,,,,,,,,,,,
2026-01-06 20:04:20,421260,4.0,0.0228,65.0,3.0,0.0189,65.0,,,,,,,,,,,,,,,,,,
2026-01-06 20:04:50,421258,6.0,0.0417,44.0,0.0,0.0,0.0,,,,,,,,,,,,,,,,,,
2026-01-06 20:04:50,421260,1.0,0.005,71.0,2.0,0.0128,60.0,,,,,,,,,,,,,,,,,,
2026-01-06 20:05:20,421258,6.0,0.035,52.0,0.0,0.0,0.0,,,,,,,,,,,,,,,,,,
2026-01-06 20:05:20,421260,5.0,0.0417,65.0,5.0,0.0417,56.0,,,,,,,,,,,,,,,,,,
2026-01-06 20:05:50,421258,1.0,0.0067,44.0,0.0,0.0,0.0,,,,,,,,,,,,,,,,,,
2026-01-06 20:05:50,421260,5.0,0.0228,71.0,4.0,0.0267,56.0,,,,,,,,,,,,,,,,,,
2026-01-06 20:06:20,421258,9.0,0.0656,44.0,0.0,0.0,0.0,,,,,,,,,,,,,,,,,,
2026-01-06 20:06:20,421260,4.0,0.0228,65.0,6.0,0.0367,56.0,,,,,,,,,,,,,,,,,,
2026-01-06 20:06:50,421258,6.0,0.0328,60.0,0.0,0.0,0.0,,,,,,,,,,,,,,,,,,
2026-01-06 20:06:50,421260,3.0,0.0167,65.0,3.0,0.0206,56.0,,,,,,,,,,,,,,,,,,
2026-01-06 20:07:20,421258,9.0,0.065,52.0,0.0,0.0,0.0,,,,,,,,,,,,,,,,,,
2026-01-06 20:07:20,421260,6.0,0.035,65.0,4.0,0.0267,56.0,,,,,,,,,,,,,,,,,,
2026-01-06 20:07:50,421258,6.0,0.0428,40.0,0.0,0.0,0.0,,,,,,,,,,,,,,,,,,
2026-01-06 20:07:50,421260,3.0,0.0139,78.0,3.0,0.0189,60.0,,,,,,,,,,,,,,,,,,
2026-01-06 20:08:20,421258,8.0,0.0528,49.0,0.0,0.0,0.0,,,,,,,,,,,,,,,,,,
2026-01-06 20:08:20,421260,3.0,0.0156,71.0,4.0,0.0239,71.0,,,,,,,,,,,,,,,,,,
2026-01-06 20:08:50,421258,5.0,0.0339,44.0,0.0,0.0,0.0,,,,,,,,,,,,,,,,,,
2026-01-06 20:08:50,421260,1.0,0.0056,71.0,1.0,0.005,71.0,,,,,,,,,,,,,,,,,,
2026-01-06 20:09:20,421258,10.0,0.0689,44.0,0.0,0.0,0.0,,,,,,,,,,,,,,,,,,
2026-01-06 20:09:20,421260,6.0,0.0367,65.0,4.0,0.0278,56.0,,,,,,,,,,,,,,,,,,
2026-01-06 20:09:50,421258,11.0,0.0689,46.0,0.0,0.0,0.0,,,,,,,,,,,,,,,,,,
2026-01-06 20:09:50,421260,7.0,0.04,65.0,4.0,0.0278,56.0,,,,,,,,,,,,,,,,,,
2026-01-06 20:10:20,421258,3.0,0.0217,49.0,0.0,0.0,0.0,,,,,,,,,,,,,,,,,,
2026-01-06 20:10:20,421260,1.0,0.005,71.0,6.0,0.0378,60.0,,,,,,,,,,,,,,,,,,
2026-01-06 20:10:50,421258,3.0,0.0189,52.0,0.0,0.0,0.0,,,,,,,,,,,,,,,,,,
2026-01-06 20:10:50,421260,6.0,0.0356,65.0,4.0,0.0317,46.0,,,,,,,,,,,,,,,,,,
2026-01-06 20:11:20,421258,7.0,0.0467,49.0,0.0,0.0,0.0,,,,,,,,,,,,,,,,,,
2026-01-06 20:11:20,421260,1.0,0.0056,65.0,4.0,0.0289,52.0,,,,,,,,,,,,,,,,,,
2026-01-06 20:11:50,421258,12.0,0.0839,46.0,0.0,0.0,0.0,,,,,,,,,,,,,,,,,,
2026-01-06 20:11:50,421260,8.0,0.0406,71.0,4.0,0.0317,52.0,,,,,,,,,,,,,,,,,,
2026-01-06 20:12:20,421258,8.0,0.0489,49.0,0.0,0.0,0.0,,,,,,,,,,,,,,,,,,
2026-01-06 20:12:20,421260,4.0,0.0189,71.0,3.0,0.0178,71.0,,,,,,,,,,,,,,,,,,
2026-01-06 20:12:50,421258,5.0,0.0306,49.0,0.0,0.0,0.0,,,,,,,,,,,,,,,,,,
2026-01-06 20:12:50,421260,4.0,0.0206,56.0,4.0,0.0628,49.0,,,,,,,,,,,,,,,,,,
2026-01-06 20:13:20,421258,10.0,0.0756,46.0,0.0,0.0,0.0,,,,,,,,,,,,,,,,,,
2026-01-06 20:13:20,421260,2.0,0.0106,65.0,4.0,0.0278,56.0,,,,,,,,,,,,,,,,,,
2026-01-06 20:13:50,421258,9.0,0.0667,44.0,0.0,0.0,0.0,,,,,,,,,,,,,,,,,,
2026-01-06 20:13:50,421260,9.0,0.0528,65.0,7.0,0.0517,49.0,,,,,,,,,,,,,,,,,,
2026-01-06 20:14:20,421258,6.0,0.0428,44.0,0.0,0.0,0.0,,,,,,,,,,,,,,,,,,
2026-01-06 20:14:20,421260,3.0,0.015,71.0,3.0,0.02,60.0,,,,,,,,,,,,,,,,,,
2026-01-06 20:14:50,421258,4.0,0.0278,46.0,0.0,0.0,0.0,,,,,,,,,,,,,,,,,,
2026-01-06 20:14:50,421260,2.0,0.0106,65.0,2.0,0.015,56.0,,,,,,,,,,,,,,,,,,
2026-01-06 20:15:20,421258,6.0,0.0689,40.0,0.0,0.0,0.0,,,,,,,,,,,,,,,,,,
2026-01-06 20:15:20,421260,6.0,0.0356,65.0,5.0,0.0317,56.0,,,,,,,,,,,,,,,,,,
2026-01-06 20:15:50,421258,13.0,0.105,40.0,0.0,0.0,0.0,,,,,,,,,,,,,,,,,,
2026-01-06 20:15:50,421260,3.0,0.0189,65.0,7.0,0.0467,56.0,,,,,,,,,,,,,,,,,,
2026-01-06 20:16:20,421258,8.0,0.05,46.0,0.0,0.0,0.0,,,,,,,,,,,,,,,,,,
2026-01-06 20:16:20,421260,7.0,0.0378,71.0,3.0,0.0189,56.0,,,,,,,,,,,,,,,,,,
2026-01-06 20:16:50,421258,10.0,0.0706,44.0,0.0,0.0,0.0,,,,,,,,,,,,,,,,,,
2026-01-06 20:16:50,421260,3.0,0.015,71.0,2.0,0.0128,52.0,,,,,,,,,,,,,,,,,,
2026-01-06 20:17:20,421258,9.0,0.0606,49.0,0.0,0.0,0.0,,,,,,,,,,,,,,,,,,
2026-01-06 20:17:20,421260,4.0,0.0228,65.0,5.0,0.0339,56.0,,,,,,,,,,,,,,,,,,
2026-01-06 20:17:50,421258,10.0,0.0617,49.0,0.0,0.0,0.0,,,,,,,,,,,,,,,,,,
2026-01-06 20:17:50,421260,6.0,0.03,71.0,3.0,0.0167,71.0,,,,,,,,,,,,,,,,,,
2026-01-06 20:18:20,421258,9.0,0.0567,49.0,0.0,0.0,0.0,,,,,,,,,,,,,,,,,,
2026-01-06 20:18:20,421260,1.0,0.005,78.0,2.0,0.0117,56.0,,,,,,,,,,,,,,,,,,
2026-01-06 20:18:50,421258,3.0,0.0178,44.0,0.0,0.0,0.0,,,,,,,,,,,,,,,,,,
2026-01-06 20:18:50,421260,7.0,0.0389,71.0,4.0,0.0239,60.0,,,,,,,,,,,,,,,,,,
2026-01-06 20:19:20,421258,6.0,0.0667,27.0,0.0,0.0,0.0,,,,,,,,,,,,,,,,,,
2026-01-06 20:19:20,421260,3.0,0.0167,71.0,2.0,0.0128,60.0,,,,,,,,,,,,,,,,,,
2026-01-06 20:19:50,421258,12.0,0.1039,36.0,0.0,0.0,0.0,,,,,,,,,,,,,,,,,,
2026-01-06 20:19:50,421260,3.0,0.0178,71.0,3.0,0.0217,60.0,,,,,,,,,,,,,,,,,,
2026-01-06 20:20:20,421258,8.0,0.0589,44.0,0.0,0.0,0.0,,,,,,,,,,,,,,,,,,
2026-01-06 20:20:20,421260,0.0,0.0,0.0,1.0,0.0106,46.0,,,,,,,,,,,,,,,,,,
2026-01-06 20:20:50,421258,10.0,0.06,49.0,0.0,0.0,0.0,,,,,,,,,,,,,,,,,,
2026-01-06 20:20:50,421260,3.0,0.0139,78.0,1.0,0.0067,65.0,,,,,,,,,,,,,,,,,,
2026-01-06 20:21:20,421258,3.0,0.0189,49.0,0.0,0.0,0.0,,,,,,,,,,,,,,,,,,
2026-01-06 20:21:20,421260,1.0,0.005,71.0,2.0,0.0128,60.0,,,,,,,,,,,,,,,,,,
2026-01-06 20:21:50,421258,6.0,0.0406,49.0,0.0,0.0,0.0,,,,,,,,,,,,,,,,,,
2026-01-06 20:21:50,421260,4.0,0.025,60.0,5.0,0.0528,52.0,,,,,,,,,,,,,,,,,,
2026-01-06 20:22:20,421258,2.0,0.0106,56.0,0.0,0.0,0.0,,,,,,,,,,,,,,,,,,
2026-01-06 20:22:20,421260,3.0,0.0189,60.0,3.0,0.0189,60.0,,,,,,,,,,,,,,,,,,
2026-01-06 20:22:50,421258,2.0,0.0139,56.0,0.0,0.0,0.0,,,,,,,,,,,,,,,,,,
2026-01-06 20:22:50,421260,5.0,0.0278,71.0,3.0,0.0206,60.0,,,,,,,,,,,,,,,,,,
2026-01-06 20:23:20,421258,4.0,0.0217,60.0,0.0,0.0,0.0,,,,,,,,,,,,,,,,,,
2026-01-06 20:23:20,421260,2.0,0.01,71.0,4.0,0.025,60.0,,,,,,,,,,,,,,,,,,
2026-01-06 20:23:50,421258,7.0,0.065,44.0,0.0,0.0,0.0,,,,,,,,,,,,,,,,,,
2026-01-06 20:23:50,421260,4.0,0.0239,65.0,5.0,0.0367,56.0,,,,,,,,,,,,,,,,,,
2026-01-06 20:24:20,421258,6.0,0.0417,44.0,0.0,0.0,0.0,,,,,,,,,,,,,,,,,,
2026-01-06 20:24:20,421260,6.0,0.0317,65.0,3.0,0.0367,65.0,,,,,,,,,,,,,,,,,,
2026-01-06 20:24:50,421258,8.0,0.0656,40.0,1.0,0.0217,25.0,,,,,,,,,,,,,,,,,,
2026-01-06 20:24:50,421260,2.0,0.0106,71.0,6.0,0.04,60.0,,,,,,,,,,,,,,,,,,
2026-01-06 20:25:20,421258,5.0,0.0306,49.0,0.0,0.0,0.0,,,,,,,,,,,,,,,,,,
2026-01-06 20:25:20,421260,5.0,0.025,71.0,3.0,0.02,60.0,,,,,,,,,,,,,,,,,,
2026-01-06 20:25:50,421258,3.0,0.0189,46.0,0.0,0.0,0.0,,,,,,,,,,,,,,,,,,
2026-01-06 20:25:50,421260,2.0,0.0106,71.0,2.0,0.0156,52.0,,,,,,,,,,,,,,,,,,
2026-01-06 20:26:20,421258,11.0,0.0739,46.0,0.0,0.0,0.0,,,,,,,,,,,,,,,,,,
2026-01-06 20:26:20,421260,4.0,0.0206,71.0,4.0,0.0278,56.0,,,,,,,,,,,,,,,,,,
2026-01-06 20:26:50,421258,12.0,0.1206,36.0,0.0,0.0,0.0,,,,,,,,,,,,,,,,,,
2026-01-06 20:26:50,421260,1.0,0.0067,56.0,0.0,0.0,0.0,,,,,,,,,,,,,,,,,,
2026-01-06 20:27:20,421258,10.0,0.0839,40.0,0.0,0.0,0.0,,,,,,,,,,,,,,,,,,
2026-01-06 20:27:20,421260,6.0,0.0406,60.0,5.0,0.0378,52.0,,,,,,,,,,,,,,,,,,
2026-01-06 20:27:50,421258,2.0,0.0117,44.0,0.0,0.0,0.0,,,,,,,,,,,,,,,,,,
2026-01-06 20:27:50,421260,2.0,0.0117,65.0,4.0,0.0278,60.0,,,,,,,,,,,,,,,,,,
2026-01-06 20:28:20,421258,10.0,0.0839,40.0,0.0,0.0,0.0,,,,,,,,,,,,,,,,,,
2026-01-06 20:28:20,421260,1.0,0.0056,78.0,4.0,0.03,52.0,,,,,,,,,,,,,,,,,,
2026-01-06 20:28:50,421258,1.0,0.0078,36.0,0.0,0.0,0.0,,,,,,,,,,,,,,,,,,
2026-01-06 20:28:50,421260,5.0,0.0267,71.0,6.0,0.0467,52.0,,,,,,,,,,,,,,,,,,
2026-01-06 20:29:20,421258,7.0,0.0456,49.0,0.0,0.0,0.0,,,,,,,,,,,,,,,,,,
2026-01-06 20:29:20,421260,4.0,0.0239,65.0,4.0,0.0278,56.0,,,,,,,,,,,,,,,,,,
2026-01-06 20:29:50,421258,10.0,0.0778,44.0,0.0,0.0,0.0,,,,,,,,,,,,,,,,,,
2026-01-06 20:29:50,421260,2.0,0.01,56.0,4.0,0.0256,60.0,,,,,,,,,,,,,,,,,,
2026-01-06 20:30:20,421258,7.0,0.0489,46.0,0.0,0.2456,0.0,,,,,,,,,,,,,,,,,,
2026-01-06 20:30:20,421260,6.0,0.0339,65.0,6.0,0.0439,52.0,,,,,,,,,,,,,,,,,,
2026-01-06 20:30:50,421258,6.0,0.0439,42.0,1.0,0.0878,6.0,,,,,,,,,,,,,,,,,,
2026-01-06 20:30:50,421260,2.0,0.01,71.0,5.0,0.0367,56.0,,,,,,,,,,,,,,,,,,
2026-01-06 20:31:20,421258,10.0,0.1017,34.0,0.0,0.0,0.0,,,,,,,,,,,,,,,,,,
2026-01-06 20:31:20,421260,3.0,0.0167,65.0,1.0,0.0056,65.0,,,,,,,,,,,,,,,,,,
2026-01-06 20:31:50,421258,9.0,0.0817,34.0,0.0,0.0,0.0,,,,,,,,,,,,,,,,,,
2026-01-06 20:31:50,421260,2.0,0.0117,65.0,6.0,0.0467,49.0,,,,,,,,,,,,,,,,,,
2026-01-06 20:32:20,421258,10.0,0.0778,40.0,0.0,0.0,0.0,,,,,,,,,,,,,,,,,,
2026-01-06 20:32:20,421260,2.0,0.0106,65.0,4.0,0.0256,60.0,,,,,,,,,,,,,,,,,,
2026-01-06 20:32:50,421258,6.0,0.0428,44.0,0.0,0.0,0.0,,,,,,,,,,,,,,,,,,
2026-01-06 20:32:50,421260,0.0,0.0,0.0,2.0,0.0117,56.0,,,,,,,,,,,,,,,,,,
2026-01-06 20:33:20,421258,5.0,0.035,44.0,0.0,0.0,0.0,,,,,,,,,,,,,,,,,,
2026-01-06 20:33:20,421260,2.0,0.0106,65.0,3.0,0.0206,52.0,,,,,,,,,,,,,,,,,,
2026-01-06 20:33:50,421258,3.0,0.02,49.0,0.0,0.0,0.0,,,,,,,,,,,,,,,,,,
2026-01-06 20:33:50,421260,2.0,0.0106,60.0,2.0,0.0117,65.0,,,,,,,,,,,,,,,,,,
2026-01-06 20:34:20,421258,7.0,0.0406,52.0,0.0,0.0,0.0,,,,,,,,,,,,,,,,,,
2026-01-06 20:34:20,421260,4.0,0.0178,78.0,3.0,0.0228,56.0,,,,,,,,,,,,,,,,,,
2026-01-06 20:34:50,421258,4.0,0.0267,44.0,0.0,0.0,0.0,,,,,,,,,,,,,,,,,,
2026-01-06 20:34:50,421260,2.0,0.0106,71.0,3.0,0.0267,56.0,,,,,,,,,,,,,,,,,,
2026-01-06 20:35:20,421258,6.0,0.0339,49.0,0.0,0.0,0.0,,,,,,,,,,,,,,,,,,
2026-01-06 20:35:20,421260,4.0,0.0228,65.0,5.0,0.0328,60.0,,,,,,,,,,,,,,,,,,
2026-01-06 20:35:50,421258,7.0,0.0406,49.0,0.0,0.0,0.0,,,,,,,,,,,,,,,,,,
2026-01-06 20:35:50,421260,2.0,0.01,71.0,2.0,0.0117,60.0,,,,,,,,,,,,,,,,,,
2026-01-06 20:36:20,421258,3.0,0.015,56.0,0.0,0.0,0.0,,,,,,,,,,,,,,,,,,
2026-01-06 20:36:20,421260,4.0,0.0189,78.0,2.0,0.0139,65.0,,,,,,,,,,,,,,,,,,
2026-01-06 20:36:50,421258,6.0,0.0378,49.0,0.0,0.0,0.0,,,,,,,,,,,,,,,,,,
2026-01-06 20:36:50,421260,1.0,0.0056,71.0,1.0,0.0028,65.0,,,,,,,,,,,,,,,,,,
2026-01-06 20:37:20,421258,7.0,0.0456,46.0,0.0,0.0,0.0,,,,,,,,,,,,,,,,,,
2026-01-06 20:37:20,421260,1.0,0.005,65.0,2.0,0.0156,60.0,,,,,,,,,,,,,,,,,,
2026-01-06 20:37:50,421258,9.0,0.0589,49.0,0.0,0.0,0.0,,,,,,,,,,,,,,,,,,
2026-01-06 20:37:50,421260,2.0,0.0106,71.0,3.0,0.0206,60.0,,,,,,,,,,,,,,,,,,
2026-01-06 20:38:20,421258,3.0,0.0189,49.0,0.0,0.0,0.0,,,,,,,,,,,,,,,,,,
2026-01-06 20:38:20,421260,6.0,0.0367,60.0,4.0,0.0306,56.0,,,,,,,,,,,,,,,,,,
2026-01-06 20:38:50,421258,1.0,0.0078,44.0,0.0,0.0,0.0,,,,,,,,,,,,,,,,,,
2026-01-06 20:38:50,421260,2.0,0.015,65.0,2.0,0.015,56.0,,,,,,,,,,,,,,,,,,
2026-01-06 20:39:20,421258,2.0,0.0106,52.0,0.0,0.0,0.0,,,,,,,,,,,,,,,,,,
2026-01-06 20:39:20,421260,4.0,0.0228,65.0,2.0,0.015,46.0,,,,,,,,,,,,,,,,,,
2026-01-06 20:39:50,421258,6.0,0.0367,52.0,0.0,0.0,0.0,,,,,,,,,,,,,,,,,,
2026-01-06 20:39:50,421260,2.0,0.0089,71.0,5.0,0.0317,65.0,,,,,,,,,,,,,,,,,,
2026-01-06 20:40:20,421258,9.0,0.0539,52.0,0.0,0.0,0.0,,,,,,,,,,,,,,,,,,
2026-01-06 20:40:20,421260,2.0,0.0117,60.0,2.0,0.0117,65.0,,,,,,,,,,,,,,,,,,
2026-01-06 20:40:50,421258,4.0,0.0389,49.0,0.0,0.0,0.0,,,,,,,,,,,,,,,,,,
2026-01-06 20:40:50,421260,0.0,0.0,0.0,4.0,0.0278,56.0,,,,,,,,,,,,,,,,,,
2026-01-06 20:41:20,421258,7.0,0.0378,46.0,0.0,0.0,0.0,,,,,,,,,,,,,,,,,,
2026-01-06 20:41:20,421260,5.0,0.0278,71.0,2.0,0.0128,60.0,,,,,,,,,,,,,,,,,,
2026-01-06 20:41:50,421258,7.0,0.035,56.0,0.0,0.0,0.0,,,,,,,,,,,,,,,,,,
2026-01-06 20:41:50,421260,4.0,0.0239,71.0,7.0,0.0489,49.0,,,,,,,,,,,,,,,,,,
2026-01-06 20:42:20,421258,0.0,0.0,0.0,0.0,0.0,0.0,,,,,,,,,,,,,,,,,,
2026-01-06 20:42:20,421260,8.0,0.0456,65.0,3.0,0.0189,56.0,,,,,,,,,,,,,,,,,,
2026-01-06 20:42:50,421258,8.0,0.0628,38.0,0.0,0.0,0.0,,,,,,,,,,,,,,,,,,
2026-01-06 20:42:50,421260,2.0,0.0117,71.0,3.0,0.0189,65.0,,,,,,,,,,,,,,,,,,
2026-01-06 20:43:20,421258,6.0,0.03,60.0,0.0,0.0,0.0,,,,,,,,,,,,,,,,,,
2026-01-06 20:43:20,421260,3.0,0.0189,71.0,5.0,0.0278,65.0,,,,,,,,,,,,,,,,,,
2026-01-06 20:43:50,421258,6.0,0.0389,49.0,0.0,0.0,0.0,,,,,,,,,,,,,,,,,,
2026-01-06 20:43:50,421260,7.0,0.0339,71.0,5.0,0.0439,56.0,,,,,,,,,,,,,,,,,,
2026-01-06 20:44:20,421258,11.0,0.0817,42.0,0.0,0.0,0.0,,,,,,,,,,,,,,,,,,
2026-01-06 20:44:20,421260,2.0,0.0106,78.0,2.0,0.0128,60.0,,,,,,,,,,,,,,,,,,
2026-01-06 20:44:50,421258,10.0,0.0756,44.0,0.0,0.0,0.0,,,,,,,,,,,,,,,,,,
2026-01-06 20:44:50,421260,1.0,0.005,65.0,3.0,0.0156,65.0,,,,,,,,,,,,,,,,,,
2026-01-06 20:45:20,421258,10.0,0.055,52.0,0.0,0.0,0.0,,,,,,,,,,,,,,,,,,
2026-01-06 20:45:20,421260,1.0,0.0056,65.0,1.0,0.0067,60.0,,,,,,,,,,,,,,,,,,
2026-01-06 20:45:50,421258,9.0,0.0628,44.0,0.0,0.0,0.0,,,,,,,,,,,,,,,,,,
2026-01-06 20:45:50,421260,6.0,0.0328,65.0,5.0,0.0328,60.0,,,,,,,,,,,,,,,,,,
2026-01-06 20:46:20,421258,6.0,0.0339,56.0,0.0,0.0,0.0,,,,,,,,,,,,,,,,,,
2026-01-06 20:46:20,421260,4.0,0.02,71.0,4.0,0.0256,60.0,,,,,,,,,,,,,,,,,,
2026-01-06 20:46:50,421258,1.0,0.005,52.0,0.0,0.0,0.0,,,,,,,,,,,,,,,,,,
2026-01-06 20:46:50,421260,2.0,0.01,71.0,4.0,0.0256,60.0,,,,,,,,,,,,,,,,,,
2026-01-06 20:47:20,421258,4.0,0.0217,52.0,0.0,0.0,0.0,,,,,,,,,,,,,,,,,,
2026-01-06 20:47:20,421260,0.0,0.0,0.0,1.0,0.0056,65.0,,,,,,,,,,,,,,,,,,
2026-01-06 20:47:50,421258,12.0,0.0839,46.0,0.0,0.0,0.0,,,,,,,,,,,,,,,,,,
2026-01-06 20:47:50,421260,3.0,0.0156,78.0,3.0,0.02,60.0,,,,,,,,,,,,,,,,,,
2026-01-06 20:48:20,421258,8.0,0.0489,49.0,0.0,0.0,0.0,,,,,,,,,,,,,,,,,,
2026-01-06 20:48:20,421260,1.0,0.0039,96.0,3.0,0.0217,52.0,,,,,,,,,,,,,,,,,,
2026-01-06 20:48:50,421258,3.0,0.0217,44.0,0.0,0.0,0.0,,,,,,,,,,,,,,,,,,
2026-01-06 20:48:50,421260,0.0,0.0,0.0,0.0,0.0,0.0,,,,,,,,,,,,,,,,,,
2026-01-06 20:49:20,421258,2.0,0.0089,56.0,0.0,0.0,0.0,,,,,,,,,,,,,,,,,,
2026-01-06 20:49:20,421260,8.0,0.0478,60.0,6.0,0.045,49.0,,,,,,,,,,,,,,,,,,
2026-01-06 20:49:50,421258,5.0,0.0317,49.0,0.0,0.0,0.0,,,,,,,,,,,,,,,,,,
2026-01-06 20:49:50,421260,1.0,0.005,71.0,1.0,0.0067,56.0,,,,,,,,,,,,,,,,,,
2026-01-06 20:50:20,421258,3.0,0.02,49.0,0.0,0.0,0.0,,,,,,,,,,,,,,,,,,
2026-01-06 20:50:20,421260,1.0,0.0039,86.0,1.0,0.0067,60.0,,,,,,,,,,,,,,,,,,
2026-01-06 20:50:50,421258,1.0,0.005,52.0,0.0,0.0,0.0,,,,,,,,,,,,,,,,,,
2026-01-06 20:50:50,421260,2.0,0.0106,65.0,8.0,0.05,60.0,,,,,,,,,,,,,,,,,,
2026-01-06 20:51:20,421258,9.0,0.0656,44.0,0.0,0.0,0.0,,,,,,,,,,,,,,,,,,
2026-01-06 20:51:20,421260,2.0,0.01,65.0,3.0,0.0206,56.0,,,,,,,,,,,,,,,,,,
2026-01-06 20:51:50,421258,8.0,0.055,46.0,0.0,0.0,0.0,,,,,,,,,,,,,,,,,,
2026-01-06 20:51:50,421260,0.0,0.0,0.0,2.0,0.0128,60.0,,,,,,,,,,,,,,,,,,
2026-01-06 20:52:20,421258,1.0,0.0067,52.0,0.0,0.0,0.0,,,,,,,,,,,,,,,,,,
2026-01-06 20:52:20,421260,2.0,0.0106,65.0,2.0,0.0139,56.0,,,,,,,,,,,,,,,,,,
2026-01-06 20:52:50,421258,8.0,0.05,49.0,0.0,0.0,0.0,,,,,,,,,,,,,,,,,,
2026-01-06 20:52:50,421260,1.0,0.005,71.0,3.0,0.0228,49.0,,,,,,,,,,,,,,,,,,
2026-01-06 20:53:20,421258,4.0,0.0217,49.0,0.0,0.0,0.0,,,,,,,,,,,,,,,,,,
2026-01-06 20:53:20,421260,3.0,0.0156,71.0,3.0,0.02,60.0,,,,,,,,,,,,,,,,,,
2026-01-06 20:53:50,421258,3.0,0.0189,46.0,0.0,0.0,0.0,,,,,,,,,,,,,,,,,,
2026-01-06 20:53:50,421260,6.0,0.0328,71.0,3.0,0.0239,49.0,,,,,,,,,,,,,,,,,,
2026-01-06 20:54:20,421258,4.0,0.0239,49.0,0.0,0.0,0.0,,,,,,,,,,,,,,,,,,
2026-01-06 20:54:20,421260,2.0,0.0117,65.0,4.0,0.0267,60.0,,,,,,,,,,,,,,,,,,
2026-01-06 20:54:50,421258,3.0,0.02,49.0,0.0,0.0,0.0,,,,,,,,,,,,,,,,,,
2026-01-06 20:54:50,421260,2.0,0.0106,71.0,2.0,0.0128,60.0,,,,,,,,,,,,,,,,,,
2026-01-06 20:55:20,421258,9.0,0.0567,46.0,0.0,0.0,0.0,,,,,,,,,,,,,,,,,,
2026-01-06 20:55:20,421260,3.0,0.0167,71.0,4.0,0.0256,65.0,,,,,,,,,,,,,,,,,,
2026-01-06 20:55:50,421258,9.0,0.05,52.0,0.0,0.0,0.0,,,,,,,,,,,,,,,,,,
2026-01-06 20:55:50,421260,2.0,0.0106,65.0,3.0,0.0206,56.0,,,,,,,,,,,,,,,,,,
2026-01-06 20:56:20,421258,4.0,0.03,49.0,0.0,0.0,0.0,,,,,,,,,,,,,,,,,,
2026-01-06 20:56:20,421260,3.0,0.0167,71.0,5.0,0.0328,60.0,,,,,,,,,,,,,,,,,,
2026-01-06 20:56:50,421258,3.0,0.0156,56.0,0.0,0.0,0.0,,,,,,,,,,,,,,,,,,
2026-01-06 20:56:50,421260,3.0,0.0156,65.0,2.0,0.0156,56.0,,,,,,,,,,,,,,,,,,
2026-01-06 20:57:20,421258,9.0,0.0606,49.0,0.0,0.0,0.0,,,,,,,,,,,,,,,,,,
2026-01-06 20:57:20,421260,3.0,0.0167,65.0,5.0,0.0356,56.0,,,,,,,,,,,,,,,,,,
2026-01-06 20:57:50,421258,6.0,0.0317,52.0,0.0,0.0,0.0,,,,,,,,,,,,,,,,,,
2026-01-06 20:57:50,421260,2.0,0.0228,60.0,2.0,0.0117,65.0,,,,,,,,,,,,,,,,,,
2026-01-06 20:58:20,421258,5.0,0.0267,56.0,0.0,0.0,0.0,,,,,,,,,,,,,,,,,,
2026-01-06 20:58:20,421260,3.0,0.0167,71.0,3.0,0.0217,56.0,,,,,,,,,,,,,,,,,,
2026-01-06 20:58:50,421258,5.0,0.0317,49.0,0.0,0.0,0.0,,,,,,,,,,,,,,,,,,
2026-01-06 20:58:50,421260,3.0,0.0189,65.0,3.0,0.0228,49.0,,,,,,,,,,,,,,,,,,
2026-01-06 20:59:20,421258,6.0,0.0417,44.0,0.0,0.0,0.0,,,,,,,,,,,,,,,,,,
2026-01-06 20:59:20,421260,3.0,0.015,71.0,1.0,0.0067,60.0,,,,,,,,,,,,,,,,,,
2026-01-06 20:59:50,421258,8.0,0.0717,46.0,0.0,0.0,0.0,,,,,,,,,,,,,,,,,,
2026-01-06 20:59:50,421260,3.0,0.0178,65.0,1.0,0.0078,56.0,,,,,,,,,,,,,,,,,,
2026-01-06 21:00:20,421258,5.0,0.0367,46.0,0.0,0.0,0.0,,,,,,,,,,,,,,,,,,
2026-01-06 21:00:20,421260,0.0,0.0,0.0,2.0,0.025,46.0,,,,,,,,,,,,,,,,,,
2026-01-06 21:00:50,421258,5.0,0.0317,52.0,0.0,0.0,0.0,,,,,,,,,,,,,,,,,,
2026-01-06 21:00:50,421260,6.0,0.0289,71.0,6.0,0.0417,56.0,,,,,,,,,,,,,,,,,,
2026-01-06 21:01:20,421258,5.0,0.0339,46.0,0.0,0.0,0.0,,,,,,,,,,,,,,,,,,
2026-01-06 21:01:20,421260,5.0,0.0267,65.0,5.0,0.0339,52.0,,,,,,,,,,,,,,,,,,
2026-01-06 21:01:50,421258,4.0,0.035,40.0,0.0,0.0,0.0,,,,,,,,,,,,,,,,,,
2026-01-06 21:01:50,421260,10.0,0.0539,71.0,5.0,0.0328,60.0,,,,,,,,,,,,,,,,,,
2026-01-06 21:02:20,421258,2.0,0.0106,60.0,0.0,0.0,0.0,,,,,,,,,,,,,,,,,,
2026-01-06 21:02:20,421260,2.0,0.01,71.0,3.0,0.0189,65.0,,,,,,,,,,,,,,,,,,
2026-01-06 21:02:50,421258,8.0,0.055,46.0,0.0,0.0,0.0,,,,,,,,,,,,,,,,,,
2026-01-06 21:02:50,421260,1.0,0.005,78.0,5.0,0.0406,60.0,,,,,,,,,,,,,,,,,,
2026-01-06 21:03:20,421258,8.0,0.055,44.0,0.0,0.0,0.0,,,,,,,,,,,,,,,,,,
2026-01-06 21:03:20,421260,5.0,0.0278,65.0,4.0,0.0306,52.0,,,,,,,,,,,,,,,,,,
2026-01-06 21:03:50,421258,15.0,0.1039,44.0,0.0,0.0,0.0,,,,,,,,,,,,,,,,,,
2026-01-06 21:03:50,421260,4.0,0.0228,65.0,4.0,0.0278,56.0,,,,,,,,,,,,,,,,,,
2026-01-06 21:04:20,421258,10.0,0.0778,42.0,0.0,0.0,0.0,,,,,,,,,,,,,,,,,,
2026-01-06 21:04:20,421260,2.0,0.0117,65.0,7.0,0.0606,56.0,,,,,,,,,,,,,,,,,,
2026-01-06 21:04:50,421258,7.0,0.0739,40.0,0.0,0.0,0.0,,,,,,,,,,,,,,,,,,
2026-01-06 21:04:50,421260,3.0,0.0167,65.0,2.0,0.0139,52.0,,,,,,,,,,,,,,,,,,
2026-01-06 21:05:20,421258,6.0,0.0417,44.0,0.0,0.0,0.0,,,,,,,,,,,,,,,,,,
2026-01-06 21:05:20,421260,3.0,0.0167,71.0,3.0,0.0167,65.0,,,,,,,,,,,,,,,,,,
2026-01-06 21:05:50,421258,10.0,0.0717,46.0,0.0,0.0,0.0,,,,,,,,,,,,,,,,,,
2026-01-06 21:05:50,421260,1.0,0.005,78.0,1.0,0.005,86.0,,,,,,,,,,,,,,,,,,
2026-01-06 21:06:20,421258,8.0,0.0506,49.0,0.0,0.0,0.0,,,,,,,,,,,,,,,,,,
2026-01-06 21:06:20,421260,0.0,0.0,0.0,1.0,0.0056,65.0,,,,,,,,,,,,,,,,,,
2026-01-06 21:06:50,421258,9.0,0.0739,46.0,0.0,0.0,0.0,,,,,,,,,,,,,,,,,,
2026-01-06 21:06:50,421260,4.0,0.0228,65.0,6.0,0.0478,49.0,,,,,,,,,,,,,,,,,,
2026-01-06 21:07:20,421258,4.0,0.0217,52.0,0.0,0.0,0.0,,,,,,,,,,,,,,,,,,
2026-01-06 21:07:20,421260,3.0,0.0178,65.0,3.0,0.0206,60.0,,,,,,,,,,,,,,,,,,
2026-01-06 21:07:50,421258,1.0,0.0067,52.0,0.0,0.0,0.0,,,,,,,,,,,,,,,,,,
2026-01-06 21:07:50,421260,5.0,0.0289,65.0,6.0,0.0406,56.0,,,,,,,,,,,,,,,,,,
2026-01-06 21:08:20,421258,3.0,0.0156,60.0,0.0,0.0,0.0,,,,,,,,,,,,,,,,,,
2026-01-06 21:08:20,421260,0.0,0.0,0.0,4.0,0.0278,60.0,,,,,,,,,,,,,,,,,,
2026-01-06 21:08:50,421258,5.0,0.0306,52.0,0.0,0.0,0.0,,,,,,,,,,,,,,,,,,
2026-01-06 21:08:50,421260,1.0,0.005,78.0,2.0,0.015,56.0,,,,,,,,,,,,,,,,,,
2026-01-06 21:09:20,421258,7.0,0.0489,44.0,0.0,0.0,0.0,,,,,,,,,,,,,,,,,,
2026-01-06 21:09:20,421260,1.0,0.0056,71.0,4.0,0.0339,60.0,,,,,,,,,,,,,,,,,,
2026-01-06 21:09:50,421258,10.0,0.07,46.0,0.0,0.0,0.0,,,,,,,,,,,,,,,,,,
2026-01-06 21:09:50,421260,2.0,0.0089,71.0,1.0,0.0056,60.0,,,,,,,,,,,,,,,,,,
2026-01-06 21:10:20,421258,6.0,0.0317,56.0,0.0,0.0,0.0,,,,,,,,,,,,,,,,,,
2026-01-06 21:10:20,421260,3.0,0.0189,60.0,4.0,0.0278,56.0,,,,,,,,,,,,,,,,,,
2026-01-06 21:10:50,421258,3.0,0.0156,56.0,0.0,0.0,0.0,,,,,,,,,,,,,,,,,,
2026-01-06 21:10:50,421260,2.0,0.0117,56.0,2.0,0.015,49.0,,,,,,,,,,,,,,,,,,
2026-01-06 21:11:20,421258,4.0,0.0306,56.0,0.0,0.0,0.0,,,,,,,,,,,,,,,,,,
2026-01-06 21:11:20,421260,5.0,0.0256,78.0,6.0,0.0378,60.0,,,,,,,,,,,,,,,,,,
2026-01-06 21:11:50,421258,5.0,0.0267,46.0,0.0,0.0,0.0,,,,,,,,,,,,,,,,,,
2026-01-06 21:11:50,421260,2.0,0.0089,78.0,4.0,0.0289,56.0,,,,,,,,,,,,,,,,,,
2026-01-06 21:12:20,421258,6.0,0.035,56.0,0.0,0.0,0.0,,,,,,,,,,,,,,,,,,
2026-01-06 21:12:20,421260,2.0,0.0106,71.0,2.0,0.0189,49.0,,,,,,,,,,,,,,,,,,
2026-01-06 21:12:50,421258,10.0,0.0539,56.0,0.0,0.0,0.0,,,,,,,,,,,,,,,,,,
2026-01-06 21:12:50,421260,7.0,0.0356,71.0,3.0,0.025,56.0,,,,,,,,,,,,,,,,,,
2026-01-06 21:13:20,421258,7.0,0.0467,46.0,0.0,0.0,0.0,,,,,,,,,,,,,,,,,,
2026-01-06 21:13:20,421260,2.0,0.0106,78.0,4.0,0.0339,52.0,,,,,,,,,,,,,,,,,,
2026-01-06 21:13:50,421258,1.0,0.0067,44.0,0.0,0.0,0.0,,,,,,,,,,,,,,,,,,
2026-01-06 21:13:50,421260,1.0,0.005,65.0,5.0,0.0367,56.0,,,,,,,,,,,,,,,,,,
2026-01-06 21:14:20,421258,9.0,0.0817,38.0,0.0,0.0,0.0,,,,,,,,,,,,,,,,,,
2026-01-06 21:14:20,421260,3.0,0.0156,65.0,3.0,0.0239,52.0,,,,,,,,,,,,,,,,,,
2026-01-06 21:14:50,421258,8.0,0.0539,44.0,0.0,0.0,0.0,,,,,,,,,,,,,,,,,,
2026-01-06 21:14:50,421260,4.0,0.0228,65.0,4.0,0.0306,49.0,,,,,,,,,,,,,,,,,,
2026-01-06 21:15:20,421258,6.0,0.05,46.0,0.0,0.0,0.0,,,,,,,,,,,,,,,,,,
2026-01-06 21:15:20,421260,1.0,0.005,65.0,1.0,0.0056,65.0,,,,,,,,,,,,,,,,,,
2026-01-06 21:15:50,421258,5.0,0.0306,52.0,0.0,0.0,0.0,,,,,,,,,,,,,,,,,,
2026-01-06 21:15:50,421260,4.0,0.0206,71.0,0.0,0.0,0.0,,,,,,,,,,,,,,,,,,
2026-01-06 21:16:20,421258,6.0,0.035,52.0,0.0,0.0,0.0,,,,,,,,,,,,,,,,,,
2026-01-06 21:16:20,421260,4.0,0.0228,60.0,5.0,0.04,52.0,,,,,,,,,,,,,,,,,,
2026-01-06 21:16:50,421258,4.0,0.03,49.0,0.0,0.0,0.0,,,,,,,,,,,,,,,,,,
2026-01-06 21:16:50,421260,3.0,0.0156,71.0,1.0,0.0106,46.0,,,,,,,,,,,,,,,,,,
2026-01-06 21:17:20,421258,6.0,0.0439,44.0,0.0,0.0,0.0,,,,,,,,,,,,,,,,,,
2026-01-06 21:17:20,421260,3.0,0.0156,71.0,3.0,0.0228,49.0,,,,,,,,,,,,,,,,,,
2026-01-06 21:17:50,421258,7.0,0.0378,52.0,0.0,0.0,0.0,,,,,,,,,,,,,,,,,,
2026-01-06 21:17:50,421260,0.0,0.0,0.0,2.0,0.0139,52.0,,,,,,,,,,,,,,,,,,
2026-01-06 21:18:20,421258,4.0,0.0217,56.0,0.0,0.0,0.0,,,,,,,,,,,,,,,,,,
2026-01-06 21:18:20,421260,0.0,0.0,0.0,2.0,0.0117,65.0,,,,,,,,,,,,,,,,,,
2026-01-06 21:18:50,421258,5.0,0.0256,56.0,0.0,0.0,0.0,,,,,,,,,,,,,,,,,,
2026-01-06 21:18:50,421260,3.0,0.015,71.0,2.0,0.0117,60.0,,,,,,,,,,,,,,,,,,
2026-01-06 21:19:20,421258,5.0,0.0339,49.0,0.0,0.0,0.0,,,,,,,,,,,,,,,,,,
2026-01-06 21:19:20,421260,3.0,0.0156,71.0,3.0,0.0217,56.0,,,,,,,,,,,,,,,,,,
2026-01-06 21:19:50,421258,0.0,0.0,0.0,0.0,0.0,0.0,,,,,,,,,,,,,,,,,,
2026-01-06 21:19:50,421260,1.0,0.0039,65.0,3.0,0.0289,49.0,,,,,,,,,,,,,,,,,,
2026-01-06 21:20:20,421258,5.0,0.0389,36.0,0.0,0.0,0.0,,,,,,,,,,,,,,,,,,
2026-01-06 21:20:20,421260,2.0,0.0228,56.0,4.0,0.03,52.0,,,,,,,,,,,,,,,,,,
2026-01-06 21:20:50,421258,6.0,0.0417,46.0,0.0,0.0,0.0,,,,,,,,,,,,,,,,,,
2026-01-06 21:20:50,421260,0.0,0.0,0.0,1.0,0.0078,42.0,,,,,,,,,,,,,,,,,,
2026-01-06 21:21:20,421258,4.0,0.0206,52.0,0.0,0.0,0.0,,,,,,,,,,,,,,,,,,
2026-01-06 21:21:20,421260,3.0,0.0156,71.0,3.0,0.0239,49.0,,,,,,,,,,,,,,,,,,
2026-01-06 21:21:50,421258,2.0,0.0139,52.0,0.0,0.0,0.0,,,,,,,,,,,,,,,,,,
2026-01-06 21:21:50,421260,2.0,0.01,78.0,5.0,0.0339,56.0,,,,,,,,,,,,,,,,,,
2026-01-06 21:22:20,421258,6.0,0.0428,46.0,0.0,0.0,0.0,,,,,,,,,,,,,,,,,,
2026-01-06 21:22:20,421260,5.0,0.0267,71.0,4.0,0.0239,60.0,,,,,,,,,,,,,,,,,,
2026-01-06 21:22:50,421258,3.0,0.0217,46.0,0.0,0.0,0.0,,,,,,,,,,,,,,,,,,
2026-01-06 21:22:50,421260,4.0,0.025,65.0,3.0,0.0217,56.0,,,,,,,,,,,,,,,,,,
2026-01-06 21:23:20,421258,6.0,0.0356,49.0,0.0,0.0,0.0,,,,,,,,,,,,,,,,,,
2026-01-06 21:23:20,421260,1.0,0.005,71.0,3.0,0.0167,65.0,,,,,,,,,,,,,,,,,,
2026-01-06 21:23:50,421258,6.0,0.0389,52.0,0.0,0.0,0.0,,,,,,,,,,,,,,,,,,
2026-01-06 21:23:50,421260,2.0,0.0128,60.0,5.0,0.035,52.0,,,,,,,,,,,,,,,,,,
2026-01-06 21:24:20,421258,8.0,0.045,52.0,0.0,0.0,0.0,,,,,,,,,,,,,,,,,,
2026-01-06 21:24:20,421260,0.0,0.0,0.0,3.0,0.0206,56.0,,,,,,,,,,,,,,,,,,
2026-01-06 21:24:50,421258,9.0,0.06,46.0,0.0,0.0,0.0,,,,,,,,,,,,,,,,,,
2026-01-06 21:24:50,421260,3.0,0.0167,65.0,4.0,0.0306,56.0,,,,,,,,,,,,,,,,,,
2026-01-06 21:25:20,421258,3.0,0.015,56.0,0.0,0.0,0.0,,,,,,,,,,,,,,,,,,
2026-01-06 21:25:20,421260,2.0,0.0106,71.0,1.0,0.0056,71.0,,,,,,,,,,,,,,,,,,
2026-01-06 21:25:50,421258,3.0,0.0156,56.0,0.0,0.0,0.0,,,,,,,,,,,,,,,,,,
2026-01-06 21:25:50,421260,3.0,0.0139,78.0,2.0,0.025,52.0,,,,,,,,,,,,,,,,,,
2026-01-06 21:26:20,421258,4.0,0.0267,49.0,0.0,0.0,0.0,,,,,,,,,,,,,,,,,,
2026-01-06 21:26:20,421260,2.0,0.0106,78.0,5.0,0.0328,65.0,,,,,,,,,,,,,,,,,,
2026-01-06 21:26:50,421258,7.0,0.0378,60.0,0.0,0.0,0.0,,,,,,,,,,,,,,,,,,
2026-01-06 21:26:50,421260,1.0,0.0039,78.0,3.0,0.0178,60.0,,,,,,,,,,,,,,,,,,
2026-01-06 21:27:20,421258,6.0,0.035,56.0,0.0,0.0,0.0,,,,,,,,,,,,,,,,,,
2026-01-06 21:27:20,421260,2.0,0.01,71.0,5.0,0.035,56.0,,,,,,,,,,,,,,,,,,
2026-01-06 21:27:50,421258,5.0,0.0306,60.0,0.0,0.0,0.0,,,,,,,,,,,,,,,,,,
2026-01-06 21:27:50,421260,5.0,0.0306,60.0,3.0,0.0228,52.0,,,,,,,,,,,,,,,,,,
2026-01-06 21:28:20,421258,6.0,0.0339,56.0,0.0,0.0,0.0,,,,,,,,,,,,,,,,,,
2026-01-06 21:28:20,421260,4.0,0.0228,71.0,4.0,0.0228,65.0,,,,,,,,,,,,,,,,,,
2026-01-06 21:28:50,421258,2.0,0.0106,44.0,0.0,0.0,0.0,,,,,,,,,,,,,,,,,,
2026-01-06 21:28:50,421260,2.0,0.0117,60.0,4.0,0.0267,56.0,,,,,,,,,,,,,,,,,,
2026-01-06 21:29:20,421258,11.0,0.0717,49.0,0.0,0.0,0.0,,,,,,,,,,,,,,,,,,
2026-01-06 21:29:20,421260,3.0,0.0167,65.0,4.0,0.0289,49.0,,,,,,,,,,,,,,,,,,
2026-01-06 21:29:50,421258,3.0,0.0189,46.0,0.0,0.0,0.0,,,,,,,,,,,,,,,,,,
2026-01-06 21:29:50,421260,1.0,0.005,71.0,4.0,0.03,52.0,,,,,,,,,,,,,,,,,,
2026-01-06 21:30:20,421258,9.0,0.0617,46.0,0.0,0.0,0.0,,,,,,,,,,,,,,,,,,
2026-01-06 21:30:20,421260,2.0,0.0089,78.0,1.0,0.0056,65.0,,,,,,,,,,,,,,,,,,
2026-01-06 21:30:50,421258,4.0,0.0239,49.0,0.0,0.0,0.0,,,,,,,,,,,,,,,,,,
2026-01-06 21:30:50,421260,4.0,0.0228,71.0,4.0,0.0389,52.0,,,,,,,,,,,,,,,,,,
2026-01-06 21:31:20,421258,8.0,0.055,46.0,0.0,0.0,0.0,,,,,,,,,,,,,,,,,,
2026-01-06 21:31:20,421260,6.0,0.0317,71.0,6.0,0.0389,60.0,,,,,,,,,,,,,,,,,,
2026-01-06 21:31:50,421258,3.0,0.02,46.0,0.0,0.0,0.0,,,,,,,,,,,,,,,,,,
2026-01-06 21:31:50,421260,1.0,0.0056,60.0,2.0,0.015,49.0,,,,,,,,,,,,,,,,,,
2026-01-06 21:32:20,421258,10.0,0.0539,56.0,0.0,0.0,0.0,,,,,,,,,,,,,,,,,,
2026-01-06 21:32:20,421260,4.0,0.0217,71.0,5.0,0.0356,56.0,,,,,,,,,,,,,,,,,,
2026-01-06 21:32:50,421258,4.0,0.03,60.0,0.0,0.0,0.0,,,,,,,,,,,,,,,,,,
2026-01-06 21:32:50,421260,3.0,0.0167,65.0,1.0,0.0078,52.0,,,,,,,,,,,,,,,,,,
2026-01-06 21:33:20,421258,10.0,0.0656,46.0,0.0,0.0,0.0,,,,,,,,,,,,,,,,,,
2026-01-06 21:33:20,421260,5.0,0.0306,60.0,5.0,0.0378,49.0,,,,,,,,,,,,,,,,,,
2026-01-06 21:33:50,421258,4.0,0.0278,49.0,0.0,0.0,0.0,,,,,,,,,,,,,,,,,,
2026-01-06 21:33:50,421260,2.0,0.0106,71.0,2.0,0.0178,65.0,,,,,,,,,,,,,,,,,,
2026-01-06 21:34:20,421258,9.0,0.0606,46.0,0.0,0.0,0.0,,,,,,,,,,,,,,,,,,
2026-01-06 21:34:20,421260,5.0,0.03,60.0,4.0,0.0456,46.0,,,,,,,,,,,,,,,,,,
2026-01-06 21:34:50,421258,1.0,0.0067,44.0,0.0,0.0,0.0,,,,,,,,,,,,,,,,,,
2026-01-06 21:34:50,421260,0.0,0.0,0.0,2.0,0.0128,56.0,,,,,,,,,,,,,,,,,,
2026-01-06 21:35:20,421258,7.0,0.0417,49.0,0.0,0.0,0.0,,,,,,,,,,,,,,,,,,
2026-01-06 21:35:20,421260,4.0,0.0267,56.0,4.0,0.0278,56.0,,,,,,,,,,,,,,,,,,
2026-01-06 21:35:50,421258,9.0,0.0567,46.0,0.0,0.0,0.0,,,,,,,,,,,,,,,,,,
2026-01-06 21:35:50,421260,1.0,0.005,60.0,2.0,0.015,46.0,,,,,,,,,,,,,,,,,,
2026-01-06 21:36:20,421258,3.0,0.0228,44.0,0.0,0.0,0.0,,,,,,,,,,,,,,,,,,
2026-01-06 21:36:20,421260,6.0,0.0328,71.0,6.0,0.0467,52.0,,,,,,,,,,,,,,,,,,
2026-01-06 21:36:50,421258,6.0,0.0428,46.0,0.0,0.0,0.0,,,,,,,,,,,,,,,,,,
2026-01-06 21:36:50,421260,3.0,0.0167,65.0,7.0,0.0528,52.0,,,,,,,,,,,,,,,,,,
2026-01-06 21:37:20,421258,6.0,0.0306,56.0,0.0,0.0,0.0,,,,,,,,,,,,,,,,,,
2026-01-06 21:37:20,421260,0.0,0.0,0.0,1.0,0.0067,60.0,,,,,,,,,,,,,,,,,,
2026-01-06 21:37:50,421258,7.0,0.0378,56.0,0.0,0.0,0.0,,,,,,,,,,,,,,,,,,
2026-01-06 21:37:50,421260,6.0,0.0339,65.0,6.0,0.0406,56.0,,,,,,,,,,,,,,,,,,
2026-01-06 21:38:20,421258,4.0,0.0317,46.0,0.0,0.0,0.0,,,,,,,,,,,,,,,,,,
2026-01-06 21:38:20,421260,2.0,0.0106,71.0,5.0,0.0306,65.0,,,,,,,,,,,,,,,,,,
2026-01-06 21:38:50,421258,5.0,0.0339,46.0,0.0,0.0,0.0,,,,,,,,,,,,,,,,,,
2026-01-06 21:38:50,421260,3.0,0.015,71.0,5.0,0.0328,60.0,,,,,,,,,,,,,,,,,,
2026-01-06 21:39:20,421258,12.0,0.0978,38.0,0.0,0.0,0.0,,,,,,,,,,,,,,,,,,
2026-01-06 21:39:20,421260,1.0,0.01,65.0,3.0,0.02,60.0,,,,,,,,,,,,,,,,,,
2026-01-06 21:39:50,421258,13.0,0.0889,44.0,0.0,0.0,0.0,,,,,,,,,,,,,,,,,,
2026-01-06 21:39:50,421260,3.0,0.0106,71.0,5.0,0.0517,56.0,,,,,,,,,,,,,,,,,,
2026-01-06 21:40:20,421258,6.0,0.0417,44.0,0.0,0.0,0.0,,,,,,,,,,,,,,,,,,
2026-01-06 21:40:20,421260,2.0,0.0106,71.0,1.0,0.0067,52.0,,,,,,,,,,,,,,,,,,
2026-01-06 21:40:50,421258,6.0,0.0267,60.0,0.0,0.0,0.0,,,,,,,,,,,,,,,,,,
2026-01-06 21:40:50,421260,2.0,0.01,86.0,3.0,0.02,60.0,,,,,,,,,,,,,,,,,,
2026-01-06 21:41:20,421258,6.0,0.0317,56.0,0.0,0.0,0.0,,,,,,,,,,,,,,,,,,
2026-01-06 21:41:20,421260,0.0,0.0,0.0,2.0,0.0128,56.0,,,,,,,,,,,,,,,,,,
2026-01-06 21:41:50,421258,7.0,0.0367,60.0,0.0,0.0,0.0,,,,,,,,,,,,,,,,,,
2026-01-06 21:41:50,421260,3.0,0.0156,71.0,4.0,0.0256,56.0,,,,,,,,,,,,,,,,,,
2026-01-06 21:42:20,421258,5.0,0.0506,49.0,0.0,0.0,0.0,,,,,,,,,,,,,,,,,,
2026-01-06 21:42:20,421260,2.0,0.0128,65.0,4.0,0.0239,60.0,,,,,,,,,,,,,,,,,,
2026-01-06 21:42:50,421258,2.0,0.0089,60.0,0.0,0.0,0.0,,,,,,,,,,,,,,,,,,
2026-01-06 21:42:50,421260,3.0,0.0139,71.0,1.0,0.0067,56.0,,,,,,,,,,,,,,,,,,
2026-01-06 21:43:20,421258,4.0,0.0239,49.0,0.0,0.0,0.0,,,,,,,,,,,,,,,,,,
2026-01-06 21:43:20,421260,1.0,0.005,86.0,1.0,0.0089,52.0,,,,,,,,,,,,,,,,,,
2026-01-06 21:43:50,421258,6.0,0.0339,52.0,0.0,0.0,0.0,,,,,,,,,,,,,,,,,,
2026-01-06 21:43:50,421260,4.0,0.0239,65.0,8.0,0.0628,49.0,,,,,,,,,,,,,,,,,,
2026-01-06 21:44:20,421258,7.0,0.0389,49.0,0.0,0.0,0.0,,,,,,,,,,,,,,,,,,
2026-01-06 21:44:20,421260,5.0,0.03,65.0,5.0,0.0367,52.0,,,,,,,,,,,,,,,,,,
2026-01-06 21:44:50,421258,1.0,0.005,52.0,0.0,0.0,0.0,,,,,,,,,,,,,,,,,,
2026-01-06 21:44:50,421260,0.0,0.0,0.0,4.0,0.0256,60.0,,,,,,,,,,,,,,,,,,
2026-01-06 21:45:20,421258,1.0,0.0067,52.0,0.0,0.0,0.0,,,,,,,,,,,,,,,,,,
2026-01-06 21:45:20,421260,3.0,0.0178,65.0,1.0,0.0067,56.0,,,,,,,,,,,,,,,,,,
2026-01-06 21:45:50,421258,0.0,0.0,0.0,0.0,0.0,0.0,,,,,,,,,,,,,,,,,,
2026-01-06 21:45:50,421260,4.0,0.0206,71.0,3.0,0.0228,56.0,,,,,,,,,,,,,,,,,,
2026-01-06 21:46:20,421258,3.0,0.0278,26.0,0.0,0.0,0.0,,,,,,,,,,,,,,,,,,
2026-01-06 21:46:20,421260,0.0,0.0,0.0,2.0,0.0128,56.0,,,,,,,,,,,,,,,,,,
2026-01-06 21:46:50,421258,10.0,0.3078,20.0,0.0,0.0,0.0,,,,,,,,,,,,,,,,,,
2026-01-06 21:46:50,421260,2.0,0.0106,71.0,1.0,0.0078,49.0,,,,,,,,,,,,,,,,,,
2026-01-06 21:47:20,421258,4.0,0.5467,7.0,0.0,0.0,0.0,,,,,,,,,,,,,,,,,,
2026-01-06 21:47:20,421260,4.0,0.0217,71.0,6.0,0.0428,56.0,,,,,,,,,,,,,,,,,,
2026-01-06 21:47:50,421258,5.0,0.3367,8.0,0.0,0.0,0.0,,,,,,,,,,,,,,,,,,
2026-01-06 21:47:50,421260,2.0,0.0117,60.0,3.0,0.0189,65.0,,,,,,,,,,,,,,,,,,
2026-01-06 21:48:20,421258,6.0,0.2989,6.0,0.0,0.0,0.0,,,,,,,,,,,,,,,,,,
2026-01-06 21:48:20,421260,4.0,0.0217,65.0,2.0,0.015,52.0,,,,,,,,,,,,,,,,,,
2026-01-06 21:48:50,421258,9.0,0.3,11.0,0.0,0.0,0.0,,,,,,,,,,,,,,,,,,
2026-01-06 21:48:50,421260,2.0,0.0106,65.0,3.0,0.0178,65.0,,,,,,,,,,,,,,,,,,
2026-01-06 21:49:20,421258,8.0,0.3028,9.0,0.0,0.0,0.0,,,,,,,,,,,,,,,,,,
2026-01-06 21:49:20,421260,0.0,0.0,0.0,0.0,0.0,0.0,,,,,,,,,,,,,,,,,,
2026-01-06 21:49:50,421258,8.0,0.2867,9.0,0.0,0.0,0.0,,,,,,,,,,,,,,,,,,
2026-01-06 21:49:50,421260,2.0,0.01,78.0,4.0,0.0267,56.0,,,,,,,,,,,,,,,,,,
2026-01-06 21:50:20,421258,9.0,0.2256,14.0,0.0,0.0,0.0,,,,,,,,,,,,,,,,,,
2026-01-06 21:50:20,421260,0.0,0.0,0.0,1.0,0.0056,71.0,,,,,,,,,,,,,,,,,,
2026-01-06 21:50:50,421258,8.0,0.1639,16.0,0.0,0.0,0.0,,,,,,,,,,,,,,,,,,
2026-01-06 21:50:50,421260,6.0,0.0328,65.0,5.0,0.0367,52.0,,,,,,,,,,,,,,,,,,
2026-01-06 21:51:20,421258,2.0,0.0117,52.0,0.0,0.0,0.0,,,,,,,,,,,,,,,,,,
2026-01-06 21:51:20,421260,2.0,0.01,71.0,3.0,0.02,60.0,,,,,,,,,,,,,,,,,,
2026-01-06 21:51:50,421258,4.0,0.0256,49.0,0.0,0.0,0.0,,,,,,,,,,,,,,,,,,
2026-01-06 21:51:50,421260,6.0,0.0356,65.0,5.0,0.0628,60.0,,,,,,,,,,,,,,,,,,
2026-01-06 21:52:20,421258,5.0,0.0278,56.0,0.0,0.0,0.0,,,,,,,,,,,,,,,,,,
2026-01-06 21:52:20,421260,1.0,0.0056,71.0,4.0,0.025,60.0,,,,,,,,,,,,,,,,,,
2026-01-06 21:52:50,421258,5.0,0.03,52.0,0.0,0.0,0.0,,,,,,,,,,,,,,,,,,
2026-01-06 21:52:50,421260,5.0,0.0267,71.0,4.0,0.0278,56.0,,,,,,,,,,,,,,,,,,
2026-01-06 21:53:20,421258,11.0,0.08,44.0,0.0,0.0,0.0,,,,,,,,,,,,,,,,,,
2026-01-06 21:53:20,421260,1.0,0.005,86.0,3.0,0.0206,56.0,,,,,,,,,,,,,,,,,,
2026-01-06 21:53:50,421258,5.0,0.0339,46.0,0.0,0.0,0.0,,,,,,,,,,,,,,,,,,
2026-01-06 21:53:50,421260,4.0,0.0239,60.0,5.0,0.0378,56.0,,,,,,,,,,,,,,,,,,
2026-01-06 21:54:20,421258,10.0,0.0967,49.0,0.0,0.0,0.0,,,,,,,,,,,,,,,,,,
2026-01-06 21:54:20,421260,2.0,0.0106,71.0,3.0,0.0167,65.0,,,,,,,,,,,,,,,,,,
2026-01-06 21:54:50,421258,7.0,0.0356,60.0,0.0,0.0,0.0,,,,,,,,,,,,,,,,,,
2026-01-06 21:54:50,421260,2.0,0.0106,71.0,4.0,0.0278,56.0,,,,,,,,,,,,,,,,,,
2026-01-06 21:55:20,421258,2.0,0.0117,52.0,0.0,0.0,0.0,,,,,,,,,,,,,,,,,,
2026-01-06 21:55:20,421260,4.0,0.0206,71.0,6.0,0.0389,60.0,,,,,,,,,,,,,,,,,,
2026-01-06 21:55:50,421258,8.0,0.0539,46.0,0.0,0.0,0.0,,,,,,,,,,,,,,,,,,
2026-01-06 21:55:50,421260,2.0,0.0117,71.0,2.0,0.015,52.0,,,,,,,,,,,,,,,,,,
2026-01-06 21:56:20,421258,9.0,0.0667,44.0,0.0,0.0,0.0,,,,,,,,,,,,,,,,,,
2026-01-06 21:56:20,421260,2.0,0.0106,71.0,5.0,0.0478,56.0,,,,,,,,,,,,,,,,,,
2026-01-06 21:56:50,421258,4.0,0.0217,49.0,0.0,0.0,0.0,,,,,,,,,,,,,,,,,,
2026-01-06 21:56:50,421260,2.0,0.01,71.0,1.0,0.005,78.0,,,,,,,,,,,,,,,,,,
2026-01-06 21:57:20,421258,12.0,0.08,46.0,0.0,0.0,0.0,,,,,,,,,,,,,,,,,,
2026-01-06 21:57:20,421260,2.0,0.0117,71.0,4.0,0.035,52.0,,,,,,,,,,,,,,,,,,
2026-01-06 21:57:50,421258,3.0,0.0178,52.0,0.0,0.0,0.0,,,,,,,,,,,,,,,,,,
2026-01-06 21:57:50,421260,1.0,0.005,86.0,4.0,0.0217,60.0,,,,,,,,,,,,,,,,,,
2026-01-06 21:58:20,421258,6.0,0.0339,49.0,0.0,0.0,0.0,,,,,,,,,,,,,,,,,,
2026-01-06 21:58:20,421260,2.0,0.0106,71.0,4.0,0.0306,60.0,,,,,,,,,,,,,,,,,,
2026-01-06 21:58:50,421258,7.0,0.0567,52.0,0.0,0.0,0.0,,,,,,,,,,,,,,,,,,
2026-01-06 21:58:50,421260,0.0,0.0,0.0,3.0,0.0228,49.0,,,,,,,,,,,,,,,,,,
2026-01-06 21:59:20,421258,4.0,0.0256,52.0,0.0,0.0,0.0,,,,,,,,,,,,,,,,,,
2026-01-06 21:59:20,421260,2.0,0.0106,65.0,2.0,0.0128,56.0,,,,,,,,,,,,,,,,,,
2026-01-06 21:59:50,421258,4.0,0.0267,49.0,0.0,0.0,0.0,,,,,,,,,,,,,,,,,,
2026-01-06 21:59:50,421260,1.0,0.0056,65.0,3.0,0.0189,60.0,,,,,,,,,,,,,,,,,,
2026-01-06 22:00:20,421258,4.0,0.0217,49.0,0.0,0.0,0.0,,,,,,,,,,,,,,,,,,
2026-01-06 22:00:20,421260,8.0,0.0478,60.0,5.0,0.0389,49.0,,,,,,,,,,,,,,,,,,
2026-01-06 22:00:50,421258,3.0,0.015,56.0,0.0,0.0,0.0,,,,,,,,,,,,,,,,,,
2026-01-06 22:00:50,421260,3.0,0.0167,65.0,3.0,0.0256,56.0,,,,,,,,,,,,,,,,,,
2026-01-06 22:01:20,421258,6.0,0.0306,56.0,0.0,0.0,0.0,,,,,,,,,,,,,,,,,,
2026-01-06 22:01:20,421260,2.0,0.01,78.0,1.0,0.0056,65.0,,,,,,,,,,,,,,,,,,
2026-01-06 22:01:50,421258,5.0,0.0256,56.0,0.0,0.0,0.0,,,,,,,,,,,,,,,,,,
2026-01-06 22:01:50,421260,5.0,0.0239,86.0,2.0,0.0128,56.0,,,,,,,,,,,,,,,,,,
2026-01-06 22:02:20,421258,9.0,0.0567,49.0,0.0,0.0,0.0,,,,,,,,,,,,,,,,,,
2026-01-06 22:02:20,421260,1.0,0.0056,65.0,4.0,0.0317,52.0,,,,,,,,,,,,,,,,,,
2026-01-06 22:02:50,421258,9.0,0.0589,44.0,0.0,0.0,0.0,,,,,,,,,,,,,,,,,,
2026-01-06 22:02:50,421260,1.0,0.0056,78.0,3.0,0.0178,56.0,,,,,,,,,,,,,,,,,,
2026-01-06 22:03:20,421258,7.0,0.0378,52.0,0.0,0.0,0.0,,,,,,,,,,,,,,,,,,
2026-01-06 22:03:20,421260,1.0,0.005,71.0,5.0,0.0389,56.0,,,,,,,,,,,,,,,,,,
2026-01-06 22:03:50,421258,1.0,0.005,52.0,0.0,0.0,0.0,,,,,,,,,,,,,,,,,,
2026-01-06 22:03:50,421260,1.0,0.0056,71.0,0.0,0.0,0.0,,,,,,,,,,,,,,,,,,
2026-01-06 22:04:20,421258,6.0,0.0356,52.0,0.0,0.0,0.0,,,,,,,,,,,,,,,,,,
2026-01-06 22:04:20,421260,3.0,0.0178,65.0,4.0,0.0339,49.0,,,,,,,,,,,,,,,,,,
2026-01-06 22:04:50,421258,5.0,0.0306,49.0,0.0,0.0,0.0,,,,,,,,,,,,,,,,,,
2026-01-06 22:04:50,421260,2.0,0.01,78.0,2.0,0.0139,56.0,,,,,,,,,,,,,,,,,,
2026-01-06 22:05:20,421258,5.0,0.0378,46.0,0.0,0.0,0.0,,,,,,,,,,,,,,,,,,
2026-01-06 22:05:20,421260,2.0,0.0206,65.0,3.0,0.0217,56.0,,,,,,,,,,,,,,,,,,
2026-01-06 22:05:50,421258,2.0,0.0117,49.0,0.0,0.0,0.0,,,,,,,,,,,,,,,,,,
2026-01-06 22:05:50,421260,5.0,0.0278,71.0,5.0,0.0356,56.0,,,,,,,,,,,,,,,,,,
2026-01-06 22:06:20,421258,4.0,0.0267,49.0,0.0,0.0,0.0,,,,,,,,,,,,,,,,,,
2026-01-06 22:06:20,421260,1.0,0.0056,65.0,2.0,0.015,60.0,,,,,,,,,,,,,,,,,,
2026-01-06 22:06:50,421258,6.0,0.0356,52.0,0.0,0.0,0.0,,,,,,,,,,,,,,,,,,
2026-01-06 22:06:50,421260,2.0,0.0089,78.0,3.0,0.0167,71.0,,,,,,,,,,,,,,,,,,
2026-01-06 22:07:20,421258,2.0,0.02,56.0,0.0,0.0,0.0,,,,,,,,,,,,,,,,,,
2026-01-06 22:07:20,421260,0.0,0.0,0.0,1.0,0.005,71.0,,,,,,,,,,,,,,,,,,
2026-01-06 22:07:50,421258,12.0,0.0806,44.0,0.0,0.0,0.0,,,,,,,,,,,,,,,,,,
2026-01-06 22:07:50,421260,0.0,0.0,0.0,2.0,0.0128,56.0,,,,,,,,,,,,,,,,,,
2026-01-06 22:08:20,421258,6.0,0.0389,49.0,0.0,0.0,0.0,,,,,,,,,,,,,,,,,,
2026-01-06 22:08:20,421260,0.0,0.0,0.0,3.0,0.0217,56.0,,,,,,,,,,,,,,,,,,
2026-01-06 22:08:50,421258,2.0,0.0106,56.0,0.0,0.0,0.0,,,,,,,,,,,,,,,,,,
2026-01-06 22:08:50,421260,1.0,0.005,78.0,2.0,0.015,60.0,,,,,,,,,,,,,,,,,,
2026-01-06 22:09:20,421258,1.0,0.0078,40.0,0.0,0.0,0.0,,,,,,,,,,,,,,,,,,
2026-01-06 22:09:20,421260,2.0,0.01,71.0,3.0,0.0228,56.0,,,,,,,,,,,,,,,,,,
2026-01-06 22:09:50,421258,2.0,0.01,56.0,0.0,0.0,0.0,,,,,,,,,,,,,,,,,,
2026-01-06 22:09:50,421260,1.0,0.0056,65.0,4.0,0.0289,52.0,,,,,,,,,,,,,,,,,,
2026-01-06 22:10:20,421258,3.0,0.0178,56.0,0.0,0.0,0.0,,,,,,,,,,,,,,,,,,
2026-01-06 22:10:20,421260,0.0,0.0,0.0,1.0,0.0078,52.0,,,,,,,,,,,,,,,,,,
2026-01-06 22:10:50,421258,5.0,0.0267,56.0,0.0,0.0,0.0,,,,,,,,,,,,,,,,,,
2026-01-06 22:10:50,421260,0.0,0.005,0.0,3.0,0.025,49.0,,,,,,,,,,,,,,,,,,
2026-01-06 22:11:20,421258,2.0,0.0139,44.0,0.0,0.0,0.0,,,,,,,,,,,,,,,,,,
2026-01-06 22:11:20,421260,2.0,0.0056,65.0,5.0,0.0328,60.0,,,,,,,,,,,,,,,,,,
2026-01-06 22:11:50,421258,4.0,0.0278,49.0,0.0,0.0,0.0,,,,,,,,,,,,,,,,,,
2026-01-06 22:11:50,421260,5.0,0.0278,65.0,3.0,0.0206,52.0,,,,,,,,,,,,,,,,,,
2026-01-06 22:12:20,421258,2.0,0.015,42.0,0.0,0.0,0.0,,,,,,,,,,,,,,,,,,
2026-01-06 22:12:20,421260,5.0,0.0267,65.0,4.0,0.0267,60.0,,,,,,,,,,,,,,,,,,
2026-01-06 22:12:50,421258,3.0,0.0189,44.0,0.0,0.0,0.0,,,,,,,,,,,,,,,,,,
2026-01-06 22:12:50,421260,1.0,0.005,78.0,1.0,0.005,71.0,,,,,,,,,,,,,,,,,,
2026-01-06 22:13:20,421258,11.0,0.0667,49.0,0.0,0.0,0.0,,,,,,,,,,,,,,,,,,
2026-01-06 22:13:20,421260,2.0,0.01,78.0,2.0,0.0106,71.0,,,,,,,,,,,,,,,,,,
2026-01-06 22:13:50,421258,3.0,0.0189,52.0,0.0,0.0,0.0,,,,,,,,,,,,,,,,,,
2026-01-06 22:13:50,421260,2.0,0.01,71.0,5.0,0.0328,60.0,,,,,,,,,,,,,,,,,,
2026-01-06 22:14:20,421258,11.0,0.0889,40.0,0.0,0.0,0.0,,,,,,,,,,,,,,,,,,
2026-01-06 22:14:20,421260,2.0,0.01,78.0,1.0,0.005,78.0,,,,,,,,,,,,,,,,,,
2026-01-06 22:14:50,421258,1.0,0.0067,52.0,0.0,0.0,0.0,,,,,,,,,,,,,,,,,,
2026-01-06 22:14:50,421260,0.0,0.0,0.0,1.0,0.005,71.0,,,,,,,,,,,,,,,,,,
2026-01-06 22:15:20,421258,3.0,0.02,46.0,0.0,0.0,0.0,,,,,,,,,,,,,,,,,,
2026-01-06 22:15:20,421260,0.0,0.0,0.0,3.0,0.0189,65.0,,,,,,,,,,,,,,,,,,
2026-01-06 22:15:50,421258,9.0,0.0506,56.0,0.0,0.0,0.0,,,,,,,,,,,,,,,,,,
2026-01-06 22:15:50,421260,1.0,0.005,78.0,0.0,0.0,0.0,,,,,,,,,,,,,,,,,,
2026-01-06 22:16:20,421258,2.0,0.0089,52.0,0.0,0.0,0.0,,,,,,,,,,,,,,,,,,
2026-01-06 22:16:20,421260,0.0,0.0,0.0,3.0,0.0189,60.0,,,,,,,,,,,,,,,,,,
2026-01-06 22:16:50,421258,1.0,0.005,52.0,0.0,0.0,0.0,,,,,,,,,,,,,,,,,,
2026-01-06 22:16:50,421260,1.0,0.0056,60.0,0.0,0.0,0.0,,,,,,,,,,,,,,,,,,
2026-01-06 22:17:20,421258,3.0,0.0178,56.0,0.0,0.0,0.0,,,,,,,,,,,,,,,,,,
2026-01-06 22:17:20,421260,4.0,0.0217,65.0,3.0,0.0228,52.0,,,,,,,,,,,,,,,,,,
2026-01-06 22:17:50,421258,0.0,0.0,0.0,0.0,0.0,0.0,,,,,,,,,,,,,,,,,,
2026-01-06 22:17:50,421260,0.0,0.0,0.0,1.0,0.0067,52.0,,,,,,,,,,,,,,,,,,
2026-01-06 22:18:20,421258,3.0,0.015,56.0,0.0,0.0,0.0,,,,,,,,,,,,,,,,,,
2026-01-06 22:18:20,421260,0.0,0.0,0.0,4.0,0.0328,52.0,,,,,,,,,,,,,,,,,,
2026-01-06 22:18:50,421258,2.0,0.0106,56.0,0.0,0.0,0.0,,,,,,,,,,,,,,,,,,
2026-01-06 22:18:50,421260,2.0,0.01,78.0,1.0,0.0056,56.0,,,,,,,,,,,,,,,,,,
2026-01-06 22:19:20,421258,4.0,0.0217,52.0,0.0,0.0,0.0,,,,,,,,,,,,,,,,,,
2026-01-06 22:19:20,421260,2.0,0.0117,65.0,1.0,0.0417,44.0,,,,,,,,,,,,,,,,,,
2026-01-06 22:19:50,421258,1.0,0.0067,52.0,0.0,0.0,0.0,,,,,,,,,,,,,,,,,,
2026-01-06 22:19:50,421260,2.0,0.01,78.0,1.0,0.0067,52.0,,,,,,,,,,,,,,,,,,
2026-01-06 22:20:20,421258,4.0,0.0217,52.0,0.0,0.0,0.0,,,,,,,,,,,,,,,,,,
2026-01-06 22:20:20,421260,1.0,0.0056,65.0,3.0,0.0178,65.0,,,,,,,,,,,,,,,,,,
2026-01-06 22:20:50,421258,4.0,0.0278,49.0,0.0,0.0,0.0,,,,,,,,,,,,,,,,,,
2026-01-06 22:20:50,421260,2.0,0.01,71.0,1.0,0.0067,56.0,,,,,,,,,,,,,,,,,,
2026-01-06 22:21:20,421258,3.0,0.02,56.0,0.0,0.0,0.0,,,,,,,,,,,,,,,,,,
2026-01-06 22:21:20,421260,2.0,0.0106,71.0,1.0,0.0067,52.0,,,,,,,,,,,,,,,,,,
2026-01-06 22:21:50,421258,2.0,0.0517,40.0,0.0,0.0,0.0,,,,,,,,,,,,,,,,,,
2026-01-06 22:21:50,421260,3.0,0.0167,60.0,3.0,0.0239,52.0,,,,,,,,,,,,,,,,,,
2026-01-06 22:22:20,421258,5.0,0.0339,46.0,0.0,0.0,0.0,,,,,,,,,,,,,,,,,,
2026-01-06 22:22:20,421260,3.0,0.0156,65.0,2.0,0.0128,60.0,,,,,,,,,,,,,,,,,,
2026-01-06 22:22:50,421258,3.0,0.0156,56.0,0.0,0.0,0.0,,,,,,,,,,,,,,,,,,
2026-01-06 22:22:50,421260,1.0,0.0056,78.0,2.0,0.0128,60.0,,,,,,,,,,,,,,,,,,
2026-01-06 22:23:20,421258,2.0,0.0106,56.0,0.0,0.0,0.0,,,,,,,,,,,,,,,,,,
2026-01-06 22:23:20,421260,3.0,0.0156,71.0,2.0,0.0106,65.0,,,,,,,,,,,,,,,,,,
2026-01-06 22:23:50,421258,6.0,0.035,49.0,0.0,0.0,0.0,,,,,,,,,,,,,,,,,,
2026-01-06 22:23:50,421260,2.0,0.01,78.0,3.0,0.015,78.0,,,,,,,,,,,,,,,,,,
2026-01-06 22:24:20,421258,5.0,0.0306,49.0,0.0,0.0,0.0,,,,,,,,,,,,,,,,,,
2026-01-06 22:24:20,421260,0.0,0.0,0.0,2.0,0.015,60.0,,,,,,,,,,,,,,,,,,
2026-01-06 22:24:50,421258,7.0,0.0406,52.0,0.0,0.0,0.0,,,,,,,,,,,,,,,,,,
2026-01-06 22:24:50,421260,3.0,0.0139,71.0,3.0,0.0189,60.0,,,,,,,,,,,,,,,,,,
2026-01-06 22:25:20,421258,4.0,0.0256,49.0,0.0,0.0,0.0,,,,,,,,,,,,,,,,,,
2026-01-06 22:25:20,421260,4.0,0.0217,65.0,2.0,0.0128,65.0,,,,,,,,,,,,,,,,,,
2026-01-06 22:25:50,421258,1.0,0.0067,44.0,0.0,0.0,0.0,,,,,,,,,,,,,,,,,,
2026-01-06 22:25:50,421260,2.0,0.0117,60.0,2.0,0.0139,56.0,,,,,,,,,,,,,,,,,,
2026-01-06 22:26:20,421258,4.0,0.0178,65.0,0.0,0.0,0.0,,,,,,,,,,,,,,,,,,
2026-01-06 22:26:20,421260,1.0,0.0067,78.0,3.0,0.0217,56.0,,,,,,,,,,,,,,,,,,
2026-01-06 22:26:50,421258,6.0,0.0339,56.0,0.0,0.0,0.0,,,,,,,,,,,,,,,,,,
2026-01-06 22:26:50,421260,2.0,0.0089,71.0,4.0,0.0239,71.0,,,,,,,,,,,,,,,,,,
2026-01-06 22:27:20,421258,3.0,0.02,46.0,0.0,0.0,0.0,,,,,,,,,,,,,,,,,,
2026-01-06 22:27:20,421260,1.0,0.005,78.0,4.0,0.025,56.0,,,,,,,,,,,,,,,,,,
2026-01-06 22:27:50,421258,4.0,0.0228,52.0,0.0,0.0,0.0,,,,,,,,,,,,,,,,,,
2026-01-06 22:27:50,421260,3.0,0.0156,71.0,3.0,0.0178,56.0,,,,,,,,,,,,,,,,,,
2026-01-06 22:28:20,421258,5.0,0.0278,52.0,0.0,0.0,0.0,,,,,,,,,,,,,,,,,,
2026-01-06 22:28:20,421260,1.0,0.005,78.0,2.0,0.0117,65.0,,,,,,,,,,,,,,,,,,
2026-01-06 22:28:50,421258,6.0,0.0428,42.0,0.0,0.0,0.0,,,,,,,,,,,,,,,,,,
2026-01-06 22:28:50,421260,5.0,0.0267,71.0,4.0,0.0256,56.0,,,,,,,,,,,,,,,,,,
2026-01-06 22:29:20,421258,3.0,0.0156,56.0,0.0,0.0,0.0,,,,,,,,,,,,,,,,,,
2026-01-06 22:29:20,421260,1.0,0.005,65.0,2.0,0.01,71.0,,,,,,,,,,,,,,,,,,
2026-01-06 22:29:50,421258,5.0,0.0306,52.0,0.0,0.0,0.0,,,,,,,,,,,,,,,,,,
2026-01-06 22:29:50,421260,3.0,0.0156,71.0,3.0,0.0178,60.0,,,,,,,,,,,,,,,,,,
2026-01-06 22:30:20,421258,6.0,0.0317,56.0,0.0,0.0,0.0,,,,,,,,,,,,,,,,,,
2026-01-06 22:30:20,421260,3.0,0.0206,60.0,2.0,0.0256,40.0,,,,,,,,,,,,,,,,,,
2026-01-06 22:30:50,421258,7.0,0.0328,60.0,0.0,0.0,0.0,,,,,,,,,,,,,,,,,,
2026-01-06 22:30:50,421260,3.0,0.0156,65.0,3.0,0.0189,65.0,,,,,,,,,,,,,,,,,,
2026-01-06 22:31:20,421258,6.0,0.0278,60.0,0.0,0.0,0.0,,,,,,,,,,,,,,,,,,
2026-01-06 22:31:20,421260,4.0,0.0606,52.0,2.0,0.0178,33.0,,,,,,,,,,,,,,,,,,
2026-01-06 22:31:50,421258,2.0,0.01,60.0,0.0,0.0,0.0,,,,,,,,,,,,,,,,,,
2026-01-06 22:31:50,421260,2.0,0.0117,71.0,3.0,0.0217,60.0,,,,,,,,,,,,,,,,,,
2026-01-06 22:32:20,421258,5.0,0.03,52.0,0.0,0.0,0.0,,,,,,,,,,,,,,,,,,
2026-01-06 22:32:20,421260,3.0,0.015,78.0,2.0,0.015,65.0,,,,,,,,,,,,,,,,,,
2026-01-06 22:32:50,421258,5.0,0.0267,56.0,0.0,0.0,0.0,,,,,,,,,,,,,,,,,,
2026-01-06 22:32:50,421260,0.0,0.0,0.0,3.0,0.0267,60.0,,,,,,,,,,,,,,,,,,
2026-01-06 22:33:20,421258,1.0,0.005,52.0,0.0,0.0,0.0,,,,,,,,,,,,,,,,,,
2026-01-06 22:33:20,421260,5.0,0.0289,71.0,6.0,0.0439,60.0,,,,,,,,,,,,,,,,,,
2026-01-06 22:33:50,421258,11.0,0.18,26.0,0.0,0.0,0.0,,,,,,,,,,,,,,,,,,
2026-01-06 22:33:50,421260,2.0,0.0128,65.0,1.0,0.0067,65.0,,,,,,,,,,,,,,,,,,
2026-01-06 22:34:20,421258,6.0,0.0667,32.0,0.0,0.0,0.0,,,,,,,,,,,,,,,,,,
2026-01-06 22:34:20,421260,1.0,0.0039,71.0,2.0,0.0128,56.0,,,,,,,,,,,,,,,,,,
2026-01-06 22:34:50,421258,7.0,0.0506,56.0,0.0,0.0,0.0,,,,,,,,,,,,,,,,,,
2026-01-06 22:34:50,421260,2.0,0.01,71.0,2.0,0.0117,65.0,,,,,,,,,,,,,,,,,,
2026-01-06 22:35:20,421258,7.0,0.0378,60.0,0.0,0.0,0.0,,,,,,,,,,,,,,,,,,
2026-01-06 22:35:20,421260,3.0,0.0178,60.0,4.0,0.0367,52.0,,,,,,,,,,,,,,,,,,
2026-01-06 22:35:50,421258,2.0,0.0156,49.0,0.0,0.0,0.0,,,,,,,,,,,,,,,,,,
2026-01-06 22:35:50,421260,1.0,0.005,78.0,3.0,0.0217,56.0,,,,,,,,,,,,,,,,,,
2026-01-06 22:36:20,421258,6.0,0.0256,60.0,0.0,0.0,0.0,,,,,,,,,,,,,,,,,,
2026-01-06 22:36:20,421260,1.0,0.0056,65.0,4.0,0.0239,65.0,,,,,,,,,,,,,,,,,,
2026-01-06 22:36:50,421258,2.0,0.0078,60.0,0.0,0.0,0.0,,,,,,,,,,,,,,,,,,
2026-01-06 22:36:50,421260,2.0,0.0117,65.0,2.0,0.015,56.0,,,,,,,,,,,,,,,,,,
2026-01-06 22:37:20,421258,4.0,0.03,60.0,0.0,0.0,0.0,,,,,,,,,,,,,,,,,,
2026-01-06 22:37:20,421260,2.0,0.01,65.0,2.0,0.0217,60.0,,,,,,,,,,,,,,,,,,
2026-01-06 22:37:50,421258,7.0,0.0389,49.0,0.0,0.0,0.0,,,,,,,,,,,,,,,,,,
2026-01-06 22:37:50,421260,1.0,0.0056,78.0,2.0,0.0139,56.0,,,,,,,,,,,,,,,,,,
2026-01-06 22:38:20,421258,3.0,0.0178,56.0,0.0,0.0,0.0,,,,,,,,,,,,,,,,,,
2026-01-06 22:38:20,421260,2.0,0.0128,56.0,4.0,0.04,52.0,,,,,,,,,,,,,,,,,,
2026-01-06 22:38:50,421258,3.0,0.0156,56.0,0.0,0.0,0.0,,,,,,,,,,,,,,,,,,
2026-01-06 22:38:50,421260,2.0,0.01,71.0,4.0,0.0256,65.0,,,,,,,,,,,,,,,,,,
2026-01-06 22:39:20,421258,6.0,0.0439,44.0,0.0,0.0,0.0,,,,,,,,,,,,,,,,,,
2026-01-06 22:39:20,421260,3.0,0.0156,71.0,3.0,0.02,60.0,,,,,,,,,,,,,,,,,,
2026-01-06 22:39:50,421258,2.0,0.0117,56.0,0.0,0.0,0.0,,,,,,,,,,,,,,,,,,
2026-01-06 22:39:50,421260,0.0,0.0,0.0,6.0,0.0456,49.0,,,,,,,,,,,,,,,,,,
2026-01-06 22:40:20,421258,6.0,0.0306,60.0,0.0,0.0,0.0,,,,,,,,,,,,,,,,,,
2026-01-06 22:40:20,421260,3.0,0.0167,65.0,2.0,0.0217,56.0,,,,,,,,,,,,,,,,,,
2026-01-06 22:40:50,421258,7.0,0.055,52.0,0.0,0.0,0.0,,,,,,,,,,,,,,,,,,
2026-01-06 22:40:50,421260,3.0,0.0167,65.0,3.0,0.0189,60.0,,,,,,,,,,,,,,,,,,
2026-01-06 22:41:20,421258,5.0,0.0306,49.0,0.0,0.0,0.0,,,,,,,,,,,,,,,,,,
2026-01-06 22:41:20,421260,0.0,0.0,0.0,2.0,0.0128,65.0,,,,,,,,,,,,,,,,,,
2026-01-06 22:41:50,421258,0.0,0.0,0.0,0.0,0.0,0.0,,,,,,,,,,,,,,,,,,
2026-01-06 22:41:50,421260,3.0,0.0156,71.0,2.0,0.0139,56.0,,,,,,,,,,,,,,,,,,
2026-01-06 22:42:20,421258,7.0,0.0456,49.0,0.0,0.0,0.0,,,,,,,,,,,,,,,,,,
2026-01-06 22:42:20,421260,0.0,0.0,0.0,2.0,0.0139,52.0,,,,,,,,,,,,,,,,,,
2026-01-06 22:42:50,421258,8.0,0.055,52.0,0.0,0.0,0.0,,,,,,,,,,,,,,,,,,
2026-01-06 22:42:50,421260,5.0,0.0428,40.0,4.0,0.0389,38.0,,,,,,,,,,,,,,,,,,
2026-01-06 22:43:20,421258,3.0,0.0156,56.0,0.0,0.0,0.0,,,,,,,,,,,,,,,,,,
2026-01-06 22:43:20,421260,3.0,0.0339,52.0,2.0,0.0267,38.0,,,,,,,,,,,,,,,,,,
2026-01-06 22:43:50,421258,2.0,0.0078,60.0,0.0,0.0,0.0,,,,,,,,,,,,,,,,,,
2026-01-06 22:43:50,421260,4.0,0.0278,60.0,6.0,0.0439,52.0,,,,,,,,,,,,,,,,,,
2026-01-06 22:44:20,421258,3.0,0.0178,52.0,0.0,0.0,0.0,,,,,,,,,,,,,,,,,,
2026-01-06 22:44:20,421260,0.0,0.0,0.0,2.0,0.0106,60.0,,,,,,,,,,,,,,,,,,
2026-01-06 22:44:50,421258,0.0,0.0,0.0,0.0,0.0,0.0,,,,,,,,,,,,,,,,,,
2026-01-06 22:44:50,421260,1.0,0.0056,65.0,1.0,0.0078,52.0,,,,,,,,,,,,,,,,,,
2026-01-06 22:45:20,421258,2.0,0.0139,44.0,0.0,0.0,0.0,,,,,,,,,,,,,,,,,,
2026-01-06 22:45:20,421260,4.0,0.0206,71.0,3.0,0.0206,56.0,,,,,,,,,,,,,,,,,,
2026-01-06 22:45:50,421258,10.0,0.1,40.0,0.0,0.0,0.0,,,,,,,,,,,,,,,,,,
2026-01-06 22:45:50,421260,2.0,0.01,78.0,2.0,0.0117,65.0,,,,,,,,,,,,,,,,,,
2026-01-06 22:46:20,421258,9.0,0.0889,38.0,0.0,0.0,0.0,,,,,,,,,,,,,,,,,,
2026-01-06 22:46:20,421260,1.0,0.0056,71.0,2.0,0.0106,65.0,,,,,,,,,,,,,,,,,,
2026-01-06 22:46:50,421258,5.0,0.0339,44.0,0.0,0.0,0.0,,,,,,,,,,,,,,,,,,
2026-01-06 22:46:50,421260,0.0,0.0,0.0,2.0,0.0128,65.0,,,,,,,,,,,,,,,,,,
2026-01-06 22:47:20,421258,8.0,0.0428,52.0,0.0,0.0,0.0,,,,,,,,,,,,,,,,,,
2026-01-06 22:47:20,421260,1.0,0.0039,86.0,3.0,0.0178,60.0,,,,,,,,,,,,,,,,,,
2026-01-06 22:47:50,421258,2.0,0.0117,52.0,0.0,0.0,0.0,,,,,,,,,,,,,,,,,,
2026-01-06 22:47:50,421260,2.0,0.0106,71.0,1.0,0.0056,71.0,,,,,,,,,,,,,,,,,,
2026-01-06 22:48:20,421258,4.0,0.0217,56.0,0.0,0.0,0.0,,,,,,,,,,,,,,,,,,
2026-01-06 22:48:20,421260,0.0,0.0,0.0,2.0,0.0117,60.0,,,,,,,,,,,,,,,,,,
2026-01-06 22:48:50,421258,1.0,0.0039,78.0,0.0,0.0,0.0,,,,,,,,,,,,,,,,,,
2026-01-06 22:48:50,421260,2.0,0.0167,71.0,3.0,0.0228,52.0,,,,,,,,,,,,,,,,,,
2026-01-06 22:49:20,421258,7.0,0.0389,56.0,0.0,0.0,0.0,,,,,,,,,,,,,,,,,,
2026-01-06 22:49:20,421260,0.0,0.0,0.0,1.0,0.0067,60.0,,,,,,,,,,,,,,,,,,
2026-01-06 22:49:50,421258,1.0,0.005,60.0,0.0,0.0,0.0,,,,,,,,,,,,,,,,,,
2026-01-06 22:49:50,421260,3.0,0.0139,78.0,3.0,0.0217,56.0,,,,,,,,,,,,,,,,,,
2026-01-06 22:50:20,421258,3.0,0.015,60.0,0.0,0.0,0.0,,,,,,,,,,,,,,,,,,
2026-01-06 22:50:20,421260,3.0,0.0156,71.0,5.0,0.0356,49.0,,,,,,,,,,,,,,,,,,
2026-01-06 22:50:50,421258,1.0,0.0117,52.0,0.0,0.0,0.0,,,,,,,,,,,,,,,,,,
2026-01-06 22:50:50,421260,2.0,0.01,78.0,2.0,0.0128,60.0,,,,,,,,,,,,,,,,,,
2026-01-06 22:51:20,421258,8.0,0.0467,49.0,0.0,0.0,0.0,,,,,,,,,,,,,,,,,,
2026-01-06 22:51:20,421260,2.0,0.01,71.0,2.0,0.0128,65.0,,,,,,,,,,,,,,,,,,
2026-01-06 22:51:50,421258,1.0,0.0039,60.0,0.0,0.0,0.0,,,,,,,,,,,,,,,,,,
2026-01-06 22:51:50,421260,2.0,0.01,78.0,3.0,0.0189,65.0,,,,,,,,,,,,,,,,,,
2026-01-06 22:52:20,421258,5.0,0.0317,49.0,0.0,0.0,0.0,,,,,,,,,,,,,,,,,,
2026-01-06 22:52:20,421260,1.0,0.0056,71.0,4.0,0.0267,60.0,,,,,,,,,,,,,,,,,,
2026-01-06 22:52:50,421258,7.0,0.0417,49.0,0.0,0.0,0.0,,,,,,,,,,,,,,,,,,
2026-01-06 22:52:50,421260,2.0,0.01,78.0,1.0,0.0056,60.0,,,,,,,,,,,,,,,,,,
2026-01-06 22:53:20,421258,6.0,0.0306,56.0,0.0,0.0,0.0,,,,,,,,,,,,,,,,,,
2026-01-06 22:53:20,421260,4.0,0.0206,71.0,2.0,0.0128,60.0,,,,,,,,,,,,,,,,,,
2026-01-06 22:53:50,421258,4.0,0.0217,60.0,0.0,0.0,0.0,,,,,,,,,,,,,,,,,,
2026-01-06 22:53:50,421260,0.0,0.0,0.0,5.0,0.0567,46.0,,,,,,,,,,,,,,,,,,
2026-01-06 22:54:20,421258,4.0,0.0217,56.0,0.0,0.0,0.0,,,,,,,,,,,,,,,,,,
2026-01-06 22:54:20,421260,4.0,0.0206,71.0,4.0,0.0278,56.0,,,,,,,,,,,,,,,,,,
2026-01-06 22:54:50,421258,4.0,0.0256,49.0,0.0,0.0,0.0,,,,,,,,,,,,,,,,,,
2026-01-06 22:54:50,421260,2.0,0.0106,78.0,1.0,0.005,71.0,,,,,,,,,,,,,,,,,,
2026-01-06 22:55:20,421258,3.0,0.0189,46.0,0.0,0.0,0.0,,,,,,,,,,,,,,,,,,
2026-01-06 22:55:20,421260,1.0,0.005,65.0,0.0,0.0,0.0,,,,,,,,,,,,,,,,,,
2026-01-06 22:55:50,421258,5.0,0.0306,49.0,0.0,0.0,0.0,,,,,,,,,,,,,,,,,,
2026-01-06 22:55:50,421260,1.0,0.005,78.0,1.0,0.0056,71.0,,,,,,,,,,,,,,,,,,
2026-01-06 22:56:20,421258,7.0,0.0506,42.0,0.0,0.0,0.0,,,,,,,,,,,,,,,,,,
2026-01-06 22:56:20,421260,1.0,0.005,71.0,3.0,0.0206,56.0,,,,,,,,,,,,,,,,,,
2026-01-06 22:56:50,421258,3.0,0.0278,42.0,0.0,0.0,0.0,,,,,,,,,,,,,,,,,,
2026-01-06 22:56:50,421260,1.0,0.0056,71.0,2.0,0.0106,65.0,,,,,,,,,,,,,,,,,,
2026-01-06 22:57:20,421258,2.0,0.0128,49.0,0.0,0.0,0.0,,,,,,,,,,,,,,,,,,
2026-01-06 22:57:20,421260,2.0,0.01,65.0,1.0,0.0067,60.0,,,,,,,,,,,,,,,,,,
2026-01-06 22:57:50,421258,2.0,0.0078,60.0,0.0,0.0,0.0,,,,,,,,,,,,,,,,,,
2026-01-06 22:57:50,421260,3.0,0.015,78.0,2.0,0.0106,65.0,,,,,,,,,,,,,,,,,,
2026-01-06 22:58:20,421258,5.0,0.0278,52.0,0.0,0.0,0.0,,,,,,,,,,,,,,,,,,
2026-01-06 22:58:20,421260,1.0,0.005,71.0,4.0,0.0256,65.0,,,,,,,,,,,,,,,,,,
2026-01-06 22:58:50,421258,3.0,0.0189,49.0,0.0,0.0,0.0,,,,,,,,,,,,,,,,,,
2026-01-06 22:58:50,421260,2.0,0.0106,71.0,2.0,0.0139,56.0,,,,,,,,,,,,,,,,,,
2026-01-06 22:59:20,421258,4.0,0.02,60.0,0.0,0.0,0.0,,,,,,,,,,,,,,,,,,
2026-01-06 22:59:20,421260,2.0,0.01,71.0,2.0,0.0106,60.0,,,,,,,,,,,,,,,,,,
2026-01-06 22:59:50,421258,4.0,0.02,60.0,0.0,0.0,0.0,,,,,,,,,,,,,,,,,,
2026-01-06 22:59:50,421260,1.0,0.0056,71.0,3.0,0.02,65.0,,,,,,,,,,,,,,,,,,
2026-01-06 23:00:20,421258,5.0,0.0256,56.0,0.0,0.0,0.0,,,,,,,,,,,,,,,,,,
2026-01-06 23:00:20,421260,2.0,0.0117,71.0,6.0,0.045,56.0,,,,,,,,,,,,,,,,,,
2026-01-06 23:00:50,421258,4.0,0.0189,52.0,0.0,0.0,0.0,,,,,,,,,,,,,,,,,,
2026-01-06 23:00:50,421260,0.0,0.0,0.0,1.0,0.0078,52.0,,,,,,,,,,,,,,,,,,
2026-01-06 23:01:20,421258,3.0,0.015,60.0,0.0,0.0,0.0,,,,,,,,,,,,,,,,,,
2026-01-06 23:01:20,421260,0.0,0.0,0.0,1.0,0.0056,65.0,,,,,,,,,,,,,,,,,,
2026-01-06 23:01:50,421258,4.0,0.0256,49.0,0.0,0.0,0.0,,,,,,,,,,,,,,,,,,
2026-01-06 23:01:50,421260,2.0,0.01,71.0,3.0,0.0156,71.0,,,,,,,,,,,,,,,,,,
2026-01-06 23:02:20,421258,6.0,0.0356,52.0,0.0,0.0,0.0,,,,,,,,,,,,,,,,,,
2026-01-06 23:02:20,421260,3.0,0.0156,71.0,3.0,0.0239,65.0,,,,,,,,,,,,,,,,,,
2026-01-06 23:02:50,421258,1.0,0.0078,44.0,0.0,0.0,0.0,,,,,,,,,,,,,,,,,,
2026-01-06 23:02:50,421260,2.0,0.0117,65.0,4.0,0.0256,52.0,,,,,,,,,,,,,,,,,,
2026-01-06 23:03:20,421258,4.0,0.0267,44.0,0.0,0.0,0.0,,,,,,,,,,,,,,,,,,
2026-01-06 23:03:20,421260,5.0,0.0278,71.0,2.0,0.0128,56.0,,,,,,,,,,,,,,,,,,
2026-01-06 23:03:50,421258,9.0,0.0539,52.0,0.0,0.0,0.0,,,,,,,,,,,,,,,,,,
2026-01-06 23:03:50,421260,1.0,0.0039,78.0,2.0,0.0128,65.0,,,,,,,,,,,,,,,,,,
2026-01-06 23:04:20,421258,3.0,0.015,60.0,0.0,0.0,0.0,,,,,,,,,,,,,,,,,,
2026-01-06 23:04:20,421260,3.0,0.0139,78.0,2.0,0.0256,52.0,,,,,,,,,,,,,,,,,,
2026-01-06 23:04:50,421258,3.0,0.0178,52.0,0.0,0.0,0.0,,,,,,,,,,,,,,,,,,
2026-01-06 23:04:50,421260,0.0,0.0,0.0,3.0,0.0189,60.0,,,,,,,,,,,,,,,,,,
2026-01-06 23:05:20,421258,7.0,0.05,44.0,0.0,0.0,0.0,,,,,,,,,,,,,,,,,,
2026-01-06 23:05:20,421260,2.0,0.0106,78.0,4.0,0.025,65.0,,,,,,,,,,,,,,,,,,
2026-01-06 23:05:50,421258,6.0,0.0378,46.0,0.0,0.0,0.0,,,,,,,,,,,,,,,,,,
2026-01-06 23:05:50,421260,1.0,0.0067,52.0,1.0,0.0056,56.0,,,,,,,,,,,,,,,,,,
2026-01-06 23:06:20,421258,0.0,0.0,0.0,0.0,0.0,0.0,,,,,,,,,,,,,,,,,,
2026-01-06 23:06:20,421260,0.0,0.0,0.0,3.0,0.02,60.0,,,,,,,,,,,,,,,,,,
2026-01-06 23:06:50,421258,4.0,0.0239,52.0,0.0,0.0,0.0,,,,,,,,,,,,,,,,,,
2026-01-06 23:06:50,421260,2.0,0.01,71.0,1.0,0.005,71.0,,,,,,,,,,,,,,,,,,
2026-01-06 23:07:20,421258,6.0,0.0428,46.0,0.0,0.0,0.0,,,,,,,,,,,,,,,,,,
2026-01-06 23:07:20,421260,3.0,0.015,71.0,2.0,0.0117,65.0,,,,,,,,,,,,,,,,,,
2026-01-06 23:07:50,421258,2.0,0.0117,52.0,0.0,0.0,0.0,,,,,,,,,,,,,,,,,,
2026-01-06 23:07:50,421260,2.0,0.0089,71.0,1.0,0.0067,52.0,,,,,,,,,,,,,,,,,,
2026-01-06 23:08:20,421258,5.0,0.03,56.0,0.0,0.0,0.0,,,,,,,,,,,,,,,,,,
2026-01-06 23:08:20,421260,2.0,0.0106,71.0,2.0,0.015,52.0,,,,,,,,,,,,,,,,,,
2026-01-06 23:08:50,421258,3.0,0.015,56.0,0.0,0.0,0.0,,,,,,,,,,,,,,,,,,
2026-01-06 23:08:50,421260,0.0,0.0,0.0,2.0,0.0106,65.0,,,,,,,,,,,,,,,,,,
2026-01-06 23:09:20,421258,3.0,0.0139,60.0,0.0,0.0,0.0,,,,,,,,,,,,,,,,,,
2026-01-06 23:09:20,421260,3.0,0.015,78.0,1.0,0.0067,60.0,,,,,,,,,,,,,,,,,,
2026-01-06 23:09:50,421258,2.0,0.0106,52.0,0.0,0.0,0.0,,,,,,,,,,,,,,,,,,
2026-01-06 23:09:50,421260,1.0,0.0056,65.0,2.0,0.0128,65.0,,,,,,,,,,,,,,,,,,
2026-01-06 23:10:20,421258,4.0,0.0239,49.0,0.0,0.0,0.0,,,,,,,,,,,,,,,,,,
2026-01-06 23:10:20,421260,3.0,0.0206,56.0,5.0,0.0339,56.0,,,,,,,,,,,,,,,,,,
2026-01-06 23:10:50,421258,3.0,0.0217,40.0,0.0,0.0,0.0,,,,,,,,,,,,,,,,,,
2026-01-06 23:10:50,421260,0.0,0.0,0.0,0.0,0.0,0.0,,,,,,,,,,,,,,,,,,
2026-01-06 23:11:20,421258,5.0,0.0339,46.0,0.0,0.0,0.0,,,,,,,,,,,,,,,,,,
2026-01-06 23:11:20,421260,0.0,0.0,0.0,3.0,0.0178,65.0,,,,,,,,,,,,,,,,,,
2026-01-06 23:11:50,421258,2.0,0.015,49.0,0.0,0.0,0.0,,,,,,,,,,,,,,,,,,
2026-01-06 23:11:50,421260,2.0,0.0117,65.0,1.0,0.005,78.0,,,,,,,,,,,,,,,,,,
2026-01-06 23:12:20,421258,5.0,0.0256,56.0,0.0,0.0,0.0,,,,,,,,,,,,,,,,,,
2026-01-06 23:12:20,421260,0.0,0.0,0.0,0.0,0.0,0.0,,,,,,,,,,,,,,,,,,
2026-01-06 23:12:50,421258,3.0,0.0228,40.0,0.0,0.0,0.0,,,,,,,,,,,,,,,,,,
2026-01-06 23:12:50,421260,3.0,0.0156,78.0,2.0,0.0106,78.0,,,,,,,,,,,,,,,,,,
2026-01-06 23:13:20,421258,5.0,0.03,49.0,0.0,0.0,0.0,,,,,,,,,,,,,,,,,,
2026-01-06 23:13:20,421260,1.0,0.005,71.0,2.0,0.015,49.0,,,,,,,,,,,,,,,,,,
2026-01-06 23:13:50,421258,2.0,0.0117,52.0,0.0,0.0,0.0,,,,,,,,,,,,,,,,,,
2026-01-06 23:13:50,421260,2.0,0.0128,65.0,5.0,0.0339,60.0,,,,,,,,,,,,,,,,,,
2026-01-06 23:14:20,421258,3.0,0.0139,65.0,0.0,0.0,0.0,,,,,,,,,,,,,,,,,,
2026-01-06 23:14:20,421260,1.0,0.005,65.0,2.0,0.0139,56.0,,,,,,,,,,,,,,,,,,
2026-01-06 23:14:50,421258,1.0,0.005,60.0,0.0,0.0,0.0,,,,,,,,,,,,,,,,,,
2026-01-06 23:14:50,421260,2.0,0.0106,71.0,2.0,0.0128,65.0,,,,,,,,,,,,,,,,,,
2026-01-06 23:15:20,421258,2.0,0.0139,44.0,0.0,0.0,0.0,,,,,,,,,,,,,,,,,,
2026-01-06 23:15:20,421260,1.0,0.005,78.0,3.0,0.0189,65.0,,,,,,,,,,,,,,,,,,
2026-01-06 23:15:50,421258,8.0,0.0506,49.0,0.0,0.0,0.0,,,,,,,,,,,,,,,,,,
2026-01-06 23:15:50,421260,0.0,0.0,0.0,1.0,0.0067,60.0,,,,,,,,,,,,,,,,,,
2026-01-06 23:16:20,421258,3.0,0.0239,49.0,0.0,0.0,0.0,,,,,,,,,,,,,,,,,,
2026-01-06 23:16:20,421260,0.0,0.0,0.0,1.0,0.0067,49.0,,,,,,,,,,,,,,,,,,
2026-01-06 23:16:50,421258,8.0,0.05,49.0,0.0,0.0,0.0,,,,,,,,,,,,,,,,,,
2026-01-06 23:16:50,421260,1.0,0.0056,71.0,3.0,0.02,56.0,,,,,,,,,,,,,,,,,,
2026-01-06 23:17:20,421258,0.0,0.0,0.0,0.0,0.0,0.0,,,,,,,,,,,,,,,,,,
2026-01-06 23:17:20,421260,2.0,0.0106,60.0,1.0,0.0406,44.0,,,,,,,,,,,,,,,,,,
2026-01-06 23:17:50,421258,1.0,0.005,52.0,0.0,0.0,0.0,,,,,,,,,,,,,,,,,,
2026-01-06 23:17:50,421260,2.0,0.01,78.0,6.0,0.035,52.0,,,,,,,,,,,,,,,,,,
2026-01-06 23:18:20,421258,1.0,0.005,52.0,0.0,0.0,0.0,,,,,,,,,,,,,,,,,,
2026-01-06 23:18:20,421260,1.0,0.005,71.0,2.0,0.0139,65.0,,,,,,,,,,,,,,,,,,
2026-01-06 23:18:50,421258,4.0,0.02,52.0,0.0,0.0,0.0,,,,,,,,,,,,,,,,,,
2026-01-06 23:18:50,421260,0.0,0.0,0.0,1.0,0.0067,56.0,,,,,,,,,,,,,,,,,,
2026-01-06 23:19:20,421258,4.0,0.0189,56.0,0.0,0.0,0.0,,,,,,,,,,,,,,,,,,
2026-01-06 23:19:20,421260,3.0,0.0167,65.0,3.0,0.0217,56.0,,,,,,,,,,,,,,,,,,
2026-01-06 23:19:50,421258,4.0,0.0556,52.0,0.0,0.0,0.0,,,,,,,,,,,,,,,,,,
2026-01-06 23:19:50,421260,1.0,0.0056,71.0,1.0,0.0039,52.0,,,,,,,,,,,,,,,,,,
2026-01-06 23:20:20,421258,3.0,0.02,49.0,0.0,0.0,0.0,,,,,,,,,,,,,,,,,,
2026-01-06 23:20:20,421260,2.0,0.01,71.0,1.0,0.0056,78.0,,,,,,,,,,,,,,,,,,
2026-01-06 23:20:50,421258,1.0,0.0067,52.0,0.0,0.0,0.0,,,,,,,,,,,,,,,,,,
2026-01-06 23:20:50,421260,0.0,0.0,0.0,0.0,0.0,0.0,,,,,,,,,,,,,,,,,,
2026-01-06 23:21:20,421258,5.0,0.0217,56.0,0.0,0.0,0.0,,,,,,,,,,,,,,,,,,
2026-01-06 23:21:20,421260,0.0,0.0,0.0,1.0,0.0067,52.0,,,,,,,,,,,,,,,,,,
2026-01-06 23:21:50,421258,5.0,0.0267,56.0,0.0,0.0,0.0,,,,,,,,,,,,,,,,,,
2026-01-06 23:21:50,421260,0.0,0.0,0.0,0.0,0.0,0.0,,,,,,,,,,,,,,,,,,
2026-01-06 23:22:20,421258,0.0,0.0,0.0,0.0,0.0,0.0,,,,,,,,,,,,,,,,,,
2026-01-06 23:22:20,421260,2.0,0.015,60.0,5.0,0.0417,56.0,,,,,,,,,,,,,,,,,,
2026-01-06 23:22:50,421258,0.0,0.0,0.0,0.0,0.0,0.0,,,,,,,,,,,,,,,,,,
2026-01-06 23:22:50,421260,3.0,0.0156,71.0,3.0,0.0256,44.0,,,,,,,,,,,,,,,,,,
2026-01-06 23:23:20,421258,1.0,0.005,60.0,0.0,0.0,0.0,,,,,,,,,,,,,,,,,,
2026-01-06 23:23:20,421260,1.0,0.005,71.0,3.0,0.0189,60.0,,,,,,,,,,,,,,,,,,
2026-01-06 23:23:50,421258,0.0,0.0,0.0,0.0,0.0,0.0,,,,,,,,,,,,,,,,,,
2026-01-06 23:23:50,421260,0.0,0.0,0.0,1.0,0.0056,65.0,,,,,,,,,,,,,,,,,,
2026-01-06 23:24:20,421258,7.0,0.0506,49.0,0.0,0.0,0.0,,,,,,,,,,,,,,,,,,
2026-01-06 23:24:20,421260,1.0,0.0056,71.0,0.0,0.0,0.0,,,,,,,,,,,,,,,,,,
2026-01-06 23:24:50,421258,4.0,0.0239,60.0,0.0,0.0,0.0,,,,,,,,,,,,,,,,,,
2026-01-06 23:24:50,421260,2.0,0.01,71.0,2.0,0.0106,71.0,,,,,,,,,,,,,,,,,,
2026-01-06 23:25:20,421258,3.0,0.0228,44.0,0.0,0.0,0.0,,,,,,,,,,,,,,,,,,
2026-01-06 23:25:20,421260,0.0,0.0,0.0,3.0,0.0189,60.0,,,,,,,,,,,,,,,,,,
2026-01-06 23:25:50,421258,3.0,0.0256,40.0,0.0,0.0,0.0,,,,,,,,,,,,,,,,,,
2026-01-06 23:25:50,421260,2.0,0.01,78.0,1.0,0.0089,60.0,,,,,,,,,,,,,,,,,,
2026-01-06 23:26:20,421258,3.0,0.0156,56.0,0.0,0.0,0.0,,,,,,,,,,,,,,,,,,
2026-01-06 23:26:20,421260,0.0,0.0,0.0,3.0,0.015,65.0,,,,,,,,,,,,,,,,,,
2026-01-06 23:26:50,421258,2.0,0.0106,56.0,0.0,0.0,0.0,,,,,,,,,,,,,,,,,,
2026-01-06 23:26:50,421260,1.0,0.005,78.0,1.0,0.0056,60.0,,,,,,,,,,,,,,,,,,
2026-01-06 23:27:20,421258,2.0,0.0089,65.0,0.0,0.0,0.0,,,,,,,,,,,,,,,,,,
2026-01-06 23:27:20,421260,0.0,0.0,0.0,2.0,0.0128,65.0,,,,,,,,,,,,,,,,,,
2026-01-06 23:27:50,421258,4.0,0.0217,56.0,0.0,0.0,0.0,,,,,,,,,,,,,,,,,,
2026-01-06 23:27:50,421260,0.0,0.0,0.0,0.0,0.0,0.0,,,,,,,,,,,,,,,,,,
2026-01-06 23:28:20,421258,2.0,0.0089,60.0,0.0,0.0,0.0,,,,,,,,,,,,,,,,,,
2026-01-06 23:28:20,421260,1.0,0.005,71.0,3.0,0.0228,49.0,,,,,,,,,,,,,,,,,,
2026-01-06 23:28:50,421258,2.0,0.01,60.0,0.0,0.0,0.0,,,,,,,,,,,,,,,,,,
2026-01-06 23:28:50,421260,0.0,0.0,0.0,3.0,0.0206,52.0,,,,,,,,,,,,,,,,,,
2026-01-06 23:29:20,421258,1.0,0.0039,78.0,0.0,0.0,0.0,,,,,,,,,,,,,,,,,,
2026-01-06 23:29:20,421260,0.0,0.0,0.0,3.0,0.0189,71.0,,,,,,,,,,,,,,,,,,
2026-01-06 23:29:50,421258,1.0,0.005,52.0,0.0,0.0,0.0,,,,,,,,,,,,,,,,,,
2026-01-06 23:29:50,421260,1.0,0.005,86.0,2.0,0.0139,56.0,,,,,,,,,,,,,,,,,,
2026-01-06 23:30:20,421258,0.0,0.0,0.0,0.0,0.0,0.0,,,,,,,,,,,,,,,,,,
2026-01-06 23:30:20,421260,1.0,0.005,71.0,1.0,0.0056,65.0,,,,,,,,,,,,,,,,,,
2026-01-06 23:30:50,421258,4.0,0.0267,52.0,0.0,0.0,0.0,,,,,,,,,,,,,,,,,,
2026-01-06 23:30:50,421260,0.0,0.0,0.0,2.0,0.0139,60.0,,,,,,,,,,,,,,,,,,
2026-01-06 23:31:20,421258,4.0,0.0256,52.0,0.0,0.0,0.0,,,,,,,,,,,,,,,,,,
2026-01-06 23:31:20,421260,2.0,0.0089,71.0,3.0,0.0189,60.0,,,,,,,,,,,,,,,,,,
2026-01-06 23:31:50,421258,3.0,0.0178,52.0,0.0,0.0,0.0,,,,,,,,,,,,,,,,,,
2026-01-06 23:31:50,421260,0.0,0.0,0.0,0.0,0.0,0.0,,,,,,,,,,,,,,,,,,
2026-01-06 23:32:20,421258,3.0,0.0178,46.0,0.0,0.0,0.0,,,,,,,,,,,,,,,,,,
2026-01-06 23:32:20,421260,0.0,0.0,0.0,2.0,0.0139,56.0,,,,,,,,,,,,,,,,,,
2026-01-06 23:32:50,421258,1.0,0.0067,52.0,0.0,0.0,0.0,,,,,,,,,,,,,,,,,,
2026-01-06 23:32:50,421260,0.0,0.0,0.0,2.0,0.0139,56.0,,,,,,,,,,,,,,,,,,
2026-01-06 23:33:20,421258,4.0,0.02,52.0,0.0,0.0,0.0,,,,,,,,,,,,,,,,,,
2026-01-06 23:33:20,421260,2.0,0.0106,65.0,3.0,0.0267,44.0,,,,,,,,,,,,,,,,,,
2026-01-06 23:33:50,421258,1.0,0.005,52.0,0.0,0.0,0.0,,,,,,,,,,,,,,,,,,
2026-01-06 23:33:50,421260,0.0,0.0,0.0,3.0,0.0217,56.0,,,,,,,,,,,,,,,,,,
2026-01-06 23:34:20,421258,1.0,0.005,52.0,0.0,0.0,0.0,,,,,,,,,,,,,,,,,,
2026-01-06 23:34:20,421260,2.0,0.0106,78.0,1.0,0.0056,65.0,,,,,,,,,,,,,,,,,,
2026-01-06 23:34:50,421258,3.0,0.015,56.0,0.0,0.0,0.0,,,,,,,,,,,,,,,,,,
2026-01-06 23:34:50,421260,1.0,0.0067,65.0,3.0,0.02,60.0,,,,,,,,,,,,,,,,,,
2026-01-06 23:35:20,421258,2.0,0.0089,56.0,0.0,0.0,0.0,,,,,,,,,,,,,,,,,,
2026-01-06 23:35:20,421260,1.0,0.0056,65.0,2.0,0.0106,56.0,,,,,,,,,,,,,,,,,,
2026-01-06 23:35:50,421258,8.0,0.0589,44.0,0.0,0.0,0.0,,,,,,,,,,,,,,,,,,
2026-01-06 23:35:50,421260,2.0,0.01,71.0,3.0,0.0178,71.0,,,,,,,,,,,,,,,,,,
2026-01-06 23:36:20,421258,1.0,0.005,60.0,0.0,0.0,0.0,,,,,,,,,,,,,,,,,,
2026-01-06 23:36:20,421260,4.0,0.0217,71.0,2.0,0.0128,60.0,,,,,,,,,,,,,,,,,,
2026-01-06 23:36:50,421258,2.0,0.0089,60.0,0.0,0.0,0.0,,,,,,,,,,,,,,,,,,
2026-01-06 23:36:50,421260,1.0,0.01,60.0,1.0,0.0056,71.0,,,,,,,,,,,,,,,,,,
2026-01-06 23:37:20,421258,8.0,0.0489,49.0,0.0,0.0,0.0,,,,,,,,,,,,,,,,,,
2026-01-06 23:37:20,421260,0.0,0.0,0.0,1.0,0.0067,60.0,,,,,,,,,,,,,,,,,,
2026-01-06 23:37:50,421258,1.0,0.0039,60.0,0.0,0.0,0.0,,,,,,,,,,,,,,,,,,
2026-01-06 23:37:50,421260,0.0,0.0,0.0,2.0,0.0117,65.0,,,,,,,,,,,,,,,,,,
2026-01-06 23:38:20,421258,6.0,0.0406,49.0,0.0,0.0,0.0,,,,,,,,,,,,,,,,,,
2026-01-06 23:38:20,421260,0.0,0.0,0.0,2.0,0.0139,52.0,,,,,,,,,,,,,,,,,,
2026-01-06 23:38:50,421258,1.0,0.005,60.0,0.0,0.0,0.0,,,,,,,,,,,,,,,,,,
2026-01-06 23:38:50,421260,0.0,0.0,0.0,2.0,0.0178,52.0,,,,,,,,,,,,,,,,,,
2026-01-06 23:39:20,421258,0.0,0.0,0.0,0.0,0.0,0.0,,,,,,,,,,,,,,,,,,
2026-01-06 23:39:20,421260,1.0,0.0056,71.0,1.0,0.0067,60.0,,,,,,,,,,,,,,,,,,
2026-01-06 23:39:50,421258,2.0,0.0139,44.0,0.0,0.0,0.0,,,,,,,,,,,,,,,,,,
2026-01-06 23:39:50,421260,2.0,0.01,78.0,2.0,0.0128,60.0,,,,,,,,,,,,,,,,,,
2026-01-06 23:40:20,421258,1.0,0.0067,44.0,0.0,0.0,0.0,,,,,,,,,,,,,,,,,,
2026-01-06 23:40:20,421260,1.0,0.005,71.0,2.0,0.015,56.0,,,,,,,,,,,,,,,,,,
2026-01-06 23:40:50,421258,2.0,0.0117,52.0,0.0,0.0,0.0,,,,,,,,,,,,,,,,,,
2026-01-06 23:40:50,421260,0.0,0.0,0.0,1.0,0.0056,65.0,,,,,,,,,,,,,,,,,,
2026-01-06 23:41:20,421258,3.0,0.0178,56.0,0.0,0.0,0.0,,,,,,,,,,,,,,,,,,
2026-01-06 23:41:20,421260,2.0,0.01,71.0,1.0,0.0067,65.0,,,,,,,,,,,,,,,,,,
2026-01-06 23:41:50,421258,4.0,0.02,52.0,0.0,0.0,0.0,,,,,,,,,,,,,,,,,,
2026-01-06 23:41:50,421260,0.0,0.0,0.0,3.0,0.0356,60.0,,,,,,,,,,,,,,,,,,
2026-01-06 23:42:20,421258,3.0,0.015,60.0,0.0,0.0,0.0,,,,,,,,,,,,,,,,,,
2026-01-06 23:42:20,421260,0.0,0.0,0.0,1.0,0.0056,65.0,,,,,,,,,,,,,,,,,,
2026-01-06 23:42:50,421258,2.0,0.0106,56.0,0.0,0.0,0.0,,,,,,,,,,,,,,,,,,
2026-01-06 23:42:50,421260,0.0,0.0,0.0,1.0,0.0056,56.0,,,,,,,,,,,,,,,,,,
2026-01-06 23:43:20,421258,1.0,0.0117,44.0,0.0,0.0,0.0,,,,,,,,,,,,,,,,,,
2026-01-06 23:43:20,421260,1.0,0.005,86.0,2.0,0.0128,65.0,,,,,,,,,,,,,,,,,,
2026-01-06 23:43:50,421258,4.0,0.0267,46.0,0.0,0.0,0.0,,,,,,,,,,,,,,,,,,
2026-01-06 23:43:50,421260,1.0,0.005,78.0,1.0,0.0067,56.0,,,,,,,,,,,,,,,,,,
2026-01-06 23:44:20,421258,0.0,0.0,0.0,0.0,0.0,0.0,,,,,,,,,,,,,,,,,,
2026-01-06 23:44:20,421260,0.0,0.0,0.0,0.0,0.0,0.0,,,,,,,,,,,,,,,,,,
2026-01-06 23:44:50,421258,2.0,0.0106,60.0,0.0,0.0,0.0,,,,,,,,,,,,,,,,,,
2026-01-06 23:44:50,421260,0.0,0.0,0.0,3.0,0.0217,46.0,,,,,,,,,,,,,,,,,,
2026-01-06 23:45:20,421258,2.0,0.0128,44.0,0.0,0.0,0.0,,,,,,,,,,,,,,,,,,
2026-01-06 23:45:20,421260,0.0,0.0,0.0,0.0,0.0,0.0,,,,,,,,,,,,,,,,,,
2026-01-06 23:45:50,421258,2.0,0.0117,52.0,0.0,0.0,0.0,,,,,,,,,,,,,,,,,,
2026-01-06 23:45:50,421260,0.0,0.0,0.0,1.0,0.0056,71.0,,,,,,,,,,,,,,,,,,
2026-01-06 23:46:20,421258,0.0,0.0,0.0,0.0,0.0,0.0,,,,,,,,,,,,,,,,,,
2026-01-06 23:46:20,421260,1.0,0.0039,86.0,1.0,0.0056,71.0,,,,,,,,,,,,,,,,,,
2026-01-06 23:46:50,421258,0.0,0.0,0.0,0.0,0.0,0.0,,,,,,,,,,,,,,,,,,
2026-01-06 23:46:50,421260,0.0,0.0,0.0,4.0,0.0239,65.0,,,,,,,,,,,,,,,,,,
2026-01-06 23:47:20,421258,2.0,0.015,44.0,0.0,0.0,0.0,,,,,,,,,,,,,,,,,,
2026-01-06 23:47:20,421260,2.0,0.0089,71.0,2.0,0.0117,49.0,,,,,,,,,,,,,,,,,,
2026-01-06 23:47:50,421258,3.0,0.015,56.0,0.0,0.0,0.0,,,,,,,,,,,,,,,,,,
2026-01-06 23:47:50,421260,2.0,0.01,71.0,0.0,0.0,0.0,,,,,,,,,,,,,,,,,,
2026-01-06 23:48:20,421258,1.0,0.005,52.0,0.0,0.0,0.0,,,,,,,,,,,,,,,,,,
2026-01-06 23:48:20,421260,1.0,0.005,78.0,2.0,0.0117,71.0,,,,,,,,,,,,,,,,,,
2026-01-06 23:48:50,421258,5.0,0.0256,56.0,0.0,0.0,0.0,,,,,,,,,,,,,,,,,,
2026-01-06 23:48:50,421260,0.0,0.0,0.0,1.0,0.005,86.0,,,,,,,,,,,,,,,,,,
2026-01-06 23:49:20,421258,1.0,0.005,52.0,0.0,0.0,0.0,,,,,,,,,,,,,,,,,,
2026-01-06 23:49:20,421260,0.0,0.0,0.0,1.0,0.0089,42.0,,,,,,,,,,,,,,,,,,
2026-01-06 23:49:50,421258,3.0,0.0189,46.0,0.0,0.0,0.0,,,,,,,,,,,,,,,,,,
2026-01-06 23:49:50,421260,1.0,0.005,65.0,2.0,0.0117,65.0,,,,,,,,,,,,,,,,,,
2026-01-06 23:50:20,421258,3.0,0.0178,52.0,0.0,0.0,0.0,,,,,,,,,,,,,,,,,,
2026-01-06 23:50:20,421260,1.0,0.005,78.0,1.0,0.0067,65.0,,,,,,,,,,,,,,,,,,
2026-01-06 23:50:50,421258,0.0,0.0,0.0,0.0,0.0,0.0,,,,,,,,,,,,,,,,,,
2026-01-06 23:50:50,421260,1.0,0.0039,86.0,1.0,0.0039,96.0,,,,,,,,,,,,,,,,,,
2026-01-06 23:51:20,421258,1.0,0.005,52.0,0.0,0.0,0.0,,,,,,,,,,,,,,,,,,
2026-01-06 23:51:20,421260,1.0,0.005,96.0,0.0,0.0,0.0,,,,,,,,,,,,,,,,,,
2026-01-06 23:51:50,421258,3.0,0.0189,42.0,0.0,0.0,0.0,,,,,,,,,,,,,,,,,,
2026-01-06 23:51:50,421260,0.0,0.0,0.0,1.0,0.0078,56.0,,,,,,,,,,,,,,,,,,
2026-01-06 23:52:20,421258,3.0,0.02,52.0,0.0,0.0,0.0,,,,,,,,,,,,,,,,,,
2026-01-06 23:52:20,421260,1.0,0.005,65.0,2.0,0.0117,65.0,,,,,,,,,,,,,,,,,,
2026-01-06 23:52:50,421258,1.0,0.0067,60.0,0.0,0.0,0.0,,,,,,,,,,,,,,,,,,
2026-01-06 23:52:50,421260,0.0,0.0,0.0,1.0,0.005,65.0,,,,,,,,,,,,,,,,,,
2026-01-06 23:53:20,421258,0.0,0.0,0.0,0.0,0.0,0.0,,,,,,,,,,,,,,,,,,
2026-01-06 23:53:20,421260,0.0,0.0,0.0,0.0,0.0,0.0,,,,,,,,,,,,,,,,,,
2026-01-06 23:53:50,421258,2.0,0.0106,60.0,0.0,0.0,0.0,,,,,,,,,,,,,,,,,,
2026-01-06 23:53:50,421260,0.0,0.0,0.0,2.0,0.0139,60.0,,,,,,,,,,,,,,,,,,
2026-01-06 23:54:20,421258,2.0,0.0117,52.0,0.0,0.0,0.0,,,,,,,,,,,,,,,,,,
2026-01-06 23:54:20,421260,2.0,0.0106,71.0,1.0,0.0067,60.0,,,,,,,,,,,,,,,,,,
2026-01-06 23:54:50,421258,1.0,0.0067,40.0,0.0,0.0,0.0,,,,,,,,,,,,,,,,,,
2026-01-06 23:54:50,421260,2.0,0.0117,65.0,3.0,0.0256,49.0,,,,,,,,,,,,,,,,,,
2026-01-06 23:55:20,421258,0.0,0.0,0.0,0.0,0.0,0.0,,,,,,,,,,,,,,,,,,
2026-01-06 23:55:20,421260,3.0,0.0178,65.0,2.0,0.0167,52.0,,,,,,,,,,,,,,,,,,
2026-01-06 23:55:50,421258,2.0,0.0128,44.0,0.0,0.0,0.0,,,,,,,,,,,,,,,,,,
2026-01-06 23:55:50,421260,2.0,0.01,78.0,0.0,0.0,0.0,,,,,,,,,,,,,,,,,,
2026-01-06 23:56:20,421258,2.0,0.0139,49.0,0.0,0.0,0.0,,,,,,,,,,,,,,,,,,
2026-01-06 23:56:20,421260,0.0,0.0,0.0,4.0,0.0256,65.0,,,,,,,,,,,,,,,,,,
2026-01-06 23:56:50,421258,4.0,0.0239,52.0,0.0,0.0,0.0,,,,,,,,,,,,,,,,,,
2026-01-06 23:56:50,421260,0.0,0.0,0.0,1.0,0.0067,56.0,,,,,,,,,,,,,,,,,,
2026-01-06 23:57:20,421258,6.0,0.0417,44.0,0.0,0.0,0.0,,,,,,,,,,,,,,,,,,
2026-01-06 23:57:20,421260,2.0,0.0117,65.0,1.0,0.0078,52.0,,,,,,,,,,,,,,,,,,
2026-01-06 23:57:50,421258,0.0,0.0,0.0,0.0,0.0,0.0,,,,,,,,,,,,,,,,,,
2026-01-06 23:57:50,421260,1.0,0.0039,96.0,2.0,0.0117,60.0,,,,,,,,,,,,,,,,,,
2026-01-06 23:58:20,421258,4.0,0.0278,49.0,0.0,0.0,0.0,,,,,,,,,,,,,,,,,,
2026-01-06 23:58:20,421260,0.0,0.0,0.0,1.0,0.0067,65.0,,,,,,,,,,,,,,,,,,
2026-01-06 23:58:50,421258,3.0,0.015,60.0,0.0,0.0,0.0,,,,,,,,,,,,,,,,,,
2026-01-06 23:58:50,421260,1.0,0.0056,60.0,0.0,0.0,0.0,,,,,,,,,,,,,,,,,,
2026-01-06 23:59:20,421258,2.0,0.015,49.0,0.0,0.0,0.0,,,,,,,,,,,,,,,,,,
2026-01-06 23:59:20,421260,2.0,0.0106,71.0,4.0,0.0267,56.0,,,,,,,,,,,,,,,,,,
2026-01-06 23:59:50,421258,3.0,0.0139,56.0,0.0,0.0,0.0,,,,,,,,,,,,,,,,,,
2026-01-06 23:59:50,421260,1.0,0.005,71.0,1.0,0.0067,56.0,,,,,,,,,,,,,,,,,,
