ts,id,l1_flow,l1_occ,l1_speed,l2_flow,l2_occ,l2_speed,l3_flow,l3_occ,l3_speed,l4_flow,l4_occ,l4_speed,l5_flow,l5_occ,l5_speed,l6_flow,l6_occ,l6_speed,l7_flow,l7_occ,l7_speed,l8_flow,l8_occ,l8_speed
2026-08-03 00:00:09,421258,1.0,0.0039,78.0,3.0,0.02,56.0,,,,,,,,,,,,,,,,,,
2026-08-03 00:00:09,421260,0.0,0.0,0.0,0.0,0.0,0.0,,,,,,,,,,,,,,,,,,
2026-08-03 00:00:39,421258,2.0,0.0078,65.0,0.0,0.0,0.0,,,,,,,,,,,,,,,,,,
2026-08-03 00:00:39,421260,3.0,0.0156,65.0,3.0,0.0317,56.0,,,,,,,,,,,,,,,,,,
2026-08-03 00:01:09,421258,0.0,0.0,0.0,1.0,0.0078,52.0,,,,,,,,,,,,,,,,,,
2026-08-03 00:01:09,421260,2.0,0.01,65.0,1.0,0.0056,60.0,,,,,,,,,,,,,,,,,,
2026-08-03 00:01:39,421258,1.0,0.0039,78.0,1.0,0.0078,52.0,,,,,,,,,,,,,,,,,,
2026-08-03 00:01:39,421260,0.0,0.0,0.0,3.0,0.0167,60.0,,,,,,,,,,,,,,,,,,
2026-08-03 00:02:09,421258,0.0,0.0,0.0,1.0,0.0067,60.0,,,,,,,,,,,,,,,,,,
2026-08-03 00:02:09,421260,1.0,0.0067,60.0,1.0,0.0067,52.0,,,,,,,,,,,,,,,,,,
2026-08-03 00:02:39,421258,3.0,0.0117,65.0,3.0,0.0306,56.0,,,,,,,,,,,,,,,,,,
2026-08-03 00:02:39,421260,1.0,0.0039,78.0,4.0,0.0456,49.0,,,,,,,,,,,,,,,,,,
2026-08-03 00:03:09,421258,1.0,0.005,60.0,1.0,0.0078,44.0,,,,,,,,,,,,,,,,,,
2026-08-03 00:03:09,421260,2.0,0.0139,56.0,1.0,0.0067,60.0,,,,,,,,,,,,,,,,,,
2026-08-03 00:03:39,421258,0.0,0.0,0.0,1.0,0.005,60.0,,,,,,,,,,,,,,,,,,
2026-08-03 00:03:39,421260,2.0,0.0106,78.0,2.0,0.015,52.0,,,,,,,,,,,,,,,,,,
2026-08-03 00:04:09,421258,1.0,0.0039,78.0,2.0,0.0256,49.0,,,,,,,,,,,,,,,,,,
2026-08-03 00:04:09,421260,0.0,0.0,0.0,2.0,0.0106,65.0,,,,,,,,,,,,,,,,,,
2026-08-03 00:04:39,421258,1.0,0.0039,78.0,3.0,0.0339,52.0,,,,,,,,,,,,,,,,,,
2026-08-03 00:04:39,421260,0.0,0.0,0.0,2.0,0.015,56.0,,,,,,,,,,,,,,,,,,
2026-08-03 00:05:09,421258,0.0,0.0,0.0,4.0,0.0267,60.0,,,,,,,,,,,,,,,,,,
2026-08-03 00:05:09,421260,1.0,0.0056,60.0,2.0,0.015,56.0,,,,,,,,,,,,,,,,,,
2026-08-03 00:05:39,421258,2.0,0.0106,56.0,2.0,0.015,60.0,,,,,,,,,,,,,,,,,,
2026-08-03 00:05:39,421260,0.0,0.0,0.0,0.0,0.0,0.0,,,,,,,,,,,,,,,,,,
2026-08-03 00:06:09,421258,0.0,0.0,0.0,2.0,0.0117,56.0,,,,,,,,,,,,,,,,,,
2026-08-03 00:06:09,421260,1.0,0.0056,78.0,3.0,0.0239,56.0,,,,,,,,,,,,,,,,,,
2026-08-03 00:06:39,421258,0.0,0.0,0.0,2.0,0.015,56.0,,,,,,,,,,,,,,,,,,
2026-08-03 00:06:39,421260,0.0,0.0,0.0,1.0,0.0056,60.0,,,,,,,,,,,,,,,,,,
2026-08-03 00:07:09,421258,0.0,0.0,0.0,3.0,0.0189,52.0,,,,,,,,,,,,,,,,,,
2026-08-03 00:07:09,421260,0.0,0.0,0.0,2.0,0.0139,42.0,,,,,,,,,,,,,,,,,,
2026-08-03 00:07:39,421258,0.0,0.0,0.0,0.0,0.0,0.0,,,,,,,,,,,,,,,,,,
2026-08-03 00:07:39,421260,0.0,0.0,0.0,1.0,0.0067,65.0,,,,,,,,,,,,,,,,,,
2026-08-03 00:08:09,421258,2.0,0.0089,65.0,2.0,0.015,60.0,,,,,,,,,,,,,,,,,,
2026-08-03 00:08:09,421260,2.0,0.01,78.0,2.0,0.0139,56.0,,,,,,,,,,,,,,,,,,
2026-08-03 00:08:39,421258,0.0,0.0,0.0,1.0,0.0067,52.0,,,,,,,,,,,,,,,,,,
2026-08-03 00:08:39,421260,0.0,0.0,0.0,2.0,0.0139,60.0,,,,,,,,,,,,,,,,,,
2026-08-03 00:09:09,421258,0.0,0.0,0.0,1.0,0.0067,60.0,,,,,,,,,,,,,,,,,,
2026-08-03 00:09:09,421260,2.0,0.0106,71.0,3.0,0.0189,65.0,,,,,,,,,,,,,,,,,,
2026-08-03 00:09:39,421258,1.0,0.0039,78.0,0.0,0.0,0.0,,,,,,,,,,,,,,,,,,
2026-08-03 00:09:39,421260,1.0,0.0056,78.0,2.0,0.0117,65.0,,,,,,,,,,,,,,,,,,
2026-08-03 00:10:09,421258,2.0,0.0078,78.0,2.0,0.0306,40.0,,,,,,,,,,,,,,,,,,
2026-08-03 00:10:09,421260,2.0,0.01,71.0,1.0,0.0056,60.0,,,,,,,,,,,,,,,,,,
2026-08-03 00:10:39,421258,1.0,0.0039,78.0,2.0,0.015,56.0,,,,,,,,,,,,,,,,,,
2026-08-03 00:10:39,421260,0.0,0.0,0.0,3.0,0.0239,56.0,,,,,,,,,,,,,,,,,,
2026-08-03 00:11:09,421258,3.0,0.0117,71.0,2.0,0.0139,60.0,,,,,,,,,,,,,,,,,,
2026-08-03 00:11:09,421260,1.0,0.005,78.0,1.0,0.0056,71.0,,,,,,,,,,,,,,,,,,
2026-08-03 00:11:39,421258,2.0,0.0078,65.0,2.0,0.0106,60.0,,,,,,,,,,,,,,,,,,
2026-08-03 00:11:39,421260,1.0,0.0056,71.0,0.0,0.0,0.0,,,,,,,,,,,,,,,,,,
2026-08-03 00:12:09,421258,0.0,0.0,0.0,1.0,0.0067,60.0,,,,,,,,,,,,,,,,,,
2026-08-03 00:12:09,421260,1.0,0.0056,65.0,0.0,0.0,0.0,,,,,,,,,,,,,,,,,,
2026-08-03 00:12:39,421258,2.0,0.0078,78.0,3.0,0.0217,56.0,,,,,,,,,,,,,,,,,,
2026-08-03 00:12:39,421260,2.0,0.0106,71.0,2.0,0.0117,65.0,,,,,,,,,,,,,,,,,,
2026-08-03 00:13:09,421258,0.0,0.0,0.0,0.0,0.0,0.0,,,,,,,,,,,,,,,,,,
2026-08-03 00:13:09,421260,2.0,0.0089,60.0,1.0,0.0056,56.0,,,,,,,,,,,,,,,,,,
2026-08-03 00:13:39,421258,1.0,0.0039,78.0,0.0,0.0,0.0,,,,,,,,,,,,,,,,,,
2026-08-03 00:13:39,421260,0.0,0.0,0.0,0.0,0.0,0.0,,,,,,,,,,,,,,,,,,
2026-08-03 00:14:09,421258,3.0,0.0117,78.0,2.0,0.0117,78.0,,,,,,,,,,,,,,,,,,
2026-08-03 00:14:09,421260,0.0,0.0,0.0,1.0,0.005,71.0,,,,,,,,,,,,,,,,,,
2026-08-03 00:14:39,421258,0.0,0.0,0.0,0.0,0.0,0.0,,,,,,,,,,,,,,,,,,
2026-08-03 00:14:39,421260,0.0,0.0,0.0,1.0,0.0056,71.0,,,,,,,,,,,,,,,,,,
2026-08-03 00:15:09,421258,0.0,0.0,0.0,3.0,0.0217,56.0,,,,,,,,,,,,,,,,,,
2026-08-03 00:15:09,421260,2.0,0.0128,65.0,1.0,0.0056,60.0,,,,,,,,,,,,,,,,,,
2026-08-03 00:15:39,421258,0.0,0.0,0.0,1.0,0.005,78.0,,,,,,,,,,,,,,,,,,
2026-08-03 00:15:39,421260,1.0,0.005,71.0,2.0,0.0128,60.0,,,,,,,,,,,,,,,,,,
2026-08-03 00:16:09,421258,0.0,0.0,0.0,1.0,0.005,60.0,,,,,,,,,,,,,,,,,,
2026-08-03 00:16:09,421260,1.0,0.0056,71.0,1.0,0.0056,56.0,,,,,,,,,,,,,,,,,,
2026-08-03 00:16:39,421258,1.0,0.0039,60.0,1.0,0.0067,60.0,,,,,,,,,,,,,,,,,,
2026-08-03 00:16:39,421260,1.0,0.005,71.0,1.0,0.0056,71.0,,,,,,,,,,,,,,,,,,
2026-08-03 00:17:09,421258,1.0,0.005,60.0,1.0,0.0078,52.0,,,,,,,,,,,,,,,,,,
2026-08-03 00:17:09,421260,1.0,0.0056,71.0,2.0,0.0156,56.0,,,,,,,,,,,,,,,,,,
2026-08-03 00:17:39,421258,0.0,0.0,0.0,2.0,0.0117,65.0,,,,,,,,,,,,,,,,,,
2026-08-03 00:17:39,421260,4.0,0.0206,65.0,4.0,0.0489,60.0,,,,,,,,,,,,,,,,,,
2026-08-03 00:18:09,421258,1.0,0.0039,78.0,1.0,0.0067,60.0,,,,,,,,,,,,,,,,,,
2026-08-03 00:18:09,421260,1.0,0.0056,65.0,2.0,0.0128,60.0,,,,,,,,,,,,,,,,,,
2026-08-03 00:18:39,421258,1.0,0.0039,60.0,2.0,0.0117,60.0,,,,,,,,,,,,,,,,,,
2026-08-03 00:18:39,421260,0.0,0.0,0.0,3.0,0.0206,60.0,,,,,,,,,,,,,,,,,,
2026-08-03 00:19:09,421258,0.0,0.0,0.0,2.0,0.0189,49.0,,,,,,,,,,,,,,,,,,
2026-08-03 00:19:09,421260,2.0,0.0117,65.0,4.0,0.0278,56.0,,,,,,,,,,,,,,,,,,
2026-08-03 00:19:39,421258,3.0,0.0117,78.0,4.0,0.0628,42.0,,,,,,,,,,,,,,,,,,
2026-08-03 00:19:39,421260,0.0,0.0,0.0,2.0,0.0128,60.0,,,,,,,,,,,,,,,,,,
2026-08-03 00:20:09,421258,1.0,0.0039,60.0,1.0,0.0067,60.0,,,,,,,,,,,,,,,,,,
2026-08-03 00:20:09,421260,3.0,0.0156,65.0,1.0,0.0067,60.0,,,,,,,,,,,,,,,,,,
2026-08-03 00:20:39,421258,0.0,0.0,0.0,4.0,0.03,56.0,,,,,,,,,,,,,,,,,,
2026-08-03 00:20:39,421260,0.0,0.0,0.0,2.0,0.0117,78.0,,,,,,,,,,,,,,,,,,
2026-08-03 00:21:09,421258,2.0,0.0078,65.0,4.0,0.0278,52.0,,,,,,,,,,,,,,,,,,
2026-08-03 00:21:09,421260,0.0,0.0,0.0,1.0,0.0078,56.0,,,,,,,,,,,,,,,,,,
2026-08-03 00:21:39,421258,0.0,0.0,0.0,1.0,0.0067,52.0,,,,,,,,,,,,,,,,,,
2026-08-03 00:21:39,421260,1.0,0.0056,60.0,1.0,0.0056,60.0,,,,,,,,,,,,,,,,,,
2026-08-03 00:22:09,421258,2.0,0.0078,60.0,4.0,0.0278,60.0,,,,,,,,,,,,,,,,,,
2026-08-03 00:22:09,421260,1.0,0.0039,86.0,1.0,0.0056,60.0,,,,,,,,,,,,,,,,,,
2026-08-03 00:22:39,421258,0.0,0.0,0.0,0.0,0.0,0.0,,,,,,,,,,,,,,,,,,
2026-08-03 00:22:39,421260,0.0,0.0,0.0,1.0,0.0078,56.0,,,,,,,,,,,,,,,,,,
2026-08-03 00:23:09,421258,0.0,0.0,0.0,0.0,0.0,0.0,,,,,,,,,,,,,,,,,,
2026-08-03 00:23:09,421260,0.0,0.0,0.0,0.0,0.0,0.0,,,,,,,,,,,,,,,,,,
2026-08-03 00:23:39,421258,2.0,0.0078,65.0,2.0,0.0156,49.0,,,,,,,,,,,,,,,,,,
2026-08-03 00:23:39,421260,2.0,0.01,71.0,4.0,0.025,56.0,,,,,,,,,,,,,,,,,,
2026-08-03 00:24:09,421258,0.0,0.0,0.0,1.0,0.005,78.0,,,,,,,,,,,,,,,,,,
2026-08-03 00:24:09,421260,0.0,0.0,0.0,0.0,0.0,0.0,,,,,,,,,,,,,,,,,,
2026-08-03 00:24:39,421258,0.0,0.0,0.0,0.0,0.0,0.0,,,,,,,,,,,,,,,,,,
2026-08-03 00:24:39,421260,0.0,0.0,0.0,0.0,0.0,0.0,,,,,,,,,,,,,,,,,,
2026-08-03 00:25:09,421258,0.0,0.0,0.0,1.0,0.0078,52.0,,,,,,,,,,,,,,,,,,
2026-08-03 00:25:09,421260,1.0,0.005,78.0,2.0,0.0117,71.0,,,,,,,,,,,,,,,,,,
2026-08-03 00:25:39,421258,1.0,0.0039,60.0,2.0,0.0128,60.0,,,,,,,,,,,,,,,,,,
2026-08-03 00:25:39,421260,3.0,0.015,71.0,1.0,0.0067,52.0,,,,,,,,,,,,,,,,,,
2026-08-03 00:26:09,421258,0.0,0.0,0.0,1.0,0.0278,44.0,,,,,,,,,,,,,,,,,,
2026-08-03 00:26:09,421260,3.0,0.0178,60.0,0.0,0.0,0.0,,,,,,,,,,,,,,,,,,
2026-08-03 00:26:39,421258,1.0,0.0039,78.0,1.0,0.005,78.0,,,,,,,,,,,,,,,,,,
2026-08-03 00:26:39,421260,2.0,0.0106,71.0,0.0,0.0,0.0,,,,,,,,,,,,,,,,,,
2026-08-03 00:27:09,421258,2.0,0.0078,86.0,1.0,0.0067,52.0,,,,,,,,,,,,,,,,,,
2026-08-03 00:27:09,421260,2.0,0.0128,65.0,0.0,0.0,0.0,,,,,,,,,,,,,,,,,,
2026-08-03 00:27:39,421258,1.0,0.005,60.0,1.0,0.0078,52.0,,,,,,,,,,,,,,,,,,
2026-08-03 00:27:39,421260,6.0,0.0428,52.0,0.0,0.0,0.0,,,,,,,,,,,,,,,,,,
2026-08-03 00:28:09,421258,2.0,0.0089,60.0,2.0,0.0128,56.0,,,,,,,,,,,,,,,,,,
2026-08-03 00:28:09,421260,1.0,0.0067,56.0,2.0,0.08,13.0,,,,,,,,,,,,,,,,,,
2026-08-03 00:28:39,421258,1.0,0.0039,78.0,2.0,0.0128,60.0,,,,,,,,,,,,,,,,,,
2026-08-03 00:28:39,421260,1.0,0.0089,36.0,0.0,0.0,0.0,,,,,,,,,,,,,,,,,,
2026-08-03 00:29:09,421258,1.0,0.0039,60.0,1.0,0.005,78.0,,,,,,,,,,,,,,,,,,
2026-08-03 00:29:09,421260,2.0,0.0106,60.0,1.0,0.0067,60.0,,,,,,,,,,,,,,,,,,
2026-08-03 00:29:39,421258,1.0,0.0039,78.0,2.0,0.0139,60.0,,,,,,,,,,,,,,,,,,
2026-08-03 00:29:39,421260,0.0,0.0,0.0,1.0,0.0089,56.0,,,,,,,,,,,,,,,,,,
2026-08-03 00:30:09,421258,1.0,0.0039,78.0,1.0,0.0089,52.0,,,,,,,,,,,,,,,,,,
2026-08-03 00:30:09,421260,0.0,0.0,0.0,2.0,0.0117,65.0,,,,,,,,,,,,,,,,,,
2026-08-03 00:30:39,421258,1.0,0.0039,78.0,1.0,0.005,60.0,,,,,,,,,,,,,,,,,,
2026-08-03 00:30:39,421260,0.0,0.0,0.0,2.0,0.0117,65.0,,,,,,,,,,,,,,,,,,
2026-08-03 00:31:09,421258,1.0,0.0039,78.0,0.0,0.0,0.0,,,,,,,,,,,,,,,,,,
2026-08-03 00:31:09,421260,1.0,0.005,65.0,1.0,0.0078,60.0,,,,,,,,,,,,,,,,,,
2026-08-03 00:31:39,421258,1.0,0.0039,78.0,1.0,0.005,78.0,,,,,,,,,,,,,,,,,,
2026-08-03 00:31:39,421260,1.0,0.0056,65.0,2.0,0.0139,60.0,,,,,,,,,,,,,,,,,,
2026-08-03 00:32:09,421258,0.0,0.0,0.0,2.0,0.03,44.0,,,,,,,,,,,,,,,,,,
2026-08-03 00:32:09,421260,1.0,0.0039,71.0,2.0,0.0167,44.0,,,,,,,,,,,,,,,,,,
2026-08-03 00:32:39,421258,1.0,0.0039,60.0,1.0,0.005,60.0,,,,,,,,,,,,,,,,,,
2026-08-03 00:32:39,421260,3.0,0.0167,65.0,2.0,0.0128,56.0,,,,,,,,,,,,,,,,,,
2026-08-03 00:33:09,421258,1.0,0.0039,60.0,1.0,0.0067,60.0,,,,,,,,,,,,,,,,,,
2026-08-03 00:33:09,421260,0.0,0.0,0.0,0.0,0.0,0.0,,,,,,,,,,,,,,,,,,
2026-08-03 00:33:39,421258,0.0,0.0,0.0,3.0,0.0228,56.0,,,,,,,,,,,,,,,,,,
2026-08-03 00:33:39,421260,2.0,0.01,65.0,4.0,0.0289,49.0,,,,,,,,,,,,,,,,,,
2026-08-03 00:34:09,421258,0.0,0.0,0.0,0.0,0.0,0.0,,,,,,,,,,,,,,,,,,
2026-08-03 00:34:09,421260,1.0,0.0056,65.0,0.0,0.0,0.0,,,,,,,,,,,,,,,,,,
2026-08-03 00:34:39,421258,3.0,0.0117,78.0,2.0,0.0317,34.0,,,,,,,,,,,,,,,,,,
2026-08-03 00:34:39,421260,0.0,0.0,0.0,2.0,0.015,49.0,,,,,,,,,,,,,,,,,,
2026-08-03 00:35:09,421258,1.0,0.0039,60.0,0.0,0.0,0.0,,,,,,,,,,,,,,,,,,
2026-08-03 00:35:09,421260,0.0,0.0,0.0,0.0,0.0,0.0,,,,,,,,,,,,,,,,,,
2026-08-03 00:35:39,421258,1.0,0.0039,78.0,2.0,0.0167,49.0,,,,,,,,,,,,,,,,,,
2026-08-03 00:35:39,421260,1.0,0.0056,56.0,0.0,0.0,0.0,,,,,,,,,,,,,,,,,,
2026-08-03 00:36:09,421258,0.0,0.0,0.0,1.0,0.0339,32.0,,,,,,,,,,,,,,,,,,
2026-08-03 00:36:09,421260,3.0,0.0167,65.0,4.0,0.0256,60.0,,,,,,,,,,,,,,,,,,
2026-08-03 00:36:39,421258,0.0,0.0,0.0,1.0,0.005,109.0,,,,,,,,,,,,,,,,,,
2026-08-03 00:36:39,421260,4.0,0.0206,71.0,2.0,0.0128,60.0,,,,,,,,,,,,,,,,,,
2026-08-03 00:37:09,421258,1.0,0.005,52.0,1.0,0.0206,26.0,,,,,,,,,,,,,,,,,,
2026-08-03 00:37:09,421260,1.0,0.0056,60.0,3.0,0.0206,46.0,,,,,,,,,,,,,,,,,,
2026-08-03 00:37:39,421258,1.0,0.0039,60.0,0.0,0.0,0.0,,,,,,,,,,,,,,,,,,
2026-08-03 00:37:39,421260,1.0,0.005,65.0,1.0,0.0056,65.0,,,,,,,,,,,,,,,,,,
2026-08-03 00:38:09,421258,5.0,0.0228,65.0,2.0,0.0378,44.0,,,,,,,,,,,,,,,,,,
2026-08-03 00:38:09,421260,1.0,0.0056,65.0,3.0,0.0178,60.0,,,,,,,,,,,,,,,,,,
2026-08-03 00:38:39,421258,4.0,0.0239,49.0,1.0,0.0717,9.0,,,,,,,,,,,,,,,,,,
2026-08-03 00:38:39,421260,0.0,0.0,0.0,2.0,0.0128,65.0,,,,,,,,,,,,,,,,,,
2026-08-03 00:39:09,421258,2.0,0.0106,56.0,1.0,0.0717,5.0,,,,,,,,,,,,,,,,,,
2026-08-03 00:39:09,421260,0.0,0.0,0.0,0.0,0.0,49.0,,,,,,,,,,,,,,,,,,
2026-08-03 00:39:39,421258,1.0,0.0039,60.0,2.0,0.0206,52.0,,,,,,,,,,,,,,,,,,
2026-08-03 00:39:39,421260,1.0,0.005,71.0,1.0,0.0056,65.0,,,,,,,,,,,,,,,,,,
2026-08-03 00:40:09,421258,4.0,0.0189,60.0,0.0,0.0,0.0,,,,,,,,,,,,,,,,,,
2026-08-03 00:40:09,421260,0.0,0.0,0.0,1.0,0.0056,65.0,,,,,,,,,,,,,,,,,,
2026-08-03 00:40:39,421258,1.0,0.005,60.0,0.0,0.0,0.0,,,,,,,,,,,,,,,,,,
2026-08-03 00:40:39,421260,0.0,0.0,0.0,1.0,0.01,60.0,,,,,,,,,,,,,,,,,,
2026-08-03 00:41:09,421258,2.0,0.0078,78.0,1.0,0.0156,34.0,,,,,,,,,,,,,,,,,,
2026-08-03 00:41:09,421260,0.0,0.0,0.0,0.0,0.0,0.0,,,,,,,,,,,,,,,,,,
2026-08-03 00:41:39,421258,0.0,0.0,0.0,0.0,0.0,0.0,,,,,,,,,,,,,,,,,,
2026-08-03 00:41:39,421260,2.0,0.01,71.0,2.0,0.0128,65.0,,,,,,,,,,,,,,,,,,
2026-08-03 00:42:09,421258,0.0,0.0,0.0,2.0,0.0167,52.0,,,,,,,,,,,,,,,,,,
2026-08-03 00:42:09,421260,0.0,0.0,0.0,4.0,0.0306,46.0,,,,,,,,,,,,,,,,,,
2026-08-03 00:42:39,421258,0.0,0.0,0.0,0.0,0.0,0.0,,,,,,,,,,,,,,,,,,
2026-08-03 00:42:39,421260,1.0,0.0056,65.0,3.0,0.0178,65.0,,,,,,,,,,,,,,,,,,
2026-08-03 00:43:09,421258,0.0,0.0,0.0,0.0,0.0,0.0,,,,,,,,,,,,,,,,,,
2026-08-03 00:43:09,421260,0.0,0.0,0.0,2.0,0.0167,46.0,,,,,,,,,,,,,,,,,,
2026-08-03 00:43:39,421258,2.0,0.0078,78.0,2.0,0.0128,56.0,,,,,,,,,,,,,,,,,,
2026-08-03 00:43:39,421260,0.0,0.0,0.0,0.0,0.0,0.0,,,,,,,,,,,,,,,,,,
2026-08-03 00:44:09,421258,1.0,0.0039,78.0,0.0,0.005,0.0,,,,,,,,,,,,,,,,,,
2026-08-03 00:44:09,421260,1.0,0.005,71.0,1.0,0.0078,56.0,,,,,,,,,,,,,,,,,,
2026-08-03 00:44:39,421258,3.0,0.0117,71.0,2.0,0.0367,42.0,,,,,,,,,,,,,,,,,,
2026-08-03 00:44:39,421260,0.0,0.0,0.0,1.0,0.0056,56.0,,,,,,,,,,,,,,,,,,
2026-08-03 00:45:09,421258,0.0,0.0,0.0,0.0,0.0,0.0,,,,,,,,,,,,,,,,,,
2026-08-03 00:45:09,421260,1.0,0.0056,71.0,4.0,0.0367,46.0,,,,,,,,,,,,,,,,,,
2026-08-03 00:45:39,421258,0.0,0.0,0.0,2.0,0.0167,42.0,,,,,,,,,,,,,,,,,,
2026-08-03 00:45:39,421260,1.0,0.0056,71.0,1.0,0.0067,60.0,,,,,,,,,,,,,,,,,,
2026-08-03 00:46:09,421258,1.0,0.0039,78.0,0.0,0.0,0.0,,,,,,,,,,,,,,,,,,
2026-08-03 00:46:09,421260,0.0,0.0,0.0,1.0,0.0056,60.0,,,,,,,,,,,,,,,,,,
2026-08-03 00:46:39,421258,1.0,0.005,78.0,2.0,0.0178,49.0,,,,,,,,,,,,,,,,,,
2026-08-03 00:46:39,421260,1.0,0.005,71.0,1.0,0.005,71.0,,,,,,,,,,,,,,,,,,
2026-08-03 00:47:09,421258,1.0,0.005,60.0,1.0,0.0078,52.0,,,,,,,,,,,,,,,,,,
2026-08-03 00:47:09,421260,0.0,0.0,0.0,1.0,0.0056,56.0,,,,,,,,,,,,,,,,,,
2026-08-03 00:47:39,421258,1.0,0.005,60.0,2.0,0.0356,49.0,,,,,,,,,,,,,,,,,,
2026-08-03 00:47:39,421260,1.0,0.0067,60.0,0.0,0.0,0.0,,,,,,,,,,,,,,,,,,
2026-08-03 00:48:09,421258,0.0,0.0,0.0,2.0,0.015,52.0,,,,,,,,,,,,,,,,,,
2026-08-03 00:48:09,421260,2.0,0.0106,65.0,1.0,0.0056,60.0,,,,,,,,,,,,,,,,,,
2026-08-03 00:48:39,421258,1.0,0.0039,78.0,0.0,0.0,0.0,,,,,,,,,,,,,,,,,,
2026-08-03 00:48:39,421260,3.0,0.0156,78.0,1.0,0.0067,52.0,,,,,,,,,,,,,,,,,,
2026-08-03 00:49:09,421258,0.0,0.0,0.0,2.0,0.0106,102.0,,,,,,,,,,,,,,,,,,
2026-08-03 00:49:09,421260,1.0,0.0056,71.0,1.0,0.0056,65.0,,,,,,,,,,,,,,,,,,
2026-08-03 00:49:39,421258,1.0,0.0039,78.0,0.0,0.0,0.0,,,,,,,,,,,,,,,,,,
2026-08-03 00:49:39,421260,0.0,0.0,0.0,2.0,0.0128,56.0,,,,,,,,,,,,,,,,,,
2026-08-03 00:50:09,421258,1.0,0.0039,78.0,2.0,0.0089,78.0,,,,,,,,,,,,,,,,,,
2026-08-03 00:50:09,421260,0.0,0.0,0.0,3.0,0.0206,60.0,,,,,,,,,,,,,,,,,,
2026-08-03 00:50:39,421258,1.0,0.0039,78.0,1.0,0.0067,60.0,,,,,,,,,,,,,,,,,,
2026-08-03 00:50:39,421260,1.0,0.0067,56.0,1.0,0.0056,65.0,,,,,,,,,,,,,,,,,,
2026-08-03 00:51:09,421258,1.0,0.0039,78.0,2.0,0.0156,52.0,,,,,,,,,,,,,,,,,,
2026-08-03 00:51:09,421260,1.0,0.0056,71.0,0.0,0.0,0.0,,,,,,,,,,,,,,,,,,
2026-08-03 00:51:39,421258,0.0,0.0,0.0,2.0,0.0117,65.0,,,,,,,,,,,,,,,,,,
2026-08-03 00:51:39,421260,1.0,0.005,65.0,2.0,0.0267,40.0,,,,,,,,,,,,,,,,,,
2026-08-03 00:52:09,421258,0.0,0.0,0.0,1.0,0.0106,52.0,,,,,,,,,,,,,,,,,,
2026-08-03 00:52:09,421260,1.0,0.005,78.0,3.0,0.0217,60.0,,,,,,,,,,,,,,,,,,
2026-08-03 00:52:39,421258,1.0,0.005,60.0,4.0,0.0278,56.0,,,,,,,,,,,,,,,,,,
2026-08-03 00:52:39,421260,2.0,0.0106,71.0,1.0,0.0067,65.0,,,,,,,,,,,,,,,,,,
2026-08-03 00:53:09,421258,1.0,0.0039,60.0,0.0,0.0,0.0,,,,,,,,,,,,,,,,,,
2026-08-03 00:53:09,421260,0.0,0.0,0.0,1.0,0.0039,49.0,,,,,,,,,,,,,,,,,,
2026-08-03 00:53:39,421258,0.0,0.0,0.0,0.0,0.0,0.0,,,,,,,,,,,,,,,,,,
2026-08-03 00:53:39,421260,1.0,0.005,86.0,0.0,0.0,0.0,,,,,,,,,,,,,,,,,,
2026-08-03 00:54:09,421258,2.0,0.0078,78.0,5.0,0.0606,49.0,,,,,,,,,,,,,,,,,,
2026-08-03 00:54:09,421260,0.0,0.0,0.0,1.0,0.01,52.0,,,,,,,,,,,,,,,,,,
2026-08-03 00:54:39,421258,1.0,0.0039,78.0,1.0,0.0078,60.0,,,,,,,,,,,,,,,,,,
2026-08-03 00:54:39,421260,1.0,0.0056,65.0,2.0,0.015,49.0,,,,,,,,,,,,,,,,,,
2026-08-03 00:55:09,421258,1.0,0.0039,78.0,1.0,0.015,36.0,,,,,,,,,,,,,,,,,,
2026-08-03 00:55:09,421260,0.0,0.0,0.0,3.0,0.0256,56.0,,,,,,,,,,,,,,,,,,
2026-08-03 00:55:39,421258,0.0,0.0,0.0,0.0,0.0,0.0,,,,,,,,,,,,,,,,,,
2026-08-03 00:55:39,421260,0.0,0.0,0.0,0.0,0.0,0.0,,,,,,,,,,,,,,,,,,
2026-08-03 00:56:09,421258,0.0,0.0,0.0,0.0,0.0,0.0,,,,,,,,,,,,,,,,,,
2026-08-03 00:56:09,421260,0.0,0.0,0.0,2.0,0.01,78.0,,,,,,,,,,,,,,,,,,
2026-08-03 00:56:39,421258,0.0,0.0,0.0,5.0,0.0428,49.0,,,,,,,,,,,,,,,,,,
2026-08-03 00:56:39,421260,2.0,0.0128,56.0,3.0,0.0289,52.0,,,,,,,,,,,,,,,,,,
2026-08-03 00:57:09,421258,0.0,0.0,0.0,0.0,0.0,0.0,,,,,,,,,,,,,,,,,,
2026-08-03 00:57:09,421260,3.0,0.0189,65.0,1.0,0.0078,56.0,,,,,,,,,,,,,,,,,,
2026-08-03 00:57:39,421258,1.0,0.0039,78.0,3.0,0.0239,56.0,,,,,,,,,,,,,,,,,,
2026-08-03 00:57:39,421260,0.0,0.0,0.0,1.0,0.0056,71.0,,,,,,,,,,,,,,,,,,
2026-08-03 00:58:09,421258,0.0,0.0,0.0,0.0,0.0,0.0,,,,,,,,,,,,,,,,,,
2026-08-03 00:58:09,421260,1.0,0.005,65.0,3.0,0.0189,60.0,,,,,,,,,,,,,,,,,,
2026-08-03 00:58:39,421258,1.0,0.0039,78.0,2.0,0.0156,56.0,,,,,,,,,,,,,,,,,,
2026-08-03 00:58:39,421260,1.0,0.005,71.0,1.0,0.0056,71.0,,,,,,,,,,,,,,,,,,
2026-08-03 00:59:09,421258,2.0,0.0106,60.0,3.0,0.0439,52.0,,,,,,,,,,,,,,,,,,
2026-08-03 00:59:09,421260,1.0,0.005,78.0,3.0,0.0206,60.0,,,,,,,,,,,,,,,,,,
2026-08-03 00:59:39,421258,0.0,0.0,0.0,1.0,0.005,60.0,,,,,,,,,,,,,,,,,,
2026-08-03 00:59:39,421260,1.0,0.005,86.0,1.0,0.0056,71.0,,,,,,,,,,,,,,,,,,
2026-08-03 01:00:09,421258,2.0,0.0078,78.0,2.0,0.0128,56.0,,,,,,,,,,,,,,,,,,
2026-08-03 01:00:09,421260,0.0,0.0,0.0,2.0,0.0106,65.0,,,,,,,,,,,,,,,,,,
2026-08-03 01:00:39,421258,1.0,0.0039,78.0,2.0,0.015,56.0,,,,,,,,,,,,,,,,,,
2026-08-03 01:00:39,421260,0.0,0.0,0.0,2.0,0.0128,46.0,,,,,,,,,,,,,,,,,,
2026-08-03 01:01:09,421258,1.0,0.0039,78.0,3.0,0.02,56.0,,,,,,,,,,,,,,,,,,
2026-08-03 01:01:09,421260,1.0,0.0056,65.0,3.0,0.0328,56.0,,,,,,,,,,,,,,,,,,
2026-08-03 01:01:39,421258,0.0,0.0,0.0,2.0,0.0117,60.0,,,,,,,,,,,,,,,,,,
2026-08-03 01:01:39,421260,0.0,0.0,0.0,1.0,0.0067,52.0,,,,,,,,,,,,,,,,,,
2026-08-03 01:02:09,421258,0.0,0.0,0.0,1.0,0.0078,52.0,,,,,,,,,,,,,,,,,,
2026-08-03 01:02:09,421260,1.0,0.0056,78.0,2.0,0.0128,65.0,,,,,,,,,,,,,,,,,,
2026-08-03 01:02:39,421258,0.0,0.0,0.0,0.0,0.0,0.0,,,,,,,,,,,,,,,,,,
2026-08-03 01:02:39,421260,1.0,0.005,71.0,0.0,0.0,0.0,,,,,,,,,,,,,,,,,,
2026-08-03 01:03:09,421258,1.0,0.0039,78.0,1.0,0.0306,17.0,,,,,,,,,,,,,,,,,,
2026-08-03 01:03:09,421260,0.0,0.0,0.0,0.0,0.0,0.0,,,,,,,,,,,,,,,,,,
2026-08-03 01:03:39,421258,2.0,0.0078,86.0,3.0,0.0456,46.0,,,,,,,,,,,,,,,,,,
2026-08-03 01:03:39,421260,1.0,0.005,71.0,2.0,0.0106,65.0,,,,,,,,,,,,,,,,,,
2026-08-03 01:04:09,421258,1.0,0.0039,78.0,0.0,0.0,0.0,,,,,,,,,,,,,,,,,,
2026-08-03 01:04:09,421260,0.0,0.0,0.0,0.0,0.0,0.0,,,,,,,,,,,,,,,,,,
2026-08-03 01:04:39,421258,0.0,0.0,0.0,0.0,0.0,0.0,,,,,,,,,,,,,,,,,,
2026-08-03 01:04:39,421260,2.0,0.0117,71.0,2.0,0.0117,71.0,,,,,,,,,,,,,,,,,,
2026-08-03 01:05:09,421258,0.0,0.0,0.0,0.0,0.0,0.0,,,,,,,,,,,,,,,,,,
2026-08-03 01:05:09,421260,0.0,0.0,0.0,0.0,0.0,0.0,,,,,,,,,,,,,,,,,,
2026-08-03 01:05:39,421258,0.0,0.0,0.0,3.0,0.0189,60.0,,,,,,,,,,,,,,,,,,
2026-08-03 01:05:39,421260,0.0,0.0,0.0,1.0,0.0056,65.0,,,,,,,,,,,,,,,,,,
2026-08-03 01:06:09,421258,0.0,0.0,0.0,1.0,0.0067,60.0,,,,,,,,,,,,,,,,,,
2026-08-03 01:06:09,421260,2.0,0.0106,71.0,1.0,0.0056,60.0,,,,,,,,,,,,,,,,,,
2026-08-03 01:06:39,421258,1.0,0.0039,60.0,2.0,0.0128,60.0,,,,,,,,,,,,,,,,,,
2026-08-03 01:06:39,421260,0.0,0.0,0.0,1.0,0.0089,49.0,,,,,,,,,,,,,,,,,,
2026-08-03 01:07:09,421258,0.0,0.0,0.0,0.0,0.0,0.0,,,,,,,,,,,,,,,,,,
2026-08-03 01:07:09,421260,1.0,0.005,78.0,0.0,0.0,0.0,,,,,,,,,,,,,,,,,,
2026-08-03 01:07:39,421258,1.0,0.005,60.0,1.0,0.0067,60.0,,,,,,,,,,,,,,,,,,
2026-08-03 01:07:39,421260,1.0,0.005,78.0,1.0,0.0078,56.0,,,,,,,,,,,,,,,,,,
2026-08-03 01:08:09,421258,1.0,0.005,60.0,1.0,0.0067,60.0,,,,,,,,,,,,,,,,,,
2026-08-03 01:08:09,421260,0.0,0.0,0.0,1.0,0.01,46.0,,,,,,,,,,,,,,,,,,
2026-08-03 01:08:39,421258,0.0,0.0,0.0,1.0,0.0278,19.0,,,,,,,,,,,,,,,,,,
2026-08-03 01:08:39,421260,0.0,0.0,0.0,0.0,0.0,0.0,,,,,,,,,,,,,,,,,,
2026-08-03 01:09:09,421258,2.0,0.0078,86.0,1.0,0.0067,60.0,,,,,,,,,,,,,,,,,,
2026-08-03 01:09:09,421260,1.0,0.005,78.0,2.0,0.015,65.0,,,,,,,,,,,,,,,,,,
2026-08-03 01:09:39,421258,0.0,0.0,0.0,0.0,0.0,0.0,,,,,,,,,,,,,,,,,,
2026-08-03 01:09:39,421260,3.0,0.0167,71.0,1.0,0.0056,65.0,,,,,,,,,,,,,,,,,,
2026-08-03 01:10:09,421258,0.0,0.0,0.0,0.0,0.0,0.0,,,,,,,,,,,,,,,,,,
2026-08-03 01:10:09,421260,0.0,0.0,0.0,1.0,0.0128,49.0,,,,,,,,,,,,,,,,,,
2026-08-03 01:10:39,421258,0.0,0.0,0.0,2.0,0.0189,44.0,,,,,,,,,,,,,,,,,,
2026-08-03 01:10:39,421260,0.0,0.0,0.0,2.0,0.0117,49.0,,,,,,,,,,,,,,,,,,
2026-08-03 01:11:09,421258,2.0,0.01,60.0,2.0,0.02,52.0,,,,,,,,,,,,,,,,,,
2026-08-03 01:11:09,421260,1.0,0.0056,71.0,1.0,0.0306,49.0,,,,,,,,,,,,,,,,,,
2026-08-03 01:11:39,421258,1.0,0.0039,78.0,1.0,0.0078,52.0,,,,,,,,,,,,,,,,,,
2026-08-03 01:11:39,421260,0.0,0.0,0.0,0.0,0.0,0.0,,,,,,,,,,,,,,,,,,
2026-08-03 01:12:09,421258,0.0,0.0,0.0,0.0,0.0,0.0,,,,,,,,,,,,,,,,,,
2026-08-03 01:12:09,421260,3.0,0.0156,71.0,2.0,0.0128,65.0,,,,,,,,,,,,,,,,,,
2026-08-03 01:12:39,421258,0.0,0.0,0.0,3.0,0.0628,40.0,,,,,,,,,,,,,,,,,,
2026-08-03 01:12:39,421260,0.0,0.0,0.0,3.0,0.02,60.0,,,,,,,,,,,,,,,,,,
2026-08-03 01:13:09,421258,1.0,0.0039,78.0,0.0,0.0,0.0,,,,,,,,,,,,,,,,,,
2026-08-03 01:13:09,421260,0.0,0.0,0.0,1.0,0.0067,65.0,,,,,,,,,,,,,,,,,,
2026-08-03 01:13:39,421258,1.0,0.005,78.0,1.0,0.0317,25.0,,,,,,,,,,,,,,,,,,
2026-08-03 01:13:39,421260,0.0,0.0,0.0,0.0,0.0,0.0,,,,,,,,,,,,,,,,,,
2026-08-03 01:14:09,421258,2.0,0.0078,78.0,2.0,0.0117,60.0,,,,,,,,,,,,,,,,,,
2026-08-03 01:14:09,421260,1.0,0.005,86.0,2.0,0.0139,56.0,,,,,,,,,,,,,,,,,,
2026-08-03 01:14:39,421258,1.0,0.0039,78.0,3.0,0.0217,56.0,,,,,,,,,,,,,,,,,,
2026-08-03 01:14:39,421260,2.0,0.01,71.0,3.0,0.02,52.0,,,,,,,,,,,,,,,,,,
2026-08-03 01:15:09,421258,0.0,0.0,0.0,0.0,0.0,0.0,,,,,,,,,,,,,,,,,,
2026-08-03 01:15:09,421260,0.0,0.0,0.0,1.0,0.0067,60.0,,,,,,,,,,,,,,,,,,
2026-08-03 01:15:39,421258,1.0,0.0039,96.0,0.0,0.0,0.0,,,,,,,,,,,,,,,,,,
2026-08-03 01:15:39,421260,0.0,0.0,0.0,1.0,0.0056,65.0,,,,,,,,,,,,,,,,,,
2026-08-03 01:16:09,421258,1.0,0.0039,96.0,1.0,0.0267,44.0,,,,,,,,,,,,,,,,,,
2026-08-03 01:16:09,421260,0.0,0.0,0.0,1.0,0.0067,60.0,,,,,,,,,,,,,,,,,,
2026-08-03 01:16:39,421258,1.0,0.0039,78.0,2.0,0.015,52.0,,,,,,,,,,,,,,,,,,
2026-08-03 01:16:39,421260,0.0,0.0,0.0,0.0,0.0,0.0,,,,,,,,,,,,,,,,,,
2026-08-03 01:17:09,421258,0.0,0.0,0.0,2.0,0.0178,44.0,,,,,,,,,,,,,,,,,,
2026-08-03 01:17:09,421260,0.0,0.0,0.0,0.0,0.0,0.0,,,,,,,,,,,,,,,,,,
2026-08-03 01:17:39,421258,0.0,0.0,0.0,1.0,0.0067,60.0,,,,,,,,,,,,,,,,,,
2026-08-03 01:17:39,421260,3.0,0.0178,65.0,3.0,0.0339,52.0,,,,,,,,,,,,,,,,,,
2026-08-03 01:18:09,421258,0.0,0.0,0.0,1.0,0.0078,52.0,,,,,,,,,,,,,,,,,,
2026-08-03 01:18:09,421260,0.0,0.0,0.0,0.0,0.0,0.0,,,,,,,,,,,,,,,,,,
2026-08-03 01:18:39,421258,0.0,0.0,0.0,0.0,0.0,0.0,,,,,,,,,,,,,,,,,,
2026-08-03 01:18:39,421260,1.0,0.0056,56.0,1.0,0.0056,65.0,,,,,,,,,,,,,,,,,,
2026-08-03 01:19:09,421258,1.0,0.005,60.0,1.0,0.005,60.0,,,,,,,,,,,,,,,,,,
2026-08-03 01:19:09,421260,0.0,0.0,0.0,0.0,0.0,0.0,,,,,,,,,,,,,,,,,,
2026-08-03 01:19:39,421258,1.0,0.0039,60.0,1.0,0.0078,60.0,,,,,,,,,,,,,,,,,,
2026-08-03 01:19:39,421260,1.0,0.0056,65.0,3.0,0.0206,56.0,,,,,,,,,,,,,,,,,,
2026-08-03 01:20:09,421258,0.0,0.0,0.0,0.0,0.0,0.0,,,,,,,,,,,,,,,,,,
2026-08-03 01:20:09,421260,1.0,0.005,78.0,0.0,0.0,0.0,,,,,,,,,,,,,,,,,,
2026-08-03 01:20:39,421258,0.0,0.0,0.0,1.0,0.0067,60.0,,,,,,,,,,,,,,,,,,
2026-08-03 01:20:39,421260,0.0,0.0,0.0,4.0,0.0378,42.0,,,,,,,,,,,,,,,,,,
2026-08-03 01:21:09,421258,1.0,0.005,52.0,0.0,0.0,0.0,,,,,,,,,,,,,,,,,,
2026-08-03 01:21:09,421260,1.0,0.005,71.0,1.0,0.005,65.0,,,,,,,,,,,,,,,,,,
2026-08-03 01:21:39,421258,1.0,0.0039,78.0,3.0,0.0239,56.0,,,,,,,,,,,,,,,,,,
2026-08-03 01:21:39,421260,0.0,0.0,0.0,2.0,0.0117,65.0,,,,,,,,,,,,,,,,,,
2026-08-03 01:22:09,421258,0.0,0.0,0.0,1.0,0.0078,44.0,,,,,,,,,,,,,,,,,,
2026-08-03 01:22:09,421260,0.0,0.0,0.0,2.0,0.0128,65.0,,,,,,,,,,,,,,,,,,
2026-08-03 01:22:39,421258,0.0,0.0,0.0,0.0,0.0,0.0,,,,,,,,,,,,,,,,,,
2026-08-03 01:22:39,421260,1.0,0.0039,78.0,0.0,0.0,0.0,,,,,,,,,,,,,,,,,,
2026-08-03 01:23:09,421258,2.0,0.0078,78.0,2.0,0.0356,49.0,,,,,,,,,,,,,,,,,,
2026-08-03 01:23:09,421260,0.0,0.0,0.0,0.0,0.0,0.0,,,,,,,,,,,,,,,,,,
2026-08-03 01:23:39,421258,0.0,0.0,0.0,1.0,0.0078,52.0,,,,,,,,,,,,,,,,,,
2026-08-03 01:23:39,421260,0.0,0.0,0.0,2.0,0.0139,60.0,,,,,,,,,,,,,,,,,,
2026-08-03 01:24:09,421258,0.0,0.0,0.0,3.0,0.0217,56.0,,,,,,,,,,,,,,,,,,
2026-08-03 01:24:09,421260,0.0,0.0,0.0,1.0,0.0428,46.0,,,,,,,,,,,,,,,,,,
2026-08-03 01:24:39,421258,0.0,0.0,0.0,0.0,0.0,0.0,,,,,,,,,,,,,,,,,,
2026-08-03 01:24:39,421260,0.0,0.0,0.0,2.0,0.0139,56.0,,,,,,,,,,,,,,,,,,
2026-08-03 01:25:09,421258,0.0,0.0,0.0,0.0,0.0,0.0,,,,,,,,,,,,,,,,,,
2026-08-03 01:25:09,421260,1.0,0.005,60.0,0.0,0.0,0.0,,,,,,,,,,,,,,,,,,
2026-08-03 01:25:39,421258,0.0,0.0,0.0,2.0,0.0156,52.0,,,,,,,,,,,,,,,,,,
2026-08-03 01:25:39,421260,0.0,0.0,0.0,1.0,0.0078,49.0,,,,,,,,,,,,,,,,,,
2026-08-03 01:26:09,421258,0.0,0.0,0.0,0.0,0.0,0.0,,,,,,,,,,,,,,,,,,
2026-08-03 01:26:09,421260,0.0,0.0,0.0,0.0,0.0,0.0,,,,,,,,,,,,,,,,,,
2026-08-03 01:26:39,421258,0.0,0.0,0.0,1.0,0.0356,44.0,,,,,,,,,,,,,,,,,,
2026-08-03 01:26:39,421260,0.0,0.0,0.0,2.0,0.015,52.0,,,,,,,,,,,,,,,,,,
2026-08-03 01:27:09,421258,1.0,0.0039,60.0,2.0,0.0178,42.0,,,,,,,,,,,,,,,,,,
2026-08-03 01:27:09,421260,0.0,0.0,0.0,2.0,0.0139,60.0,,,,,,,,,,,,,,,,,,
2026-08-03 01:27:39,421258,0.0,0.0,0.0,1.0,0.0067,52.0,,,,,,,,,,,,,,,,,,
2026-08-03 01:27:39,421260,1.0,0.0067,60.0,0.0,0.0,0.0,,,,,,,,,,,,,,,,,,
2026-08-03 01:28:09,421258,0.0,0.0,0.0,0.0,0.0,0.0,,,,,,,,,,,,,,,,,,
2026-08-03 01:28:09,421260,0.0,0.0,0.0,0.0,0.0017,0.0,,,,,,,,,,,,,,,,,,
2026-08-03 01:28:39,421258,0.0,0.0,0.0,1.0,0.0067,60.0,,,,,,,,,,,,,,,,,,
2026-08-03 01:28:39,421260,0.0,0.0,0.0,4.0,0.0256,49.0,,,,,,,,,,,,,,,,,,
2026-08-03 01:29:09,421258,0.0,0.0,0.0,2.0,0.0189,44.0,,,,,,,,,,,,,,,,,,
2026-08-03 01:29:09,421260,0.0,0.0,0.0,2.0,0.0128,56.0,,,,,,,,,,,,,,,,,,
2026-08-03 01:29:39,421258,1.0,0.0039,60.0,1.0,0.0078,52.0,,,,,,,,,,,,,,,,,,
2026-08-03 01:29:39,421260,1.0,0.005,65.0,1.0,0.0056,60.0,,,,,,,,,,,,,,,,,,
2026-08-03 01:30:09,421258,0.0,0.0,0.0,0.0,0.0,0.0,,,,,,,,,,,,,,,,,,
2026-08-03 01:30:09,421260,0.0,0.0,0.0,2.0,0.0156,56.0,,,,,,,,,,,,,,,,,,
2026-08-03 01:30:39,421258,0.0,0.0,0.0,1.0,0.02,27.0,,,,,,,,,,,,,,,,,,
2026-08-03 01:30:39,421260,0.0,0.0,0.0,1.0,0.01,38.0,,,,,,,,,,,,,,,,,,
2026-08-03 01:31:09,421258,0.0,0.0,0.0,4.0,0.0317,49.0,,,,,,,,,,,,,,,,,,
2026-08-03 01:31:09,421260,1.0,0.0056,71.0,2.0,0.0128,60.0,,,,,,,,,,,,,,,,,,
2026-08-03 01:31:39,421258,1.0,0.0039,78.0,1.0,0.0067,52.0,,,,,,,,,,,,,,,,,,
2026-08-03 01:31:39,421260,0.0,0.0,0.0,2.0,0.0139,52.0,,,,,,,,,,,,,,,,,,
2026-08-03 01:32:09,421258,0.0,0.0,0.0,2.0,0.0167,52.0,,,,,,,,,,,,,,,,,,
2026-08-03 01:32:09,421260,0.0,0.0,0.0,0.0,0.0,0.0,,,,,,,,,,,,,,,,,,
2026-08-03 01:32:39,421258,0.0,0.0,0.0,0.0,0.0,0.0,,,,,,,,,,,,,,,,,,
2026-08-03 01:32:39,421260,0.0,0.0,0.0,3.0,0.0189,65.0,,,,,,,,,,,,,,,,,,
2026-08-03 01:33:09,421258,3.0,0.0117,71.0,0.0,0.0,0.0,,,,,,,,,,,,,,,,,,
2026-08-03 01:33:09,421260,0.0,0.0,0.0,1.0,0.0067,60.0,,,,,,,,,,,,,,,,,,
2026-08-03 01:33:39,421258,0.0,0.0,0.0,2.0,0.0417,38.0,,,,,,,,,,,,,,,,,,
2026-08-03 01:33:39,421260,1.0,0.0056,65.0,2.0,0.0139,60.0,,,,,,,,,,,,,,,,,,
2026-08-03 01:34:09,421258,0.0,0.0,0.0,0.0,0.0,0.0,,,,,,,,,,,,,,,,,,
2026-08-03 01:34:09,421260,0.0,0.0,0.0,1.0,0.0056,86.0,,,,,,,,,,,,,,,,,,
2026-08-03 01:34:39,421258,0.0,0.0,0.0,3.0,0.02,56.0,,,,,,,,,,,,,,,,,,
2026-08-03 01:34:39,421260,0.0,0.0,0.0,0.0,0.0,0.0,,,,,,,,,,,,,,,,,,
2026-08-03 01:35:09,421258,0.0,0.0,0.0,1.0,0.0078,52.0,,,,,,,,,,,,,,,,,,
2026-08-03 01:35:09,421260,1.0,0.0056,56.0,0.0,0.0,0.0,,,,,,,,,,,,,,,,,,
2026-08-03 01:35:39,421258,1.0,0.0039,78.0,2.0,0.0128,60.0,,,,,,,,,,,,,,,,,,
2026-08-03 01:35:39,421260,0.0,0.0,0.0,2.0,0.0117,65.0,,,,,,,,,,,,,,,,,,
2026-08-03 01:36:09,421258,0.0,0.0,0.0,1.0,0.0278,40.0,,,,,,,,,,,,,,,,,,
2026-08-03 01:36:09,421260,0.0,0.0,0.0,0.0,0.0,0.0,,,,,,,,,,,,,,,,,,
2026-08-03 01:36:39,421258,0.0,0.0,0.0,0.0,0.0,0.0,,,,,,,,,,,,,,,,,,
2026-08-03 01:36:39,421260,0.0,0.0,0.0,0.0,0.0,0.0,,,,,,,,,,,,,,,,,,
2026-08-03 01:37:09,421258,1.0,0.0039,78.0,0.0,0.0,0.0,,,,,,,,,,,,,,,,,,
2026-08-03 01:37:09,421260,0.0,0.0,0.0,1.0,0.0056,65.0,,,,,,,,,,,,,,,,,,
2026-08-03 01:37:39,421258,1.0,0.0039,60.0,1.0,0.0067,60.0,,,,,,,,,,,,,,,,,,
2026-08-03 01:37:39,421260,0.0,0.0,0.0,0.0,0.0,0.0,,,,,,,,,,,,,,,,,,
2026-08-03 01:38:09,421258,0.0,0.0,0.0,0.0,0.0,0.0,,,,,,,,,,,,,,,,,,
2026-08-03 01:38:09,421260,1.0,0.005,78.0,1.0,0.005,71.0,,,,,,,,,,,,,,,,,,
2026-08-03 01:38:39,421258,0.0,0.0,0.0,0.0,0.0,0.0,,,,,,,,,,,,,,,,,,
2026-08-03 01:38:39,421260,0.0,0.0,0.0,0.0,0.0,0.0,,,,,,,,,,,,,,,,,,
2026-08-03 01:39:09,421258,0.0,0.0,0.0,1.0,0.0067,60.0,,,,,,,,,,,,,,,,,,
2026-08-03 01:39:09,421260,2.0,0.0106,65.0,3.0,0.0278,46.0,,,,,,,,,,,,,,,,,,
2026-08-03 01:39:39,421258,1.0,0.0039,78.0,0.0,0.0,0.0,,,,,,,,,,,,,,,,,,
2026-08-03 01:39:39,421260,1.0,0.005,65.0,0.0,0.0,0.0,,,,,,,,,,,,,,,,,,
2026-08-03 01:40:09,421258,0.0,0.0,0.0,1.0,0.005,60.0,,,,,,,,,,,,,,,,,,
2026-08-03 01:40:09,421260,1.0,0.005,65.0,0.0,0.0,0.0,,,,,,,,,,,,,,,,,,
2026-08-03 01:40:39,421258,0.0,0.0,0.0,0.0,0.0,0.0,,,,,,,,,,,,,,,,,,
2026-08-03 01:40:39,421260,1.0,0.0056,60.0,1.0,0.0056,56.0,,,,,,,,,,,,,,,,,,
2026-08-03 01:41:09,421258,2.0,0.0078,78.0,0.0,0.0,0.0,,,,,,,,,,,,,,,,,,
2026-08-03 01:41:09,421260,0.0,0.0,0.0,1.0,0.005,71.0,,,,,,,,,,,,,,,,,,
2026-08-03 01:41:39,421258,1.0,0.0039,78.0,2.0,0.0506,49.0,,,,,,,,,,,,,,,,,,
2026-08-03 01:41:39,421260,0.0,0.0,0.0,1.0,0.0067,60.0,,,,,,,,,,,,,,,,,,
2026-08-03 01:42:09,421258,0.0,0.0,0.0,0.0,0.0,0.0,,,,,,,,,,,,,,,,,,
2026-08-03 01:42:09,421260,1.0,0.0039,49.0,0.0,0.0,0.0,,,,,,,,,,,,,,,,,,
2026-08-03 01:42:39,421258,1.0,0.0039,60.0,0.0,0.0,0.0,,,,,,,,,,,,,,,,,,
2026-08-03 01:42:39,421260,2.0,0.0117,71.0,2.0,0.0117,56.0,,,,,,,,,,,,,,,,,,
2026-08-03 01:43:09,421258,0.0,0.0,0.0,1.0,0.0067,52.0,,,,,,,,,,,,,,,,,,
2026-08-03 01:43:09,421260,0.0,0.0,0.0,0.0,0.0,0.0,,,,,,,,,,,,,,,,,,
2026-08-03 01:43:39,421258,0.0,0.0,0.0,1.0,0.0067,60.0,,,,,,,,,,,,,,,,,,
2026-08-03 01:43:39,421260,0.0,0.0,0.0,0.0,0.0,0.0,,,,,,,,,,,,,,,,,,
2026-08-03 01:44:09,421258,0.0,0.0,0.0,0.0,0.0,0.0,,,,,,,,,,,,,,,,,,
2026-08-03 01:44:09,421260,1.0,0.0067,60.0,1.0,0.0417,52.0,,,,,,,,,,,,,,,,,,
2026-08-03 01:44:39,421258,2.0,0.0089,65.0,3.0,0.0317,49.0,,,,,,,,,,,,,,,,,,
2026-08-03 01:44:39,421260,1.0,0.005,65.0,1.0,0.0078,49.0,,,,,,,,,,,,,,,,,,
2026-08-03 01:45:09,421258,0.0,0.0,0.0,0.0,0.0,0.0,,,,,,,,,,,,,,,,,,
2026-08-03 01:45:09,421260,0.0,0.0,0.0,1.0,0.0078,52.0,,,,,,,,,,,,,,,,,,
2026-08-03 01:45:39,421258,0.0,0.0,0.0,0.0,0.0,0.0,,,,,,,,,,,,,,,,,,
2026-08-03 01:45:39,421260,0.0,0.0,0.0,2.0,0.0117,65.0,,,,,,,,,,,,,,,,,,
2026-08-03 01:46:09,421258,1.0,0.0067,60.0,0.0,0.0,0.0,,,,,,,,,,,,,,,,,,
2026-08-03 01:46:09,421260,0.0,0.0,0.0,3.0,0.0178,65.0,,,,,,,,,,,,,,,,,,
2026-08-03 01:46:39,421258,0.0,0.0,0.0,2.0,0.0467,44.0,,,,,,,,,,,,,,,,,,
2026-08-03 01:46:39,421260,0.0,0.0,0.0,1.0,0.005,71.0,,,,,,,,,,,,,,,,,,
2026-08-03 01:47:09,421258,0.0,0.0,0.0,1.0,0.0089,44.0,,,,,,,,,,,,,,,,,,
2026-08-03 01:47:09,421260,0.0,0.0,0.0,1.0,0.0067,56.0,,,,,,,,,,,,,,,,,,
2026-08-03 01:47:39,421258,1.0,0.0039,78.0,4.0,0.03,52.0,,,,,,,,,,,,,,,,,,
2026-08-03 01:47:39,421260,0.0,0.0,0.0,1.0,0.0078,52.0,,,,,,,,,,,,,,,,,,
2026-08-03 01:48:09,421258,0.0,0.0,0.0,2.0,0.0128,56.0,,,,,,,,,,,,,,,,,,
2026-08-03 01:48:09,421260,1.0,0.0056,78.0,2.0,0.0117,71.0,,,,,,,,,,,,,,,,,,
2026-08-03 01:48:39,421258,0.0,0.0,0.0,0.0,0.0,0.0,,,,,,,,,,,,,,,,,,
2026-08-03 01:48:39,421260,0.0,0.0,0.0,1.0,0.0067,56.0,,,,,,,,,,,,,,,,,,
2026-08-03 01:49:09,421258,0.0,0.0,0.0,0.0,0.0,0.0,,,,,,,,,,,,,,,,,,
2026-08-03 01:49:09,421260,0.0,0.0,0.0,2.0,0.0106,71.0,,,,,,,,,,,,,,,,,,
2026-08-03 01:49:39,421258,0.0,0.0,0.0,3.0,0.02,60.0,,,,,,,,,,,,,,,,,,
2026-08-03 01:49:39,421260,0.0,0.0,0.0,2.0,0.0128,60.0,,,,,,,,,,,,,,,,,,
2026-08-03 01:50:09,421258,1.0,0.0039,78.0,1.0,0.0067,60.0,,,,,,,,,,,,,,,,,,
2026-08-03 01:50:09,421260,0.0,0.0,0.0,0.0,0.0,0.0,,,,,,,,,,,,,,,,,,
2026-08-03 01:50:39,421258,0.0,0.0,0.0,1.0,0.0039,78.0,,,,,,,,,,,,,,,,,,
2026-08-03 01:50:39,421260,0.0,0.0,0.0,1.0,0.0067,60.0,,,,,,,,,,,,,,,,,,
2026-08-03 01:51:09,421258,0.0,0.0,0.0,2.0,0.015,52.0,,,,,,,,,,,,,,,,,,
2026-08-03 01:51:09,421260,1.0,0.0039,71.0,0.0,0.0,0.0,,,,,,,,,,,,,,,,,,
2026-08-03 01:51:39,421258,1.0,0.0039,78.0,1.0,0.0078,52.0,,,,,,,,,,,,,,,,,,
2026-08-03 01:51:39,421260,1.0,0.005,60.0,3.0,0.0256,49.0,,,,,,,,,,,,,,,,,,
2026-08-03 01:52:09,421258,0.0,0.0,0.0,1.0,0.0089,52.0,,,,,,,,,,,,,,,,,,
2026-08-03 01:52:09,421260,2.0,0.0106,65.0,2.0,0.0156,49.0,,,,,,,,,,,,,,,,,,
2026-08-03 01:52:39,421258,0.0,0.0,0.0,0.0,0.0,0.0,,,,,,,,,,,,,,,,,,
2026-08-03 01:52:39,421260,0.0,0.0,0.0,2.0,0.015,60.0,,,,,,,,,,,,,,,,,,
2026-08-03 01:53:09,421258,1.0,0.0039,78.0,0.0,0.0,0.0,,,,,,,,,,,,,,,,,,
2026-08-03 01:53:09,421260,1.0,0.005,86.0,0.0,0.0,0.0,,,,,,,,,,,,,,,,,,
2026-08-03 01:53:39,421258,0.0,0.0,0.0,2.0,0.0167,49.0,,,,,,,,,,,,,,,,,,
2026-08-03 01:53:39,421260,2.0,0.0106,65.0,2.0,0.0167,52.0,,,,,,,,,,,,,,,,,,
2026-08-03 01:54:09,421258,1.0,0.0039,60.0,3.0,0.0439,46.0,,,,,,,,,,,,,,,,,,
2026-08-03 01:54:09,421260,0.0,0.0,0.0,1.0,0.0067,56.0,,,,,,,,,,,,,,,,,,
2026-08-03 01:54:39,421258,2.0,0.0078,86.0,2.0,0.0178,52.0,,,,,,,,,,,,,,,,,,
2026-08-03 01:54:39,421260,0.0,0.0,0.0,4.0,0.0339,46.0,,,,,,,,,,,,,,,,,,
2026-08-03 01:55:09,421258,0.0,0.0,0.0,0.0,0.0,0.0,,,,,,,,,,,,,,,,,,
2026-08-03 01:55:09,421260,0.0,0.0,0.0,0.0,0.0,0.0,,,,,,,,,,,,,,,,,,
2026-08-03 01:55:39,421258,1.0,0.0039,78.0,2.0,0.0378,49.0,,,,,,,,,,,,,,,,,,
2026-08-03 01:55:39,421260,0.0,0.0,0.0,1.0,0.005,71.0,,,,,,,,,,,,,,,,,,
2026-08-03 01:56:09,421258,0.0,0.0,0.0,1.0,0.0067,52.0,,,,,,,,,,,,,,,,,,
2026-08-03 01:56:09,421260,0.0,0.0,0.0,1.0,0.0089,49.0,,,,,,,,,,,,,,,,,,
2026-08-03 01:56:39,421258,0.0,0.0,0.0,1.0,0.005,60.0,,,,,,,,,,,,,,,,,,
2026-08-03 01:56:39,421260,0.0,0.0,0.0,3.0,0.0206,60.0,,,,,,,,,,,,,,,,,,
2026-08-03 01:57:09,421258,0.0,0.0,0.0,1.0,0.0389,36.0,,,,,,,,,,,,,,,,,,
2026-08-03 01:57:09,421260,0.0,0.0,0.0,0.0,0.0,0.0,,,,,,,,,,,,,,,,,,
2026-08-03 01:57:39,421258,0.0,0.0,0.0,1.0,0.0067,52.0,,,,,,,,,,,,,,,,,,
2026-08-03 01:57:39,421260,0.0,0.0,0.0,0.0,0.0,0.0,,,,,,,,,,,,,,,,,,
2026-08-03 01:58:09,421258,0.0,0.0,0.0,0.0,0.0,0.0,,,,,,,,,,,,,,,,,,
2026-08-03 01:58:09,421260,2.0,0.01,71.0,3.0,0.0317,56.0,,,,,,,,,,,,,,,,,,
2026-08-03 01:58:39,421258,0.0,0.0,0.0,3.0,0.0217,56.0,,,,,,,,,,,,,,,,,,
2026-08-03 01:58:39,421260,0.0,0.0,0.0,1.0,0.0406,46.0,,,,,,,,,,,,,,,,,,
2026-08-03 01:59:09,421258,0.0,0.0,0.0,1.0,0.0067,60.0,,,,,,,,,,,,,,,,,,
2026-08-03 01:59:09,421260,0.0,0.0,0.0,2.0,0.0128,56.0,,,,,,,,,,,,,,,,,,
2026-08-03 01:59:39,421258,0.0,0.0,0.0,0.0,0.0,0.0,,,,,,,,,,,,,,,,,,
2026-08-03 01:59:39,421260,0.0,0.0,0.0,1.0,0.0067,60.0,,,,,,,,,,,,,,,,,,
2026-08-03 02:00:09,421258,3.0,0.0117,78.0,1.0,0.0267,44.0,,,,,,,,,,,,,,,,,,
2026-08-03 02:00:09,421260,0.0,0.0,0.0,1.0,0.005,78.0,,,,,,,,,,,,,,,,,,
2026-08-03 02:00:39,421258,0.0,0.0,0.0,1.0,0.0317,44.0,,,,,,,,,,,,,,,,,,
2026-08-03 02:00:39,421260,0.0,0.0,0.0,1.0,0.0067,60.0,,,,,,,,,,,,,,,,,,
2026-08-03 02:01:09,421258,0.0,0.0,0.0,1.0,0.0356,44.0,,,,,,,,,,,,,,,,,,
2026-08-03 02:01:09,421260,0.0,0.0,0.0,0.0,0.0,0.0,,,,,,,,,,,,,,,,,,
2026-08-03 02:01:39,421258,0.0,0.0,0.0,2.0,0.035,49.0,,,,,,,,,,,,,,,,,,
2026-08-03 02:01:39,421260,1.0,0.0039,86.0,1.0,0.0078,52.0,,,,,,,,,,,,,,,,,,
2026-08-03 02:02:09,421258,0.0,0.0,0.0,0.0,0.0,0.0,,,,,,,,,,,,,,,,,,
2026-08-03 02:02:09,421260,0.0,0.0,0.0,0.0,0.0,0.0,,,,,,,,,,,,,,,,,,
2026-08-03 02:02:39,421258,0.0,0.0,0.0,1.0,0.0067,60.0,,,,,,,,,,,,,,,,,,
2026-08-03 02:02:39,421260,0.0,0.0,0.0,0.0,0.0,0.0,,,,,,,,,,,,,,,,,,
2026-08-03 02:03:09,421258,0.0,0.0,0.0,1.0,0.005,78.0,,,,,,,,,,,,,,,,,,
2026-08-03 02:03:09,421260,0.0,0.0,0.0,0.0,0.0,0.0,,,,,,,,,,,,,,,,,,
2026-08-03 02:03:39,421258,0.0,0.0,0.0,0.0,0.0,0.0,,,,,,,,,,,,,,,,,,
2026-08-03 02:03:39,421260,0.0,0.0,0.0,0.0,0.0,0.0,,,,,,,,,,,,,,,,,,
2026-08-03 02:04:09,421258,0.0,0.0,0.0,1.0,0.0089,44.0,,,,,,,,,,,,,,,,,,
2026-08-03 02:04:09,421260,0.0,0.0,0.0,1.0,0.0067,56.0,,,,,,,,,,,,,,,,,,
2026-08-03 02:04:39,421258,0.0,0.0,0.0,0.0,0.0,0.0,,,,,,,,,,,,,,,,,,
2026-08-03 02:04:39,421260,0.0,0.0,0.0,2.0,0.015,56.0,,,,,,,,,,,,,,,,,,
2026-08-03 02:05:09,421258,0.0,0.0,0.0,0.0,0.0,0.0,,,,,,,,,,,,,,,,,,
2026-08-03 02:05:09,421260,0.0,0.0,0.0,0.0,0.0,0.0,,,,,,,,,,,,,,,,,,
2026-08-03 02:05:39,421258,0.0,0.0,0.0,0.0,0.0,0.0,,,,,,,,,,,,,,,,,,
2026-08-03 02:05:39,421260,0.0,0.0,0.0,4.0,0.0306,60.0,,,,,,,,,,,,,,,,,,
2026-08-03 02:06:09,421258,0.0,0.0,0.0,1.0,0.005,60.0,,,,,,,,,,,,,,,,,,
2026-08-03 02:06:09,421260,0.0,0.0,0.0,1.0,0.0067,60.0,,,,,,,,,,,,,,,,,,
2026-08-03 02:06:39,421258,1.0,0.0039,78.0,0.0,0.0,0.0,,,,,,,,,,,,,,,,,,
2026-08-03 02:06:39,421260,1.0,0.0039,78.0,2.0,0.015,60.0,,,,,,,,,,,,,,,,,,
2026-08-03 02:07:09,421258,0.0,0.0,0.0,1.0,0.0089,44.0,,,,,,,,,,,,,,,,,,
2026-08-03 02:07:09,421260,0.0,0.0,0.0,1.0,0.0056,56.0,,,,,,,,,,,,,,,,,,
2026-08-03 02:07:39,421258,1.0,0.005,60.0,3.0,0.0256,52.0,,,,,,,,,,,,,,,,,,
2026-08-03 02:07:39,421260,2.0,0.0089,78.0,1.0,0.0078,52.0,,,,,,,,,,,,,,,,,,
2026-08-03 02:08:09,421258,0.0,0.0,0.0,1.0,0.0078,52.0,,,,,,,,,,,,,,,,,,
2026-08-03 02:08:09,421260,0.0,0.0,0.0,2.0,0.015,49.0,,,,,,,,,,,,,,,,,,
2026-08-03 02:08:39,421258,0.0,0.0,0.0,1.0,0.005,60.0,,,,,,,,,,,,,,,,,,
2026-08-03 02:08:39,421260,0.0,0.0,0.0,0.0,0.0,0.0,,,,,,,,,,,,,,,,,,
2026-08-03 02:09:09,421258,0.0,0.0,0.0,3.0,0.0256,49.0,,,,,,,,,,,,,,,,,,
2026-08-03 02:09:09,421260,0.0,0.0,0.0,1.0,0.0056,52.0,,,,,,,,,,,,,,,,,,
2026-08-03 02:09:39,421258,0.0,0.0,0.0,2.0,0.015,56.0,,,,,,,,,,,,,,,,,,
2026-08-03 02:09:39,421260,1.0,0.0067,60.0,3.0,0.02,52.0,,,,,,,,,,,,,,,,,,
2026-08-03 02:10:09,421258,0.0,0.0,0.0,1.0,0.0267,44.0,,,,,,,,,,,,,,,,,,
2026-08-03 02:10:09,421260,0.0,0.0,0.0,0.0,0.0,0.0,,,,,,,,,,,,,,,,,,
2026-08-03 02:10:39,421258,0.0,0.0,0.0,0.0,0.0,0.0,,,,,,,,,,,,,,,,,,
2026-08-03 02:10:39,421260,0.0,0.0,0.0,0.0,0.0,0.0,,,,,,,,,,,,,,,,,,
2026-08-03 02:11:09,421258,0.0,0.0,0.0,0.0,0.0,0.0,,,,,,,,,,,,,,,,,,
2026-08-03 02:11:09,421260,0.0,0.0,0.0,1.0,0.0067,56.0,,,,,,,,,,,,,,,,,,
2026-08-03 02:11:39,421258,0.0,0.0,0.0,2.0,0.015,44.0,,,,,,,,,,,,,,,,,,
2026-08-03 02:11:39,421260,0.0,0.0,0.0,3.0,0.0228,56.0,,,,,,,,,,,,,,,,,,
2026-08-03 02:12:09,421258,0.0,0.0,0.0,3.0,0.0256,46.0,,,,,,,,,,,,,,,,,,
2026-08-03 02:12:09,421260,1.0,0.0056,71.0,0.0,0.0,0.0,,,,,,,,,,,,,,,,,,
2026-08-03 02:12:39,421258,0.0,0.0,0.0,0.0,0.0,0.0,,,,,,,,,,,,,,,,,,
2026-08-03 02:12:39,421260,2.0,0.0089,78.0,2.0,0.0106,65.0,,,,,,,,,,,,,,,,,,
2026-08-03 02:13:09,421258,0.0,0.0,0.0,1.0,0.0067,52.0,,,,,,,,,,,,,,,,,,
2026-08-03 02:13:09,421260,0.0,0.0,0.0,0.0,0.0,0.0,,,,,,,,,,,,,,,,,,
2026-08-03 02:13:39,421258,1.0,0.0039,78.0,2.0,0.0306,44.0,,,,,,,,,,,,,,,,,,
2026-08-03 02:13:39,421260,0.0,0.0,0.0,1.0,0.005,78.0,,,,,,,,,,,,,,,,,,
2026-08-03 02:14:09,421258,2.0,0.0078,65.0,2.0,0.0106,60.0,,,,,,,,,,,,,,,,,,
2026-08-03 02:14:09,421260,0.0,0.0,0.0,0.0,0.0,0.0,,,,,,,,,,,,,,,,,,
2026-08-03 02:14:39,421258,0.0,0.0,0.0,0.0,0.0,0.0,,,,,,,,,,,,,,,,,,
2026-08-03 02:14:39,421260,1.0,0.0056,71.0,1.0,0.0056,65.0,,,,,,,,,,,,,,,,,,
2026-08-03 02:15:09,421258,0.0,0.0,0.0,1.0,0.0067,60.0,,,,,,,,,,,,,,,,,,
2026-08-03 02:15:09,421260,0.0,0.0,0.0,1.0,0.0056,65.0,,,,,,,,,,,,,,,,,,
2026-08-03 02:15:39,421258,0.0,0.0,0.0,0.0,0.0,0.0,,,,,,,,,,,,,,,,,,
2026-08-03 02:15:39,421260,0.0,0.0,0.0,1.0,0.0056,65.0,,,,,,,,,,,,,,,,,,
2026-08-03 02:16:09,421258,0.0,0.0,0.0,2.0,0.0128,60.0,,,,,,,,,,,,,,,,,,
2026-08-03 02:16:09,421260,0.0,0.0,0.0,1.0,0.0067,60.0,,,,,,,,,,,,,,,,,,
2026-08-03 02:16:39,421258,0.0,0.0,0.0,0.0,0.0,0.0,,,,,,,,,,,,,,,,,,
2026-08-03 02:16:39,421260,0.0,0.0,0.0,0.0,0.0,0.0,,,,,,,,,,,,,,,,,,
2026-08-03 02:17:09,421258,0.0,0.0,0.0,1.0,0.005,60.0,,,,,,,,,,,,,,,,,,
2026-08-03 02:17:09,421260,0.0,0.0,0.0,4.0,0.0256,52.0,,,,,,,,,,,,,,,,,,
2026-08-03 02:17:39,421258,0.0,0.0,0.0,1.0,0.0067,60.0,,,,,,,,,,,,,,,,,,
2026-08-03 02:17:39,421260,0.0,0.0,0.0,2.0,0.0178,49.0,,,,,,,,,,,,,,,,,,
2026-08-03 02:18:09,421258,0.0,0.0,0.0,1.0,0.0067,52.0,,,,,,,,,,,,,,,,,,
2026-08-03 02:18:09,421260,3.0,0.0167,52.0,2.0,0.0317,42.0,,,,,,,,,,,,,,,,,,
2026-08-03 02:18:39,421258,0.0,0.0,0.0,1.0,0.0067,78.0,,,,,,,,,,,,,,,,,,
2026-08-03 02:18:39,421260,0.0,0.0,0.0,1.0,0.0067,60.0,,,,,,,,,,,,,,,,,,
2026-08-03 02:19:09,421258,0.0,0.0,0.0,0.0,0.0,0.0,,,,,,,,,,,,,,,,,,
2026-08-03 02:19:09,421260,0.0,0.0,0.0,2.0,0.0106,56.0,,,,,,,,,,,,,,,,,,
2026-08-03 02:19:39,421258,0.0,0.0,0.0,1.0,0.0306,40.0,,,,,,,,,,,,,,,,,,
2026-08-03 02:19:39,421260,1.0,0.0056,56.0,0.0,0.0,56.0,,,,,,,,,,,,,,,,,,
2026-08-03 02:20:09,421258,0.0,0.0,0.0,2.0,0.0589,52.0,,,,,,,,,,,,,,,,,,
2026-08-03 02:20:09,421260,0.0,0.0,0.0,0.0,0.0,0.0,,,,,,,,,,,,,,,,,,
2026-08-03 02:20:39,421258,0.0,0.0,0.0,2.0,0.0417,49.0,,,,,,,,,,,,,,,,,,
2026-08-03 02:20:39,421260,0.0,0.0,0.0,1.0,0.0056,65.0,,,,,,,,,,,,,,,,,,
2026-08-03 02:21:09,421258,0.0,0.0,0.0,0.0,0.0,0.0,,,,,,,,,,,,,,,,,,
2026-08-03 02:21:09,421260,1.0,0.0039,139.0,3.0,0.02,60.0,,,,,,,,,,,,,,,,,,
2026-08-03 02:21:39,421258,1.0,0.005,52.0,1.0,0.0267,44.0,,,,,,,,,,,,,,,,,,
2026-08-03 02:21:39,421260,0.0,0.0,0.0,2.0,0.0078,139.0,,,,,,,,,,,,,,,,,,
2026-08-03 02:22:09,421258,0.0,0.0,0.0,0.0,0.0,0.0,,,,,,,,,,,,,,,,,,
2026-08-03 02:22:09,421260,0.0,0.0,0.0,1.0,0.0067,52.0,,,,,,,,,,,,,,,,,,
2026-08-03 02:22:39,421258,1.0,0.0039,78.0,1.0,0.0078,52.0,,,,,,,,,,,,,,,,,,
2026-08-03 02:22:39,421260,0.0,0.0,0.0,3.0,0.0239,49.0,,,,,,,,,,,,,,,,,,
2026-08-03 02:23:09,421258,1.0,0.0039,60.0,2.0,0.0156,52.0,,,,,,,,,,,,,,,,,,
2026-08-03 02:23:09,421260,2.0,0.01,71.0,3.0,0.0217,46.0,,,,,,,,,,,,,,,,,,
2026-08-03 02:23:39,421258,0.0,0.0,0.0,1.0,0.0167,32.0,,,,,,,,,,,,,,,,,,
2026-08-03 02:23:39,421260,0.0,0.0,0.0,1.0,0.0056,71.0,,,,,,,,,,,,,,,,,,
2026-08-03 02:24:09,421258,0.0,0.0,0.0,1.0,0.0067,52.0,,,,,,,,,,,,,,,,,,
2026-08-03 02:24:09,421260,2.0,0.01,71.0,1.0,0.0056,71.0,,,,,,,,,,,,,,,,,,
2026-08-03 02:24:39,421258,0.0,0.0,0.0,2.0,0.0156,52.0,,,,,,,,,,,,,,,,,,
2026-08-03 02:24:39,421260,2.0,0.01,78.0,4.0,0.0256,65.0,,,,,,,,,,,,,,,,,,
2026-08-03 02:25:09,421258,2.0,0.0089,60.0,2.0,0.0128,52.0,,,,,,,,,,,,,,,,,,
2026-08-03 02:25:09,421260,0.0,0.0,0.0,0.0,0.0,0.0,,,,,,,,,,,,,,,,,,
2026-08-03 02:25:39,421258,0.0,0.0,0.0,3.0,0.04,56.0,,,,,,,,,,,,,,,,,,
2026-08-03 02:25:39,421260,0.0,0.0,0.0,1.0,0.0078,44.0,,,,,,,,,,,,,,,,,,
2026-08-03 02:26:09,421258,2.0,0.0078,78.0,1.0,0.0078,52.0,,,,,,,,,,,,,,,,,,
2026-08-03 02:26:09,421260,0.0,0.0,0.0,1.0,0.0056,65.0,,,,,,,,,,,,,,,,,,
2026-08-03 02:26:39,421258,1.0,0.0039,78.0,3.0,0.0228,56.0,,,,,,,,,,,,,,,,,,
2026-08-03 02:26:39,421260,0.0,0.0,0.0,1.0,0.0056,60.0,,,,,,,,,,,,,,,,,,
2026-08-03 02:27:09,421258,0.0,0.0,0.0,0.0,0.0,0.0,,,,,,,,,,,,,,,,,,
2026-08-03 02:27:09,421260,0.0,0.0,0.0,1.0,0.0067,65.0,,,,,,,,,,,,,,,,,,
2026-08-03 02:27:39,421258,0.0,0.0,0.0,0.0,0.0,0.0,,,,,,,,,,,,,,,,,,
2026-08-03 02:27:39,421260,1.0,0.0056,71.0,0.0,0.0,0.0,,,,,,,,,,,,,,,,,,
2026-08-03 02:28:09,421258,0.0,0.0,0.0,2.0,0.015,49.0,,,,,,,,,,,,,,,,,,
2026-08-03 02:28:09,421260,0.0,0.0,0.0,0.0,0.0,0.0,,,,,,,,,,,,,,,,,,
2026-08-03 02:28:39,421258,0.0,0.0,0.0,1.0,0.0067,52.0,,,,,,,,,,,,,,,,,,
2026-08-03 02:28:39,421260,0.0,0.0,0.0,1.0,0.0067,52.0,,,,,,,,,,,,,,,,,,
2026-08-03 02:29:09,421258,0.0,0.0,0.0,1.0,0.0067,60.0,,,,,,,,,,,,,,,,,,
2026-08-03 02:29:09,421260,0.0,0.0,0.0,0.0,0.0,0.0,,,,,,,,,,,,,,,,,,
2026-08-03 02:29:39,421258,1.0,0.0039,78.0,0.0,0.0,0.0,,,,,,,,,,,,,,,,,,
2026-08-03 02:29:39,421260,1.0,0.0056,78.0,1.0,0.0056,65.0,,,,,,,,,,,,,,,,,,
2026-08-03 02:30:09,421258,0.0,0.0,0.0,0.0,0.0,0.0,,,,,,,,,,,,,,,,,,
2026-08-03 02:30:09,421260,0.0,0.0,0.0,0.0,0.0,0.0,,,,,,,,,,,,,,,,,,
2026-08-03 02:30:39,421258,0.0,0.0,0.0,1.0,0.0067,52.0,,,,,,,,,,,,,,,,,,
2026-08-03 02:30:39,421260,0.0,0.0,0.0,2.0,0.0117,56.0,,,,,,,,,,,,,,,,,,
2026-08-03 02:31:09,421258,0.0,0.0,0.0,0.0,0.0,0.0,,,,,,,,,,,,,,,,,,
2026-08-03 02:31:09,421260,0.0,0.0,0.0,0.0,0.0,0.0,,,,,,,,,,,,,,,,,,
2026-08-03 02:31:39,421258,1.0,0.0039,78.0,1.0,0.0067,60.0,,,,,,,,,,,,,,,,,,
2026-08-03 02:31:39,421260,0.0,0.0,0.0,0.0,0.0,0.0,,,,,,,,,,,,,,,,,,
2026-08-03 02:32:09,421258,0.0,0.0,0.0,0.0,0.0,0.0,,,,,,,,,,,,,,,,,,
2026-08-03 02:32:09,421260,0.0,0.0,0.0,5.0,0.0456,40.0,,,,,,,,,,,,,,,,,,
2026-08-03 02:32:39,421258,1.0,0.0039,60.0,1.0,0.0067,52.0,,,,,,,,,,,,,,,,,,
2026-08-03 02:32:39,421260,2.0,0.0117,65.0,0.0,0.0,0.0,,,,,,,,,,,,,,,,,,
2026-08-03 02:33:09,421258,0.0,0.0,0.0,0.0,0.0,0.0,,,,,,,,,,,,,,,,,,
2026-08-03 02:33:09,421260,0.0,0.0,0.0,1.0,0.0056,60.0,,,,,,,,,,,,,,,,,,
2026-08-03 02:33:39,421258,0.0,0.0,0.0,0.0,0.0,0.0,,,,,,,,,,,,,,,,,,
2026-08-03 02:33:39,421260,0.0,0.0,0.0,0.0,0.0,0.0,,,,,,,,,,,,,,,,,,
2026-08-03 02:34:09,421258,1.0,0.0039,78.0,0.0,0.0,0.0,,,,,,,,,,,,,,,,,,
2026-08-03 02:34:09,421260,1.0,0.005,86.0,2.0,0.0117,60.0,,,,,,,,,,,,,,,,,,
2026-08-03 02:34:39,421258,2.0,0.0089,65.0,2.0,0.0578,40.0,,,,,,,,,,,,,,,,,,
2026-08-03 02:34:39,421260,1.0,0.005,71.0,0.0,0.0,0.0,,,,,,,,,,,,,,,,,,
2026-08-03 02:35:09,421258,0.0,0.0,0.0,1.0,0.0067,52.0,,,,,,,,,,,,,,,,,,
2026-08-03 02:35:09,421260,0.0,0.0,0.0,2.0,0.015,49.0,,,,,,,,,,,,,,,,,,
2026-08-03 02:35:39,421258,1.0,0.0039,78.0,0.0,0.0,0.0,,,,,,,,,,,,,,,,,,
2026-08-03 02:35:39,421260,1.0,0.005,71.0,1.0,0.0056,71.0,,,,,,,,,,,,,,,,,,
2026-08-03 02:36:09,421258,0.0,0.0,0.0,2.0,0.0117,56.0,,,,,,,,,,,,,,,,,,
2026-08-03 02:36:09,421260,0.0,0.0,0.0,4.0,0.0356,42.0,,,,,,,,,,,,,,,,,,
2026-08-03 02:36:39,421258,1.0,0.0039,78.0,0.0,0.0,0.0,,,,,,,,,,,,,,,,,,
2026-08-03 02:36:39,421260,1.0,0.005,71.0,2.0,0.0128,60.0,,,,,,,,,,,,,,,,,,
2026-08-03 02:37:09,421258,1.0,0.0039,78.0,1.0,0.0156,60.0,,,,,,,,,,,,,,,,,,
2026-08-03 02:37:09,421260,0.0,0.0,0.0,0.0,0.0,0.0,,,,,,,,,,,,,,,,,,
2026-08-03 02:37:39,421258,0.0,0.0,0.0,1.0,0.0106,40.0,,,,,,,,,,,,,,,,,,
2026-08-03 02:37:39,421260,0.0,0.0,0.0,0.0,0.0,0.0,,,,,,,,,,,,,,,,,,
2026-08-03 02:38:09,421258,1.0,0.0039,60.0,0.0,0.0,0.0,,,,,,,,,,,,,,,,,,
2026-08-03 02:38:09,421260,2.0,0.0106,71.0,1.0,0.0078,49.0,,,,,,,,,,,,,,,,,,
2026-08-03 02:38:39,421258,0.0,0.0,0.0,4.0,0.0728,49.0,,,,,,,,,,,,,,,,,,
2026-08-03 02:38:39,421260,0.0,0.0,0.0,1.0,0.0078,65.0,,,,,,,,,,,,,,,,,,
2026-08-03 02:39:09,421258,0.0,0.0,0.0,0.0,0.0,0.0,,,,,,,,,,,,,,,,,,
2026-08-03 02:39:09,421260,0.0,0.0,0.0,0.0,0.0,0.0,,,,,,,,,,,,,,,,,,
2026-08-03 02:39:39,421258,1.0,0.005,78.0,1.0,0.005,60.0,,,,,,,,,,,,,,,,,,
2026-08-03 02:39:39,421260,0.0,0.0,0.0,0.0,0.0,0.0,,,,,,,,,,,,,,,,,,
2026-08-03 02:40:09,421258,0.0,0.0,0.0,0.0,0.0,0.0,,,,,,,,,,,,,,,,,,
2026-08-03 02:40:09,421260,0.0,0.0,0.0,1.0,0.0067,65.0,,,,,,,,,,,,,,,,,,
2026-08-03 02:40:39,421258,0.0,0.0,0.0,2.0,0.0189,49.0,,,,,,,,,,,,,,,,,,
2026-08-03 02:40:39,421260,0.0,0.0,0.0,1.0,0.0289,49.0,,,,,,,,,,,,,,,,,,
2026-08-03 02:41:09,421258,0.0,0.0,0.0,0.0,0.0,0.0,,,,,,,,,,,,,,,,,,
2026-08-03 02:41:09,421260,0.0,0.0,0.0,0.0,0.0,0.0,,,,,,,,,,,,,,,,,,
2026-08-03 02:41:39,421258,0.0,0.0,0.0,0.0,0.0,0.0,,,,,,,,,,,,,,,,,,
2026-08-03 02:41:39,421260,0.0,0.0,0.0,2.0,0.01,109.0,,,,,,,,,,,,,,,,,,
2026-08-03 02:42:09,421258,0.0,0.0,0.0,1.0,0.0067,60.0,,,,,,,,,,,,,,,,,,
2026-08-03 02:42:09,421260,0.0,0.0,0.0,2.0,0.0106,52.0,,,,,,,,,,,,,,,,,,
2026-08-03 02:42:39,421258,0.0,0.0,0.0,1.0,0.03,44.0,,,,,,,,,,,,,,,,,,
2026-08-03 02:42:39,421260,0.0,0.0,0.0,0.0,0.0,0.0,,,,,,,,,,,,,,,,,,
2026-08-03 02:43:09,421258,0.0,0.0,0.0,0.0,0.0,0.0,,,,,,,,,,,,,,,,,,
2026-08-03 02:43:09,421260,0.0,0.0,0.0,0.0,0.0,0.0,,,,,,,,,,,,,,,,,,
2026-08-03 02:43:39,421258,0.0,0.0,0.0,1.0,0.0128,42.0,,,,,,,,,,,,,,,,,,
2026-08-03 02:43:39,421260,0.0,0.0,0.0,1.0,0.0056,65.0,,,,,,,,,,,,,,,,,,
2026-08-03 02:44:09,421258,0.0,0.0,0.0,1.0,0.0306,40.0,,,,,,,,,,,,,,,,,,
2026-08-03 02:44:09,421260,2.0,0.01,71.0,1.0,0.0078,52.0,,,,,,,,,,,,,,,,,,
2026-08-03 02:44:39,421258,0.0,0.0,0.0,0.0,0.0,0.0,,,,,,,,,,,,,,,,,,
2026-08-03 02:44:39,421260,0.0,0.0,0.0,0.0,0.0,0.0,,,,,,,,,,,,,,,,,,
2026-08-03 02:45:09,421258,0.0,0.0,0.0,0.0,0.0,0.0,,,,,,,,,,,,,,,,,,
2026-08-03 02:45:09,421260,0.0,0.0,0.0,1.0,0.0056,56.0,,,,,,,,,,,,,,,,,,
2026-08-03 02:45:39,421258,1.0,0.0039,78.0,2.0,0.015,56.0,,,,,,,,,,,,,,,,,,
2026-08-03 02:45:39,421260,1.0,0.0039,86.0,2.0,0.0128,56.0,,,,,,,,,,,,,,,,,,
2026-08-03 02:46:09,421258,0.0,0.0,0.0,0.0,0.0,0.0,,,,,,,,,,,,,,,,,,
2026-08-03 02:46:09,421260,0.0,0.0,0.0,0.0,0.0,0.0,,,,,,,,,,,,,,,,,,
2026-08-03 02:46:39,421258,0.0,0.0,0.0,1.0,0.0089,44.0,,,,,,,,,,,,,,,,,,
2026-08-03 02:46:39,421260,1.0,0.0056,71.0,0.0,0.0,0.0,,,,,,,,,,,,,,,,,,
2026-08-03 02:47:09,421258,1.0,0.0039,78.0,1.0,0.0067,52.0,,,,,,,,,,,,,,,,,,
2026-08-03 02:47:09,421260,1.0,0.005,86.0,1.0,0.005,78.0,,,,,,,,,,,,,,,,,,
2026-08-03 02:47:39,421258,0.0,0.0,0.0,1.0,0.0067,52.0,,,,,,,,,,,,,,,,,,
2026-08-03 02:47:39,421260,0.0,0.0,0.0,0.0,0.0,0.0,,,,,,,,,,,,,,,,,,
2026-08-03 02:48:09,421258,0.0,0.0,0.0,1.0,0.0078,52.0,,,,,,,,,,,,,,,,,,
2026-08-03 02:48:09,421260,0.0,0.0,0.0,1.0,0.0089,60.0,,,,,,,,,,,,,,,,,,
2026-08-03 02:48:39,421258,1.0,0.0039,78.0,1.0,0.0078,52.0,,,,,,,,,,,,,,,,,,
2026-08-03 02:48:39,421260,1.0,0.005,78.0,1.0,0.0056,60.0,,,,,,,,,,,,,,,,,,
2026-08-03 02:49:09,421258,0.0,0.0,0.0,1.0,0.0067,60.0,,,,,,,,,,,,,,,,,,
2026-08-03 02:49:09,421260,0.0,0.0,0.0,0.0,0.0,0.0,,,,,,,,,,,,,,,,,,
2026-08-03 02:49:39,421258,0.0,0.0,0.0,0.0,0.0,0.0,,,,,,,,,,,,,,,,,,
2026-08-03 02:49:39,421260,1.0,0.0039,86.0,1.0,0.005,71.0,,,,,,,,,,,,,,,,,,
2026-08-03 02:50:09,421258,0.0,0.0,0.0,2.0,0.015,60.0,,,,,,,,,,,,,,,,,,
2026-08-03 02:50:09,421260,0.0,0.0,0.0,0.0,0.0,0.0,,,,,,,,,,,,,,,,,,
2026-08-03 02:50:39,421258,0.0,0.0,0.0,1.0,0.0067,52.0,,,,,,,,,,,,,,,,,,
2026-08-03 02:50:39,421260,0.0,0.0,0.0,1.0,0.0056,65.0,,,,,,,,,,,,,,,,,,
2026-08-03 02:51:09,421258,1.0,0.0039,96.0,1.0,0.0067,60.0,,,,,,,,,,,,,,,,,,
2026-08-03 02:51:09,421260,0.0,0.0,0.0,0.0,0.0,0.0,,,,,,,,,,,,,,,,,,
2026-08-03 02:51:39,421258,0.0,0.0,0.0,0.0,0.0,0.0,,,,,,,,,,,,,,,,,,
2026-08-03 02:51:39,421260,1.0,0.005,86.0,0.0,0.0,0.0,,,,,,,,,,,,,,,,,,
2026-08-03 02:52:09,421258,0.0,0.0,0.0,0.0,0.0,0.0,,,,,,,,,,,,,,,,,,
2026-08-03 02:52:09,421260,0.0,0.0,0.0,0.0,0.0,0.0,,,,,,,,,,,,,,,,,,
2026-08-03 02:52:39,421258,0.0,0.0,0.0,1.0,0.0067,52.0,,,,,,,,,,,,,,,,,,
2026-08-03 02:52:39,421260,1.0,0.005,71.0,1.0,0.005,71.0,,,,,,,,,,,,,,,,,,
2026-08-03 02:53:09,421258,1.0,0.0039,78.0,0.0,0.0,0.0,,,,,,,,,,,,,,,,,,
2026-08-03 02:53:09,421260,2.0,0.0106,71.0,4.0,0.025,65.0,,,,,,,,,,,,,,,,,,
2026-08-03 02:53:39,421258,0.0,0.0,0.0,0.0,0.0,0.0,,,,,,,,,,,,,,,,,,
2026-08-03 02:53:39,421260,0.0,0.0,0.0,0.0,0.0028,0.0,,,,,,,,,,,,,,,,,,
2026-08-03 02:54:09,421258,0.0,0.0,0.0,0.0,0.0,0.0,,,,,,,,,,,,,,,,,,
2026-08-03 02:54:09,421260,2.0,0.01,71.0,1.0,0.0039,71.0,,,,,,,,,,,,,,,,,,
2026-08-03 02:54:39,421258,1.0,0.0039,78.0,2.0,0.0089,78.0,,,,,,,,,,,,,,,,,,
2026-08-03 02:54:39,421260,1.0,0.005,65.0,2.0,0.0128,60.0,,,,,,,,,,,,,,,,,,
2026-08-03 02:55:09,421258,2.0,0.0078,60.0,2.0,0.0156,52.0,,,,,,,,,,,,,,,,,,
2026-08-03 02:55:09,421260,1.0,0.0056,56.0,1.0,0.0067,60.0,,,,,,,,,,,,,,,,,,
2026-08-03 02:55:39,421258,0.0,0.0,0.0,1.0,0.0078,52.0,,,,,,,,,,,,,,,,,,
2026-08-03 02:55:39,421260,1.0,0.0039,96.0,2.0,0.0189,56.0,,,,,,,,,,,,,,,,,,
2026-08-03 02:56:09,421258,1.0,0.0039,96.0,2.0,0.0128,60.0,,,,,,,,,,,,,,,,,,
2026-08-03 02:56:09,421260,1.0,0.005,86.0,0.0,0.0,0.0,,,,,,,,,,,,,,,,,,
2026-08-03 02:56:39,421258,0.0,0.0,0.0,2.0,0.0128,56.0,,,,,,,,,,,,,,,,,,
2026-08-03 02:56:39,421260,1.0,0.0039,86.0,1.0,0.005,86.0,,,,,,,,,,,,,,,,,,
2026-08-03 02:57:09,421258,1.0,0.005,60.0,2.0,0.0128,60.0,,,,,,,,,,,,,,,,,,
2026-08-03 02:57:09,421260,0.0,0.0,0.0,1.0,0.0089,56.0,,,,,,,,,,,,,,,,,,
2026-08-03 02:57:39,421258,0.0,0.0,0.0,1.0,0.0306,49.0,,,,,,,,,,,,,,,,,,
2026-08-03 02:57:39,421260,0.0,0.0,0.0,2.0,0.0139,56.0,,,,,,,,,,,,,,,,,,
2026-08-03 02:58:09,421258,2.0,0.0089,65.0,2.0,0.0089,122.0,,,,,,,,,,,,,,,,,,
2026-08-03 02:58:09,421260,0.0,0.0,0.0,1.0,0.005,71.0,,,,,,,,,,,,,,,,,,
2026-08-03 02:58:39,421258,0.0,0.0,0.0,0.0,0.0,0.0,,,,,,,,,,,,,,,,,,
2026-08-03 02:58:39,421260,0.0,0.0,0.0,0.0,0.0,0.0,,,,,,,,,,,,,,,,,,
2026-08-03 02:59:09,421258,1.0,0.0039,78.0,1.0,0.0189,28.0,,,,,,,,,,,,,,,,,,
2026-08-03 02:59:09,421260,0.0,0.0,0.0,2.0,0.04,60.0,,,,,,,,,,,,,,,,,,
2026-08-03 02:59:39,421258,0.0,0.0,0.0,2.0,0.015,52.0,,,,,,,,,,,,,,,,,,
2026-08-03 02:59:39,421260,1.0,0.0056,71.0,1.0,0.0056,65.0,,,,,,,,,,,,,,,,,,
2026-08-03 03:00:09,421258,0.0,0.0,0.0,0.0,0.0,0.0,,,,,,,,,,,,,,,,,,
2026-08-03 03:00:09,421260,0.0,0.0,0.0,0.0,0.0,0.0,,,,,,,,,,,,,,,,,,
2026-08-03 03:00:39,421258,0.0,0.0,0.0,1.0,0.0067,60.0,,,,,,,,,,,,,,,,,,
2026-08-03 03:00:39,421260,0.0,0.0,0.0,0.0,0.0,0.0,,,,,,,,,,,,,,,,,,
2026-08-03 03:01:09,421258,1.0,0.005,60.0,0.0,0.0,0.0,,,,,,,,,,,,,,,,,,
2026-08-03 03:01:09,421260,1.0,0.005,71.0,2.0,0.015,49.0,,,,,,,,,,,,,,,,,,
2026-08-03 03:01:39,421258,0.0,0.0,0.0,2.0,0.0378,49.0,,,,,,,,,,,,,,,,,,
2026-08-03 03:01:39,421260,0.0,0.0,0.0,1.0,0.0056,56.0,,,,,,,,,,,,,,,,,,
2026-08-03 03:02:09,421258,0.0,0.0,0.0,0.0,0.0,0.0,,,,,,,,,,,,,,,,,,
2026-08-03 03:02:09,421260,0.0,0.0,0.0,2.0,0.0117,71.0,,,,,,,,,,,,,,,,,,
2026-08-03 03:02:39,421258,0.0,0.0,0.0,0.0,0.0,0.0,,,,,,,,,,,,,,,,,,
2026-08-03 03:02:39,421260,0.0,0.0,0.0,1.0,0.0056,60.0,,,,,,,,,,,,,,,,,,
2026-08-03 03:03:09,421258,1.0,0.0039,78.0,0.0,0.0,0.0,,,,,,,,,,,,,,,,,,
2026-08-03 03:03:09,421260,1.0,0.0056,71.0,0.0,0.0,0.0,,,,,,,,,,,,,,,,,,
2026-08-03 03:03:39,421258,0.0,0.0,0.0,2.0,0.03,44.0,,,,,,,,,,,,,,,,,,
2026-08-03 03:03:39,421260,0.0,0.0,0.0,0.0,0.0,0.0,,,,,,,,,,,,,,,,,,
2026-08-03 03:04:09,421258,0.0,0.0,0.0,2.0,0.0106,65.0,,,,,,,,,,,,,,,,,,
2026-08-03 03:04:09,421260,0.0,0.0,0.0,2.0,0.0156,49.0,,,,,,,,,,,,,,,,,,
2026-08-03 03:04:39,421258,0.0,0.0,0.0,1.0,0.005,60.0,,,,,,,,,,,,,,,,,,
2026-08-03 03:04:39,421260,1.0,0.0039,78.0,0.0,0.0,0.0,,,,,,,,,,,,,,,,,,
2026-08-03 03:05:09,421258,1.0,0.005,60.0,0.0,0.0,0.0,,,,,,,,,,,,,,,,,,
2026-08-03 03:05:09,421260,0.0,0.0,0.0,1.0,0.0056,60.0,,,,,,,,,,,,,,,,,,
2026-08-03 03:05:39,421258,0.0,0.0,0.0,0.0,0.0,0.0,,,,,,,,,,,,,,,,,,
2026-08-03 03:05:39,421260,0.0,0.0,0.0,2.0,0.0167,56.0,,,,,,,,,,,,,,,,,,
2026-08-03 03:06:09,421258,0.0,0.0,0.0,1.0,0.0256,44.0,,,,,,,,,,,,,,,,,,
2026-08-03 03:06:09,421260,0.0,0.0,0.0,1.0,0.0067,60.0,,,,,,,,,,,,,,,,,,
2026-08-03 03:06:39,421258,1.0,0.0039,78.0,2.0,0.02,60.0,,,,,,,,,,,,,,,,,,
2026-08-03 03:06:39,421260,0.0,0.0,0.0,1.0,0.0106,52.0,,,,,,,,,,,,,,,,,,
2026-08-03 03:07:09,421258,0.0,0.0,0.0,0.0,0.0,0.0,,,,,,,,,,,,,,,,,,
2026-08-03 03:07:09,421260,1.0,0.005,65.0,0.0,0.0,0.0,,,,,,,,,,,,,,,,,,
2026-08-03 03:07:39,421258,0.0,0.0,0.0,2.0,0.03,78.0,,,,,,,,,,,,,,,,,,
2026-08-03 03:07:39,421260,1.0,0.005,78.0,1.0,0.0089,49.0,,,,,,,,,,,,,,,,,,
2026-08-03 03:08:09,421258,0.0,0.0,0.0,1.0,0.0078,52.0,,,,,,,,,,,,,,,,,,
2026-08-03 03:08:09,421260,0.0,0.0,0.0,3.0,0.0439,56.0,,,,,,,,,,,,,,,,,,
2026-08-03 03:08:39,421258,0.0,0.0,0.0,0.0,0.0,0.0,,,,,,,,,,,,,,,,,,
2026-08-03 03:08:39,421260,0.0,0.0,0.0,2.0,0.0106,56.0,,,,,,,,,,,,,,,,,,
2026-08-03 03:09:09,421258,2.0,0.0078,65.0,1.0,0.03,44.0,,,,,,,,,,,,,,,,,,
2026-08-03 03:09:09,421260,0.0,0.0,0.0,0.0,0.0,0.0,,,,,,,,,,,,,,,,,,
2026-08-03 03:09:39,421258,0.0,0.0,0.0,1.0,0.0078,52.0,,,,,,,,,,,,,,,,,,
2026-08-03 03:09:39,421260,0.0,0.0,0.0,1.0,0.0106,49.0,,,,,,,,,,,,,,,,,,
2026-08-03 03:10:09,421258,0.0,0.0,0.0,2.0,0.0189,49.0,,,,,,,,,,,,,,,,,,
2026-08-03 03:10:09,421260,1.0,0.0039,78.0,1.0,0.0117,46.0,,,,,,,,,,,,,,,,,,
2026-08-03 03:10:39,421258,0.0,0.0,0.0,2.0,0.0356,49.0,,,,,,,,,,,,,,,,,,
2026-08-03 03:10:39,421260,0.0,0.0,0.0,0.0,0.0,0.0,,,,,,,,,,,,,,,,,,
2026-08-03 03:11:09,421258,0.0,0.0,0.0,1.0,0.015,36.0,,,,,,,,,,,,,,,,,,
2026-08-03 03:11:09,421260,0.0,0.0,0.0,0.0,0.0,0.0,,,,,,,,,,,,,,,,,,
2026-08-03 03:11:39,421258,0.0,0.0,0.0,1.0,0.005,78.0,,,,,,,,,,,,,,,,,,
2026-08-03 03:11:39,421260,0.0,0.0,0.0,2.0,0.0128,56.0,,,,,,,,,,,,,,,,,,
2026-08-03 03:12:09,421258,0.0,0.0,0.0,1.0,0.0128,40.0,,,,,,,,,,,,,,,,,,
2026-08-03 03:12:09,421260,0.0,0.0,0.0,2.0,0.0106,65.0,,,,,,,,,,,,,,,,,,
2026-08-03 03:12:39,421258,0.0,0.0,0.0,1.0,0.015,36.0,,,,,,,,,,,,,,,,,,
2026-08-03 03:12:39,421260,0.0,0.0,0.0,2.0,0.0128,60.0,,,,,,,,,,,,,,,,,,
2026-08-03 03:13:09,421258,0.0,0.0,0.0,1.0,0.0067,60.0,,,,,,,,,,,,,,,,,,
2026-08-03 03:13:09,421260,0.0,0.0,0.0,0.0,0.0,0.0,,,,,,,,,,,,,,,,,,
2026-08-03 03:13:39,421258,0.0,0.0,0.0,0.0,0.0,0.0,,,,,,,,,,,,,,,,,,
2026-08-03 03:13:39,421260,1.0,0.0039,86.0,2.0,0.01,56.0,,,,,,,,,,,,,,,,,,
2026-08-03 03:14:09,421258,0.0,0.0,0.0,3.0,0.035,52.0,,,,,,,,,,,,,,,,,,
2026-08-03 03:14:09,421260,0.0,0.0,0.0,1.0,0.0067,52.0,,,,,,,,,,,,,,,,,,
2026-08-03 03:14:39,421258,0.0,0.0,0.0,2.0,0.0139,60.0,,,,,,,,,,,,,,,,,,
2026-08-03 03:14:39,421260,0.0,0.0,0.0,0.0,0.0,0.0,,,,,,,,,,,,,,,,,,
2026-08-03 03:15:09,421258,0.0,0.0,0.0,2.0,0.0089,86.0,,,,,,,,,,,,,,,,,,
2026-08-03 03:15:09,421260,0.0,0.0,0.0,0.0,0.0,0.0,,,,,,,,,,,,,,,,,,
2026-08-03 03:15:39,421258,0.0,0.0,0.0,0.0,0.0,0.0,,,,,,,,,,,,,,,,,,
2026-08-03 03:15:39,421260,0.0,0.0,0.0,0.0,0.0,0.0,,,,,,,,,,,,,,,,,,
2026-08-03 03:16:09,421258,0.0,0.0,0.0,2.0,0.0228,49.0,,,,,,,,,,,,,,,,,,
2026-08-03 03:16:09,421260,0.0,0.0,0.0,0.0,0.0,0.0,,,,,,,,,,,,,,,,,,
2026-08-03 03:16:39,421258,0.0,0.0,0.0,0.0,0.0,0.0,,,,,,,,,,,,,,,,,,
2026-08-03 03:16:39,421260,1.0,0.0056,71.0,1.0,0.0067,56.0,,,,,,,,,,,,,,,,,,
2026-08-03 03:17:09,421258,0.0,0.0,0.0,0.0,0.0,0.0,,,,,,,,,,,,,,,,,,
2026-08-03 03:17:09,421260,1.0,0.005,78.0,0.0,0.0,0.0,,,,,,,,,,,,,,,,,,
2026-08-03 03:17:39,421258,0.0,0.0,0.0,0.0,0.0,0.0,,,,,,,,,,,,,,,,,,
2026-08-03 03:17:39,421260,0.0,0.0,0.0,1.0,0.005,78.0,,,,,,,,,,,,,,,,,,
2026-08-03 03:18:09,421258,0.0,0.0,0.0,1.0,0.0039,139.0,,,,,,,,,,,,,,,,,,
2026-08-03 03:18:09,421260,1.0,0.0056,65.0,1.0,0.01,46.0,,,,,,,,,,,,,,,,,,
2026-08-03 03:18:39,421258,1.0,0.0039,78.0,1.0,0.0067,52.0,,,,,,,,,,,,,,,,,,
2026-08-03 03:18:39,421260,0.0,0.0,0.0,1.0,0.0056,56.0,,,,,,,,,,,,,,,,,,
2026-08-03 03:19:09,421258,0.0,0.0,0.0,1.0,0.005,78.0,,,,,,,,,,,,,,,,,,
2026-08-03 03:19:09,421260,0.0,0.0,0.0,1.0,0.005,96.0,,,,,,,,,,,,,,,,,,
2026-08-03 03:19:39,421258,0.0,0.0,0.0,0.0,0.0,0.0,,,,,,,,,,,,,,,,,,
2026-08-03 03:19:39,421260,1.0,0.0056,65.0,1.0,0.0078,56.0,,,,,,,,,,,,,,,,,,
2026-08-03 03:20:09,421258,1.0,0.0039,78.0,0.0,0.0,0.0,,,,,,,,,,,,,,,,,,
2026-08-03 03:20:09,421260,0.0,0.0,0.0,2.0,0.0089,42.0,,,,,,,,,,,,,,,,,,
2026-08-03 03:20:39,421258,1.0,0.0039,60.0,2.0,0.04,49.0,,,,,,,,,,,,,,,,,,
2026-08-03 03:20:39,421260,1.0,0.0039,86.0,1.0,0.0056,65.0,,,,,,,,,,,,,,,,,,
2026-08-03 03:21:09,421258,0.0,0.0,0.0,0.0,0.0,0.0,,,,,,,,,,,,,,,,,,
2026-08-03 03:21:09,421260,1.0,0.005,71.0,0.0,0.0,0.0,,,,,,,,,,,,,,,,,,
2026-08-03 03:21:39,421258,1.0,0.0039,78.0,0.0,0.0,0.0,,,,,,,,,,,,,,,,,,
2026-08-03 03:21:39,421260,2.0,0.01,78.0,5.0,0.0339,52.0,,,,,,,,,,,,,,,,,,
2026-08-03 03:22:09,421258,0.0,0.0,0.0,2.0,0.0156,52.0,,,,,,,,,,,,,,,,,,
2026-08-03 03:22:09,421260,0.0,0.0,0.0,1.0,0.0067,65.0,,,,,,,,,,,,,,,,,,
2026-08-03 03:22:39,421258,1.0,0.0039,78.0,1.0,0.015,36.0,,,,,,,,,,,,,,,,,,
2026-08-03 03:22:39,421260,1.0,0.0056,65.0,2.0,0.0106,60.0,,,,,,,,,,,,,,,,,,
2026-08-03 03:23:09,421258,1.0,0.0039,96.0,1.0,0.0067,52.0,,,,,,,,,,,,,,,,,,
2026-08-03 03:23:09,421260,0.0,0.0,0.0,0.0,0.0,0.0,,,,,,,,,,,,,,,,,,
2026-08-03 03:23:39,421258,0.0,0.0,0.0,1.0,0.0078,52.0,,,,,,,,,,,,,,,,,,
2026-08-03 03:23:39,421260,0.0,0.0,0.0,1.0,0.0067,52.0,,,,,,,,,,,,,,,,,,
2026-08-03 03:24:09,421258,1.0,0.0039,78.0,3.0,0.0478,52.0,,,,,,,,,,,,,,,,,,
2026-08-03 03:24:09,421260,0.0,0.0,0.0,1.0,0.0117,44.0,,,,,,,,,,,,,,,,,,
2026-08-03 03:24:39,421258,0.0,0.0,0.0,0.0,0.0,0.0,,,,,,,,,,,,,,,,,,
2026-08-03 03:24:39,421260,2.0,0.0128,65.0,1.0,0.0056,60.0,,,,,,,,,,,,,,,,,,
2026-08-03 03:25:09,421258,0.0,0.0,0.0,1.0,0.0078,52.0,,,,,,,,,,,,,,,,,,
2026-08-03 03:25:09,421260,1.0,0.0056,71.0,2.0,0.0128,60.0,,,,,,,,,,,,,,,,,,
2026-08-03 03:25:39,421258,0.0,0.0,0.0,0.0,0.0,0.0,,,,,,,,,,,,,,,,,,
2026-08-03 03:25:39,421260,1.0,0.0039,71.0,0.0,0.0,0.0,,,,,,,,,,,,,,,,,,
2026-08-03 03:26:09,421258,0.0,0.0,0.0,1.0,0.0089,44.0,,,,,,,,,,,,,,,,,,
2026-08-03 03:26:09,421260,0.0,0.0,0.0,1.0,0.0056,65.0,,,,,,,,,,,,,,,,,,
2026-08-03 03:26:39,421258,1.0,0.0039,60.0,2.0,0.0428,49.0,,,,,,,,,,,,,,,,,,
2026-08-03 03:26:39,421260,1.0,0.0039,86.0,0.0,0.0,0.0,,,,,,,,,,,,,,,,,,
2026-08-03 03:27:09,421258,1.0,0.0039,60.0,3.0,0.0239,49.0,,,,,,,,,,,,,,,,,,
2026-08-03 03:27:09,421260,0.0,0.0,0.0,0.0,0.0,0.0,,,,,,,,,,,,,,,,,,
2026-08-03 03:27:39,421258,0.0,0.0,0.0,1.0,0.0067,60.0,,,,,,,,,,,,,,,,,,
2026-08-03 03:27:39,421260,0.0,0.0,0.0,0.0,0.0,0.0,,,,,,,,,,,,,,,,,,
2026-08-03 03:28:09,421258,1.0,0.0039,96.0,0.0,0.0,0.0,,,,,,,,,,,,,,,,,,
2026-08-03 03:28:09,421260,0.0,0.0,0.0,3.0,0.0217,56.0,,,,,,,,,,,,,,,,,,
2026-08-03 03:28:39,421258,0.0,0.0,0.0,0.0,0.0,0.0,,,,,,,,,,,,,,,,,,
2026-08-03 03:28:39,421260,1.0,0.005,71.0,1.0,0.0067,56.0,,,,,,,,,,,,,,,,,,
2026-08-03 03:29:09,421258,0.0,0.0,0.0,0.0,0.0,0.0,,,,,,,,,,,,,,,,,,
2026-08-03 03:29:09,421260,1.0,0.005,78.0,3.0,0.02,65.0,,,,,,,,,,,,,,,,,,
2026-08-03 03:29:39,421258,0.0,0.0,0.0,0.0,0.0,0.0,,,,,,,,,,,,,,,,,,
2026-08-03 03:29:39,421260,0.0,0.0,0.0,3.0,0.025,52.0,,,,,,,,,,,,,,,,,,
2026-08-03 03:30:09,421258,1.0,0.0039,78.0,2.0,0.0139,60.0,,,,,,,,,,,,,,,,,,
2026-08-03 03:30:09,421260,1.0,0.0056,65.0,3.0,0.0178,60.0,,,,,,,,,,,,,,,,,,
2026-08-03 03:30:39,421258,1.0,0.0039,78.0,2.0,0.0106,65.0,,,,,,,,,,,,,,,,,,
2026-08-03 03:30:39,421260,0.0,0.0,0.0,2.0,0.015,56.0,,,,,,,,,,,,,,,,,,
2026-08-03 03:31:09,421258,0.0,0.0,0.0,2.0,0.015,52.0,,,,,,,,,,,,,,,,,,
2026-08-03 03:31:09,421260,1.0,0.005,86.0,0.0,0.0,0.0,,,,,,,,,,,,,,,,,,
2026-08-03 03:31:39,421258,0.0,0.0,0.0,1.0,0.0078,52.0,,,,,,,,,,,,,,,,,,
2026-08-03 03:31:39,421260,0.0,0.0,0.0,2.0,0.0139,60.0,,,,,,,,,,,,,,,,,,
2026-08-03 03:32:09,421258,1.0,0.0039,78.0,3.0,0.0439,46.0,,,,,,,,,,,,,,,,,,
2026-08-03 03:32:09,421260,0.0,0.0,0.0,1.0,0.0056,65.0,,,,,,,,,,,,,,,,,,
2026-08-03 03:32:39,421258,0.0,0.0,0.0,2.0,0.0167,49.0,,,,,,,,,,,,,,,,,,
2026-08-03 03:32:39,421260,0.0,0.0,0.0,0.0,0.0,0.0,,,,,,,,,,,,,,,,,,
2026-08-03 03:33:09,421258,2.0,0.0078,65.0,0.0,0.0,0.0,,,,,,,,,,,,,,,,,,
2026-08-03 03:33:09,421260,2.0,0.0117,71.0,1.0,0.0067,60.0,,,,,,,,,,,,,,,,,,
2026-08-03 03:33:39,421258,0.0,0.0,0.0,3.0,0.0228,56.0,,,,,,,,,,,,,,,,,,
2026-08-03 03:33:39,421260,0.0,0.0,0.0,0.0,0.0,0.0,,,,,,,,,,,,,,,,,,
2026-08-03 03:34:09,421258,0.0,0.0,0.0,0.0,0.0,0.0,,,,,,,,,,,,,,,,,,
2026-08-03 03:34:09,421260,1.0,0.0056,60.0,3.0,0.02,52.0,,,,,,,,,,,,,,,,,,
2026-08-03 03:34:39,421258,1.0,0.005,60.0,1.0,0.0067,60.0,,,,,,,,,,,,,,,,,,
2026-08-03 03:34:39,421260,1.0,0.005,71.0,1.0,0.0056,71.0,,,,,,,,,,,,,,,,,,
2026-08-03 03:35:09,421258,1.0,0.0039,78.0,0.0,0.0,0.0,,,,,,,,,,,,,,,,,,
2026-08-03 03:35:09,421260,1.0,0.0039,78.0,2.0,0.0106,71.0,,,,,,,,,,,,,,,,,,
2026-08-03 03:35:39,421258,0.0,0.0,0.0,0.0,0.0,0.0,,,,,,,,,,,,,,,,,,
2026-08-03 03:35:39,421260,1.0,0.005,78.0,1.0,0.005,71.0,,,,,,,,,,,,,,,,,,
2026-08-03 03:36:09,421258,0.0,0.0,0.0,2.0,0.0356,44.0,,,,,,,,,,,,,,,,,,
2026-08-03 03:36:09,421260,1.0,0.0067,60.0,3.0,0.0206,56.0,,,,,,,,,,,,,,,,,,
2026-08-03 03:36:39,421258,2.0,0.0078,78.0,2.0,0.0106,60.0,,,,,,,,,,,,,,,,,,
2026-08-03 03:36:39,421260,1.0,0.0056,60.0,0.0,0.0,0.0,,,,,,,,,,,,,,,,,,
2026-08-03 03:37:09,421258,1.0,0.0039,78.0,1.0,0.005,60.0,,,,,,,,,,,,,,,,,,
2026-08-03 03:37:09,421260,0.0,0.0,0.0,0.0,0.0,0.0,,,,,,,,,,,,,,,,,,
2026-08-03 03:37:39,421258,0.0,0.0,0.0,1.0,0.005,60.0,,,,,,,,,,,,,,,,,,
2026-08-03 03:37:39,421260,1.0,0.005,71.0,2.0,0.0106,71.0,,,,,,,,,,,,,,,,,,
2026-08-03 03:38:09,421258,1.0,0.0039,78.0,1.0,0.0078,52.0,,,,,,,,,,,,,,,,,,
2026-08-03 03:38:09,421260,2.0,0.0117,71.0,0.0,0.0,0.0,,,,,,,,,,,,,,,,,,
2026-08-03 03:38:39,421258,1.0,0.0039,60.0,1.0,0.0228,52.0,,,,,,,,,,,,,,,,,,
2026-08-03 03:38:39,421260,0.0,0.0,0.0,2.0,0.0106,60.0,,,,,,,,,,,,,,,,,,
2026-08-03 03:39:09,421258,1.0,0.0039,78.0,1.0,0.0067,60.0,,,,,,,,,,,,,,,,,,
2026-08-03 03:39:09,421260,1.0,0.005,65.0,1.0,0.0067,52.0,,,,,,,,,,,,,,,,,,
2026-08-03 03:39:39,421258,1.0,0.0039,78.0,1.0,0.0067,60.0,,,,,,,,,,,,,,,,,,
2026-08-03 03:39:39,421260,1.0,0.0039,71.0,3.0,0.0206,60.0,,,,,,,,,,,,,,,,,,
2026-08-03 03:40:09,421258,1.0,0.0039,78.0,0.0,0.0,0.0,,,,,,,,,,,,,,,,,,
2026-08-03 03:40:09,421260,0.0,0.0,0.0,2.0,0.0128,60.0,,,,,,,,,,,,,,,,,,
2026-08-03 03:40:39,421258,1.0,0.0039,78.0,2.0,0.0228,52.0,,,,,,,,,,,,,,,,,,
2026-08-03 03:40:39,421260,0.0,0.0,0.0,1.0,0.0056,65.0,,,,,,,,,,,,,,,,,,
2026-08-03 03:41:09,421258,1.0,0.0039,96.0,2.0,0.0128,56.0,,,,,,,,,,,,,,,,,,
2026-08-03 03:41:09,421260,0.0,0.0,0.0,2.0,0.0139,52.0,,,,,,,,,,,,,,,,,,
2026-08-03 03:41:39,421258,0.0,0.0,0.0,2.0,0.0167,52.0,,,,,,,,,,,,,,,,,,
2026-08-03 03:41:39,421260,1.0,0.0067,65.0,2.0,0.0139,56.0,,,,,,,,,,,,,,,,,,
2026-08-03 03:42:09,421258,0.0,0.0,0.0,1.0,0.0078,52.0,,,,,,,,,,,,,,,,,,
2026-08-03 03:42:09,421260,0.0,0.0,0.0,2.0,0.0117,60.0,,,,,,,,,,,,,,,,,,
2026-08-03 03:42:39,421258,1.0,0.0039,78.0,1.0,0.0067,52.0,,,,,,,,,,,,,,,,,,
2026-08-03 03:42:39,421260,1.0,0.0039,86.0,1.0,0.0056,71.0,,,,,,,,,,,,,,,,,,
2026-08-03 03:43:09,421258,1.0,0.0039,78.0,1.0,0.02,27.0,,,,,,,,,,,,,,,,,,
2026-08-03 03:43:09,421260,1.0,0.005,71.0,1.0,0.0056,56.0,,,,,,,,,,,,,,,,,,
2026-08-03 03:43:39,421258,1.0,0.005,60.0,2.0,0.015,52.0,,,,,,,,,,,,,,,,,,
2026-08-03 03:43:39,421260,2.0,0.01,78.0,2.0,0.0156,56.0,,,,,,,,,,,,,,,,,,
2026-08-03 03:44:09,421258,1.0,0.0039,96.0,1.0,0.005,78.0,,,,,,,,,,,,,,,,,,
2026-08-03 03:44:09,421260,2.0,0.0106,65.0,1.0,0.005,60.0,,,,,,,,,,,,,,,,,,
2026-08-03 03:44:39,421258,0.0,0.0,0.0,1.0,0.0067,60.0,,,,,,,,,,,,,,,,,,
2026-08-03 03:44:39,421260,3.0,0.015,78.0,1.0,0.0106,44.0,,,,,,,,,,,,,,,,,,
2026-08-03 03:45:09,421258,2.0,0.0078,65.0,3.0,0.0189,56.0,,,,,,,,,,,,,,,,,,
2026-08-03 03:45:09,421260,1.0,0.005,65.0,5.0,0.0417,52.0,,,,,,,,,,,,,,,,,,
2026-08-03 03:45:39,421258,1.0,0.0039,78.0,2.0,0.0189,36.0,,,,,,,,,,,,,,,,,,
2026-08-03 03:45:39,421260,0.0,0.0,0.0,3.0,0.02,60.0,,,,,,,,,,,,,,,,,,
2026-08-03 03:46:09,421258,1.0,0.0039,96.0,3.0,0.0189,60.0,,,,,,,,,,,,,,,,,,
2026-08-03 03:46:09,421260,0.0,0.0,0.0,4.0,0.0267,49.0,,,,,,,,,,,,,,,,,,
2026-08-03 03:46:39,421258,2.0,0.0078,65.0,0.0,0.0,0.0,,,,,,,,,,,,,,,,,,
2026-08-03 03:46:39,421260,0.0,0.0,0.0,0.0,0.0,0.0,,,,,,,,,,,,,,,,,,
2026-08-03 03:47:09,421258,0.0,0.0,0.0,5.0,0.0428,56.0,,,,,,,,,,,,,,,,,,
2026-08-03 03:47:09,421260,0.0,0.0,0.0,0.0,0.0,0.0,,,,,,,,,,,,,,,,,,
2026-08-03 03:47:39,421258,1.0,0.0039,78.0,2.0,0.0528,42.0,,,,,,,,,,,,,,,,,,
2026-08-03 03:47:39,421260,0.0,0.0,0.0,2.0,0.015,56.0,,,,,,,,,,,,,,,,,,
2026-08-03 03:48:09,421258,0.0,0.0,0.0,1.0,0.0078,60.0,,,,,,,,,,,,,,,,,,
2026-08-03 03:48:09,421260,1.0,0.0067,60.0,2.0,0.01,65.0,,,,,,,,,,,,,,,,,,
2026-08-03 03:48:39,421258,0.0,0.0,0.0,3.0,0.0428,46.0,,,,,,,,,,,,,,,,,,
2026-08-03 03:48:39,421260,0.0,0.0,0.0,4.0,0.03,49.0,,,,,,,,,,,,,,,,,,
2026-08-03 03:49:09,421258,0.0,0.0,0.0,0.0,0.0,0.0,,,,,,,,,,,,,,,,,,
2026-08-03 03:49:09,421260,0.0,0.0,0.0,2.0,0.0128,60.0,,,,,,,,,,,,,,,,,,
2026-08-03 03:49:39,421258,0.0,0.0,0.0,1.0,0.0067,60.0,,,,,,,,,,,,,,,,,,
2026-08-03 03:49:39,421260,0.0,0.0,0.0,2.0,0.0156,56.0,,,,,,,,,,,,,,,,,,
2026-08-03 03:50:09,421258,0.0,0.0,0.0,4.0,0.0306,52.0,,,,,,,,,,,,,,,,,,
2026-08-03 03:50:09,421260,1.0,0.0039,96.0,2.0,0.0106,60.0,,,,,,,,,,,,,,,,,,
2026-08-03 03:50:39,421258,0.0,0.0,0.0,4.0,0.0339,56.0,,,,,,,,,,,,,,,,,,
2026-08-03 03:50:39,421260,1.0,0.005,78.0,2.0,0.0189,52.0,,,,,,,,,,,,,,,,,,
2026-08-03 03:51:09,421258,0.0,0.0,0.0,0.0,0.0,0.0,,,,,,,,,,,,,,,,,,
2026-08-03 03:51:09,421260,2.0,0.0117,60.0,0.0,0.0,0.0,,,,,,,,,,,,,,,,,,
2026-08-03 03:51:39,421258,3.0,0.0117,78.0,2.0,0.0156,52.0,,,,,,,,,,,,,,,,,,
2026-08-03 03:51:39,421260,2.0,0.0089,71.0,1.0,0.0067,65.0,,,,,,,,,,,,,,,,,,
2026-08-03 03:52:09,421258,1.0,0.0039,78.0,0.0,0.0,0.0,,,,,,,,,,,,,,,,,,
2026-08-03 03:52:09,421260,2.0,0.01,78.0,1.0,0.0206,30.0,,,,,,,,,,,,,,,,,,
2026-08-03 03:52:39,421258,1.0,0.0039,78.0,2.0,0.02,49.0,,,,,,,,,,,,,,,,,,
2026-08-03 03:52:39,421260,1.0,0.0056,65.0,4.0,0.0278,56.0,,,,,,,,,,,,,,,,,,
2026-08-03 03:53:09,421258,2.0,0.0078,78.0,1.0,0.0078,52.0,,,,,,,,,,,,,,,,,,
2026-08-03 03:53:09,421260,1.0,0.005,71.0,3.0,0.0228,52.0,,,,,,,,,,,,,,,,,,
2026-08-03 03:53:39,421258,2.0,0.0078,78.0,2.0,0.015,56.0,,,,,,,,,,,,,,,,,,
2026-08-03 03:53:39,421260,2.0,0.01,78.0,1.0,0.0089,49.0,,,,,,,,,,,,,,,,,,
2026-08-03 03:54:09,421258,1.0,0.0039,78.0,1.0,0.0067,60.0,,,,,,,,,,,,,,,,,,
2026-08-03 03:54:09,421260,0.0,0.0,0.0,3.0,0.0206,56.0,,,,,,,,,,,,,,,,,,
2026-08-03 03:54:39,421258,0.0,0.0,0.0,1.0,0.0067,60.0,,,,,,,,,,,,,,,,,,
2026-08-03 03:54:39,421260,2.0,0.0106,71.0,1.0,0.0056,60.0,,,,,,,,,,,,,,,,,,
2026-08-03 03:55:09,421258,2.0,0.0078,78.0,4.0,0.0578,46.0,,,,,,,,,,,,,,,,,,
2026-08-03 03:55:09,421260,1.0,0.0056,71.0,1.0,0.0067,52.0,,,,,,,,,,,,,,,,,,
2026-08-03 03:55:39,421258,1.0,0.0039,78.0,1.0,0.0078,52.0,,,,,,,,,,,,,,,,,,
2026-08-03 03:55:39,421260,2.0,0.0128,60.0,3.0,0.0228,56.0,,,,,,,,,,,,,,,,,,
2026-08-03 03:56:09,421258,2.0,0.0089,65.0,3.0,0.0239,52.0,,,,,,,,,,,,,,,,,,
2026-08-03 03:56:09,421260,3.0,0.0128,78.0,2.0,0.0106,65.0,,,,,,,,,,,,,,,,,,
2026-08-03 03:56:39,421258,1.0,0.0039,60.0,2.0,0.0156,56.0,,,,,,,,,,,,,,,,,,
2026-08-03 03:56:39,421260,1.0,0.005,78.0,1.0,0.0067,60.0,,,,,,,,,,,,,,,,,,
2026-08-03 03:57:09,421258,0.0,0.0,0.0,1.0,0.0067,60.0,,,,,,,,,,,,,,,,,,
2026-08-03 03:57:09,421260,1.0,0.0056,65.0,0.0,0.0,0.0,,,,,,,,,,,,,,,,,,
2026-08-03 03:57:39,421258,2.0,0.0078,65.0,5.0,0.04,52.0,,,,,,,,,,,,,,,,,,
2026-08-03 03:57:39,421260,0.0,0.0,0.0,4.0,0.0256,60.0,,,,,,,,,,,,,,,,,,
2026-08-03 03:58:09,421258,1.0,0.0039,78.0,1.0,0.005,60.0,,,,,,,,,,,,,,,,,,
2026-08-03 03:58:09,421260,2.0,0.01,78.0,2.0,0.0128,60.0,,,,,,,,,,,,,,,,,,
2026-08-03 03:58:39,421258,1.0,0.0039,78.0,2.0,0.0156,49.0,,,,,,,,,,,,,,,,,,
2026-08-03 03:58:39,421260,2.0,0.0106,65.0,2.0,0.02,60.0,,,,,,,,,,,,,,,,,,
2026-08-03 03:59:09,421258,1.0,0.0039,78.0,0.0,0.0,0.0,,,,,,,,,,,,,,,,,,
2026-08-03 03:59:09,421260,0.0,0.0,0.0,0.0,0.0,0.0,,,,,,,,,,,,,,,,,,
2026-08-03 03:59:39,421258,2.0,0.0078,86.0,2.0,0.035,49.0,,,,,,,,,,,,,,,,,,
2026-08-03 03:59:39,421260,3.0,0.0167,78.0,2.0,0.0139,60.0,,,,,,,,,,,,,,,,,,
2026-08-03 04:00:09,421258,0.0,0.0,0.0,1.0,0.0067,60.0,,,,,,,,,,,,,,,,,,
2026-08-03 04:00:09,421260,4.0,0.025,60.0,5.0,0.07,42.0,,,,,,,,,,,,,,,,,,
2026-08-03 04:00:39,421258,2.0,0.0078,60.0,3.0,0.0267,60.0,,,,,,,,,,,,,,,,,,
2026-08-03 04:00:39,421260,2.0,0.0117,65.0,2.0,0.0128,60.0,,,,,,,,,,,,,,,,,,
2026-08-03 04:01:09,421258,1.0,0.0039,78.0,1.0,0.0067,60.0,,,,,,,,,,,,,,,,,,
2026-08-03 04:01:09,421260,0.0,0.0,0.0,4.0,0.0356,49.0,,,,,,,,,,,,,,,,,,
2026-08-03 04:01:39,421258,2.0,0.0078,78.0,1.0,0.0078,60.0,,,,,,,,,,,,,,,,,,
2026-08-03 04:01:39,421260,3.0,0.0156,65.0,4.0,0.0489,52.0,,,,,,,,,,,,,,,,,,
2026-08-03 04:02:09,421258,2.0,0.0089,65.0,4.0,0.0339,49.0,,,,,,,,,,,,,,,,,,
2026-08-03 04:02:09,421260,2.0,0.0117,65.0,3.0,0.0217,52.0,,,,,,,,,,,,,,,,,,
2026-08-03 04:02:39,421258,2.0,0.0078,78.0,4.0,0.0567,46.0,,,,,,,,,,,,,,,,,,
2026-08-03 04:02:39,421260,1.0,0.0067,60.0,2.0,0.0156,52.0,,,,,,,,,,,,,,,,,,
2026-08-03 04:03:09,421258,0.0,0.0,0.0,1.0,0.0067,60.0,,,,,,,,,,,,,,,,,,
2026-08-03 04:03:09,421260,1.0,0.0039,78.0,1.0,0.0067,65.0,,,,,,,,,,,,,,,,,,
2026-08-03 04:03:39,421258,5.0,0.02,71.0,4.0,0.0939,42.0,,,,,,,,,,,,,,,,,,
2026-08-03 04:03:39,421260,1.0,0.005,78.0,3.0,0.0206,56.0,,,,,,,,,,,,,,,,,,
2026-08-03 04:04:09,421258,1.0,0.0039,60.0,3.0,0.0439,49.0,,,,,,,,,,,,,,,,,,
2026-08-03 04:04:09,421260,1.0,0.005,86.0,1.0,0.0056,71.0,,,,,,,,,,,,,,,,,,
2026-08-03 04:04:39,421258,2.0,0.0078,78.0,1.0,0.0078,60.0,,,,,,,,,,,,,,,,,,
2026-08-03 04:04:39,421260,0.0,0.0,0.0,0.0,0.0,0.0,,,,,,,,,,,,,,,,,,
2026-08-03 04:05:09,421258,1.0,0.005,60.0,2.0,0.0217,44.0,,,,,,,,,,,,,,,,,,
2026-08-03 04:05:09,421260,1.0,0.0056,71.0,3.0,0.0189,52.0,,,,,,,,,,,,,,,,,,
2026-08-03 04:05:39,421258,2.0,0.0089,65.0,2.0,0.0317,34.0,,,,,,,,,,,,,,,,,,
2026-08-03 04:05:39,421260,1.0,0.0067,56.0,2.0,0.02,49.0,,,,,,,,,,,,,,,,,,
2026-08-03 04:06:09,421258,0.0,0.0,0.0,1.0,0.0067,52.0,,,,,,,,,,,,,,,,,,
2026-08-03 04:06:09,421260,2.0,0.01,71.0,3.0,0.045,29.0,,,,,,,,,,,,,,,,,,
2026-08-03 04:06:39,421258,1.0,0.0039,78.0,0.0,0.0,0.0,,,,,,,,,,,,,,,,,,
2026-08-03 04:06:39,421260,1.0,0.005,60.0,4.0,0.03,56.0,,,,,,,,,,,,,,,,,,
2026-08-03 04:07:09,421258,1.0,0.0039,78.0,1.0,0.0067,52.0,,,,,,,,,,,,,,,,,,
2026-08-03 04:07:09,421260,2.0,0.0106,71.0,1.0,0.0089,46.0,,,,,,,,,,,,,,,,,,
2026-08-03 04:07:39,421258,2.0,0.0078,78.0,2.0,0.0389,40.0,,,,,,,,,,,,,,,,,,
2026-08-03 04:07:39,421260,2.0,0.0089,86.0,1.0,0.005,71.0,,,,,,,,,,,,,,,,,,
2026-08-03 04:08:09,421258,2.0,0.0078,78.0,1.0,0.0306,36.0,,,,,,,,,,,,,,,,,,
2026-08-03 04:08:09,421260,0.0,0.0,0.0,1.0,0.005,78.0,,,,,,,,,,,,,,,,,,
2026-08-03 04:08:39,421258,1.0,0.0039,78.0,4.0,0.0578,44.0,,,,,,,,,,,,,,,,,,
2026-08-03 04:08:39,421260,5.0,0.0267,71.0,2.0,0.015,56.0,,,,,,,,,,,,,,,,,,
2026-08-03 04:09:09,421258,1.0,0.0039,78.0,2.0,0.0128,52.0,,,,,,,,,,,,,,,,,,
2026-08-03 04:09:09,421260,1.0,0.005,65.0,1.0,0.0067,60.0,,,,,,,,,,,,,,,,,,
2026-08-03 04:09:39,421258,2.0,0.0078,86.0,3.0,0.0378,60.0,,,,,,,,,,,,,,,,,,
2026-08-03 04:09:39,421260,3.0,0.0156,71.0,2.0,0.015,46.0,,,,,,,,,,,,,,,,,,
2026-08-03 04:10:09,421258,1.0,0.0067,78.0,1.0,0.005,78.0,,,,,,,,,,,,,,,,,,
2026-08-03 04:10:09,421260,1.0,0.0056,71.0,0.0,0.0,0.0,,,,,,,,,,,,,,,,,,
2026-08-03 04:10:39,421258,2.0,0.005,86.0,2.0,0.0117,60.0,,,,,,,,,,,,,,,,,,
2026-08-03 04:10:39,421260,0.0,0.0,0.0,2.0,0.0139,56.0,,,,,,,,,,,,,,,,,,
2026-08-03 04:11:09,421258,2.0,0.01,78.0,3.0,0.02,56.0,,,,,,,,,,,,,,,,,,
2026-08-03 04:11:09,421260,0.0,0.0,0.0,2.0,0.0117,71.0,,,,,,,,,,,,,,,,,,
2026-08-03 04:11:39,421258,1.0,0.005,60.0,1.0,0.0067,52.0,,,,,,,,,,,,,,,,,,
2026-08-03 04:11:39,421260,0.0,0.0,0.0,1.0,0.0067,65.0,,,,,,,,,,,,,,,,,,
2026-08-03 04:12:09,421258,0.0,0.0,0.0,2.0,0.0356,52.0,,,,,,,,,,,,,,,,,,
2026-08-03 04:12:09,421260,2.0,0.01,71.0,2.0,0.0106,52.0,,,,,,,,,,,,,,,,,,
2026-08-03 04:12:39,421258,0.0,0.0,0.0,2.0,0.0317,52.0,,,,,,,,,,,,,,,,,,
2026-08-03 04:12:39,421260,1.0,0.005,78.0,2.0,0.0117,65.0,,,,,,,,,,,,,,,,,,
2026-08-03 04:13:09,421258,1.0,0.0039,78.0,0.0,0.0,0.0,,,,,,,,,,,,,,,,,,
2026-08-03 04:13:09,421260,1.0,0.0056,71.0,1.0,0.0067,60.0,,,,,,,,,,,,,,,,,,
2026-08-03 04:13:39,421258,0.0,0.0,0.0,1.0,0.0078,52.0,,,,,,,,,,,,,,,,,,
2026-08-03 04:13:39,421260,3.0,0.0178,65.0,2.0,0.0128,65.0,,,,,,,,,,,,,,,,,,
2026-08-03 04:14:09,421258,2.0,0.0078,78.0,3.0,0.02,60.0,,,,,,,,,,,,,,,,,,
2026-08-03 04:14:09,421260,2.0,0.0106,71.0,4.0,0.0317,49.0,,,,,,,,,,,,,,,,,,
2026-08-03 04:14:39,421258,0.0,0.0,0.0,3.0,0.03,60.0,,,,,,,,,,,,,,,,,,
2026-08-03 04:14:39,421260,2.0,0.01,78.0,4.0,0.0256,60.0,,,,,,,,,,,,,,,,,,
2026-08-03 04:15:09,421258,0.0,0.0,0.0,2.0,0.0139,60.0,,,,,,,,,,,,,,,,,,
2026-08-03 04:15:09,421260,0.0,0.0,0.0,2.0,0.0117,65.0,,,,,,,,,,,,,,,,,,
2026-08-03 04:15:39,421258,3.0,0.0139,65.0,1.0,0.0067,60.0,,,,,,,,,,,,,,,,,,
2026-08-03 04:15:39,421260,0.0,0.0,0.0,1.0,0.0067,60.0,,,,,,,,,,,,,,,,,,
2026-08-03 04:16:09,421258,3.0,0.0117,78.0,2.0,0.0339,49.0,,,,,,,,,,,,,,,,,,
2026-08-03 04:16:09,421260,0.0,0.0,0.0,0.0,0.0,0.0,,,,,,,,,,,,,,,,,,
2026-08-03 04:16:39,421258,0.0,0.0,0.0,4.0,0.0478,56.0,,,,,,,,,,,,,,,,,,
2026-08-03 04:16:39,421260,3.0,0.0156,65.0,1.0,0.0056,65.0,,,,,,,,,,,,,,,,,,
2026-08-03 04:17:09,421258,0.0,0.0,0.0,1.0,0.0067,60.0,,,,,,,,,,,,,,,,,,
2026-08-03 04:17:09,421260,0.0,0.0,0.0,2.0,0.0128,60.0,,,,,,,,,,,,,,,,,,
2026-08-03 04:17:39,421258,0.0,0.0,0.0,1.0,0.0067,60.0,,,,,,,,,,,,,,,,,,
2026-08-03 04:17:39,421260,0.0,0.0,0.0,1.0,0.0056,60.0,,,,,,,,,,,,,,,,,,
2026-08-03 04:18:09,421258,0.0,0.0,0.0,0.0,0.0,0.0,,,,,,,,,,,,,,,,,,
2026-08-03 04:18:09,421260,0.0,0.0,0.0,1.0,0.0067,52.0,,,,,,,,,,,,,,,,,,
2026-08-03 04:18:39,421258,2.0,0.0078,65.0,2.0,0.0128,60.0,,,,,,,,,,,,,,,,,,
2026-08-03 04:18:39,421260,1.0,0.0056,71.0,2.0,0.015,60.0,,,,,,,,,,,,,,,,,,
2026-08-03 04:19:09,421258,0.0,0.0,0.0,2.0,0.0156,52.0,,,,,,,,,,,,,,,,,,
2026-08-03 04:19:09,421260,2.0,0.0106,71.0,4.0,0.0267,60.0,,,,,,,,,,,,,,,,,,
2026-08-03 04:19:39,421258,0.0,0.0,0.0,1.0,0.0078,52.0,,,,,,,,,,,,,,,,,,
2026-08-03 04:19:39,421260,2.0,0.01,71.0,2.0,0.0128,60.0,,,,,,,,,,,,,,,,,,
2026-08-03 04:20:09,421258,1.0,0.0039,78.0,0.0,0.0,0.0,,,,,,,,,,,,,,,,,,
2026-08-03 04:20:09,421260,3.0,0.0156,71.0,4.0,0.0278,60.0,,,,,,,,,,,,,,,,,,
2026-08-03 04:20:39,421258,2.0,0.0078,78.0,3.0,0.0217,56.0,,,,,,,,,,,,,,,,,,
2026-08-03 04:20:39,421260,3.0,0.0167,65.0,5.0,0.0406,46.0,,,,,,,,,,,,,,,,,,
2026-08-03 04:21:09,421258,2.0,0.0078,78.0,3.0,0.0239,56.0,,,,,,,,,,,,,,,,,,
2026-08-03 04:21:09,421260,2.0,0.01,78.0,4.0,0.03,60.0,,,,,,,,,,,,,,,,,,
2026-08-03 04:21:39,421258,2.0,0.0078,78.0,3.0,0.0217,56.0,,,,,,,,,,,,,,,,,,
2026-08-03 04:21:39,421260,0.0,0.0,0.0,0.0,0.0,0.0,,,,,,,,,,,,,,,,,,
2026-08-03 04:22:09,421258,1.0,0.0039,78.0,2.0,0.0217,44.0,,,,,,,,,,,,,,,,,,
2026-08-03 04:22:09,421260,0.0,0.0,0.0,0.0,0.0,0.0,,,,,,,,,,,,,,,,,,
2026-08-03 04:22:39,421258,3.0,0.0117,86.0,5.0,0.0406,60.0,,,,,,,,,,,,,,,,,,
2026-08-03 04:22:39,421260,3.0,0.0156,65.0,4.0,0.0306,44.0,,,,,,,,,,,,,,,,,,
2026-08-03 04:23:09,421258,1.0,0.005,60.0,3.0,0.0506,44.0,,,,,,,,,,,,,,,,,,
2026-08-03 04:23:09,421260,3.0,0.0156,65.0,2.0,0.0167,46.0,,,,,,,,,,,,,,,,,,
2026-08-03 04:23:39,421258,0.0,0.0,0.0,0.0,0.0,0.0,,,,,,,,,,,,,,,,,,
2026-08-03 04:23:39,421260,4.0,0.025,71.0,5.0,0.0606,52.0,,,,,,,,,,,,,,,,,,
2026-08-03 04:24:09,421258,2.0,0.0078,78.0,0.0,0.0,0.0,,,,,,,,,,,,,,,,,,
2026-08-03 04:24:09,421260,4.0,0.0217,71.0,2.0,0.0189,52.0,,,,,,,,,,,,,,,,,,
2026-08-03 04:24:39,421258,0.0,0.0,0.0,2.0,0.035,52.0,,,,,,,,,,,,,,,,,,
2026-08-03 04:24:39,421260,1.0,0.005,60.0,2.0,0.0178,56.0,,,,,,,,,,,,,,,,,,
2026-08-03 04:25:09,421258,4.0,0.0178,65.0,3.0,0.0389,49.0,,,,,,,,,,,,,,,,,,
2026-08-03 04:25:09,421260,2.0,0.0089,71.0,3.0,0.0139,52.0,,,,,,,,,,,,,,,,,,
2026-08-03 04:25:39,421258,5.0,0.02,65.0,2.0,0.0578,44.0,,,,,,,,,,,,,,,,,,
2026-08-03 04:25:39,421260,1.0,0.005,71.0,3.0,0.0217,56.0,,,,,,,,,,,,,,,,,,
2026-08-03 04:26:09,421258,2.0,0.0089,65.0,2.0,0.0278,44.0,,,,,,,,,,,,,,,,,,
2026-08-03 04:26:09,421260,1.0,0.0056,65.0,4.0,0.0239,65.0,,,,,,,,,,,,,,,,,,
2026-08-03 04:26:39,421258,1.0,0.005,60.0,3.0,0.0428,46.0,,,,,,,,,,,,,,,,,,
2026-08-03 04:26:39,421260,4.0,0.02,71.0,3.0,0.0206,56.0,,,,,,,,,,,,,,,,,,
2026-08-03 04:27:09,421258,0.0,0.0,0.0,3.0,0.0189,56.0,,,,,,,,,,,,,,,,,,
2026-08-03 04:27:09,421260,1.0,0.005,78.0,1.0,0.0056,60.0,,,,,,,,,,,,,,,,,,
2026-08-03 04:27:39,421258,2.0,0.0078,78.0,4.0,0.0389,56.0,,,,,,,,,,,,,,,,,,
2026-08-03 04:27:39,421260,6.0,0.0328,71.0,3.0,0.0189,65.0,,,,,,,,,,,,,,,,,,
2026-08-03 04:28:09,421258,3.0,0.0117,78.0,3.0,0.0256,49.0,,,,,,,,,,,,,,,,,,
2026-08-03 04:28:09,421260,2.0,0.01,78.0,4.0,0.0528,52.0,,,,,,,,,,,,,,,,,,
2026-08-03 04:28:39,421258,3.0,0.0117,78.0,4.0,0.0306,52.0,,,,,,,,,,,,,,,,,,
2026-08-03 04:28:39,421260,2.0,0.0106,71.0,3.0,0.0178,65.0,,,,,,,,,,,,,,,,,,
2026-08-03 04:29:09,421258,2.0,0.0078,65.0,3.0,0.02,60.0,,,,,,,,,,,,,,,,,,
2026-08-03 04:29:09,421260,2.0,0.0106,78.0,1.0,0.0056,65.0,,,,,,,,,,,,,,,,,,
2026-08-03 04:29:39,421258,4.0,0.0156,78.0,3.0,0.0189,60.0,,,,,,,,,,,,,,,,,,
2026-08-03 04:29:39,421260,1.0,0.005,65.0,3.0,0.0228,56.0,,,,,,,,,,,,,,,,,,
2026-08-03 04:30:09,421258,0.0,0.0,0.0,4.0,0.0228,65.0,,,,,,,,,,,,,,,,,,
2026-08-03 04:30:09,421260,0.0,0.0,0.0,1.0,0.0056,60.0,,,,,,,,,,,,,,,,,,
2026-08-03 04:30:39,421258,3.0,0.0117,78.0,4.0,0.0478,44.0,,,,,,,,,,,,,,,,,,
2026-08-03 04:30:39,421260,3.0,0.015,78.0,3.0,0.0217,56.0,,,,,,,,,,,,,,,,,,
2026-08-03 04:31:09,421258,2.0,0.0089,60.0,0.0,0.0,0.0,,,,,,,,,,,,,,,,,,
2026-08-03 04:31:09,421260,1.0,0.0039,96.0,1.0,0.005,71.0,,,,,,,,,,,,,,,,,,
2026-08-03 04:31:39,421258,0.0,0.0,0.0,2.0,0.0256,52.0,,,,,,,,,,,,,,,,,,
2026-08-03 04:31:39,421260,0.0,0.0,0.0,1.0,0.0056,56.0,,,,,,,,,,,,,,,,,,
2026-08-03 04:32:09,421258,3.0,0.0117,71.0,2.0,0.0156,56.0,,,,,,,,,,,,,,,,,,
2026-08-03 04:32:09,421260,4.0,0.02,71.0,4.0,0.0206,56.0,,,,,,,,,,,,,,,,,,
2026-08-03 04:32:39,421258,2.0,0.0078,86.0,4.0,0.0278,56.0,,,,,,,,,,,,,,,,,,
2026-08-03 04:32:39,421260,1.0,0.005,78.0,3.0,0.015,65.0,,,,,,,,,,,,,,,,,,
2026-08-03 04:33:09,421258,0.0,0.0,0.0,0.0,0.0,0.0,,,,,,,,,,,,,,,,,,
2026-08-03 04:33:09,421260,2.0,0.0106,71.0,3.0,0.02,60.0,,,,,,,,,,,,,,,,,,
2026-08-03 04:33:39,421258,0.0,0.0,0.0,1.0,0.0078,52.0,,,,,,,,,,,,,,,,,,
2026-08-03 04:33:39,421260,1.0,0.0039,71.0,1.0,0.0089,49.0,,,,,,,,,,,,,,,,,,
2026-08-03 04:34:09,421258,4.0,0.0178,65.0,4.0,0.0478,56.0,,,,,,,,,,,,,,,,,,
2026-08-03 04:34:09,421260,6.0,0.0339,71.0,4.0,0.0339,46.0,,,,,,,,,,,,,,,,,,
2026-08-03 04:34:39,421258,3.0,0.0117,71.0,3.0,0.0239,52.0,,,,,,,,,,,,,,,,,,
2026-08-03 04:34:39,421260,0.0,0.0,0.0,2.0,0.0189,49.0,,,,,,,,,,,,,,,,,,
2026-08-03 04:35:09,421258,1.0,0.0039,60.0,2.0,0.02,49.0,,,,,,,,,,,,,,,,,,
2026-08-03 04:35:09,421260,3.0,0.0167,71.0,6.0,0.0378,60.0,,,,,,,,,,,,,,,,,,
2026-08-03 04:35:39,421258,1.0,0.0039,78.0,0.0,0.0,0.0,,,,,,,,,,,,,,,,,,
2026-08-03 04:35:39,421260,3.0,0.0167,71.0,1.0,0.0056,60.0,,,,,,,,,,,,,,,,,,
2026-08-03 04:36:09,421258,3.0,0.015,65.0,4.0,0.0317,52.0,,,,,,,,,,,,,,,,,,
2026-08-03 04:36:09,421260,1.0,0.0067,52.0,3.0,0.02,60.0,,,,,,,,,,,,,,,,,,
2026-08-03 04:36:39,421258,1.0,0.0039,78.0,2.0,0.0506,44.0,,,,,,,,,,,,,,,,,,
2026-08-03 04:36:39,421260,1.0,0.005,60.0,2.0,0.0156,52.0,,,,,,,,,,,,,,,,,,
2026-08-03 04:37:09,421258,3.0,0.0139,71.0,5.0,0.0617,46.0,,,,,,,,,,,,,,,,,,
2026-08-03 04:37:09,421260,3.0,0.0167,71.0,3.0,0.0206,56.0,,,,,,,,,,,,,,,,,,
2026-08-03 04:37:39,421258,3.0,0.0117,78.0,2.0,0.0256,44.0,,,,,,,,,,,,,,,,,,
2026-08-03 04:37:39,421260,1.0,0.0056,56.0,3.0,0.0467,42.0,,,,,,,,,,,,,,,,,,
2026-08-03 04:38:09,421258,1.0,0.005,52.0,1.0,0.0078,52.0,,,,,,,,,,,,,,,,,,
2026-08-03 04:38:09,421260,7.0,0.0428,65.0,6.0,0.0428,52.0,,,,,,,,,,,,,,,,,,
2026-08-03 04:38:39,421258,2.0,0.0078,65.0,2.0,0.0156,52.0,,,,,,,,,,,,,,,,,,
2026-08-03 04:38:39,421260,1.0,0.0039,78.0,0.0,0.0,0.0,,,,,,,,,,,,,,,,,,
2026-08-03 04:39:09,421258,1.0,0.0039,78.0,3.0,0.0239,56.0,,,,,,,,,,,,,,,,,,
2026-08-03 04:39:09,421260,2.0,0.0106,71.0,2.0,0.0117,65.0,,,,,,,,,,,,,,,,,,
2026-08-03 04:39:39,421258,0.0,0.0,0.0,3.0,0.0228,49.0,,,,,,,,,,,,,,,,,,
2026-08-03 04:39:39,421260,6.0,0.0367,65.0,3.0,0.0156,52.0,,,,,,,,,,,,,,,,,,
2026-08-03 04:40:09,421258,8.0,0.0389,71.0,6.0,0.1256,46.0,,,,,,,,,,,,,,,,,,
2026-08-03 04:40:09,421260,6.0,0.035,65.0,4.0,0.0389,49.0,,,,,,,,,,,,,,,,,,
2026-08-03 04:40:39,421258,1.0,0.0039,78.0,0.0,0.0,0.0,,,,,,,,,,,,,,,,,,
2026-08-03 04:40:39,421260,5.0,0.0339,65.0,3.0,0.0228,52.0,,,,,,,,,,,,,,,,,,
2026-08-03 04:41:09,421258,3.0,0.0139,71.0,4.0,0.0256,60.0,,,,,,,,,,,,,,,,,,
2026-08-03 04:41:09,421260,3.0,0.015,71.0,4.0,0.03,56.0,,,,,,,,,,,,,,,,,,
2026-08-03 04:41:39,421258,3.0,0.0117,71.0,2.0,0.0228,52.0,,,,,,,,,,,,,,,,,,
2026-08-03 04:41:39,421260,2.0,0.01,78.0,3.0,0.0189,60.0,,,,,,,,,,,,,,,,,,
2026-08-03 04:42:09,421258,4.0,0.0178,65.0,4.0,0.035,60.0,,,,,,,,,,,,,,,,,,
2026-08-03 04:42:09,421260,1.0,0.005,78.0,5.0,0.0356,60.0,,,,,,,,,,,,,,,,,,
2026-08-03 04:42:39,421258,4.0,0.0256,60.0,5.0,0.0889,42.0,,,,,,,,,,,,,,,,,,
2026-08-03 04:42:39,421260,2.0,0.01,71.0,2.0,0.0139,65.0,,,,,,,,,,,,,,,,,,
2026-08-03 04:43:09,421258,2.0,0.0067,78.0,4.0,0.0339,52.0,,,,,,,,,,,,,,,,,,
2026-08-03 04:43:09,421260,4.0,0.0217,71.0,3.0,0.0217,56.0,,,,,,,,,,,,,,,,,,
2026-08-03 04:43:39,421258,1.0,0.0039,78.0,5.0,0.0378,56.0,,,,,,,,,,,,,,,,,,
2026-08-03 04:43:39,421260,5.0,0.0267,71.0,5.0,0.0406,56.0,,,,,,,,,,,,,,,,,,
2026-08-03 04:44:09,421258,3.0,0.0139,71.0,5.0,0.0539,49.0,,,,,,,,,,,,,,,,,,
2026-08-03 04:44:09,421260,7.0,0.0406,65.0,3.0,0.02,56.0,,,,,,,,,,,,,,,,,,
2026-08-03 04:44:39,421258,1.0,0.0039,78.0,2.0,0.0156,52.0,,,,,,,,,,,,,,,,,,
2026-08-03 04:44:39,421260,2.0,0.0106,71.0,2.0,0.0117,65.0,,,,,,,,,,,,,,,,,,
2026-08-03 04:45:09,421258,2.0,0.0078,60.0,4.0,0.0317,52.0,,,,,,,,,,,,,,,,,,
2026-08-03 04:45:09,421260,2.0,0.0117,65.0,3.0,0.0189,65.0,,,,,,,,,,,,,,,,,,
2026-08-03 04:45:39,421258,6.0,0.0239,78.0,7.0,0.0567,52.0,,,,,,,,,,,,,,,,,,
2026-08-03 04:45:39,421260,5.0,0.03,65.0,4.0,0.0306,60.0,,,,,,,,,,,,,,,,,,
2026-08-03 04:46:09,421258,1.0,0.0039,78.0,4.0,0.0256,60.0,,,,,,,,,,,,,,,,,,
2026-08-03 04:46:09,421260,5.0,0.025,78.0,1.0,0.0056,65.0,,,,,,,,,,,,,,,,,,
2026-08-03 04:46:39,421258,0.0,0.0,0.0,3.0,0.0428,56.0,,,,,,,,,,,,,,,,,,
2026-08-03 04:46:39,421260,2.0,0.01,78.0,4.0,0.0367,52.0,,,,,,,,,,,,,,,,,,
2026-08-03 04:47:09,421258,1.0,0.0039,60.0,3.0,0.02,60.0,,,,,,,,,,,,,,,,,,
2026-08-03 04:47:09,421260,2.0,0.0106,71.0,4.0,0.0278,60.0,,,,,,,,,,,,,,,,,,
2026-08-03 04:47:39,421258,7.0,0.03,78.0,8.0,0.0617,52.0,,,,,,,,,,,,,,,,,,
2026-08-03 04:47:39,421260,4.0,0.02,78.0,4.0,0.0306,60.0,,,,,,,,,,,,,,,,,,
2026-08-03 04:48:09,421258,1.0,0.0039,78.0,1.0,0.005,60.0,,,,,,,,,,,,,,,,,,
2026-08-03 04:48:09,421260,3.0,0.0156,71.0,4.0,0.0317,52.0,,,,,,,,,,,,,,,,,,
2026-08-03 04:48:39,421258,3.0,0.0117,71.0,2.0,0.0217,49.0,,,,,,,,,,,,,,,,,,
2026-08-03 04:48:39,421260,3.0,0.0139,65.0,5.0,0.0328,60.0,,,,,,,,,,,,,,,,,,
2026-08-03 04:49:09,421258,3.0,0.0117,78.0,4.0,0.0539,44.0,,,,,,,,,,,,,,,,,,
2026-08-03 04:49:09,421260,3.0,0.0156,71.0,4.0,0.0278,56.0,,,,,,,,,,,,,,,,,,
2026-08-03 04:49:39,421258,2.0,0.0078,86.0,4.0,0.0317,56.0,,,,,,,,,,,,,,,,,,
2026-08-03 04:49:39,421260,7.0,0.04,65.0,4.0,0.0289,52.0,,,,,,,,,,,,,,,,,,
2026-08-03 04:50:09,421258,0.0,0.0,0.0,2.0,0.0156,60.0,,,,,,,,,,,,,,,,,,
2026-08-03 04:50:09,421260,4.0,0.0228,71.0,2.0,0.0167,56.0,,,,,,,,,,,,,,,,,,
2026-08-03 04:50:39,421258,5.0,0.0228,65.0,6.0,0.0467,49.0,,,,,,,,,,,,,,,,,,
2026-08-03 04:50:39,421260,2.0,0.0089,71.0,3.0,0.0256,46.0,,,,,,,,,,,,,,,,,,
2026-08-03 04:51:09,421258,6.0,0.0239,86.0,4.0,0.03,56.0,,,,,,,,,,,,,,,,,,
2026-08-03 04:51:09,421260,3.0,0.0128,78.0,3.0,0.0178,71.0,,,,,,,,,,,,,,,,,,
2026-08-03 04:51:39,421258,2.0,0.0078,78.0,6.0,0.07,49.0,,,,,,,,,,,,,,,,,,
2026-08-03 04:51:39,421260,1.0,0.0056,78.0,3.0,0.02,65.0,,,,,,,,,,,,,,,,,,
2026-08-03 04:52:09,421258,2.0,0.0078,78.0,3.0,0.0417,56.0,,,,,,,,,,,,,,,,,,
2026-08-03 04:52:09,421260,4.0,0.02,71.0,4.0,0.03,56.0,,,,,,,,,,,,,,,,,,
2026-08-03 04:52:39,421258,3.0,0.0117,71.0,2.0,0.015,56.0,,,,,,,,,,,,,,,,,,
2026-08-03 04:52:39,421260,6.0,0.0328,71.0,1.0,0.0289,49.0,,,,,,,,,,,,,,,,,,
2026-08-03 04:53:09,421258,2.0,0.0089,78.0,4.0,0.0506,56.0,,,,,,,,,,,,,,,,,,
2026-08-03 04:53:09,421260,5.0,0.03,65.0,5.0,0.0378,46.0,,,,,,,,,,,,,,,,,,
2026-08-03 04:53:39,421258,1.0,0.0039,78.0,4.0,0.0228,56.0,,,,,,,,,,,,,,,,,,
2026-08-03 04:53:39,421260,6.0,0.0317,71.0,2.0,0.0128,60.0,,,,,,,,,,,,,,,,,,
2026-08-03 04:54:09,421258,2.0,0.0078,78.0,3.0,0.02,56.0,,,,,,,,,,,,,,,,,,
2026-08-03 04:54:09,421260,3.0,0.0139,78.0,3.0,0.0228,60.0,,,,,,,,,,,,,,,,,,
2026-08-03 04:54:39,421258,4.0,0.0156,78.0,4.0,0.0478,52.0,,,,,,,,,,,,,,,,,,
2026-08-03 04:54:39,421260,5.0,0.0289,65.0,6.0,0.035,60.0,,,,,,,,,,,,,,,,,,
2026-08-03 04:55:09,421258,4.0,0.0156,78.0,1.0,0.0089,52.0,,,,,,,,,,,,,,,,,,
2026-08-03 04:55:09,421260,3.0,0.0178,71.0,4.0,0.0378,49.0,,,,,,,,,,,,,,,,,,
2026-08-03 04:55:39,421258,7.0,0.0278,78.0,3.0,0.0278,46.0,,,,,,,,,,,,,,,,,,
2026-08-03 04:55:39,421260,3.0,0.015,71.0,5.0,0.0328,60.0,,,,,,,,,,,,,,,,,,
2026-08-03 04:56:09,421258,2.0,0.0078,78.0,6.0,0.0817,49.0,,,,,,,,,,,,,,,,,,
2026-08-03 04:56:09,421260,2.0,0.01,86.0,1.0,0.0056,65.0,,,,,,,,,,,,,,,,,,
2026-08-03 04:56:39,421258,4.0,0.0156,78.0,5.0,0.035,60.0,,,,,,,,,,,,,,,,,,
2026-08-03 04:56:39,421260,3.0,0.015,71.0,2.0,0.015,60.0,,,,,,,,,,,,,,,,,,
2026-08-03 04:57:09,421258,2.0,0.0089,65.0,3.0,0.0417,56.0,,,,,,,,,,,,,,,,,,
2026-08-03 04:57:09,421260,2.0,0.0106,71.0,2.0,0.0167,56.0,,,,,,,,,,,,,,,,,,
2026-08-03 04:57:39,421258,6.0,0.0256,65.0,5.0,0.0728,49.0,,,,,,,,,,,,,,,,,,
2026-08-03 04:57:39,421260,5.0,0.0256,71.0,3.0,0.0189,65.0,,,,,,,,,,,,,,,,,,
2026-08-03 04:58:09,421258,0.0,0.0,0.0,1.0,0.0067,60.0,,,,,,,,,,,,,,,,,,
2026-08-03 04:58:09,421260,5.0,0.0267,71.0,4.0,0.035,52.0,,,,,,,,,,,,,,,,,,
2026-08-03 04:58:39,421258,3.0,0.0117,78.0,2.0,0.0167,56.0,,,,,,,,,,,,,,,,,,
2026-08-03 04:58:39,421260,7.0,0.04,71.0,5.0,0.0328,60.0,,,,,,,,,,,,,,,,,,
2026-08-03 04:59:09,421258,6.0,0.0239,71.0,2.0,0.0339,49.0,,,,,,,,,,,,,,,,,,
2026-08-03 04:59:09,421260,3.0,0.0156,78.0,4.0,0.0406,49.0,,,,,,,,,,,,,,,,,,
2026-08-03 04:59:39,421258,4.0,0.0156,78.0,4.0,0.0267,60.0,,,,,,,,,,,,,,,,,,
2026-08-03 04:59:39,421260,1.0,0.005,78.0,3.0,0.0239,56.0,,,,,,,,,,,,,,,,,,
2026-08-03 05:00:09,421258,4.0,0.0156,78.0,4.0,0.0267,60.0,,,,,,,,,,,,,,,,,,
2026-08-03 05:00:09,421260,5.0,0.0256,78.0,6.0,0.0356,56.0,,,,,,,,,,,,,,,,,,
2026-08-03 05:00:39,421258,6.0,0.0267,71.0,3.0,0.0278,49.0,,,,,,,,,,,,,,,,,,
2026-08-03 05:00:39,421260,3.0,0.015,71.0,2.0,0.0128,56.0,,,,,,,,,,,,,,,,,,
2026-08-03 05:01:09,421258,2.0,0.0078,78.0,3.0,0.0417,38.0,,,,,,,,,,,,,,,,,,
2026-08-03 05:01:09,421260,3.0,0.0139,78.0,2.0,0.0128,60.0,,,,,,,,,,,,,,,,,,
2026-08-03 05:01:39,421258,6.0,0.0256,78.0,4.0,0.0578,52.0,,,,,,,,,,,,,,,,,,
2026-08-03 05:01:39,421260,4.0,0.02,71.0,5.0,0.05,49.0,,,,,,,,,,,,,,,,,,
2026-08-03 05:02:09,421258,1.0,0.0039,78.0,1.0,0.0067,52.0,,,,,,,,,,,,,,,,,,
2026-08-03 05:02:09,421260,4.0,0.02,71.0,4.0,0.03,49.0,,,,,,,,,,,,,,,,,,
2026-08-03 05:02:39,421258,3.0,0.0117,71.0,3.0,0.0478,52.0,,,,,,,,,,,,,,,,,,
2026-08-03 05:02:39,421260,2.0,0.0117,71.0,3.0,0.025,56.0,,,,,,,,,,,,,,,,,,
2026-08-03 05:03:09,421258,4.0,0.0156,71.0,5.0,0.0356,56.0,,,,,,,,,,,,,,,,,,
2026-08-03 05:03:09,421260,9.0,0.0478,71.0,4.0,0.0228,65.0,,,,,,,,,,,,,,,,,,
2026-08-03 05:03:39,421258,1.0,0.0039,78.0,2.0,0.0128,44.0,,,,,,,,,,,,,,,,,,
2026-08-03 05:03:39,421260,1.0,0.005,86.0,1.0,0.0078,49.0,,,,,,,,,,,,,,,,,,
2026-08-03 05:04:09,421258,3.0,0.0139,71.0,4.0,0.0539,49.0,,,,,,,,,,,,,,,,,,
2026-08-03 05:04:09,421260,3.0,0.0156,71.0,3.0,0.02,65.0,,,,,,,,,,,,,,,,,,
2026-08-03 05:04:39,421258,6.0,0.0239,78.0,6.0,0.07,52.0,,,,,,,,,,,,,,,,,,
2026-08-03 05:04:39,421260,5.0,0.0256,78.0,5.0,0.0317,65.0,,,,,,,,,,,,,,,,,,
2026-08-03 05:05:09,421258,4.0,0.0156,78.0,2.0,0.0356,44.0,,,,,,,,,,,,,,,,,,
2026-08-03 05:05:09,421260,2.0,0.0106,71.0,5.0,0.0367,49.0,,,,,,,,,,,,,,,,,,
2026-08-03 05:05:39,421258,2.0,0.0078,86.0,1.0,0.005,78.0,,,,,,,,,,,,,,,,,,
2026-08-03 05:05:39,421260,6.0,0.0339,71.0,4.0,0.0378,56.0,,,,,,,,,,,,,,,,,,
2026-08-03 05:06:09,421258,2.0,0.01,78.0,5.0,0.04,49.0,,,,,,,,,,,,,,,,,,
2026-08-03 05:06:09,421260,4.0,0.02,78.0,2.0,0.02,52.0,,,,,,,,,,,,,,,,,,
2026-08-03 05:06:39,421258,5.0,0.0217,78.0,3.0,0.02,56.0,,,,,,,,,,,,,,,,,,
2026-08-03 05:06:39,421260,2.0,0.0106,65.0,4.0,0.0239,65.0,,,,,,,,,,,,,,,,,,
2026-08-03 05:07:09,421258,3.0,0.0117,78.0,4.0,0.0439,52.0,,,,,,,,,,,,,,,,,,
2026-08-03 05:07:09,421260,5.0,0.0256,71.0,4.0,0.0228,65.0,,,,,,,,,,,,,,,,,,
2026-08-03 05:07:39,421258,4.0,0.0189,65.0,4.0,0.0467,56.0,,,,,,,,,,,,,,,,,,
2026-08-03 05:07:39,421260,2.0,0.0089,78.0,6.0,0.0417,56.0,,,,,,,,,,,,,,,,,,
2026-08-03 05:08:09,421258,1.0,0.0039,78.0,2.0,0.0389,42.0,,,,,,,,,,,,,,,,,,
2026-08-03 05:08:09,421260,3.0,0.0178,65.0,4.0,0.025,65.0,,,,,,,,,,,,,,,,,,
2026-08-03 05:08:39,421258,7.0,0.0278,78.0,4.0,0.0278,52.0,,,,,,,,,,,,,,,,,,
2026-08-03 05:08:39,421260,3.0,0.0167,71.0,3.0,0.0217,49.0,,,,,,,,,,,,,,,,,,
2026-08-03 05:09:09,421258,3.0,0.0117,71.0,3.0,0.0189,60.0,,,,,,,,,,,,,,,,,,
2026-08-03 05:09:09,421260,3.0,0.0167,60.0,4.0,0.0217,65.0,,,,,,,,,,,,,,,,,,
2026-08-03 05:09:39,421258,3.0,0.0117,78.0,1.0,0.0067,52.0,,,,,,,,,,,,,,,,,,
2026-08-03 05:09:39,421260,6.0,0.0356,71.0,6.0,0.0539,56.0,,,,,,,,,,,,,,,,,,
2026-08-03 05:10:09,421258,6.0,0.0267,65.0,2.0,0.0339,49.0,,,,,,,,,,,,,,,,,,
2026-08-03 05:10:09,421260,4.0,0.0189,71.0,4.0,0.0256,60.0,,,,,,,,,,,,,,,,,,
2026-08-03 05:10:39,421258,3.0,0.0117,78.0,4.0,0.0467,46.0,,,,,,,,,,,,,,,,,,
2026-08-03 05:10:39,421260,3.0,0.0139,78.0,4.0,0.0289,56.0,,,,,,,,,,,,,,,,,,
2026-08-03 05:11:09,421258,5.0,0.02,71.0,4.0,0.0256,60.0,,,,,,,,,,,,,,,,,,
2026-08-03 05:11:09,421260,4.0,0.0239,65.0,4.0,0.025,65.0,,,,,,,,,,,,,,,,,,
2026-08-03 05:11:39,421258,3.0,0.0139,78.0,5.0,0.055,49.0,,,,,,,,,,,,,,,,,,
2026-08-03 05:11:39,421260,2.0,0.01,71.0,2.0,0.0139,52.0,,,,,,,,,,,,,,,,,,
2026-08-03 05:12:09,421258,4.0,0.0156,71.0,4.0,0.0278,52.0,,,,,,,,,,,,,,,,,,
2026-08-03 05:12:09,421260,4.0,0.0217,65.0,7.0,0.0456,60.0,,,,,,,,,,,,,,,,,,
2026-08-03 05:12:39,421258,4.0,0.0178,78.0,4.0,0.0239,60.0,,,,,,,,,,,,,,,,,,
2026-08-03 05:12:39,421260,4.0,0.02,71.0,6.0,0.0339,71.0,,,,,,,,,,,,,,,,,,
2026-08-03 05:13:09,421258,3.0,0.0139,65.0,3.0,0.0378,60.0,,,,,,,,,,,,,,,,,,
2026-08-03 05:13:09,421260,3.0,0.015,71.0,6.0,0.0339,60.0,,,,,,,,,,,,,,,,,,
2026-08-03 05:13:39,421258,2.0,0.0078,78.0,4.0,0.0306,56.0,,,,,,,,,,,,,,,,,,
2026-08-03 05:13:39,421260,10.0,0.0639,60.0,5.0,0.0417,52.0,,,,,,,,,,,,,,,,,,
2026-08-03 05:14:09,421258,9.0,0.0389,65.0,7.0,0.0517,52.0,,,,,,,,,,,,,,,,,,
2026-08-03 05:14:09,421260,6.0,0.0328,71.0,4.0,0.035,60.0,,,,,,,,,,,,,,,,,,
2026-08-03 05:14:39,421258,2.0,0.0078,65.0,2.0,0.0128,56.0,,,,,,,,,,,,,,,,,,
2026-08-03 05:14:39,421260,2.0,0.0106,71.0,3.0,0.0156,60.0,,,,,,,,,,,,,,,,,,
2026-08-03 05:15:09,421258,1.0,0.0039,78.0,5.0,0.0389,52.0,,,,,,,,,,,,,,,,,,
2026-08-03 05:15:09,421260,8.0,0.0456,71.0,3.0,0.0178,46.0,,,,,,,,,,,,,,,,,,
2026-08-03 05:15:39,421258,7.0,0.0328,71.0,7.0,0.0556,60.0,,,,,,,,,,,,,,,,,,
2026-08-03 05:15:39,421260,0.0,0.0,0.0,4.0,0.035,52.0,,,,,,,,,,,,,,,,,,
2026-08-03 05:16:09,421258,5.0,0.02,65.0,6.0,0.0706,52.0,,,,,,,,,,,,,,,,,,
2026-08-03 05:16:09,421260,3.0,0.015,78.0,2.0,0.0139,56.0,,,,,,,,,,,,,,,,,,
2026-08-03 05:16:39,421258,1.0,0.005,60.0,3.0,0.02,52.0,,,,,,,,,,,,,,,,,,
2026-08-03 05:16:39,421260,2.0,0.01,86.0,2.0,0.0117,60.0,,,,,,,,,,,,,,,,,,
2026-08-03 05:17:09,421258,5.0,0.0217,71.0,2.0,0.0117,60.0,,,,,,,,,,,,,,,,,,
2026-08-03 05:17:09,421260,5.0,0.0267,71.0,6.0,0.0417,60.0,,,,,,,,,,,,,,,,,,
2026-08-03 05:17:39,421258,4.0,0.0156,78.0,2.0,0.0378,36.0,,,,,,,,,,,,,,,,,,
2026-08-03 05:17:39,421260,4.0,0.0206,71.0,4.0,0.0278,56.0,,,,,,,,,,,,,,,,,,
2026-08-03 05:18:09,421258,2.0,0.0078,78.0,6.0,0.0489,49.0,,,,,,,,,,,,,,,,,,
2026-08-03 05:18:09,421260,5.0,0.025,78.0,6.0,0.0439,60.0,,,,,,,,,,,,,,,,,,
2026-08-03 05:18:39,421258,3.0,0.015,86.0,3.0,0.04,52.0,,,,,,,,,,,,,,,,,,
2026-08-03 05:18:39,421260,2.0,0.0106,71.0,3.0,0.0206,60.0,,,,,,,,,,,,,,,,,,
2026-08-03 05:19:09,421258,3.0,0.0089,71.0,2.0,0.0117,65.0,,,,,,,,,,,,,,,,,,
2026-08-03 05:19:09,421260,7.0,0.0389,65.0,7.0,0.0506,52.0,,,,,,,,,,,,,,,,,,
2026-08-03 05:19:39,421258,8.0,0.035,71.0,5.0,0.0417,52.0,,,,,,,,,,,,,,,,,,
2026-08-03 05:19:39,421260,3.0,0.0189,65.0,2.0,0.015,56.0,,,,,,,,,,,,,,,,,,
2026-08-03 05:20:09,421258,3.0,0.0139,71.0,5.0,0.0417,52.0,,,,,,,,,,,,,,,,,,
2026-08-03 05:20:09,421260,3.0,0.015,71.0,1.0,0.0056,60.0,,,,,,,,,,,,,,,,,,
2026-08-03 05:20:39,421258,4.0,0.0156,71.0,3.0,0.0228,56.0,,,,,,,,,,,,,,,,,,
2026-08-03 05:20:39,421260,3.0,0.0189,65.0,4.0,0.0267,56.0,,,,,,,,,,,,,,,,,,
2026-08-03 05:21:09,421258,2.0,0.0078,65.0,7.0,0.0578,52.0,,,,,,,,,,,,,,,,,,
2026-08-03 05:21:09,421260,4.0,0.0228,60.0,7.0,0.0489,60.0,,,,,,,,,,,,,,,,,,
2026-08-03 05:21:39,421258,3.0,0.0139,65.0,4.0,0.05,52.0,,,,,,,,,,,,,,,,,,
2026-08-03 05:21:39,421260,7.0,0.0406,65.0,4.0,0.0317,60.0,,,,,,,,,,,,,,,,,,
2026-08-03 05:22:09,421258,3.0,0.0139,65.0,2.0,0.0128,60.0,,,,,,,,,,,,,,,,,,
2026-08-03 05:22:09,421260,3.0,0.015,78.0,4.0,0.0406,56.0,,,,,,,,,,,,,,,,,,
2026-08-03 05:22:39,421258,5.0,0.02,71.0,4.0,0.0306,56.0,,,,,,,,,,,,,,,,,,
2026-08-03 05:22:39,421260,6.0,0.035,71.0,8.0,0.0517,60.0,,,,,,,,,,,,,,,,,,
2026-08-03 05:23:09,421258,8.0,0.0367,65.0,6.0,0.065,52.0,,,,,,,,,,,,,,,,,,
2026-08-03 05:23:09,421260,6.0,0.0317,71.0,3.0,0.0189,60.0,,,,,,,,,,,,,,,,,,
2026-08-03 05:23:39,421258,2.0,0.0078,78.0,2.0,0.0228,49.0,,,,,,,,,,,,,,,,,,
2026-08-03 05:23:39,421260,5.0,0.0328,60.0,5.0,0.035,56.0,,,,,,,,,,,,,,,,,,
2026-08-03 05:24:09,421258,3.0,0.0117,78.0,3.0,0.0456,52.0,,,,,,,,,,,,,,,,,,
2026-08-03 05:24:09,421260,7.0,0.04,65.0,6.0,0.0506,56.0,,,,,,,,,,,,,,,,,,
2026-08-03 05:24:39,421258,6.0,0.0256,71.0,8.0,0.0517,56.0,,,,,,,,,,,,,,,,,,
2026-08-03 05:24:39,421260,5.0,0.0289,71.0,2.0,0.015,49.0,,,,,,,,,,,,,,,,,,
2026-08-03 05:25:09,421258,3.0,0.0117,71.0,3.0,0.0206,56.0,,,,,,,,,,,,,,,,,,
2026-08-03 05:25:09,421260,8.0,0.0439,71.0,2.0,0.0206,52.0,,,,,,,,,,,,,,,,,,
2026-08-03 05:25:39,421258,4.0,0.0156,65.0,2.0,0.0128,56.0,,,,,,,,,,,,,,,,,,
2026-08-03 05:25:39,421260,12.0,0.0667,65.0,7.0,0.055,46.0,,,,,,,,,,,,,,,,,,
2026-08-03 05:26:09,421258,8.0,0.0417,60.0,10.0,0.0817,49.0,,,,,,,,,,,,,,,,,,
2026-08-03 05:26:09,421260,7.0,0.04,71.0,5.0,0.0328,52.0,,,,,,,,,,,,,,,,,,
2026-08-03 05:26:39,421258,4.0,0.0156,65.0,3.0,0.0478,46.0,,,,,,,,,,,,,,,,,,
2026-08-03 05:26:39,421260,8.0,0.0417,71.0,4.0,0.0389,52.0,,,,,,,,,,,,,,,,,,
2026-08-03 05:27:09,421258,11.0,0.0456,71.0,4.0,0.0456,60.0,,,,,,,,,,,,,,,,,,
2026-08-03 05:27:09,421260,3.0,0.0156,78.0,8.0,0.0489,56.0,,,,,,,,,,,,,,,,,,
2026-08-03 05:27:39,421258,2.0,0.01,65.0,4.0,0.03,52.0,,,,,,,,,,,,,,,,,,
2026-08-03 05:27:39,421260,13.0,0.0789,60.0,4.0,0.0289,60.0,,,,,,,,,,,,,,,,,,
2026-08-03 05:28:09,421258,7.0,0.0306,65.0,9.0,0.13,46.0,,,,,,,,,,,,,,,,,,
2026-08-03 05:28:09,421260,9.0,0.0528,65.0,6.0,0.09,56.0,,,,,,,,,,,,,,,,,,
2026-08-03 05:28:39,421258,6.0,0.0239,71.0,6.0,0.0528,56.0,,,,,,,,,,,,,,,,,,
2026-08-03 05:28:39,421260,7.0,0.0417,71.0,4.0,0.0278,56.0,,,,,,,,,,,,,,,,,,
2026-08-03 05:29:09,421258,4.0,0.0156,78.0,7.0,0.0689,52.0,,,,,,,,,,,,,,,,,,
2026-08-03 05:29:09,421260,7.0,0.0389,65.0,6.0,0.0456,52.0,,,,,,,,,,,,,,,,,,
2026-08-03 05:29:39,421258,10.0,0.0428,65.0,7.0,0.0506,60.0,,,,,,,,,,,,,,,,,,
2026-08-03 05:29:39,421260,7.0,0.0439,60.0,5.0,0.0317,56.0,,,,,,,,,,,,,,,,,,
2026-08-03 05:30:09,421258,8.0,0.035,65.0,6.0,0.085,46.0,,,,,,,,,,,,,,,,,,
2026-08-03 05:30:09,421260,11.0,0.0606,65.0,8.0,0.0567,60.0,,,,,,,,,,,,,,,,,,
2026-08-03 05:30:39,421258,7.0,0.0289,71.0,6.0,0.0856,44.0,,,,,,,,,,,,,,,,,,
2026-08-03 05:30:39,421260,6.0,0.0306,71.0,5.0,0.035,60.0,,,,,,,,,,,,,,,,,,
2026-08-03 05:31:09,421258,2.0,0.0078,60.0,2.0,0.0239,56.0,,,,,,,,,,,,,,,,,,
2026-08-03 05:31:09,421260,5.0,0.0289,71.0,4.0,0.0378,46.0,,,,,,,,,,,,,,,,,,
2026-08-03 05:31:39,421258,8.0,0.0367,65.0,5.0,0.0928,44.0,,,,,,,,,,,,,,,,,,
2026-08-03 05:31:39,421260,6.0,0.0328,71.0,7.0,0.0478,56.0,,,,,,,,,,,,,,,,,,
2026-08-03 05:32:09,421258,12.0,0.0517,65.0,8.0,0.0739,52.0,,,,,,,,,,,,,,,,,,
2026-08-03 05:32:09,421260,7.0,0.0317,78.0,7.0,0.055,52.0,,,,,,,,,,,,,,,,,,
2026-08-03 05:32:39,421258,7.0,0.03,71.0,7.0,0.0528,56.0,,,,,,,,,,,,,,,,,,
2026-08-03 05:32:39,421260,7.0,0.0356,71.0,6.0,0.0389,60.0,,,,,,,,,,,,,,,,,,
2026-08-03 05:33:09,421258,2.0,0.01,78.0,3.0,0.0189,56.0,,,,,,,,,,,,,,,,,,
2026-08-03 05:33:09,421260,10.0,0.0578,65.0,6.0,0.0406,56.0,,,,,,,,,,,,,,,,,,
2026-08-03 05:33:39,421258,5.0,0.02,78.0,5.0,0.06,49.0,,,,,,,,,,,,,,,,,,
2026-08-03 05:33:39,421260,6.0,0.035,60.0,6.0,0.0756,56.0,,,,,,,,,,,,,,,,,,
2026-08-03 05:34:09,421258,12.0,0.0489,71.0,8.0,0.0928,44.0,,,,,,,,,,,,,,,,,,
2026-08-03 05:34:09,421260,13.0,0.0828,65.0,5.0,0.0467,52.0,,,,,,,,,,,,,,,,,,
2026-08-03 05:34:39,421258,10.0,0.0417,71.0,4.0,0.0278,60.0,,,,,,,,,,,,,,,,,,
2026-08-03 05:34:39,421260,11.0,0.065,60.0,6.0,0.0406,49.0,,,,,,,,,,,,,,,,,,
2026-08-03 05:35:09,421258,5.0,0.0217,78.0,3.0,0.0439,40.0,,,,,,,,,,,,,,,,,,
2026-08-03 05:35:09,421260,12.0,0.0767,60.0,9.0,0.07,49.0,,,,,,,,,,,,,,,,,,
2026-08-03 05:35:39,421258,5.0,0.0217,71.0,5.0,0.0767,40.0,,,,,,,,,,,,,,,,,,
2026-08-03 05:35:39,421260,11.0,0.0628,65.0,8.0,0.06,56.0,,,,,,,,,,,,,,,,,,
2026-08-03 05:36:09,421258,9.0,0.0428,65.0,6.0,0.0789,46.0,,,,,,,,,,,,,,,,,,
2026-08-03 05:36:09,421260,5.0,0.0267,65.0,4.0,0.0228,71.0,,,,,,,,,,,,,,,,,,
2026-08-03 05:36:39,421258,12.0,0.0517,71.0,8.0,0.0678,52.0,,,,,,,,,,,,,,,,,,
2026-08-03 05:36:39,421260,8.0,0.0439,65.0,6.0,0.04,60.0,,,,,,,,,,,,,,,,,,
2026-08-03 05:37:09,421258,8.0,0.0339,78.0,7.0,0.0506,56.0,,,,,,,,,,,,,,,,,,
2026-08-03 05:37:09,421260,8.0,0.0456,65.0,6.0,0.045,56.0,,,,,,,,,,,,,,,,,,
2026-08-03 05:37:39,421258,13.0,0.0556,71.0,9.0,0.14,44.0,,,,,,,,,,,,,,,,,,
2026-08-03 05:37:39,421260,6.0,0.0328,65.0,6.0,0.0589,52.0,,,,,,,,,,,,,,,,,,
2026-08-03 05:38:09,421258,7.0,0.03,71.0,5.0,0.0356,56.0,,,,,,,,,,,,,,,,,,
2026-08-03 05:38:09,421260,6.0,0.035,65.0,5.0,0.035,56.0,,,,,,,,,,,,,,,,,,
2026-08-03 05:38:39,421258,6.0,0.0267,65.0,8.0,0.0706,49.0,,,,,,,,,,,,,,,,,,
2026-08-03 05:38:39,421260,11.0,0.0639,65.0,9.0,0.0706,56.0,,,,,,,,,,,,,,,,,,
2026-08-03 05:39:09,421258,4.0,0.0156,78.0,5.0,0.0389,52.0,,,,,,,,,,,,,,,,,,
2026-08-03 05:39:09,421260,4.0,0.0217,65.0,2.0,0.0189,56.0,,,,,,,,,,,,,,,,,,
2026-08-03 05:39:39,421258,6.0,0.0278,65.0,7.0,0.0989,44.0,,,,,,,,,,,,,,,,,,
2026-08-03 05:39:39,421260,8.0,0.05,60.0,10.0,0.075,52.0,,,,,,,,,,,,,,,,,,
2026-08-03 05:40:09,421258,5.0,0.0239,65.0,5.0,0.0406,52.0,,,,,,,,,,,,,,,,,,
2026-08-03 05:40:09,421260,16.0,0.1017,60.0,7.0,0.0478,56.0,,,,,,,,,,,,,,,,,,
2026-08-03 05:40:39,421258,7.0,0.0289,71.0,8.0,0.0617,56.0,,,,,,,,,,,,,,,,,,
2026-08-03 05:40:39,421260,13.0,0.0806,60.0,11.0,0.1056,52.0,,,,,,,,,,,,,,,,,,
2026-08-03 05:41:09,421258,6.0,0.0267,65.0,5.0,0.0606,49.0,,,,,,,,,,,,,,,,,,
2026-08-03 05:41:09,421260,16.0,0.1078,56.0,10.0,0.085,49.0,,,,,,,,,,,,,,,,,,
2026-08-03 05:41:39,421258,1.0,0.0039,78.0,6.0,0.0428,56.0,,,,,,,,,,,,,,,,,,
2026-08-03 05:41:39,421260,9.0,0.0517,65.0,5.0,0.0317,60.0,,,,,,,,,,,,,,,,,,
2026-08-03 05:42:09,421258,12.0,0.0539,65.0,10.0,0.0939,52.0,,,,,,,,,,,,,,,,,,
2026-08-03 05:42:09,421260,10.0,0.0567,65.0,5.0,0.035,56.0,,,,,,,,,,,,,,,,,,
2026-08-03 05:42:39,421258,19.0,0.0906,60.0,9.0,0.1056,49.0,,,,,,,,,,,,,,,,,,
2026-08-03 05:42:39,421260,10.0,0.0606,60.0,3.0,0.0206,52.0,,,,,,,,,,,,,,,,,,
2026-08-03 05:43:09,421258,14.0,0.0678,65.0,10.0,0.0778,52.0,,,,,,,,,,,,,,,,,,
2026-08-03 05:43:09,421260,18.0,0.1278,52.0,8.0,0.0956,46.0,,,,,,,,,,,,,,,,,,
2026-08-03 05:43:39,421258,13.0,0.0617,60.0,9.0,0.1067,44.0,,,,,,,,,,,,,,,,,,
2026-08-03 05:43:39,421260,15.0,0.1039,56.0,11.0,0.1006,44.0,,,,,,,,,,,,,,,,,,
2026-08-03 05:44:09,421258,7.0,0.0278,71.0,5.0,0.0356,60.0,,,,,,,,,,,,,,,,,,
2026-08-03 05:44:09,421260,14.0,0.0878,60.0,9.0,0.085,49.0,,,,,,,,,,,,,,,,,,
2026-08-03 05:44:39,421258,8.0,0.0339,71.0,7.0,0.055,49.0,,,,,,,,,,,,,,,,,,
2026-08-03 05:44:39,421260,11.0,0.0806,56.0,7.0,0.055,49.0,,,,,,,,,,,,,,,,,,
2026-08-03 05:45:09,421258,8.0,0.035,71.0,6.0,0.0606,56.0,,,,,,,,,,,,,,,,,,
2026-08-03 05:45:09,421260,12.0,0.0817,60.0,11.0,0.0917,46.0,,,,,,,,,,,,,,,,,,
2026-08-03 05:45:39,421258,13.0,0.06,60.0,7.0,0.1017,44.0,,,,,,,,,,,,,,,,,,
2026-08-03 05:45:39,421260,14.0,0.1117,49.0,10.0,0.0928,44.0,,,,,,,,,,,,,,,,,,
2026-08-03 05:46:09,421258,9.0,0.0428,60.0,12.0,0.125,46.0,,,,,,,,,,,,,,,,,,
2026-08-03 05:46:09,421260,15.0,0.0928,65.0,11.0,0.0906,52.0,,,,,,,,,,,,,,,,,,
2026-08-03 05:46:39,421258,16.0,0.08,60.0,11.0,0.1617,42.0,,,,,,,,,,,,,,,,,,
2026-08-03 05:46:39,421260,17.0,0.1178,56.0,13.0,0.0967,52.0,,,,,,,,,,,,,,,,,,
2026-08-03 05:47:09,421258,14.0,0.08,56.0,11.0,0.1056,46.0,,,,,,,,,,,,,,,,,,
2026-08-03 05:47:09,421260,12.0,0.0739,60.0,7.0,0.0467,56.0,,,,,,,,,,,,,,,,,,
2026-08-03 05:47:39,421258,15.0,0.0706,65.0,9.0,0.0867,46.0,,,,,,,,,,,,,,,,,,
2026-08-03 05:47:39,421260,15.0,0.0906,60.0,7.0,0.06,52.0,,,,,,,,,,,,,,,,,,
2026-08-03 05:48:09,421258,13.0,0.06,65.0,12.0,0.0917,52.0,,,,,,,,,,,,,,,,,,
2026-08-03 05:48:09,421260,9.0,0.055,65.0,5.0,0.0389,52.0,,,,,,,,,,,,,,,,,,
2026-08-03 05:48:39,421258,14.0,0.065,65.0,8.0,0.1239,49.0,,,,,,,,,,,,,,,,,,
2026-08-03 05:48:39,421260,13.0,0.0717,65.0,8.0,0.0739,52.0,,,,,,,,,,,,,,,,,,
2026-08-03 05:49:09,421258,17.0,0.0789,60.0,11.0,0.105,49.0,,,,,,,,,,,,,,,,,,
2026-08-03 05:49:09,421260,11.0,0.0678,65.0,6.0,0.0356,56.0,,,,,,,,,,,,,,,,,,
2026-08-03 05:49:39,421258,15.0,0.07,65.0,6.0,0.0506,52.0,,,,,,,,,,,,,,,,,,
2026-08-03 05:49:39,421260,14.0,0.0839,65.0,14.0,0.0989,56.0,,,,,,,,,,,,,,,,,,
2026-08-03 05:50:09,421258,8.0,0.0378,65.0,7.0,0.09,49.0,,,,,,,,,,,,,,,,,,
2026-08-03 05:50:09,421260,15.0,0.0867,65.0,6.0,0.045,60.0,,,,,,,,,,,,,,,,,,
2026-08-03 05:50:39,421258,13.0,0.06,65.0,9.0,0.075,49.0,,,,,,,,,,,,,,,,,,
2026-08-03 05:50:39,421260,10.0,0.0606,60.0,8.0,0.065,46.0,,,,,,,,,,,,,,,,,,
2026-08-03 05:51:09,421258,13.0,0.065,65.0,9.0,0.09,44.0,,,,,,,,,,,,,,,,,,
2026-08-03 05:51:09,421260,18.0,0.1106,60.0,10.0,0.0906,42.0,,,,,,,,,,,,,,,,,,
2026-08-03 05:51:39,421258,15.0,0.0689,65.0,11.0,0.0878,52.0,,,,,,,,,,,,,,,,,,
2026-08-03 05:51:39,421260,16.0,0.1156,52.0,10.0,0.0856,49.0,,,,,,,,,,,,,,,,,,
2026-08-03 05:52:09,421258,11.0,0.0467,65.0,9.0,0.0728,49.0,,,,,,,,,,,,,,,,,,
2026-08-03 05:52:09,421260,16.0,0.1089,56.0,9.0,0.08,46.0,,,,,,,,,,,,,,,,,,
2026-08-03 05:52:39,421258,5.0,0.0239,65.0,5.0,0.0506,52.0,,,,,,,,,,,,,,,,,,
2026-08-03 05:52:39,421260,12.0,0.0778,65.0,9.0,0.0667,56.0,,,,,,,,,,,,,,,,,,
2026-08-03 05:53:09,421258,8.0,0.0367,65.0,8.0,0.0756,52.0,,,,,,,,,,,,,,,,,,
2026-08-03 05:53:09,421260,16.0,0.0917,65.0,6.0,0.0367,56.0,,,,,,,,,,,,,,,,,,
2026-08-03 05:53:39,421258,14.0,0.0689,65.0,9.0,0.1328,42.0,,,,,,,,,,,,,,,,,,
2026-08-03 05:53:39,421260,15.0,0.0867,65.0,10.0,0.0567,56.0,,,,,,,,,,,,,,,,,,
2026-08-03 05:54:09,421258,16.0,0.0767,60.0,12.0,0.1289,49.0,,,,,,,,,,,,,,,,,,
2026-08-03 05:54:09,421260,14.0,0.0928,60.0,10.0,0.1028,49.0,,,,,,,,,,,,,,,,,,
2026-08-03 05:54:39,421258,17.0,0.0828,60.0,11.0,0.1217,44.0,,,,,,,,,,,,,,,,,,
2026-08-03 05:54:39,421260,12.0,0.0789,60.0,8.0,0.0778,52.0,,,,,,,,,,,,,,,,,,
2026-08-03 05:55:09,421258,16.0,0.0789,60.0,11.0,0.125,46.0,,,,,,,,,,,,,,,,,,
2026-08-03 05:55:09,421260,14.0,0.1106,49.0,10.0,0.0878,44.0,,,,,,,,,,,,,,,,,,
2026-08-03 05:55:39,421258,13.0,0.0567,65.0,10.0,0.1117,46.0,,,,,,,,,,,,,,,,,,
2026-08-03 05:55:39,421260,11.0,0.0667,60.0,7.0,0.0556,52.0,,,,,,,,,,,,,,,,,,
2026-08-03 05:56:09,421258,11.0,0.0528,65.0,5.0,0.0356,52.0,,,,,,,,,,,,,,,,,,
2026-08-03 05:56:09,421260,8.0,0.0506,60.0,6.0,0.045,56.0,,,,,,,,,,,,,,,,,,
2026-08-03 05:56:39,421258,13.0,0.0617,60.0,11.0,0.1128,46.0,,,,,,,,,,,,,,,,,,
2026-08-03 05:56:39,421260,17.0,0.1178,60.0,12.0,0.0989,49.0,,,,,,,,,,,,,,,,,,
2026-08-03 05:57:09,421258,6.0,0.0267,65.0,6.0,0.0789,44.0,,,,,,,,,,,,,,,,,,
2026-08-03 05:57:09,421260,16.0,0.0917,60.0,8.0,0.0728,56.0,,,,,,,,,,,,,,,,,,
2026-08-03 05:57:39,421258,14.0,0.0717,60.0,13.0,0.12,46.0,,,,,,,,,,,,,,,,,,
2026-08-03 05:57:39,421260,12.0,0.0789,56.0,6.0,0.0417,52.0,,,,,,,,,,,,,,,,,,
2026-08-03 05:58:09,421258,10.0,0.05,60.0,7.0,0.0728,44.0,,,,,,,,,,,,,,,,,,
2026-08-03 05:58:09,421260,16.0,0.0967,65.0,5.0,0.04,52.0,,,,,,,,,,,,,,,,,,
2026-08-03 05:58:39,421258,16.0,0.0756,60.0,9.0,0.075,49.0,,,,,,,,,,,,,,,,,,
2026-08-03 05:58:39,421260,19.0,0.12,60.0,9.0,0.0839,46.0,,,,,,,,,,,,,,,,,,
2026-08-03 05:59:09,421258,16.0,0.0789,60.0,12.0,0.1006,49.0,,,,,,,,,,,,,,,,,,
2026-08-03 05:59:09,421260,12.0,0.0728,60.0,7.0,0.0606,52.0,,,,,,,,,,,,,,,,,,
2026-08-03 05:59:39,421258,6.0,0.0256,65.0,7.0,0.07,44.0,,,,,,,,,,,,,,,,,,
2026-08-03 05:59:39,421260,11.0,0.0689,60.0,12.0,0.0967,49.0,,,,,,,,,,,,,,,,,,
2026-08-03 06:00:09,421258,13.0,0.065,60.0,12.0,0.1239,49.0,,,,,,,,,,,,,,,,,,
2026-08-03 06:00:09,421260,19.0,0.1378,52.0,12.0,0.1056,46.0,,,,,,,,,,,,,,,,,,
2026-08-03 06:00:39,421258,16.0,0.08,60.0,6.0,0.065,49.0,,,,,,,,,,,,,,,,,,
2026-08-03 06:00:39,421260,16.0,0.1178,52.0,12.0,0.1167,46.0,,,,,,,,,,,,,,,,,,
2026-08-03 06:01:09,421258,11.0,0.0539,60.0,6.0,0.0628,52.0,,,,,,,,,,,,,,,,,,
2026-08-03 06:01:09,421260,12.0,0.0756,60.0,6.0,0.0378,52.0,,,,,,,,,,,,,,,,,,
2026-08-03 06:01:39,421258,13.0,0.0617,60.0,11.0,0.1756,38.0,,,,,,,,,,,,,,,,,,
2026-08-03 06:01:39,421260,13.0,0.0867,56.0,9.0,0.0678,52.0,,,,,,,,,,,,,,,,,,
2026-08-03 06:02:09,421258,12.0,0.0556,60.0,11.0,0.1317,42.0,,,,,,,,,,,,,,,,,,
2026-08-03 06:02:09,421260,9.0,0.0539,60.0,9.0,0.07,49.0,,,,,,,,,,,,,,,,,,
2026-08-03 06:02:39,421258,12.0,0.0639,60.0,11.0,0.1117,42.0,,,,,,,,,,,,,,,,,,
2026-08-03 06:02:39,421260,17.0,0.1278,52.0,15.0,0.1289,46.0,,,,,,,,,,,,,,,,,,
2026-08-03 06:03:09,421258,16.0,0.0867,56.0,12.0,0.1206,46.0,,,,,,,,,,,,,,,,,,
2026-08-03 06:03:09,421260,22.0,0.1639,52.0,15.0,0.115,49.0,,,,,,,,,,,,,,,,,,
2026-08-03 06:03:39,421258,15.0,0.0739,60.0,8.0,0.0739,49.0,,,,,,,,,,,,,,,,,,
2026-08-03 06:03:39,421260,16.0,0.1017,60.0,8.0,0.0606,56.0,,,,,,,,,,,,,,,,,,
2026-08-03 06:04:09,421258,8.0,0.0378,71.0,13.0,0.1167,46.0,,,,,,,,,,,,,,,,,,
2026-08-03 06:04:09,421260,15.0,0.0878,65.0,9.0,0.0617,52.0,,,,,,,,,,,,,,,,,,
2026-08-03 06:04:39,421258,9.0,0.0417,60.0,9.0,0.0939,49.0,,,,,,,,,,,,,,,,,,
2026-08-03 06:04:39,421260,12.0,0.0667,65.0,6.0,0.0489,52.0,,,,,,,,,,,,,,,,,,
2026-08-03 06:05:09,421258,19.0,0.095,56.0,13.0,0.1167,49.0,,,,,,,,,,,,,,,,,,
2026-08-03 06:05:09,421260,6.0,0.04,60.0,6.0,0.0467,60.0,,,,,,,,,,,,,,,,,,
2026-08-03 06:05:39,421258,15.0,0.0828,56.0,11.0,0.1067,44.0,,,,,,,,,,,,,,,,,,
2026-08-03 06:05:39,421260,12.0,0.0706,60.0,7.0,0.0478,52.0,,,,,,,,,,,,,,,,,,
2026-08-03 06:06:09,421258,22.0,0.13,52.0,12.0,0.1339,44.0,,,,,,,,,,,,,,,,,,
2026-08-03 06:06:09,421260,16.0,0.1017,60.0,11.0,0.0889,49.0,,,,,,,,,,,,,,,,,,
2026-08-03 06:06:39,421258,17.0,0.0806,60.0,6.0,0.0789,44.0,,,,,,,,,,,,,,,,,,
2026-08-03 06:06:39,421260,8.0,0.0489,60.0,7.0,0.0706,52.0,,,,,,,,,,,,,,,,,,
2026-08-03 06:07:09,421258,7.0,0.0278,71.0,10.0,0.0789,52.0,,,,,,,,,,,,,,,,,,
2026-08-03 06:07:09,421260,17.0,0.1078,60.0,7.0,0.0539,49.0,,,,,,,,,,,,,,,,,,
2026-08-03 06:07:39,421258,9.0,0.0389,65.0,4.0,0.0378,46.0,,,,,,,,,,,,,,,,,,
2026-08-03 06:07:39,421260,14.0,0.0956,56.0,12.0,0.1028,49.0,,,,,,,,,,,,,,,,,,
2026-08-03 06:08:09,421258,8.0,0.0356,65.0,10.0,0.1317,44.0,,,,,,,,,,,,,,,,,,
2026-08-03 06:08:09,421260,13.0,0.1028,52.0,14.0,0.1206,46.0,,,,,,,,,,,,,,,,,,
2026-08-03 06:08:39,421258,12.0,0.055,60.0,11.0,0.1017,44.0,,,,,,,,,,,,,,,,,,
2026-08-03 06:08:39,421260,18.0,0.145,49.0,10.0,0.135,44.0,,,,,,,,,,,,,,,,,,
2026-08-03 06:09:09,421258,15.0,0.0717,60.0,6.0,0.0817,38.0,,,,,,,,,,,,,,,,,,
2026-08-03 06:09:09,421260,15.0,0.1128,49.0,8.0,0.0789,42.0,,,,,,,,,,,,,,,,,,
2026-08-03 06:09:39,421258,12.0,0.0567,65.0,13.0,0.1439,44.0,,,,,,,,,,,,,,,,,,
2026-08-03 06:09:39,421260,15.0,0.1406,42.0,13.0,0.1367,38.0,,,,,,,,,,,,,,,,,,
2026-08-03 06:10:09,421258,14.0,0.0717,65.0,9.0,0.0767,49.0,,,,,,,,,,,,,,,,,,
2026-08-03 06:10:09,421260,16.0,0.1689,36.0,12.0,0.1289,36.0,,,,,,,,,,,,,,,,,,
2026-08-03 06:10:39,421258,7.0,0.0339,65.0,6.0,0.05,49.0,,,,,,,,,,,,,,,,,,
2026-08-03 06:10:39,421260,16.0,0.1578,40.0,14.0,0.1556,36.0,,,,,,,,,,,,,,,,,,
2026-08-03 06:11:09,421258,15.0,0.0839,56.0,7.0,0.13,42.0,,,,,,,,,,,,,,,,,,
2026-08-03 06:11:09,421260,14.0,0.1328,40.0,10.0,0.1217,36.0,,,,,,,,,,,,,,,,,,
2026-08-03 06:11:39,421258,16.0,0.0878,56.0,12.0,0.1178,44.0,,,,,,,,,,,,,,,,,,
2026-08-03 06:11:39,421260,15.0,0.1678,36.0,12.0,0.1428,38.0,,,,,,,,,,,,,,,,,,
2026-08-03 06:12:09,421258,14.0,0.0728,56.0,10.0,0.1089,44.0,,,,,,,,,,,,,,,,,,
2026-08-03 06:12:09,421260,14.0,0.1589,33.0,13.0,0.1367,36.0,,,,,,,,,,,,,,,,,,
2026-08-03 06:12:39,421258,16.0,0.09,52.0,11.0,0.1328,40.0,,,,,,,,,,,,,,,,,,
2026-08-03 06:12:39,421260,16.0,0.1917,32.0,11.0,0.145,32.0,,,,,,,,,,,,,,,,,,
2026-08-03 06:13:09,421258,17.0,0.0917,52.0,17.0,0.1806,40.0,,,,,,,,,,,,,,,,,,
2026-08-03 06:13:09,421260,11.0,0.1156,36.0,13.0,0.1506,33.0,,,,,,,,,,,,,,,,,,
2026-08-03 06:13:39,421258,14.0,0.0728,60.0,9.0,0.0906,46.0,,,,,,,,,,,,,,,,,,
2026-08-03 06:13:39,421260,15.0,0.1578,36.0,14.0,0.15,38.0,,,,,,,,,,,,,,,,,,
2026-08-03 06:14:09,421258,16.0,0.0767,60.0,12.0,0.1178,44.0,,,,,,,,,,,,,,,,,,
2026-08-03 06:14:09,421260,15.0,0.1467,40.0,11.0,0.13,38.0,,,,,,,,,,,,,,,,,,
2026-08-03 06:14:39,421258,12.0,0.0578,60.0,12.0,0.1256,46.0,,,,,,,,,,,,,,,,,,
2026-08-03 06:14:39,421260,13.0,0.125,40.0,10.0,0.125,40.0,,,,,,,,,,,,,,,,,,
2026-08-03 06:15:09,421258,14.0,0.065,60.0,10.0,0.12,44.0,,,,,,,,,,,,,,,,,,
2026-08-03 06:15:09,421260,13.0,0.1256,40.0,12.0,0.1506,33.0,,,,,,,,,,,,,,,,,,
2026-08-03 06:15:39,421258,9.0,0.0428,60.0,10.0,0.0928,46.0,,,,,,,,,,,,,,,,,,
2026-08-03 06:15:39,421260,17.0,0.2117,32.0,13.0,0.1439,34.0,,,,,,,,,,,,,,,,,,
2026-08-03 06:16:09,421258,19.0,0.0878,60.0,12.0,0.105,46.0,,,,,,,,,,,,,,,,,,
2026-08-03 06:16:09,421260,15.0,0.1428,40.0,16.0,0.1689,38.0,,,,,,,,,,,,,,,,,,
2026-08-03 06:16:39,421258,15.0,0.0767,56.0,11.0,0.1089,46.0,,,,,,,,,,,,,,,,,,
2026-08-03 06:16:39,421260,13.0,0.1189,42.0,12.0,0.1228,38.0,,,,,,,,,,,,,,,,,,
2026-08-03 06:17:09,421258,18.0,0.0956,52.0,11.0,0.1256,42.0,,,,,,,,,,,,,,,,,,
2026-08-03 06:17:09,421260,19.0,0.2,38.0,14.0,0.1489,38.0,,,,,,,,,,,,,,,,,,
2026-08-03 06:17:39,421258,14.0,0.0739,60.0,12.0,0.1139,44.0,,,,,,,,,,,,,,,,,,
2026-08-03 06:17:39,421260,17.0,0.1417,46.0,11.0,0.11,42.0,,,,,,,,,,,,,,,,,,
2026-08-03 06:18:09,421258,13.0,0.0617,60.0,10.0,0.1367,44.0,,,,,,,,,,,,,,,,,,
2026-08-03 06:18:09,421260,13.0,0.0928,52.0,10.0,0.0828,49.0,,,,,,,,,,,,,,,,,,
2026-08-03 06:18:39,421258,14.0,0.0678,60.0,14.0,0.12,46.0,,,,,,,,,,,,,,,,,,
2026-08-03 06:18:39,421260,11.0,0.0806,52.0,8.0,0.0706,46.0,,,,,,,,,,,,,,,,,,
2026-08-03 06:19:09,421258,19.0,0.0967,60.0,10.0,0.095,49.0,,,,,,,,,,,,,,,,,,
2026-08-03 06:19:09,421260,13.0,0.0939,52.0,11.0,0.0989,42.0,,,,,,,,,,,,,,,,,,
2026-08-03 06:19:39,421258,17.0,0.0789,60.0,16.0,0.1428,46.0,,,,,,,,,,,,,,,,,,
2026-08-03 06:19:39,421260,13.0,0.0956,52.0,14.0,0.1339,44.0,,,,,,,,,,,,,,,,,,
2026-08-03 06:20:09,421258,15.0,0.0767,56.0,14.0,0.1328,46.0,,,,,,,,,,,,,,,,,,
2026-08-03 06:20:09,421260,19.0,0.1428,49.0,12.0,0.1106,44.0,,,,,,,,,,,,,,,,,,
2026-08-03 06:20:39,421258,13.0,0.0617,60.0,9.0,0.0817,49.0,,,,,,,,,,,,,,,,,,
2026-08-03 06:20:39,421260,15.0,0.1089,52.0,8.0,0.0678,46.0,,,,,,,,,,,,,,,,,,
2026-08-03 06:21:09,421258,10.0,0.0467,60.0,10.0,0.0978,46.0,,,,,,,,,,,,,,,,,,
2026-08-03 06:21:09,421260,14.0,0.0928,56.0,13.0,0.1156,44.0,,,,,,,,,,,,,,,,,,
2026-08-03 06:21:39,421258,14.0,0.065,60.0,6.0,0.1067,42.0,,,,,,,,,,,,,,,,,,
2026-08-03 06:21:39,421260,16.0,0.1189,52.0,11.0,0.1078,44.0,,,,,,,,,,,,,,,,,,
2026-08-03 06:22:09,421258,16.0,0.0828,60.0,15.0,0.1517,44.0,,,,,,,,,,,,,,,,,,
2026-08-03 06:22:09,421260,16.0,0.1267,49.0,15.0,0.14,44.0,,,,,,,,,,,,,,,,,,
2026-08-03 06:22:39,421258,16.0,0.0789,60.0,16.0,0.155,44.0,,,,,,,,,,,,,,,,,,
2026-08-03 06:22:39,421260,14.0,0.1167,49.0,12.0,0.1306,42.0,,,,,,,,,,,,,,,,,,
2026-08-03 06:23:09,421258,9.0,0.0417,60.0,9.0,0.0917,49.0,,,,,,,,,,,,,,,,,,
2026-08-03 06:23:09,421260,19.0,0.1706,42.0,17.0,0.19,40.0,,,,,,,,,,,,,,,,,,
2026-08-03 06:23:39,421258,17.0,0.0767,60.0,11.0,0.1217,46.0,,,,,,,,,,,,,,,,,,
2026-08-03 06:23:39,421260,17.0,0.1267,49.0,11.0,0.1117,46.0,,,,,,,,,,,,,,,,,,
2026-08-03 06:24:09,421258,12.0,0.0539,65.0,8.0,0.075,46.0,,,,,,,,,,,,,,,,,,
2026-08-03 06:24:09,421260,10.0,0.07,52.0,9.0,0.0656,46.0,,,,,,,,,,,,,,,,,,
2026-08-03 06:24:39,421258,18.0,0.095,56.0,13.0,0.125,46.0,,,,,,,,,,,,,,,,,,
2026-08-03 06:24:39,421260,18.0,0.1439,49.0,8.0,0.0889,44.0,,,,,,,,,,,,,,,,,,
2026-08-03 06:25:09,421258,13.0,0.0728,56.0,13.0,0.1489,44.0,,,,,,,,,,,,,,,,,,
2026-08-03 06:25:09,421260,18.0,0.1306,49.0,12.0,0.1078,44.0,,,,,,,,,,,,,,,,,,
2026-08-03 06:25:39,421258,14.0,0.07,56.0,14.0,0.145,49.0,,,,,,,,,,,,,,,,,,
2026-08-03 06:25:39,421260,21.0,0.1656,52.0,15.0,0.1556,42.0,,,,,,,,,,,,,,,,,,
2026-08-03 06:26:09,421258,19.0,0.1017,56.0,11.0,0.1289,44.0,,,,,,,,,,,,,,,,,,
2026-08-03 06:26:09,421260,15.0,0.12,46.0,14.0,0.1267,44.0,,,,,,,,,,,,,,,,,,
2026-08-03 06:26:39,421258,15.0,0.0728,56.0,6.0,0.0667,49.0,,,,,,,,,,,,,,,,,,
2026-08-03 06:26:39,421260,14.0,0.0967,56.0,13.0,0.1089,49.0,,,,,,,,,,,,,,,,,,
2026-08-03 06:27:09,421258,15.0,0.0839,56.0,10.0,0.1256,44.0,,,,,,,,,,,,,,,,,,
2026-08-03 06:27:09,421260,13.0,0.08,56.0,12.0,0.0956,49.0,,,,,,,,,,,,,,,,,,
2026-08-03 06:27:39,421258,18.0,0.0956,56.0,14.0,0.1567,44.0,,,,,,,,,,,,,,,,,,
2026-08-03 06:27:39,421260,17.0,0.1206,52.0,15.0,0.1339,46.0,,,,,,,,,,,,,,,,,,
2026-08-03 06:28:09,421258,19.0,0.1106,56.0,11.0,0.1506,46.0,,,,,,,,,,,,,,,,,,
2026-08-03 06:28:09,421260,17.0,0.1139,56.0,14.0,0.1256,49.0,,,,,,,,,,,,,,,,,,
2026-08-03 06:28:39,421258,18.0,0.0889,56.0,17.0,0.155,46.0,,,,,,,,,,,,,,,,,,
2026-08-03 06:28:39,421260,13.0,0.095,52.0,13.0,0.1139,46.0,,,,,,,,,,,,,,,,,,
2026-08-03 06:29:09,421258,15.0,0.075,56.0,15.0,0.14,46.0,,,,,,,,,,,,,,,,,,
2026-08-03 06:29:09,421260,19.0,0.15,49.0,12.0,0.1128,46.0,,,,,,,,,,,,,,,,,,
2026-08-03 06:29:39,421258,15.0,0.0689,60.0,9.0,0.1,44.0,,,,,,,,,,,,,,,,,,
2026-08-03 06:29:39,421260,16.0,0.1156,52.0,13.0,0.1167,46.0,,,,,,,,,,,,,,,,,,
2026-08-03 06:30:09,421258,14.0,0.075,56.0,17.0,0.1617,46.0,,,,,,,,,,,,,,,,,,
2026-08-03 06:30:09,421260,18.0,0.1256,52.0,13.0,0.14,49.0,,,,,,,,,,,,,,,,,,
2026-08-03 06:30:39,421258,16.0,0.0828,56.0,12.0,0.1278,42.0,,,,,,,,,,,,,,,,,,
2026-08-03 06:30:39,421260,12.0,0.0767,56.0,12.0,0.11,44.0,,,,,,,,,,,,,,,,,,
2026-08-03 06:31:09,421258,18.0,0.0867,60.0,15.0,0.1278,49.0,,,,,,,,,,,,,,,,,,
2026-08-03 06:31:09,421260,14.0,0.1089,52.0,9.0,0.1067,44.0,,,,,,,,,,,,,,,,,,
2026-08-03 06:31:39,421258,13.0,0.0656,60.0,12.0,0.1356,49.0,,,,,,,,,,,,,,,,,,
2026-08-03 06:31:39,421260,18.0,0.1306,49.0,14.0,0.1306,44.0,,,,,,,,,,,,,,,,,,
2026-08-03 06:32:09,421258,18.0,0.0917,56.0,13.0,0.1367,46.0,,,,,,,,,,,,,,,,,,
2026-08-03 06:32:09,421260,17.0,0.1356,46.0,14.0,0.105,46.0,,,,,,,,,,,,,,,,,,
2026-08-03 06:32:39,421258,18.0,0.0917,56.0,13.0,0.1039,49.0,,,,,,,,,,,,,,,,,,
2026-08-03 06:32:39,421260,15.0,0.1217,46.0,13.0,0.1189,44.0,,,,,,,,,,,,,,,,,,
2026-08-03 06:33:09,421258,7.0,0.0339,65.0,7.0,0.0728,52.0,,,,,,,,,,,,,,,,,,
2026-08-03 06:33:09,421260,14.0,0.115,49.0,14.0,0.1339,42.0,,,,,,,,,,,,,,,,,,
2026-08-03 06:33:39,421258,13.0,0.0617,60.0,12.0,0.1289,42.0,,,,,,,,,,,,,,,,,,
2026-08-03 06:33:39,421260,15.0,0.1067,52.0,12.0,0.1156,49.0,,,,,,,,,,,,,,,,,,
2026-08-03 06:34:09,421258,15.0,0.0689,60.0,13.0,0.1839,42.0,,,,,,,,,,,,,,,,,,
2026-08-03 06:34:09,421260,18.0,0.1489,49.0,14.0,0.1356,38.0,,,,,,,,,,,,,,,,,,
2026-08-03 06:34:39,421258,18.0,0.095,52.0,17.0,0.1789,44.0,,,,,,,,,,,,,,,,,,
2026-08-03 06:34:39,421260,21.0,0.1939,42.0,16.0,0.1656,40.0,,,,,,,,,,,,,,,,,,
2026-08-03 06:35:09,421258,14.0,0.08,56.0,15.0,0.1317,46.0,,,,,,,,,,,,,,,,,,
2026-08-03 06:35:09,421260,17.0,0.1406,49.0,14.0,0.1378,44.0,,,,,,,,,,,,,,,,,,
2026-08-03 06:35:39,421258,19.0,0.1028,56.0,13.0,0.1428,44.0,,,,,,,,,,,,,,,,,,
2026-08-03 06:35:39,421260,14.0,0.1106,46.0,15.0,0.1306,46.0,,,,,,,,,,,,,,,,,,
2026-08-03 06:36:09,421258,15.0,0.0717,65.0,11.0,0.1089,46.0,,,,,,,,,,,,,,,,,,
2026-08-03 06:36:09,421260,13.0,0.1089,46.0,15.0,0.1467,42.0,,,,,,,,,,,,,,,,,,
2026-08-03 06:36:39,421258,13.0,0.0539,65.0,8.0,0.0967,46.0,,,,,,,,,,,,,,,,,,
2026-08-03 06:36:39,421260,15.0,0.13,42.0,12.0,0.1128,40.0,,,,,,,,,,,,,,,,,,
2026-08-03 06:37:09,421258,20.0,0.1028,60.0,15.0,0.145,42.0,,,,,,,,,,,,,,,,,,
2026-08-03 06:37:09,421260,15.0,0.135,42.0,12.0,0.1906,32.0,,,,,,,,,,,,,,,,,,
2026-08-03 06:37:39,421258,17.0,0.0828,60.0,14.0,0.1439,46.0,,,,,,,,,,,,,,,,,,
2026-08-03 06:37:39,421260,15.0,0.1539,36.0,17.0,0.21,29.0,,,,,,,,,,,,,,,,,,
2026-08-03 06:38:09,421258,10.0,0.0428,65.0,14.0,0.125,49.0,,,,,,,,,,,,,,,,,,
2026-08-03 06:38:09,421260,17.0,0.1656,40.0,16.0,0.1628,38.0,,,,,,,,,,,,,,,,,,
2026-08-03 06:38:39,421258,15.0,0.0928,52.0,12.0,0.1028,46.0,,,,,,,,,,,,,,,,,,
2026-08-03 06:38:39,421260,20.0,0.1689,44.0,13.0,0.1456,42.0,,,,,,,,,,,,,,,,,,
2026-08-03 06:39:09,421258,16.0,0.08,60.0,11.0,0.14,44.0,,,,,,,,,,,,,,,,,,
2026-08-03 06:39:09,421260,12.0,0.0817,52.0,7.0,0.0617,44.0,,,,,,,,,,,,,,,,,,
2026-08-03 06:39:39,421258,15.0,0.0778,56.0,12.0,0.11,44.0,,,,,,,,,,,,,,,,,,
2026-08-03 06:39:39,421260,18.0,0.1406,46.0,15.0,0.1506,44.0,,,,,,,,,,,,,,,,,,
2026-08-03 06:40:09,421258,18.0,0.0967,52.0,12.0,0.1767,38.0,,,,,,,,,,,,,,,,,,
2026-08-03 06:40:09,421260,16.0,0.1089,56.0,15.0,0.1078,49.0,,,,,,,,,,,,,,,,,,
2026-08-03 06:40:39,421258,17.0,0.0917,56.0,15.0,0.14,44.0,,,,,,,,,,,,,,,,,,
2026-08-03 06:40:39,421260,18.0,0.1378,49.0,16.0,0.1339,46.0,,,,,,,,,,,,,,,,,,
2026-08-03 06:41:09,421258,21.0,0.1017,60.0,11.0,0.1089,46.0,,,,,,,,,,,,,,,,,,
2026-08-03 06:41:09,421260,17.0,0.1356,49.0,11.0,0.1089,42.0,,,,,,,,,,,,,,,,,,
2026-08-03 06:41:39,421258,15.0,0.0739,60.0,10.0,0.1117,44.0,,,,,,,,,,,,,,,,,,
2026-08-03 06:41:39,421260,18.0,0.1406,46.0,13.0,0.1267,44.0,,,,,,,,,,,,,,,,,,
2026-08-03 06:42:09,421258,15.0,0.08,60.0,14.0,0.1356,46.0,,,,,,,,,,,,,,,,,,
2026-08-03 06:42:09,421260,16.0,0.1167,52.0,11.0,0.0828,49.0,,,,,,,,,,,,,,,,,,
2026-08-03 06:42:39,421258,16.0,0.0789,56.0,12.0,0.1356,44.0,,,,,,,,,,,,,,,,,,
2026-08-03 06:42:39,421260,22.0,0.1478,52.0,11.0,0.0867,46.0,,,,,,,,,,,,,,,,,,
2026-08-03 06:43:09,421258,18.0,0.0967,56.0,19.0,0.175,44.0,,,,,,,,,,,,,,,,,,
2026-08-03 06:43:09,421260,17.0,0.1217,52.0,13.0,0.115,49.0,,,,,,,,,,,,,,,,,,
2026-08-03 06:43:39,421258,15.0,0.0778,56.0,9.0,0.0928,46.0,,,,,,,,,,,,,,,,,,
2026-08-03 06:43:39,421260,18.0,0.1478,46.0,11.0,0.1278,44.0,,,,,,,,,,,,,,,,,,
2026-08-03 06:44:09,421258,16.0,0.0789,56.0,14.0,0.1317,46.0,,,,,,,,,,,,,,,,,,
2026-08-03 06:44:09,421260,16.0,0.155,40.0,18.0,0.1956,34.0,,,,,,,,,,,,,,,,,,
2026-08-03 06:44:39,421258,17.0,0.0878,60.0,15.0,0.1517,44.0,,,,,,,,,,,,,,,,,,
2026-08-03 06:44:39,421260,17.0,0.1289,46.0,16.0,0.1417,44.0,,,,,,,,,,,,,,,,,,
2026-08-03 06:45:09,421258,13.0,0.0717,56.0,15.0,0.1467,44.0,,,,,,,,,,,,,,,,,,
2026-08-03 06:45:09,421260,15.0,0.1178,46.0,15.0,0.1528,40.0,,,,,,,,,,,,,,,,,,
2026-08-03 06:45:39,421258,16.0,0.0806,60.0,16.0,0.1678,42.0,,,,,,,,,,,,,,,,,,
2026-08-03 06:45:39,421260,15.0,0.1328,40.0,15.0,0.1639,34.0,,,,,,,,,,,,,,,,,,
2026-08-03 06:46:09,421258,12.0,0.0567,60.0,8.0,0.1039,42.0,,,,,,,,,,,,,,,,,,
2026-08-03 06:46:09,421260,15.0,0.1556,38.0,16.0,0.2056,32.0,,,,,,,,,,,,,,,,,,
2026-08-03 06:46:39,421258,13.0,0.0656,56.0,14.0,0.1306,46.0,,,,,,,,,,,,,,,,,,
2026-08-03 06:46:39,421260,18.0,0.2067,34.0,14.0,0.1589,40.0,,,,,,,,,,,,,,,,,,
2026-08-03 06:47:09,421258,14.0,0.0778,60.0,14.0,0.1317,46.0,,,,,,,,,,,,,,,,,,
2026-08-03 06:47:09,421260,16.0,0.1678,33.0,13.0,0.1578,33.0,,,,,,,,,,,,,,,,,,
2026-08-03 06:47:39,421258,17.0,0.0856,56.0,17.0,0.155,46.0,,,,,,,,,,,,,,,,,,
2026-08-03 06:47:39,421260,16.0,0.18,34.0,14.0,0.1667,34.0,,,,,,,,,,,,,,,,,,
2026-08-03 06:48:09,421258,14.0,0.0639,60.0,13.0,0.125,49.0,,,,,,,,,,,,,,,,,,
2026-08-03 06:48:09,421260,14.0,0.1678,32.0,12.0,0.1467,33.0,,,,,,,,,,,,,,,,,,
2026-08-03 06:48:39,421258,12.0,0.0617,52.0,7.0,0.085,44.0,,,,,,,,,,,,,,,,,,
2026-08-03 06:48:39,421260,14.0,0.1478,36.0,9.0,0.1017,34.0,,,,,,,,,,,,,,,,,,
2026-08-03 06:49:09,421258,17.0,0.095,52.0,13.0,0.1517,40.0,,,,,,,,,,,,,,,,,,
2026-08-03 06:49:09,421260,17.0,0.17,36.0,15.0,0.2,30.0,,,,,,,,,,,,,,,,,,
2026-08-03 06:49:39,421258,16.0,0.0767,60.0,13.0,0.13,44.0,,,,,,,,,,,,,,,,,,
2026-08-03 06:49:39,421260,15.0,0.1478,40.0,17.0,0.1778,38.0,,,,,,,,,,,,,,,,,,
2026-08-03 06:50:09,421258,15.0,0.0689,60.0,12.0,0.1128,49.0,,,,,,,,,,,,,,,,,,
2026-08-03 06:50:09,421260,15.0,0.1839,30.0,15.0,0.1706,34.0,,,,,,,,,,,,,,,,,,
2026-08-03 06:50:39,421258,12.0,0.06,60.0,10.0,0.085,46.0,,,,,,,,,,,,,,,,,,
2026-08-03 06:50:39,421260,12.0,0.2439,18.0,11.0,0.2106,22.0,,,,,,,,,,,,,,,,,,
2026-08-03 06:51:09,421258,10.0,0.0489,56.0,12.0,0.1256,38.0,,,,,,,,,,,,,,,,,,
2026-08-03 06:51:09,421260,13.0,0.2128,23.0,16.0,0.185,30.0,,,,,,,,,,,,,,,,,,
2026-08-03 06:51:39,421258,14.0,0.0828,52.0,16.0,0.1656,42.0,,,,,,,,,,,,,,,,,,
2026-08-03 06:51:39,421260,14.0,0.145,36.0,9.0,0.0978,36.0,,,,,,,,,,,,,,,,,,
2026-08-03 06:52:09,421258,14.0,0.0689,56.0,7.0,0.0728,42.0,,,,,,,,,,,,,,,,,,
2026-08-03 06:52:09,421260,14.0,0.1456,38.0,13.0,0.1367,34.0,,,,,,,,,,,,,,,,,,
2026-08-03 06:52:39,421258,10.0,0.05,56.0,8.0,0.1206,38.0,,,,,,,,,,,,,,,,,,
2026-08-03 06:52:39,421260,12.0,0.105,42.0,12.0,0.1228,40.0,,,,,,,,,,,,,,,,,,
2026-08-03 06:53:09,421258,13.0,0.0728,56.0,12.0,0.1239,42.0,,,,,,,,,,,,,,,,,,
2026-08-03 06:53:09,421260,16.0,0.1339,44.0,13.0,0.1289,42.0,,,,,,,,,,,,,,,,,,
2026-08-03 06:53:39,421258,16.0,0.0889,56.0,14.0,0.1267,46.0,,,,,,,,,,,,,,,,,,
2026-08-03 06:53:39,421260,13.0,0.1056,46.0,12.0,0.1228,42.0,,,,,,,,,,,,,,,,,,
2026-08-03 06:54:09,421258,13.0,0.0689,56.0,12.0,0.1156,46.0,,,,,,,,,,,,,,,,,,
2026-08-03 06:54:09,421260,15.0,0.1439,42.0,14.0,0.1506,38.0,,,,,,,,,,,,,,,,,,
2026-08-03 06:54:39,421258,15.0,0.0756,60.0,13.0,0.1289,46.0,,,,,,,,,,,,,,,,,,
2026-08-03 06:54:39,421260,17.0,0.145,42.0,13.0,0.1506,36.0,,,,,,,,,,,,,,,,,,
2026-08-03 06:55:09,421258,17.0,0.0906,56.0,12.0,0.105,46.0,,,,,,,,,,,,,,,,,,
2026-08-03 06:55:09,421260,11.0,0.0878,46.0,16.0,0.1789,40.0,,,,,,,,,,,,,,,,,,
2026-08-03 06:55:39,421258,10.0,0.0467,60.0,11.0,0.1217,44.0,,,,,,,,,,,,,,,,,,
2026-08-03 06:55:39,421260,14.0,0.1689,32.0,9.0,0.165,32.0,,,,,,,,,,,,,,,,,,
2026-08-03 06:56:09,421258,11.0,0.0556,60.0,11.0,0.1006,46.0,,,,,,,,,,,,,,,,,,
2026-08-03 06:56:09,421260,5.0,0.3517,8.0,5.0,0.4906,7.0,,,,,,,,,,,,,,,,,,
2026-08-03 06:56:39,421258,12.0,0.0567,56.0,14.0,0.135,44.0,,,,,,,,,,,,,,,,,,
2026-08-03 06:56:39,421260,9.0,0.2667,14.0,10.0,0.3328,12.0,,,,,,,,,,,,,,,,,,
2026-08-03 06:57:09,421258,15.0,0.0828,56.0,12.0,0.1206,46.0,,,,,,,,,,,,,,,,,,
2026-08-03 06:57:09,421260,9.0,0.1867,15.0,8.0,0.2467,12.0,,,,,,,,,,,,,,,,,,
2026-08-03 06:57:39,421258,14.0,0.0778,52.0,13.0,0.1956,40.0,,,,,,,,,,,,,,,,,,
2026-08-03 06:57:39,421260,13.0,0.1839,27.0,11.0,0.165,26.0,,,,,,,,,,,,,,,,,,
2026-08-03 06:58:09,421258,15.0,0.08,56.0,12.0,0.1317,42.0,,,,,,,,,,,,,,,,,,
2026-08-03 06:58:09,421260,12.0,0.1389,32.0,11.0,0.1706,30.0,,,,,,,,,,,,,,,,,,
2026-08-03 06:58:39,421258,13.0,0.07,52.0,12.0,0.145,42.0,,,,,,,,,,,,,,,,,,
2026-08-03 06:58:39,421260,12.0,0.12,38.0,12.0,0.1356,33.0,,,,,,,,,,,,,,,,,,
2026-08-03 06:59:09,421258,14.0,0.0828,56.0,8.0,0.0817,46.0,,,,,,,,,,,,,,,,,,
2026-08-03 06:59:09,421260,13.0,0.1267,40.0,12.0,0.1417,36.0,,,,,,,,,,,,,,,,,,
2026-08-03 06:59:39,421258,16.0,0.0756,56.0,13.0,0.1239,46.0,,,,,,,,,,,,,,,,,,
2026-08-03 06:59:39,421260,14.0,0.1439,40.0,13.0,0.1217,38.0,,,,,,,,,,,,,,,,,,
2026-08-03 07:00:09,421258,15.0,0.0778,56.0,14.0,0.135,46.0,,,,,,,,,,,,,,,,,,
2026-08-03 07:00:09,421260,12.0,0.0856,49.0,11.0,0.1139,42.0,,,,,,,,,,,,,,,,,,
2026-08-03 07:00:39,421258,13.0,0.065,56.0,11.0,0.1078,46.0,,,,,,,,,,,,,,,,,,
2026-08-03 07:00:39,421260,13.0,0.1078,46.0,9.0,0.1167,42.0,,,,,,,,,,,,,,,,,,
2026-08-03 07:01:09,421258,14.0,0.0756,56.0,10.0,0.1117,46.0,,,,,,,,,,,,,,,,,,
2026-08-03 07:01:09,421260,12.0,0.105,46.0,10.0,0.1017,40.0,,,,,,,,,,,,,,,,,,
2026-08-03 07:01:39,421258,13.0,0.0678,60.0,11.0,0.1356,44.0,,,,,,,,,,,,,,,,,,
2026-08-03 07:01:39,421260,13.0,0.1189,44.0,12.0,0.1117,40.0,,,,,,,,,,,,,,,,,,
2026-08-03 07:02:09,421258,19.0,0.1,56.0,15.0,0.1306,46.0,,,,,,,,,,,,,,,,,,
2026-08-03 07:02:09,421260,15.0,0.12,44.0,15.0,0.1439,42.0,,,,,,,,,,,,,,,,,,
2026-08-03 07:02:39,421258,14.0,0.065,60.0,9.0,0.1089,42.0,,,,,,,,,,,,,,,,,,
2026-08-03 07:02:39,421260,12.0,0.09,52.0,11.0,0.095,46.0,,,,,,,,,,,,,,,,,,
2026-08-03 07:03:09,421258,16.0,0.0856,56.0,15.0,0.1406,44.0,,,,,,,,,,,,,,,,,,
2026-08-03 07:03:09,421260,13.0,0.0956,52.0,7.0,0.0678,44.0,,,,,,,,,,,,,,,,,,
2026-08-03 07:03:39,421258,15.0,0.085,56.0,9.0,0.1178,46.0,,,,,,,,,,,,,,,,,,
2026-08-03 07:03:39,421260,12.0,0.0906,49.0,14.0,0.13,44.0,,,,,,,,,,,,,,,,,,
2026-08-03 07:04:09,421258,20.0,0.11,56.0,13.0,0.14,42.0,,,,,,,,,,,,,,,,,,
2026-08-03 07:04:09,421260,16.0,0.1328,46.0,15.0,0.1617,40.0,,,,,,,,,,,,,,,,,,
2026-08-03 07:04:39,421258,14.0,0.0717,60.0,12.0,0.1006,49.0,,,,,,,,,,,,,,,,,,
2026-08-03 07:04:39,421260,13.0,0.1067,49.0,9.0,0.0806,42.0,,,,,,,,,,,,,,,,,,
2026-08-03 07:05:09,421258,14.0,0.0706,60.0,11.0,0.0917,49.0,,,,,,,,,,,,,,,,,,
2026-08-03 07:05:09,421260,14.0,0.0989,52.0,10.0,0.0939,44.0,,,,,,,,,,,,,,,,,,
2026-08-03 07:05:39,421258,9.0,0.04,65.0,6.0,0.0456,52.0,,,,,,,,,,,,,,,,,,
2026-08-03 07:05:39,421260,11.0,0.0917,46.0,9.0,0.1039,40.0,,,,,,,,,,,,,,,,,,
2026-08-03 07:06:09,421258,16.0,0.0767,65.0,14.0,0.1328,46.0,,,,,,,,,,,,,,,,,,
2026-08-03 07:06:09,421260,15.0,0.1178,49.0,13.0,0.105,44.0,,,,,,,,,,,,,,,,,,
2026-08-03 07:06:39,421258,18.0,0.0967,56.0,10.0,0.0989,44.0,,,,,,,,,,,,,,,,,,
2026-08-03 07:06:39,421260,12.0,0.09,49.0,12.0,0.1178,42.0,,,,,,,,,,,,,,,,,,
2026-08-03 07:07:09,421258,15.0,0.08,56.0,9.0,0.0867,44.0,,,,,,,,,,,,,,,,,,
2026-08-03 07:07:09,421260,15.0,0.1189,46.0,8.0,0.12,42.0,,,,,,,,,,,,,,,,,,
2026-08-03 07:07:39,421258,14.0,0.0689,65.0,11.0,0.1278,46.0,,,,,,,,,,,,,,,,,,
2026-08-03 07:07:39,421260,14.0,0.1056,49.0,9.0,0.0806,46.0,,,,,,,,,,,,,,,,,,
2026-08-03 07:08:09,421258,8.0,0.0389,60.0,9.0,0.0856,52.0,,,,,,,,,,,,,,,,,,
2026-08-03 07:08:09,421260,15.0,0.13,46.0,12.0,0.11,42.0,,,,,,,,,,,,,,,,,,
2026-08-03 07:08:39,421258,15.0,0.0689,60.0,10.0,0.1039,46.0,,,,,,,,,,,,,,,,,,
2026-08-03 07:08:39,421260,16.0,0.1378,46.0,12.0,0.1356,42.0,,,,,,,,,,,,,,,,,,
2026-08-03 07:09:09,421258,9.0,0.0428,65.0,9.0,0.0817,46.0,,,,,,,,,,,,,,,,,,
2026-08-03 07:09:09,421260,18.0,0.1717,42.0,14.0,0.1589,36.0,,,,,,,,,,,,,,,,,,
2026-08-03 07:09:39,421258,14.0,0.0806,56.0,13.0,0.1439,46.0,,,,,,,,,,,,,,,,,,
2026-08-03 07:09:39,421260,15.0,0.1389,42.0,15.0,0.165,36.0,,,,,,,,,,,,,,,,,,
2026-08-03 07:10:09,421258,16.0,0.085,56.0,12.0,0.1317,46.0,,,,,,,,,,,,,,,,,,
2026-08-03 07:10:09,421260,18.0,0.1639,42.0,16.0,0.1656,38.0,,,,,,,,,,,,,,,,,,
2026-08-03 07:10:39,421258,10.0,0.05,56.0,12.0,0.1289,46.0,,,,,,,,,,,,,,,,,,
2026-08-03 07:10:39,421260,16.0,0.1317,44.0,9.0,0.1167,40.0,,,,,,,,,,,,,,,,,,
2026-08-03 07:11:09,421258,14.0,0.0689,65.0,11.0,0.12,49.0,,,,,,,,,,,,,,,,,,
2026-08-03 07:11:09,421260,20.0,0.2128,36.0,14.0,0.1539,38.0,,,,,,,,,,,,,,,,,,
2026-08-03 07:11:39,421258,14.0,0.0656,60.0,11.0,0.1078,46.0,,,,,,,,,,,,,,,,,,
2026-08-03 07:11:39,421260,9.0,0.1356,26.0,13.0,0.2167,27.0,,,,,,,,,,,,,,,,,,
2026-08-03 07:12:09,421258,14.0,0.0728,56.0,12.0,0.1206,46.0,,,,,,,,,,,,,,,,,,
2026-08-03 07:12:09,421260,13.0,0.1356,38.0,8.0,0.1,38.0,,,,,,,,,,,,,,,,,,
2026-08-03 07:12:39,421258,17.0,0.0956,52.0,15.0,0.1317,46.0,,,,,,,,,,,,,,,,,,
2026-08-03 07:12:39,421260,12.0,0.1006,46.0,13.0,0.1406,44.0,,,,,,,,,,,,,,,,,,
2026-08-03 07:13:09,421258,13.0,0.0617,60.0,10.0,0.0878,49.0,,,,,,,,,,,,,,,,,,
2026-08-03 07:13:09,421260,14.0,0.1167,46.0,12.0,0.1056,42.0,,,,,,,,,,,,,,,,,,
2026-08-03 07:13:39,421258,17.0,0.08,60.0,13.0,0.1506,46.0,,,,,,,,,,,,,,,,,,
2026-08-03 07:13:39,421260,15.0,0.1128,49.0,13.0,0.1456,40.0,,,,,,,,,,,,,,,,,,
2026-08-03 07:14:09,421258,19.0,0.1039,56.0,12.0,0.1317,44.0,,,,,,,,,,,,,,,,,,
2026-08-03 07:14:09,421260,17.0,0.1578,42.0,12.0,0.1178,38.0,,,,,,,,,,,,,,,,,,
2026-08-03 07:14:39,421258,13.0,0.0717,60.0,12.0,0.1189,49.0,,,,,,,,,,,,,,,,,,
2026-08-03 07:14:39,421260,14.0,0.135,40.0,14.0,0.1639,36.0,,,,,,,,,,,,,,,,,,
2026-08-03 07:15:09,421258,16.0,0.0789,60.0,13.0,0.1767,46.0,,,,,,,,,,,,,,,,,,
2026-08-03 07:15:09,421260,16.0,0.1417,40.0,10.0,0.0978,40.0,,,,,,,,,,,,,,,,,,
2026-08-03 07:15:39,421258,8.0,0.0378,65.0,9.0,0.1139,49.0,,,,,,,,,,,,,,,,,,
2026-08-03 07:15:39,421260,15.0,0.135,42.0,12.0,0.1128,42.0,,,,,,,,,,,,,,,,,,
2026-08-03 07:16:09,421258,11.0,0.0556,60.0,8.0,0.0606,49.0,,,,,,,,,,,,,,,,,,
2026-08-03 07:16:09,421260,15.0,0.1406,40.0,9.0,0.115,36.0,,,,,,,,,,,,,,,,,,
2026-08-03 07:16:39,421258,17.0,0.0989,56.0,14.0,0.1939,34.0,,,,,,,,,,,,,,,,,,
2026-08-03 07:16:39,421260,17.0,0.1817,36.0,10.0,0.1328,33.0,,,,,,,,,,,,,,,,,,
2026-08-03 07:17:09,421258,12.0,0.0639,56.0,11.0,0.135,42.0,,,,,,,,,,,,,,,,,,
2026-08-03 07:17:09,421260,16.0,0.1556,40.0,11.0,0.1267,36.0,,,,,,,,,,,,,,,,,,
2026-08-03 07:17:39,421258,11.0,0.0489,65.0,12.0,0.1206,46.0,,,,,,,,,,,,,,,,,,
2026-08-03 07:17:39,421260,15.0,0.1428,40.0,14.0,0.1556,36.0,,,,,,,,,,,,,,,,,,
2026-08-03 07:18:09,421258,12.0,0.0567,60.0,19.0,0.1656,44.0,,,,,,,,,,,,,,,,,,
2026-08-03 07:18:09,421260,16.0,0.1617,38.0,12.0,0.1278,36.0,,,,,,,,,,,,,,,,,,
2026-08-03 07:18:39,421258,12.0,0.0528,60.0,11.0,0.1089,52.0,,,,,,,,,,,,,,,,,,
2026-08-03 07:18:39,421260,16.0,0.1467,42.0,14.0,0.16,40.0,,,,,,,,,,,,,,,,,,
2026-08-03 07:19:09,421258,18.0,0.0939,56.0,10.0,0.0978,44.0,,,,,,,,,,,,,,,,,,
2026-08-03 07:19:09,421260,12.0,0.1339,34.0,12.0,0.15,33.0,,,,,,,,,,,,,,,,,,
2026-08-03 07:19:39,421258,15.0,0.0806,56.0,10.0,0.1606,42.0,,,,,,,,,,,,,,,,,,
2026-08-03 07:19:39,421260,13.0,0.2789,18.0,14.0,0.2539,21.0,,,,,,,,,,,,,,,,,,
2026-08-03 07:20:09,421258,10.0,0.0517,56.0,11.0,0.1128,44.0,,,,,,,,,,,,,,,,,,
2026-08-03 07:20:09,421260,11.0,0.2039,21.0,10.0,0.22,20.0,,,,,,,,,,,,,,,,,,
2026-08-03 07:20:39,421258,12.0,0.0639,56.0,11.0,0.1017,46.0,,,,,,,,,,,,,,,,,,
2026-08-03 07:20:39,421260,14.0,0.2806,18.0,11.0,0.2089,19.0,,,,,,,,,,,,,,,,,,
2026-08-03 07:21:09,421258,17.0,0.0956,56.0,11.0,0.1239,44.0,,,,,,,,,,,,,,,,,,
2026-08-03 07:21:09,421260,12.0,0.195,23.0,9.0,0.1628,23.0,,,,,,,,,,,,,,,,,,
2026-08-03 07:21:39,421258,14.0,0.0728,56.0,9.0,0.095,46.0,,,,,,,,,,,,,,,,,,
2026-08-03 07:21:39,421260,13.0,0.1467,33.0,13.0,0.2067,28.0,,,,,,,,,,,,,,,,,,
2026-08-03 07:22:09,421258,15.0,0.0756,60.0,13.0,0.1439,44.0,,,,,,,,,,,,,,,,,,
2026-08-03 07:22:09,421260,14.0,0.1439,38.0,12.0,0.1528,30.0,,,,,,,,,,,,,,,,,,
2026-08-03 07:22:39,421258,10.0,0.0528,56.0,8.0,0.11,44.0,,,,,,,,,,,,,,,,,,
2026-08-03 07:22:39,421260,14.0,0.1289,42.0,13.0,0.1389,36.0,,,,,,,,,,,,,,,,,,
2026-08-03 07:23:09,421258,14.0,0.0606,60.0,11.0,0.1039,42.0,,,,,,,,,,,,,,,,,,
2026-08-03 07:23:09,421260,16.0,0.1339,46.0,10.0,0.1128,40.0,,,,,,,,,,,,,,,,,,
2026-08-03 07:23:39,421258,16.0,0.0867,56.0,12.0,0.125,46.0,,,,,,,,,,,,,,,,,,
2026-08-03 07:23:39,421260,12.0,0.11,42.0,11.0,0.1228,36.0,,,,,,,,,,,,,,,,,,
2026-08-03 07:24:09,421258,11.0,0.0539,56.0,9.0,0.0978,46.0,,,,,,,,,,,,,,,,,,
2026-08-03 07:24:09,421260,15.0,0.1456,38.0,14.0,0.1717,33.0,,,,,,,,,,,,,,,,,,
2026-08-03 07:24:39,421258,14.0,0.0778,52.0,14.0,0.1817,44.0,,,,,,,,,,,,,,,,,,
2026-08-03 07:24:39,421260,16.0,0.1417,42.0,9.0,0.1056,38.0,,,,,,,,,,,,,,,,,,
2026-08-03 07:25:09,421258,17.0,0.0878,60.0,12.0,0.1389,46.0,,,,,,,,,,,,,,,,,,
2026-08-03 07:25:09,421260,12.0,0.1139,40.0,13.0,0.1506,34.0,,,,,,,,,,,,,,,,,,
2026-08-03 07:25:39,421258,15.0,0.07,60.0,13.0,0.1328,42.0,,,,,,,,,,,,,,,,,,
2026-08-03 07:25:39,421260,15.0,0.16,38.0,12.0,0.1378,34.0,,,,,,,,,,,,,,,,,,
2026-08-03 07:26:09,421258,13.0,0.0617,60.0,12.0,0.1056,46.0,,,,,,,,,,,,,,,,,,
2026-08-03 07:26:09,421260,14.0,0.115,46.0,12.0,0.1167,42.0,,,,,,,,,,,,,,,,,,
2026-08-03 07:26:39,421258,10.0,0.0528,56.0,10.0,0.0928,44.0,,,,,,,,,,,,,,,,,,
2026-08-03 07:26:39,421260,13.0,0.11,44.0,12.0,0.1356,42.0,,,,,,,,,,,,,,,,,,
2026-08-03 07:27:09,421258,13.0,0.0617,60.0,9.0,0.0906,46.0,,,,,,,,,,,,,,,,,,
2026-08-03 07:27:09,421260,15.0,0.1267,44.0,12.0,0.125,42.0,,,,,,,,,,,,,,,,,,
2026-08-03 07:27:39,421258,13.0,0.0617,56.0,10.0,0.1506,42.0,,,,,,,,,,,,,,,,,,
2026-08-03 07:27:39,421260,10.0,0.08,46.0,11.0,0.1067,44.0,,,,,,,,,,,,,,,,,,
2026-08-03 07:28:09,421258,17.0,0.105,56.0,15.0,0.145,44.0,,,,,,,,,,,,,,,,,,
2026-08-03 07:28:09,421260,12.0,0.1056,44.0,13.0,0.1389,40.0,,,,,,,,,,,,,,,,,,
2026-08-03 07:28:39,421258,17.0,0.0839,60.0,13.0,0.1156,46.0,,,,,,,,,,,,,,,,,,
2026-08-03 07:28:39,421260,13.0,0.11,44.0,10.0,0.0978,40.0,,,,,,,,,,,,,,,,,,
2026-08-03 07:29:09,421258,15.0,0.0728,56.0,10.0,0.1156,44.0,,,,,,,,,,,,,,,,,,
2026-08-03 07:29:09,421260,13.0,0.105,46.0,11.0,0.115,42.0,,,,,,,,,,,,,,,,,,
2026-08-03 07:29:39,421258,18.0,0.085,60.0,11.0,0.1439,44.0,,,,,,,,,,,,,,,,,,
2026-08-03 07:29:39,421260,16.0,0.1267,46.0,10.0,0.0856,44.0,,,,,,,,,,,,,,,,,,
2026-08-03 07:30:09,421258,12.0,0.0567,60.0,10.0,0.0878,49.0,,,,,,,,,,,,,,,,,,
2026-08-03 07:30:09,421260,16.0,0.13,46.0,12.0,0.1139,42.0,,,,,,,,,,,,,,,,,,
2026-08-03 07:30:39,421258,6.0,0.03,65.0,8.0,0.1006,42.0,,,,,,,,,,,,,,,,,,
2026-08-03 07:30:39,421260,13.0,0.105,49.0,13.0,0.1317,44.0,,,,,,,,,,,,,,,,,,
2026-08-03 07:31:09,421258,13.0,0.07,52.0,12.0,0.1367,42.0,,,,,,,,,,,,,,,,,,
2026-08-03 07:31:09,421260,13.0,0.1017,49.0,13.0,0.14,38.0,,,,,,,,,,,,,,,,,,
2026-08-03 07:31:39,421258,15.0,0.0778,56.0,11.0,0.1167,42.0,,,,,,,,,,,,,,,,,,
2026-08-03 07:31:39,421260,14.0,0.1167,46.0,10.0,0.1139,40.0,,,,,,,,,,,,,,,,,,
2026-08-03 07:32:09,421258,14.0,0.08,52.0,14.0,0.1489,44.0,,,,,,,,,,,,,,,,,,
2026-08-03 07:32:09,421260,14.0,0.1006,52.0,12.0,0.11,44.0,,,,,,,,,,,,,,,,,,
2026-08-03 07:32:39,421258,16.0,0.0789,60.0,10.0,0.0778,52.0,,,,,,,,,,,,,,,,,,
2026-08-03 07:32:39,421260,15.0,0.1217,46.0,12.0,0.1106,44.0,,,,,,,,,,,,,,,,,,
2026-08-03 07:33:09,421258,10.0,0.0506,60.0,6.0,0.0817,49.0,,,,,,,,,,,,,,,,,,
2026-08-03 07:33:09,421260,15.0,0.125,44.0,11.0,0.1039,40.0,,,,,,,,,,,,,,,,,,
2026-08-03 07:33:39,421258,15.0,0.0728,60.0,9.0,0.0928,49.0,,,,,,,,,,,,,,,,,,
2026-08-03 07:33:39,421260,16.0,0.1239,49.0,13.0,0.1256,44.0,,,,,,,,,,,,,,,,,,
2026-08-03 07:34:09,421258,9.0,0.0489,56.0,14.0,0.1406,46.0,,,,,,,,,,,,,,,,,,
2026-08-03 07:34:09,421260,15.0,0.1167,49.0,10.0,0.1006,44.0,,,,,,,,,,,,,,,,,,
2026-08-03 07:34:39,421258,12.0,0.065,60.0,13.0,0.1089,46.0,,,,,,,,,,,,,,,,,,
2026-08-03 07:34:39,421260,12.0,0.09,52.0,14.0,0.1239,44.0,,,,,,,,,,,,,,,,,,
2026-08-03 07:35:09,421258,12.0,0.0617,60.0,12.0,0.1078,46.0,,,,,,,,,,,,,,,,,,
2026-08-03 07:35:09,421260,14.0,0.1239,44.0,13.0,0.1378,40.0,,,,,,,,,,,,,,,,,,
2026-08-03 07:35:39,421258,13.0,0.0539,65.0,9.0,0.0778,46.0,,,,,,,,,,,,,,,,,,
2026-08-03 07:35:39,421260,16.0,0.2117,29.0,14.0,0.18,34.0,,,,,,,,,,,,,,,,,,
2026-08-03 07:36:09,421258,15.0,0.0767,60.0,11.0,0.1117,44.0,,,,,,,,,,,,,,,,,,
2026-08-03 07:36:09,421260,13.0,0.2139,22.0,12.0,0.155,32.0,,,,,,,,,,,,,,,,,,
2026-08-03 07:36:39,421258,14.0,0.07,56.0,11.0,0.14,40.0,,,,,,,,,,,,,,,,,,
2026-08-03 07:36:39,421260,12.0,0.2028,23.0,11.0,0.22,21.0,,,,,,,,,,,,,,,,,,
2026-08-03 07:37:09,421258,14.0,0.07,56.0,11.0,0.1139,44.0,,,,,,,,,,,,,,,,,,
2026-08-03 07:37:09,421260,14.0,0.2406,21.0,12.0,0.1317,32.0,,,,,,,,,,,,,,,,,,
2026-08-03 07:37:39,421258,9.0,0.0467,60.0,12.0,0.12,46.0,,,,,,,,,,,,,,,,,,
2026-08-03 07:37:39,421260,14.0,0.2567,21.0,14.0,0.2139,25.0,,,,,,,,,,,,,,,,,,
2026-08-03 07:38:09,421258,13.0,0.0739,52.0,12.0,0.1306,42.0,,,,,,,,,,,,,,,,,,
2026-08-03 07:38:09,421260,12.0,0.2928,15.0,11.0,0.1917,25.0,,,,,,,,,,,,,,,,,,
2026-08-03 07:38:39,421258,13.0,0.0728,52.0,13.0,0.14,46.0,,,,,,,,,,,,,,,,,,
2026-08-03 07:38:39,421260,12.0,0.1967,23.0,12.0,0.1956,26.0,,,,,,,,,,,,,,,,,,
2026-08-03 07:39:09,421258,12.0,0.0656,56.0,11.0,0.14,44.0,,,,,,,,,,,,,,,,,,
2026-08-03 07:39:09,421260,14.0,0.1589,33.0,12.0,0.1567,30.0,,,,,,,,,,,,,,,,,,
2026-08-03 07:39:39,421258,8.0,0.0378,60.0,10.0,0.0789,49.0,,,,,,,,,,,,,,,,,,
2026-08-03 07:39:39,421260,11.0,0.1106,38.0,12.0,0.1317,36.0,,,,,,,,,,,,,,,,,,
2026-08-03 07:40:09,421258,12.0,0.0617,56.0,10.0,0.0878,49.0,,,,,,,,,,,,,,,,,,
2026-08-03 07:40:09,421260,15.0,0.1539,36.0,11.0,0.1256,34.0,,,,,,,,,,,,,,,,,,
2026-08-03 07:40:39,421258,15.0,0.0828,52.0,14.0,0.135,44.0,,,,,,,,,,,,,,,,,,
2026-08-03 07:40:39,421260,15.0,0.1367,40.0,12.0,0.1328,36.0,,,,,,,,,,,,,,,,,,
2026-08-03 07:41:09,421258,13.0,0.085,46.0,12.0,0.165,36.0,,,,,,,,,,,,,,,,,,
2026-08-03 07:41:09,421260,14.0,0.14,38.0,16.0,0.18,36.0,,,,,,,,,,,,,,,,,,
2026-08-03 07:41:39,421258,18.0,0.13,46.0,11.0,0.1317,38.0,,,,,,,,,,,,,,,,,,
2026-08-03 07:41:39,421260,15.0,0.1606,36.0,13.0,0.1539,38.0,,,,,,,,,,,,,,,,,,
2026-08-03 07:42:09,421258,17.0,0.1206,44.0,15.0,0.18,36.0,,,,,,,,,,,,,,,,,,
2026-08-03 07:42:09,421260,18.0,0.18,38.0,13.0,0.1639,36.0,,,,,,,,,,,,,,,,,,
2026-08-03 07:42:39,421258,18.0,0.1317,44.0,11.0,0.1767,33.0,,,,,,,,,,,,,,,,,,
2026-08-03 07:42:39,421260,15.0,0.1506,38.0,11.0,0.1456,34.0,,,,,,,,,,,,,,,,,,
2026-08-03 07:43:09,421258,18.0,0.1256,44.0,10.0,0.1178,38.0,,,,,,,,,,,,,,,,,,
2026-08-03 07:43:09,421260,15.0,0.1367,42.0,12.0,0.14,36.0,,,,,,,,,,,,,,,,,,
2026-08-03 07:43:39,421258,12.0,0.0578,56.0,14.0,0.155,44.0,,,,,,,,,,,,,,,,,,
2026-08-03 07:43:39,421260,13.0,0.1178,42.0,10.0,0.11,36.0,,,,,,,,,,,,,,,,,,
2026-08-03 07:44:09,421258,15.0,0.0878,52.0,12.0,0.1089,46.0,,,,,,,,,,,,,,,,,,
2026-08-03 07:44:09,421260,17.0,0.1678,38.0,14.0,0.185,33.0,,,,,,,,,,,,,,,,,,
2026-08-03 07:44:39,421258,14.0,0.0656,56.0,13.0,0.135,44.0,,,,,,,,,,,,,,,,,,
2026-08-03 07:44:39,421260,13.0,0.2156,26.0,12.0,0.1717,28.0,,,,,,,,,,,,,,,,,,
2026-08-03 07:45:09,421258,14.0,0.075,56.0,13.0,0.1289,44.0,,,,,,,,,,,,,,,,,,
2026-08-03 07:45:09,421260,14.0,0.1739,27.0,13.0,0.215,22.0,,,,,,,,,,,,,,,,,,
2026-08-03 07:45:39,421258,14.0,0.0667,60.0,8.0,0.0767,46.0,,,,,,,,,,,,,,,,,,
2026-08-03 07:45:39,421260,14.0,0.1678,32.0,11.0,0.13,32.0,,,,,,,,,,,,,,,,,,
2026-08-03 07:46:09,421258,16.0,0.0828,56.0,11.0,0.11,44.0,,,,,,,,,,,,,,,,,,
2026-08-03 07:46:09,421260,15.0,0.1667,36.0,10.0,0.1556,32.0,,,,,,,,,,,,,,,,,,
2026-08-03 07:46:39,421258,11.0,0.0606,56.0,11.0,0.1089,44.0,,,,,,,,,,,,,,,,,,
2026-08-03 07:46:39,421260,15.0,0.1578,36.0,11.0,0.1389,33.0,,,,,,,,,,,,,,,,,,
2026-08-03 07:47:09,421258,15.0,0.0778,56.0,12.0,0.1189,44.0,,,,,,,,,,,,,,,,,,
2026-08-03 07:47:09,421260,14.0,0.1356,40.0,12.0,0.1706,33.0,,,,,,,,,,,,,,,,,,
2026-08-03 07:47:39,421258,15.0,0.0878,52.0,14.0,0.165,44.0,,,,,,,,,,,,,,,,,,
2026-08-03 07:47:39,421260,15.0,0.1428,40.0,11.0,0.1206,33.0,,,,,,,,,,,,,,,,,,
2026-08-03 07:48:09,421258,17.0,0.0856,56.0,11.0,0.1,44.0,,,,,,,,,,,,,,,,,,
2026-08-03 07:48:09,421260,14.0,0.1228,44.0,14.0,0.1478,42.0,,,,,,,,,,,,,,,,,,
2026-08-03 07:48:39,421258,16.0,0.0806,60.0,12.0,0.135,46.0,,,,,,,,,,,,,,,,,,
2026-08-03 07:48:39,421260,13.0,0.0956,52.0,10.0,0.0678,46.0,,,,,,,,,,,,,,,,,,
2026-08-03 07:49:09,421258,14.0,0.0739,56.0,10.0,0.1056,42.0,,,,,,,,,,,,,,,,,,
2026-08-03 07:49:09,421260,14.0,0.1078,49.0,12.0,0.1139,44.0,,,,,,,,,,,,,,,,,,
2026-08-03 07:49:39,421258,17.0,0.1006,52.0,14.0,0.2056,34.0,,,,,,,,,,,,,,,,,,
2026-08-03 07:49:39,421260,14.0,0.1089,49.0,13.0,0.1578,42.0,,,,,,,,,,,,,,,,,,
2026-08-03 07:50:09,421258,13.0,0.0717,52.0,12.0,0.19,36.0,,,,,,,,,,,,,,,,,,
2026-08-03 07:50:09,421260,17.0,0.1378,46.0,14.0,0.1528,44.0,,,,,,,,,,,,,,,,,,
2026-08-03 07:50:39,421258,14.0,0.0756,56.0,11.0,0.1217,44.0,,,,,,,,,,,,,,,,,,
2026-08-03 07:50:39,421260,9.0,0.0617,56.0,9.0,0.0928,44.0,,,,,,,,,,,,,,,,,,
2026-08-03 07:51:09,421258,14.0,0.0756,56.0,12.0,0.1328,44.0,,,,,,,,,,,,,,,,,,
2026-08-03 07:51:09,421260,13.0,0.1017,46.0,12.0,0.1239,44.0,,,,,,,,,,,,,,,,,,
2026-08-03 07:51:39,421258,13.0,0.0756,52.0,12.0,0.1317,42.0,,,,,,,,,,,,,,,,,,
2026-08-03 07:51:39,421260,15.0,0.1167,49.0,10.0,0.1,46.0,,,,,,,,,,,,,,,,,,
2026-08-03 07:52:09,421258,16.0,0.0878,52.0,13.0,0.1306,40.0,,,,,,,,,,,,,,,,,,
2026-08-03 07:52:09,421260,17.0,0.1339,49.0,14.0,0.1267,44.0,,,,,,,,,,,,,,,,,,
2026-08-03 07:52:39,421258,16.0,0.0878,56.0,11.0,0.1589,36.0,,,,,,,,,,,,,,,,,,
2026-08-03 07:52:39,421260,16.0,0.1328,46.0,11.0,0.0928,44.0,,,,,,,,,,,,,,,,,,
2026-08-03 07:53:09,421258,12.0,0.0717,49.0,11.0,0.0917,46.0,,,,,,,,,,,,,,,,,,
2026-08-03 07:53:09,421260,18.0,0.1589,42.0,10.0,0.0967,40.0,,,,,,,,,,,,,,,,,,
2026-08-03 07:53:39,421258,13.0,0.0739,52.0,10.0,0.1556,38.0,,,,,,,,,,,,,,,,,,
2026-08-03 07:53:39,421260,19.0,0.2128,34.0,12.0,0.1667,34.0,,,,,,,,,,,,,,,,,,
2026-08-03 07:54:09,421258,11.0,0.0656,49.0,12.0,0.1456,40.0,,,,,,,,,,,,,,,,,,
2026-08-03 07:54:09,421260,17.0,0.1828,36.0,16.0,0.1456,36.0,,,,,,,,,,,,,,,,,,
2026-08-03 07:54:39,421258,19.0,0.175,34.0,14.0,0.1878,33.0,,,,,,,,,,,,,,,,,,
2026-08-03 07:54:39,421260,17.0,0.1778,38.0,13.0,0.1617,36.0,,,,,,,,,,,,,,,,,,
2026-08-03 07:55:09,421258,10.0,0.2617,14.0,7.0,0.5506,10.0,,,,,,,,,,,,,,,,,,
2026-08-03 07:55:09,421260,13.0,0.1117,44.0,14.0,0.1439,42.0,,,,,,,,,,,,,,,,,,
2026-08-03 07:55:39,421258,12.0,0.2556,15.0,8.0,0.4289,8.0,,,,,,,,,,,,,,,,,,
2026-08-03 07:55:39,421260,16.0,0.1439,42.0,10.0,0.1039,44.0,,,,,,,,,,,,,,,,,,
2026-08-03 07:56:09,421258,5.0,0.4578,11.0,6.0,0.4556,8.0,,,,,,,,,,,,,,,,,,
2026-08-03 07:56:09,421260,15.0,0.2667,25.0,12.0,0.135,36.0,,,,,,,,,,,,,,,,,,
2026-08-03 07:56:39,421258,10.0,0.3189,10.0,9.0,0.4139,11.0,,,,,,,,,,,,,,,,,,
2026-08-03 07:56:39,421260,15.0,0.1839,28.0,13.0,0.21,26.0,,,,,,,,,,,,,,,,,,
2026-08-03 07:57:09,421258,11.0,0.1606,23.0,10.0,0.3778,15.0,,,,,,,,,,,,,,,,,,
2026-08-03 07:57:09,421260,14.0,0.1739,32.0,13.0,0.1806,30.0,,,,,,,,,,,,,,,,,,
2026-08-03 07:57:39,421258,13.0,0.1617,28.0,10.0,0.2528,23.0,,,,,,,,,,,,,,,,,,
2026-08-03 07:57:39,421260,13.0,0.22,23.0,12.0,0.255,20.0,,,,,,,,,,,,,,,,,,
2026-08-03 07:58:09,421258,13.0,0.1367,33.0,12.0,0.2256,26.0,,,,,,,,,,,,,,,,,,
2026-08-03 07:58:09,421260,10.0,0.1889,20.0,10.0,0.2356,19.0,,,,,,,,,,,,,,,,,,
2026-08-03 07:58:39,421258,12.0,0.1117,34.0,12.0,0.2028,29.0,,,,,,,,,,,,,,,,,,
2026-08-03 07:58:39,421260,14.0,0.1967,27.0,11.0,0.1517,26.0,,,,,,,,,,,,,,,,,,
2026-08-03 07:59:09,421258,14.0,0.1106,40.0,14.0,0.2039,29.0,,,,,,,,,,,,,,,,,,
2026-08-03 07:59:09,421260,13.0,0.1539,33.0,15.0,0.1889,29.0,,,,,,,,,,,,,,,,,,
2026-08-03 07:59:39,421258,12.0,0.0878,44.0,9.0,0.1317,33.0,,,,,,,,,,,,,,,,,,
2026-08-03 07:59:39,421260,14.0,0.1239,44.0,12.0,0.1278,38.0,,,,,,,,,,,,,,,,,,
2026-08-03 08:00:09,421258,17.0,0.1428,44.0,12.0,0.1628,34.0,,,,,,,,,,,,,,,,,,
2026-08-03 08:00:09,421260,14.0,0.1289,42.0,13.0,0.1367,38.0,,,,,,,,,,,,,,,,,,
2026-08-03 08:00:39,421258,11.0,0.0856,42.0,11.0,0.1456,33.0,,,,,,,,,,,,,,,,,,
2026-08-03 08:00:39,421260,13.0,0.1128,46.0,9.0,0.1,40.0,,,,,,,,,,,,,,,,,,
2026-08-03 08:01:09,421258,15.0,0.12,40.0,12.0,0.23,28.0,,,,,,,,,,,,,,,,,,
2026-08-03 08:01:09,421260,12.0,0.0906,49.0,10.0,0.0878,42.0,,,,,,,,,,,,,,,,,,
2026-08-03 08:01:39,421258,12.0,0.1228,34.0,10.0,0.2106,28.0,,,,,,,,,,,,,,,,,,
2026-08-03 08:01:39,421260,11.0,0.1006,44.0,13.0,0.1189,42.0,,,,,,,,,,,,,,,,,,
2026-08-03 08:02:09,421258,15.0,0.2389,21.0,10.0,0.24,21.0,,,,,,,,,,,,,,,,,,
2026-08-03 08:02:09,421260,14.0,0.1067,49.0,10.0,0.0939,42.0,,,,,,,,,,,,,,,,,,
2026-08-03 08:02:39,421258,9.0,0.295,11.0,10.0,0.3689,13.0,,,,,,,,,,,,,,,,,,
2026-08-03 08:02:39,421260,10.0,0.0878,46.0,13.0,0.1178,42.0,,,,,,,,,,,,,,,,,,
2026-08-03 08:03:09,421258,12.0,0.2317,17.0,12.0,0.415,13.0,,,,,,,,,,,,,,,,,,
2026-08-03 08:03:09,421260,14.0,0.1167,46.0,13.0,0.1456,42.0,,,,,,,,,,,,,,,,,,
2026-08-03 08:03:39,421258,12.0,0.2389,18.0,11.0,0.3606,14.0,,,,,,,,,,,,,,,,,,
2026-08-03 08:03:39,421260,13.0,0.1189,40.0,11.0,0.1178,36.0,,,,,,,,,,,,,,,,,,
2026-08-03 08:04:09,421258,11.0,0.15,23.0,11.0,0.2867,16.0,,,,,,,,,,,,,,,,,,
2026-08-03 08:04:09,421260,13.0,0.1128,44.0,12.0,0.1206,42.0,,,,,,,,,,,,,,,,,,
2026-08-03 08:04:39,421258,13.0,0.1478,32.0,10.0,0.1917,23.0,,,,,,,,,,,,,,,,,,
2026-08-03 08:04:39,421260,13.0,0.115,42.0,12.0,0.1267,40.0,,,,,,,,,,,,,,,,,,
2026-08-03 08:05:09,421258,11.0,0.1056,33.0,9.0,0.215,22.0,,,,,,,,,,,,,,,,,,
2026-08-03 08:05:09,421260,13.0,0.1106,46.0,13.0,0.1206,42.0,,,,,,,,,,,,,,,,,,
2026-08-03 08:05:39,421258,11.0,0.1206,30.0,11.0,0.25,23.0,,,,,,,,,,,,,,,,,,
2026-08-03 08:05:39,421260,13.0,0.1,52.0,13.0,0.1117,44.0,,,,,,,,,,,,,,,,,,
2026-08-03 08:06:09,421258,14.0,0.1328,32.0,11.0,0.3017,21.0,,,,,,,,,,,,,,,,,,
2026-08-03 08:06:09,421260,13.0,0.1056,46.0,11.0,0.1178,44.0,,,,,,,,,,,,,,,,,,
2026-08-03 08:06:39,421258,13.0,0.155,28.0,12.0,0.2628,23.0,,,,,,,,,,,,,,,,,,
2026-08-03 08:06:39,421260,15.0,0.1217,49.0,11.0,0.1228,46.0,,,,,,,,,,,,,,,,,,
2026-08-03 08:07:09,421258,15.0,0.1978,27.0,15.0,0.2828,24.0,,,,,,,,,,,,,,,,,,
2026-08-03 08:07:09,421260,15.0,0.1089,49.0,11.0,0.1378,42.0,,,,,,,,,,,,,,,,,,
2026-08-03 08:07:39,421258,11.0,0.0939,34.0,10.0,0.1339,30.0,,,,,,,,,,,,,,,,,,
2026-08-03 08:07:39,421260,13.0,0.1067,46.0,10.0,0.09,44.0,,,,,,,,,,,,,,,,,,
2026-08-03 08:08:09,421258,15.0,0.1167,42.0,13.0,0.1756,33.0,,,,,,,,,,,,,,,,,,
2026-08-03 08:08:09,421260,13.0,0.1056,49.0,12.0,0.1228,44.0,,,,,,,,,,,,,,,,,,
2026-08-03 08:08:39,421258,13.0,0.0956,46.0,11.0,0.1328,36.0,,,,,,,,,,,,,,,,,,
2026-08-03 08:08:39,421260,12.0,0.0839,49.0,12.0,0.1206,44.0,,,,,,,,,,,,,,,,,,
2026-08-03 08:09:09,421258,15.0,0.1089,46.0,11.0,0.1406,36.0,,,,,,,,,,,,,,,,,,
2026-08-03 08:09:09,421260,13.0,0.11,46.0,11.0,0.1067,40.0,,,,,,,,,,,,,,,,,,
2026-08-03 08:09:39,421258,15.0,0.0917,49.0,10.0,0.1256,38.0,,,,,,,,,,,,,,,,,,
2026-08-03 08:09:39,421260,15.0,0.1828,30.0,11.0,0.1639,34.0,,,,,,,,,,,,,,,,,,
2026-08-03 08:10:09,421258,11.0,0.0717,49.0,11.0,0.1628,38.0,,,,,,,,,,,,,,,,,,
2026-08-03 08:10:09,421260,5.0,0.24,9.0,6.0,0.18,11.0,,,,,,,,,,,,,,,,,,
2026-08-03 08:10:39,421258,15.0,0.1067,46.0,10.0,0.12,36.0,,,,,,,,,,,,,,,,,,
2026-08-03 08:10:39,421260,9.0,0.2017,17.0,8.0,0.2306,14.0,,,,,,,,,,,,,,,,,,
2026-08-03 08:11:09,421258,12.0,0.0956,42.0,9.0,0.1617,33.0,,,,,,,,,,,,,,,,,,
2026-08-03 08:11:09,421260,12.0,0.1917,26.0,13.0,0.2078,23.0,,,,,,,,,,,,,,,,,,
2026-08-03 08:11:39,421258,15.0,0.1306,38.0,14.0,0.2056,33.0,,,,,,,,,,,,,,,,,,
2026-08-03 08:11:39,421260,13.0,0.145,33.0,11.0,0.14,32.0,,,,,,,,,,,,,,,,,,
2026-08-03 08:12:09,421258,13.0,0.1106,38.0,12.0,0.1767,32.0,,,,,,,,,,,,,,,,,,
2026-08-03 08:12:09,421260,12.0,0.115,42.0,13.0,0.1406,38.0,,,,,,,,,,,,,,,,,,
2026-08-03 08:12:39,421258,18.0,0.1378,40.0,12.0,0.2056,32.0,,,,,,,,,,,,,,,,,,
2026-08-03 08:12:39,421260,13.0,0.1117,44.0,9.0,0.105,36.0,,,,,,,,,,,,,,,,,,
2026-08-03 08:13:09,421258,14.0,0.115,42.0,10.0,0.2067,29.0,,,,,,,,,,,,,,,,,,
2026-08-03 08:13:09,421260,11.0,0.0978,46.0,13.0,0.1367,38.0,,,,,,,,,,,,,,,,,,
2026-08-03 08:13:39,421258,17.0,0.1167,42.0,14.0,0.185,33.0,,,,,,,,,,,,,,,,,,
2026-08-03 08:13:39,421260,13.0,0.1217,44.0,9.0,0.12,34.0,,,,,,,,,,,,,,,,,,
2026-08-03 08:14:09,421258,12.0,0.0739,49.0,9.0,0.1606,36.0,,,,,,,,,,,,,,,,,,
2026-08-03 08:14:09,421260,11.0,0.1006,44.0,9.0,0.1089,36.0,,,,,,,,,,,,,,,,,,
2026-08-03 08:14:39,421258,17.0,0.0956,49.0,10.0,0.1328,40.0,,,,,,,,,,,,,,,,,,
2026-08-03 08:14:39,421260,13.0,0.1217,42.0,10.0,0.1067,38.0,,,,,,,,,,,,,,,,,,
2026-08-03 08:15:09,421258,14.0,0.085,52.0,12.0,0.1256,42.0,,,,,,,,,,,,,,,,,,
2026-08-03 08:15:09,421260,11.0,0.0928,46.0,10.0,0.12,36.0,,,,,,,,,,,,,,,,,,
2026-08-03 08:15:39,421258,15.0,0.0889,52.0,12.0,0.1489,40.0,,,,,,,,,,,,,,,,,,
2026-08-03 08:15:39,421260,14.0,0.12,44.0,11.0,0.1339,38.0,,,,,,,,,,,,,,,,,,
2026-08-03 08:16:09,421258,15.0,0.0928,49.0,9.0,0.135,38.0,,,,,,,,,,,,,,,,,,
2026-08-03 08:16:09,421260,10.0,0.0906,42.0,10.0,0.1128,40.0,,,,,,,,,,,,,,,,,,
2026-08-03 08:16:39,421258,15.0,0.1,46.0,14.0,0.17,38.0,,,,,,,,,,,,,,,,,,
2026-08-03 08:16:39,421260,12.0,0.1267,36.0,12.0,0.1489,32.0,,,,,,,,,,,,,,,,,,
2026-08-03 08:17:09,421258,13.0,0.0878,49.0,10.0,0.1239,36.0,,,,,,,,,,,,,,,,,,
2026-08-03 08:17:09,421260,15.0,0.1428,40.0,11.0,0.1106,40.0,,,,,,,,,,,,,,,,,,
2026-08-03 08:17:39,421258,16.0,0.0967,49.0,13.0,0.165,40.0,,,,,,,,,,,,,,,,,,
2026-08-03 08:17:39,421260,15.0,0.1278,46.0,14.0,0.1367,42.0,,,,,,,,,,,,,,,,,,
2026-08-03 08:18:09,421258,11.0,0.0567,60.0,9.0,0.0939,42.0,,,,,,,,,,,,,,,,,,
2026-08-03 08:18:09,421260,10.0,0.075,52.0,10.0,0.0978,42.0,,,,,,,,,,,,,,,,,,
2026-08-03 08:18:39,421258,17.0,0.1039,49.0,13.0,0.14,44.0,,,,,,,,,,,,,,,,,,
2026-08-03 08:18:39,421260,14.0,0.1217,44.0,11.0,0.1067,40.0,,,,,,,,,,,,,,,,,,
2026-08-03 08:19:09,421258,16.0,0.0928,52.0,15.0,0.1717,44.0,,,,,,,,,,,,,,,,,,
2026-08-03 08:19:09,421260,14.0,0.13,42.0,12.0,0.1506,36.0,,,,,,,,,,,,,,,,,,
2026-08-03 08:19:39,421258,14.0,0.07,60.0,13.0,0.1,49.0,,,,,,,,,,,,,,,,,,
2026-08-03 08:19:39,421260,12.0,0.1006,46.0,11.0,0.0989,42.0,,,,,,,,,,,,,,,,,,
2026-08-03 08:20:09,421258,8.0,0.0428,60.0,13.0,0.12,46.0,,,,,,,,,,,,,,,,,,
2026-08-03 08:20:09,421260,13.0,0.11,46.0,12.0,0.1356,44.0,,,,,,,,,,,,,,,,,,
2026-08-03 08:20:39,421258,14.0,0.0639,60.0,11.0,0.1239,44.0,,,,,,,,,,,,,,,,,,
2026-08-03 08:20:39,421260,13.0,0.105,46.0,11.0,0.0956,44.0,,,,,,,,,,,,,,,,,,
2026-08-03 08:21:09,421258,11.0,0.0578,56.0,10.0,0.085,49.0,,,,,,,,,,,,,,,,,,
2026-08-03 08:21:09,421260,13.0,0.1078,49.0,13.0,0.1378,40.0,,,,,,,,,,,,,,,,,,
2026-08-03 08:21:39,421258,12.0,0.0606,60.0,8.0,0.065,49.0,,,,,,,,,,,,,,,,,,
2026-08-03 08:21:39,421260,16.0,0.1506,42.0,13.0,0.1406,38.0,,,,,,,,,,,,,,,,,,
2026-08-03 08:22:09,421258,15.0,0.0828,60.0,15.0,0.1428,49.0,,,,,,,,,,,,,,,,,,
2026-08-03 08:22:09,421260,11.0,0.0917,49.0,13.0,0.1339,40.0,,,,,,,,,,,,,,,,,,
2026-08-03 08:22:39,421258,14.0,0.07,56.0,10.0,0.1017,49.0,,,,,,,,,,,,,,,,,,
2026-08-03 08:22:39,421260,13.0,0.0989,49.0,13.0,0.1189,44.0,,,,,,,,,,,,,,,,,,
2026-08-03 08:23:09,421258,18.0,0.0956,56.0,12.0,0.1056,46.0,,,,,,,,,,,,,,,,,,
2026-08-03 08:23:09,421260,14.0,0.1056,46.0,10.0,0.0939,44.0,,,,,,,,,,,,,,,,,,
2026-08-03 08:23:39,421258,14.0,0.0678,65.0,9.0,0.0906,52.0,,,,,,,,,,,,,,,,,,
2026-08-03 08:23:39,421260,17.0,0.1778,36.0,13.0,0.1478,36.0,,,,,,,,,,,,,,,,,,
2026-08-03 08:24:09,421258,13.0,0.0717,56.0,13.0,0.1389,46.0,,,,,,,,,,,,,,,,,,
2026-08-03 08:24:09,421260,13.0,0.19,26.0,15.0,0.1828,30.0,,,,,,,,,,,,,,,,,,
2026-08-03 08:24:39,421258,12.0,0.0578,60.0,9.0,0.0839,49.0,,,,,,,,,,,,,,,,,,
2026-08-03 08:24:39,421260,13.0,0.1656,32.0,16.0,0.2528,26.0,,,,,,,,,,,,,,,,,,
2026-08-03 08:25:09,421258,16.0,0.0728,60.0,11.0,0.1117,46.0,,,,,,,,,,,,,,,,,,
2026-08-03 08:25:09,421260,13.0,0.1828,26.0,13.0,0.2267,23.0,,,,,,,,,,,,,,,,,,
2026-08-03 08:25:39,421258,10.0,0.0467,60.0,10.0,0.1078,49.0,,,,,,,,,,,,,,,,,,
2026-08-03 08:25:39,421260,13.0,0.16,32.0,9.0,0.1167,29.0,,,,,,,,,,,,,,,,,,
2026-08-03 08:26:09,421258,15.0,0.0756,56.0,12.0,0.125,44.0,,,,,,,,,,,,,,,,,,
2026-08-03 08:26:09,421260,12.0,0.1439,33.0,9.0,0.1356,32.0,,,,,,,,,,,,,,,,,,
2026-08-03 08:26:39,421258,12.0,0.0639,60.0,11.0,0.0878,52.0,,,,,,,,,,,,,,,,,,
2026-08-03 08:26:39,421260,13.0,0.1506,32.0,11.0,0.1456,32.0,,,,,,,,,,,,,,,,,,
2026-08-03 08:27:09,421258,10.0,0.06,52.0,15.0,0.135,46.0,,,,,,,,,,,,,,,,,,
2026-08-03 08:27:09,421260,13.0,0.1317,38.0,13.0,0.1617,33.0,,,,,,,,,,,,,,,,,,
2026-08-03 08:27:39,421258,17.0,0.0889,56.0,10.0,0.0878,49.0,,,,,,,,,,,,,,,,,,
2026-08-03 08:27:39,421260,14.0,0.1367,40.0,10.0,0.1517,34.0,,,,,,,,,,,,,,,,,,
2026-08-03 08:28:09,421258,10.0,0.0506,60.0,10.0,0.1117,46.0,,,,,,,,,,,,,,,,,,
2026-08-03 08:28:09,421260,15.0,0.14,40.0,9.0,0.1506,32.0,,,,,,,,,,,,,,,,,,
2026-08-03 08:28:39,421258,17.0,0.0828,60.0,8.0,0.0989,44.0,,,,,,,,,,,,,,,,,,
2026-08-03 08:28:39,421260,14.0,0.1328,40.0,14.0,0.1756,33.0,,,,,,,,,,,,,,,,,,
2026-08-03 08:29:09,421258,12.0,0.06,60.0,14.0,0.1678,42.0,,,,,,,,,,,,,,,,,,
2026-08-03 08:29:09,421260,16.0,0.1556,40.0,15.0,0.1528,36.0,,,,,,,,,,,,,,,,,,
2026-08-03 08:29:39,421258,14.0,0.0728,60.0,13.0,0.115,46.0,,,,,,,,,,,,,,,,,,
2026-08-03 08:29:39,421260,14.0,0.1228,46.0,9.0,0.1106,34.0,,,,,,,,,,,,,,,,,,
2026-08-03 08:30:09,421258,16.0,0.0767,60.0,9.0,0.0739,49.0,,,,,,,,,,,,,,,,,,
2026-08-03 08:30:09,421260,14.0,0.1206,44.0,12.0,0.1378,38.0,,,,,,,,,,,,,,,,,,
2026-08-03 08:30:39,421258,15.0,0.0717,60.0,10.0,0.1178,44.0,,,,,,,,,,,,,,,,,,
2026-08-03 08:30:39,421260,14.0,0.1206,44.0,12.0,0.1378,40.0,,,,,,,,,,,,,,,,,,
2026-08-03 08:31:09,421258,10.0,0.0467,60.0,10.0,0.1356,44.0,,,,,,,,,,,,,,,,,,
2026-08-03 08:31:09,421260,15.0,0.1417,44.0,12.0,0.1306,38.0,,,,,,,,,,,,,,,,,,
2026-08-03 08:31:39,421258,17.0,0.085,60.0,14.0,0.14,46.0,,,,,,,,,,,,,,,,,,
2026-08-03 08:31:39,421260,14.0,0.1167,46.0,12.0,0.1178,42.0,,,,,,,,,,,,,,,,,,
2026-08-03 08:32:09,421258,18.0,0.0917,60.0,12.0,0.1367,44.0,,,,,,,,,,,,,,,,,,
2026-08-03 08:32:09,421260,15.0,0.1167,49.0,11.0,0.1067,44.0,,,,,,,,,,,,,,,,,,
2026-08-03 08:32:39,421258,11.0,0.0528,60.0,9.0,0.0789,46.0,,,,,,,,,,,,,,,,,,
2026-08-03 08:32:39,421260,14.0,0.12,46.0,13.0,0.1317,42.0,,,,,,,,,,,,,,,,,,
2026-08-03 08:33:09,421258,11.0,0.0567,56.0,8.0,0.1578,30.0,,,,,,,,,,,,,,,,,,
2026-08-03 08:33:09,421260,14.0,0.1139,46.0,10.0,0.1106,44.0,,,,,,,,,,,,,,,,,,
2026-08-03 08:33:39,421258,15.0,0.0928,52.0,9.0,0.1117,44.0,,,,,,,,,,,,,,,,,,
2026-08-03 08:33:39,421260,14.0,0.1156,49.0,13.0,0.1489,40.0,,,,,,,,,,,,,,,,,,
2026-08-03 08:34:09,421258,18.0,0.0956,56.0,14.0,0.1628,46.0,,,,,,,,,,,,,,,,,,
2026-08-03 08:34:09,421260,14.0,0.1067,49.0,11.0,0.1039,42.0,,,,,,,,,,,,,,,,,,
2026-08-03 08:34:39,421258,15.0,0.0756,56.0,10.0,0.105,40.0,,,,,,,,,,,,,,,,,,
2026-08-03 08:34:39,421260,11.0,0.085,49.0,8.0,0.0839,42.0,,,,,,,,,,,,,,,,,,
2026-08-03 08:35:09,421258,15.0,0.0728,60.0,12.0,0.1567,38.0,,,,,,,,,,,,,,,,,,
2026-08-03 08:35:09,421260,15.0,0.1156,49.0,13.0,0.15,40.0,,,,,,,,,,,,,,,,,,
2026-08-03 08:35:39,421258,14.0,0.0689,56.0,8.0,0.0667,49.0,,,,,,,,,,,,,,,,,,
2026-08-03 08:35:39,421260,14.0,0.1239,44.0,13.0,0.14,42.0,,,,,,,,,,,,,,,,,,
2026-08-03 08:36:09,421258,10.0,0.0428,65.0,8.0,0.1006,46.0,,,,,,,,,,,,,,,,,,
2026-08-03 08:36:09,421260,15.0,0.1256,49.0,11.0,0.1156,42.0,,,,,,,,,,,,,,,,,,
2026-08-03 08:36:39,421258,17.0,0.0867,60.0,13.0,0.1589,42.0,,,,,,,,,,,,,,,,,,
2026-08-03 08:36:39,421260,11.0,0.08,49.0,11.0,0.1117,40.0,,,,,,,,,,,,,,,,,,
2026-08-03 08:37:09,421258,13.0,0.065,60.0,11.0,0.1139,44.0,,,,,,,,,,,,,,,,,,
2026-08-03 08:37:09,421260,13.0,0.0956,49.0,15.0,0.1578,42.0,,,,,,,,,,,,,,,,,,
2026-08-03 08:37:39,421258,16.0,0.0878,60.0,11.0,0.135,40.0,,,,,,,,,,,,,,,,,,
2026-08-03 08:37:39,421260,12.0,0.0928,49.0,13.0,0.1428,44.0,,,,,,,,,,,,,,,,,,
2026-08-03 08:38:09,421258,14.0,0.0728,56.0,9.0,0.0889,44.0,,,,,,,,,,,,,,,,,,
2026-08-03 08:38:09,421260,15.0,0.1156,49.0,8.0,0.0717,42.0,,,,,,,,,,,,,,,,,,
2026-08-03 08:38:39,421258,16.0,0.0839,56.0,9.0,0.1139,44.0,,,,,,,,,,,,,,,,,,
2026-08-03 08:38:39,421260,15.0,0.125,46.0,9.0,0.1339,42.0,,,,,,,,,,,,,,,,,,
2026-08-03 08:39:09,421258,13.0,0.0606,60.0,15.0,0.1356,46.0,,,,,,,,,,,,,,,,,,
2026-08-03 08:39:09,421260,16.0,0.1356,46.0,10.0,0.1017,44.0,,,,,,,,,,,,,,,,,,
2026-08-03 08:39:39,421258,15.0,0.0678,60.0,10.0,0.18,40.0,,,,,,,,,,,,,,,,,,
2026-08-03 08:39:39,421260,15.0,0.1189,46.0,11.0,0.1078,42.0,,,,,,,,,,,,,,,,,,
2026-08-03 08:40:09,421258,9.0,0.0428,65.0,9.0,0.0867,49.0,,,,,,,,,,,,,,,,,,
2026-08-03 08:40:09,421260,13.0,0.1106,46.0,8.0,0.1056,36.0,,,,,,,,,,,,,,,,,,
2026-08-03 08:40:39,421258,18.0,0.095,56.0,11.0,0.0956,49.0,,,,,,,,,,,,,,,,,,
2026-08-03 08:40:39,421260,12.0,0.1167,42.0,14.0,0.155,38.0,,,,,,,,,,,,,,,,,,
2026-08-03 08:41:09,421258,13.0,0.0689,60.0,9.0,0.1406,44.0,,,,,,,,,,,,,,,,,,
2026-08-03 08:41:09,421260,16.0,0.1428,42.0,14.0,0.1489,36.0,,,,,,,,,,,,,,,,,,
2026-08-03 08:41:39,421258,17.0,0.0889,56.0,11.0,0.1128,44.0,,,,,,,,,,,,,,,,,,
2026-08-03 08:41:39,421260,13.0,0.1178,42.0,12.0,0.11,40.0,,,,,,,,,,,,,,,,,,
2026-08-03 08:42:09,421258,16.0,0.08,56.0,12.0,0.1206,44.0,,,,,,,,,,,,,,,,,,
2026-08-03 08:42:09,421260,12.0,0.1028,46.0,12.0,0.1467,33.0,,,,,,,,,,,,,,,,,,
2026-08-03 08:42:39,421258,7.0,0.035,56.0,6.0,0.0767,44.0,,,,,,,,,,,,,,,,,,
2026-08-03 08:42:39,421260,12.0,0.1089,42.0,10.0,0.1189,36.0,,,,,,,,,,,,,,,,,,
2026-08-03 08:43:09,421258,15.0,0.0789,56.0,11.0,0.11,46.0,,,,,,,,,,,,,,,,,,
2026-08-03 08:43:09,421260,17.0,0.1589,42.0,13.0,0.1656,38.0,,,,,,,,,,,,,,,,,,
2026-08-03 08:43:39,421258,13.0,0.0728,60.0,9.0,0.1228,46.0,,,,,,,,,,,,,,,,,,
2026-08-03 08:43:39,421260,13.0,0.1106,46.0,10.0,0.0967,42.0,,,,,,,,,,,,,,,,,,
2026-08-03 08:44:09,421258,13.0,0.0617,60.0,10.0,0.0989,49.0,,,,,,,,,,,,,,,,,,
2026-08-03 08:44:09,421260,12.0,0.1067,46.0,9.0,0.0839,44.0,,,,,,,,,,,,,,,,,,
2026-08-03 08:44:39,421258,13.0,0.0689,60.0,11.0,0.0917,52.0,,,,,,,,,,,,,,,,,,
2026-08-03 08:44:39,421260,17.0,0.145,46.0,11.0,0.0978,38.0,,,,,,,,,,,,,,,,,,
2026-08-03 08:45:09,421258,12.0,0.0639,60.0,9.0,0.12,33.0,,,,,,,,,,,,,,,,,,
2026-08-03 08:45:09,421260,13.0,0.1267,46.0,11.0,0.11,40.0,,,,,,,,,,,,,,,,,,
2026-08-03 08:45:39,421258,16.0,0.0889,56.0,12.0,0.1567,42.0,,,,,,,,,,,,,,,,,,
2026-08-03 08:45:39,421260,14.0,0.1156,44.0,9.0,0.1017,40.0,,,,,,,,,,,,,,,,,,
2026-08-03 08:46:09,421258,16.0,0.0928,52.0,6.0,0.1267,40.0,,,,,,,,,,,,,,,,,,
2026-08-03 08:46:09,421260,16.0,0.1389,44.0,12.0,0.13,40.0,,,,,,,,,,,,,,,,,,
2026-08-03 08:46:39,421258,12.0,0.0767,52.0,15.0,0.1517,42.0,,,,,,,,,,,,,,,,,,
2026-08-03 08:46:39,421260,12.0,0.0989,49.0,11.0,0.1189,40.0,,,,,,,,,,,,,,,,,,
2026-08-03 08:47:09,421258,12.0,0.0728,56.0,10.0,0.0928,44.0,,,,,,,,,,,,,,,,,,
2026-08-03 08:47:09,421260,15.0,0.12,44.0,11.0,0.11,40.0,,,,,,,,,,,,,,,,,,
2026-08-03 08:47:39,421258,13.0,0.0878,49.0,13.0,0.1839,40.0,,,,,,,,,,,,,,,,,,
2026-08-03 08:47:39,421260,13.0,0.1089,46.0,12.0,0.1456,38.0,,,,,,,,,,,,,,,,,,
2026-08-03 08:48:09,421258,17.0,0.1067,46.0,14.0,0.1917,36.0,,,,,,,,,,,,,,,,,,
2026-08-03 08:48:09,421260,15.0,0.1228,46.0,9.0,0.1178,36.0,,,,,,,,,,,,,,,,,,
2026-08-03 08:48:39,421258,13.0,0.07,56.0,10.0,0.12,40.0,,,,,,,,,,,,,,,,,,
2026-08-03 08:48:39,421260,13.0,0.1106,46.0,13.0,0.135,38.0,,,,,,,,,,,,,,,,,,
2026-08-03 08:49:09,421258,14.0,0.0639,60.0,12.0,0.1456,44.0,,,,,,,,,,,,,,,,,,
2026-08-03 08:49:09,421260,12.0,0.0967,46.0,9.0,0.0717,44.0,,,,,,,,,,,,,,,,,,
2026-08-03 08:49:39,421258,17.0,0.0867,60.0,10.0,0.0856,49.0,,,,,,,,,,,,,,,,,,
2026-08-03 08:49:39,421260,11.0,0.0928,44.0,11.0,0.1206,38.0,,,,,,,,,,,,,,,,,,
2026-08-03 08:50:09,421258,12.0,0.0606,56.0,10.0,0.1289,46.0,,,,,,,,,,,,,,,,,,
2026-08-03 08:50:09,421260,16.0,0.1489,42.0,12.0,0.1478,38.0,,,,,,,,,,,,,,,,,,
2026-08-03 08:50:39,421258,9.0,0.0467,60.0,8.0,0.0978,52.0,,,,,,,,,,,,,,,,,,
2026-08-03 08:50:39,421260,11.0,0.0906,46.0,10.0,0.0956,40.0,,,,,,,,,,,,,,,,,,
2026-08-03 08:51:09,421258,12.0,0.0639,56.0,8.0,0.1167,46.0,,,,,,,,,,,,,,,,,,
2026-08-03 08:51:09,421260,15.0,0.1239,46.0,12.0,0.1178,40.0,,,,,,,,,,,,,,,,,,
2026-08-03 08:51:39,421258,14.0,0.07,56.0,11.0,0.105,46.0,,,,,,,,,,,,,,,,,,
2026-08-03 08:51:39,421260,15.0,0.1217,46.0,15.0,0.1339,38.0,,,,,,,,,,,,,,,,,,
2026-08-03 08:52:09,421258,9.0,0.0456,56.0,11.0,0.1217,49.0,,,,,,,,,,,,,,,,,,
2026-08-03 08:52:09,421260,13.0,0.0956,49.0,11.0,0.1078,44.0,,,,,,,,,,,,,,,,,,
2026-08-03 08:52:39,421258,15.0,0.08,56.0,12.0,0.1339,42.0,,,,,,,,,,,,,,,,,,
2026-08-03 08:52:39,421260,15.0,0.125,46.0,15.0,0.1289,40.0,,,,,,,,,,,,,,,,,,
2026-08-03 08:53:09,421258,16.0,0.0789,60.0,9.0,0.09,46.0,,,,,,,,,,,,,,,,,,
2026-08-03 08:53:09,421260,14.0,0.1167,44.0,13.0,0.1289,40.0,,,,,,,,,,,,,,,,,,
2026-08-03 08:53:39,421258,15.0,0.0739,60.0,13.0,0.1117,46.0,,,,,,,,,,,,,,,,,,
2026-08-03 08:53:39,421260,16.0,0.1528,38.0,13.0,0.1356,38.0,,,,,,,,,,,,,,,,,,
2026-08-03 08:54:09,421258,6.0,0.0267,65.0,7.0,0.0456,56.0,,,,,,,,,,,,,,,,,,
2026-08-03 08:54:09,421260,15.0,0.125,46.0,12.0,0.105,40.0,,,,,,,,,,,,,,,,,,
2026-08-03 08:54:39,421258,13.0,0.0689,52.0,11.0,0.1706,34.0,,,,,,,,,,,,,,,,,,
2026-08-03 08:54:39,421260,13.0,0.1139,42.0,17.0,0.1756,40.0,,,,,,,,,,,,,,,,,,
2026-08-03 08:55:09,421258,16.0,0.0967,49.0,13.0,0.1417,40.0,,,,,,,,,,,,,,,,,,
2026-08-03 08:55:09,421260,14.0,0.1239,42.0,9.0,0.0967,42.0,,,,,,,,,,,,,,,,,,
2026-08-03 08:55:39,421258,17.0,0.105,49.0,16.0,0.2689,36.0,,,,,,,,,,,,,,,,,,
2026-08-03 08:55:39,421260,14.0,0.1167,46.0,9.0,0.1006,36.0,,,,,,,,,,,,,,,,,,
2026-08-03 08:56:09,421258,18.0,0.0989,52.0,11.0,0.1056,42.0,,,,,,,,,,,,,,,,,,
2026-08-03 08:56:09,421260,15.0,0.115,52.0,11.0,0.1056,44.0,,,,,,,,,,,,,,,,,,
2026-08-03 08:56:39,421258,18.0,0.0928,56.0,13.0,0.1367,44.0,,,,,,,,,,,,,,,,,,
2026-08-03 08:56:39,421260,14.0,0.1139,46.0,12.0,0.1339,40.0,,,,,,,,,,,,,,,,,,
2026-08-03 08:57:09,421258,16.0,0.0839,60.0,12.0,0.1167,44.0,,,,,,,,,,,,,,,,,,
2026-08-03 08:57:09,421260,17.0,0.16,44.0,13.0,0.1228,40.0,,,,,,,,,,,,,,,,,,
2026-08-03 08:57:39,421258,12.0,0.0617,60.0,8.0,0.1067,42.0,,,,,,,,,,,,,,,,,,
2026-08-03 08:57:39,421260,16.0,0.1267,49.0,9.0,0.0989,42.0,,,,,,,,,,,,,,,,,,
2026-08-03 08:58:09,421258,15.0,0.0767,56.0,10.0,0.0928,46.0,,,,,,,,,,,,,,,,,,
2026-08-03 08:58:09,421260,13.0,0.105,46.0,14.0,0.1328,40.0,,,,,,,,,,,,,,,,,,
2026-08-03 08:58:39,421258,11.0,0.0639,60.0,11.0,0.1089,44.0,,,,,,,,,,,,,,,,,,
2026-08-03 08:58:39,421260,16.0,0.1389,46.0,13.0,0.1339,42.0,,,,,,,,,,,,,,,,,,
2026-08-03 08:59:09,421258,15.0,0.0806,60.0,9.0,0.0828,46.0,,,,,,,,,,,,,,,,,,
2026-08-03 08:59:09,421260,14.0,0.1078,49.0,12.0,0.105,46.0,,,,,,,,,,,,,,,,,,
2026-08-03 08:59:39,421258,17.0,0.0978,52.0,16.0,0.1778,40.0,,,,,,,,,,,,,,,,,,
2026-08-03 08:59:39,421260,15.0,0.1067,52.0,12.0,0.1017,49.0,,,,,,,,,,,,,,,,,,
2026-08-03 09:00:09,421258,19.0,0.1,56.0,10.0,0.1178,46.0,,,,,,,,,,,,,,,,,,
2026-08-03 09:00:09,421260,19.0,0.1528,46.0,11.0,0.1,46.0,,,,,,,,,,,,,,,,,,
2026-08-03 09:00:39,421258,16.0,0.0839,56.0,8.0,0.1006,44.0,,,,,,,,,,,,,,,,,,
2026-08-03 09:00:39,421260,13.0,0.0889,56.0,6.0,0.0456,49.0,,,,,,,,,,,,,,,,,,
2026-08-03 09:01:09,421258,14.0,0.0739,56.0,14.0,0.1306,46.0,,,,,,,,,,,,,,,,,,
2026-08-03 09:01:09,421260,14.0,0.0917,56.0,13.0,0.1156,49.0,,,,,,,,,,,,,,,,,,
2026-08-03 09:01:39,421258,12.0,0.0628,60.0,15.0,0.1356,46.0,,,,,,,,,,,,,,,,,,
2026-08-03 09:01:39,421260,17.0,0.1289,49.0,13.0,0.12,46.0,,,,,,,,,,,,,,,,,,
2026-08-03 09:02:09,421258,18.0,0.0839,56.0,13.0,0.1056,49.0,,,,,,,,,,,,,,,,,,
2026-08-03 09:02:09,421260,13.0,0.1056,49.0,9.0,0.0739,46.0,,,,,,,,,,,,,,,,,,
2026-08-03 09:02:39,421258,16.0,0.085,56.0,12.0,0.1406,42.0,,,,,,,,,,,,,,,,,,
2026-08-03 09:02:39,421260,15.0,0.105,56.0,10.0,0.1,49.0,,,,,,,,,,,,,,,,,,
2026-08-03 09:03:09,421258,17.0,0.0989,52.0,9.0,0.0978,49.0,,,,,,,,,,,,,,,,,,
2026-08-03 09:03:09,421260,12.0,0.0889,56.0,11.0,0.0906,49.0,,,,,,,,,,,,,,,,,,
2026-08-03 09:03:39,421258,14.0,0.09,52.0,11.0,0.1206,42.0,,,,,,,,,,,,,,,,,,
2026-08-03 09:03:39,421260,19.0,0.1456,49.0,13.0,0.1206,46.0,,,,,,,,,,,,,,,,,,
2026-08-03 09:04:09,421258,10.0,0.0517,56.0,7.0,0.0817,44.0,,,,,,,,,,,,,,,,,,
2026-08-03 09:04:09,421260,15.0,0.1028,56.0,11.0,0.0878,46.0,,,,,,,,,,,,,,,,,,
2026-08-03 09:04:39,421258,18.0,0.1089,52.0,14.0,0.1517,44.0,,,,,,,,,,,,,,,,,,
2026-08-03 09:04:39,421260,11.0,0.1017,56.0,14.0,0.115,49.0,,,,,,,,,,,,,,,,,,
2026-08-03 09:05:09,421258,14.0,0.0656,60.0,9.0,0.1289,44.0,,,,,,,,,,,,,,,,,,
2026-08-03 09:05:09,421260,14.0,0.1039,56.0,13.0,0.0956,49.0,,,,,,,,,,,,,,,,,,
2026-08-03 09:05:39,421258,12.0,0.0539,65.0,9.0,0.085,49.0,,,,,,,,,,,,,,,,,,
2026-08-03 09:05:39,421260,14.0,0.0978,56.0,13.0,0.1089,46.0,,,,,,,,,,,,,,,,,,
2026-08-03 09:06:09,421258,13.0,0.0739,56.0,13.0,0.1156,49.0,,,,,,,,,,,,,,,,,,
2026-08-03 09:06:09,421260,13.0,0.09,56.0,9.0,0.0728,46.0,,,,,,,,,,,,,,,,,,
2026-08-03 09:06:39,421258,15.0,0.08,56.0,16.0,0.165,42.0,,,,,,,,,,,,,,,,,,
2026-08-03 09:06:39,421260,16.0,0.1278,49.0,14.0,0.1489,40.0,,,,,,,,,,,,,,,,,,
2026-08-03 09:07:09,421258,14.0,0.08,60.0,12.0,0.1728,46.0,,,,,,,,,,,,,,,,,,
2026-08-03 09:07:09,421260,13.0,0.1006,49.0,9.0,0.0978,44.0,,,,,,,,,,,,,,,,,,
2026-08-03 09:07:39,421258,13.0,0.0717,56.0,12.0,0.1039,46.0,,,,,,,,,,,,,,,,,,
2026-08-03 09:07:39,421260,20.0,0.1617,49.0,15.0,0.135,44.0,,,,,,,,,,,,,,,,,,
2026-08-03 09:08:09,421258,18.0,0.095,56.0,9.0,0.0817,46.0,,,,,,,,,,,,,,,,,,
2026-08-03 09:08:09,421260,17.0,0.1117,56.0,11.0,0.0989,49.0,,,,,,,,,,,,,,,,,,
2026-08-03 09:08:39,421258,12.0,0.0506,65.0,6.0,0.0778,46.0,,,,,,,,,,,,,,,,,,
2026-08-03 09:08:39,421260,11.0,0.0839,52.0,13.0,0.1106,46.0,,,,,,,,,,,,,,,,,,
2026-08-03 09:09:09,421258,8.0,0.0389,60.0,12.0,0.1328,44.0,,,,,,,,,,,,,,,,,,
2026-08-03 09:09:09,421260,16.0,0.1228,52.0,10.0,0.0867,52.0,,,,,,,,,,,,,,,,,,
2026-08-03 09:09:39,421258,15.0,0.0839,56.0,13.0,0.1528,42.0,,,,,,,,,,,,,,,,,,
2026-08-03 09:09:39,421260,12.0,0.085,52.0,12.0,0.1028,49.0,,,,,,,,,,,,,,,,,,
2026-08-03 09:10:09,421258,16.0,0.0828,60.0,12.0,0.1217,49.0,,,,,,,,,,,,,,,,,,
2026-08-03 09:10:09,421260,15.0,0.1028,56.0,8.0,0.0778,44.0,,,,,,,,,,,,,,,,,,
2026-08-03 09:10:39,421258,12.0,0.0517,65.0,9.0,0.0828,49.0,,,,,,,,,,,,,,,,,,
2026-08-03 09:10:39,421260,14.0,0.0867,60.0,10.0,0.0856,49.0,,,,,,,,,,,,,,,,,,
2026-08-03 09:11:09,421258,12.0,0.0678,56.0,12.0,0.1089,46.0,,,,,,,,,,,,,,,,,,
2026-08-03 09:11:09,421260,5.0,0.0278,65.0,2.0,0.0139,60.0,,,,,,,,,,,,,,,,,,
2026-08-03 09:11:39,421258,14.0,0.0778,56.0,13.0,0.1289,46.0,,,,,,,,,,,,,,,,,,
2026-08-03 09:11:39,421260,14.0,0.095,56.0,14.0,0.1428,46.0,,,,,,,,,,,,,,,,,,
2026-08-03 09:12:09,421258,12.0,0.0539,60.0,11.0,0.0906,49.0,,,,,,,,,,,,,,,,,,
2026-08-03 09:12:09,421260,12.0,0.0756,60.0,8.0,0.06,49.0,,,,,,,,,,,,,,,,,,
2026-08-03 09:12:39,421258,16.0,0.0728,60.0,10.0,0.11,44.0,,,,,,,,,,,,,,,,,,
2026-08-03 09:12:39,421260,6.0,0.0367,60.0,4.0,0.0439,52.0,,,,,,,,,,,,,,,,,,
2026-08-03 09:13:09,421258,14.0,0.0689,60.0,9.0,0.1056,49.0,,,,,,,,,,,,,,,,,,
2026-08-03 09:13:09,421260,14.0,0.0817,65.0,6.0,0.0356,56.0,,,,,,,,,,,,,,,,,,
2026-08-03 09:13:39,421258,13.0,0.0639,65.0,11.0,0.0928,49.0,,,,,,,,,,,,,,,,,,
2026-08-03 09:13:39,421260,14.0,0.085,65.0,11.0,0.1,49.0,,,,,,,,,,,,,,,,,,
2026-08-03 09:14:09,421258,13.0,0.0678,56.0,11.0,0.14,42.0,,,,,,,,,,,,,,,,,,
2026-08-03 09:14:09,421260,12.0,0.065,65.0,5.0,0.035,49.0,,,,,,,,,,,,,,,,,,
2026-08-03 09:14:39,421258,13.0,0.0739,60.0,6.0,0.0806,44.0,,,,,,,,,,,,,,,,,,
2026-08-03 09:14:39,421260,9.0,0.0567,60.0,9.0,0.0739,46.0,,,,,,,,,,,,,,,,,,
2026-08-03 09:15:09,421258,16.0,0.0717,65.0,5.0,0.0656,46.0,,,,,,,,,,,,,,,,,,
2026-08-03 09:15:09,421260,15.0,0.1039,56.0,12.0,0.135,46.0,,,,,,,,,,,,,,,,,,
2026-08-03 09:15:39,421258,8.0,0.0378,65.0,8.0,0.065,52.0,,,,,,,,,,,,,,,,,,
2026-08-03 09:15:39,421260,13.0,0.0917,60.0,13.0,0.1056,49.0,,,,,,,,,,,,,,,,,,
2026-08-03 09:16:09,421258,11.0,0.0478,65.0,10.0,0.1417,46.0,,,,,,,,,,,,,,,,,,
2026-08-03 09:16:09,421260,6.0,0.0339,65.0,10.0,0.0867,52.0,,,,,,,,,,,,,,,,,,
2026-08-03 09:16:39,421258,7.0,0.0339,60.0,3.0,0.0317,60.0,,,,,,,,,,,,,,,,,,
2026-08-03 09:16:39,421260,13.0,0.0856,60.0,8.0,0.0628,52.0,,,,,,,,,,,,,,,,,,
2026-08-03 09:17:09,421258,9.0,0.0406,60.0,9.0,0.1178,42.0,,,,,,,,,,,,,,,,,,
2026-08-03 09:17:09,421260,14.0,0.0917,60.0,10.0,0.0789,52.0,,,,,,,,,,,,,,,,,,
2026-08-03 09:17:39,421258,12.0,0.0639,60.0,11.0,0.175,42.0,,,,,,,,,,,,,,,,,,
2026-08-03 09:17:39,421260,13.0,0.0817,60.0,8.0,0.0539,52.0,,,,,,,,,,,,,,,,,,
2026-08-03 09:18:09,421258,14.0,0.0678,60.0,14.0,0.1678,46.0,,,,,,,,,,,,,,,,,,
2026-08-03 09:18:09,421260,11.0,0.0678,60.0,9.0,0.0806,46.0,,,,,,,,,,,,,,,,,,
2026-08-03 09:18:39,421258,12.0,0.0639,60.0,7.0,0.0739,46.0,,,,,,,,,,,,,,,,,,
2026-08-03 09:18:39,421260,17.0,0.1306,49.0,18.0,0.1489,44.0,,,,,,,,,,,,,,,,,,
2026-08-03 09:19:09,421258,16.0,0.0789,65.0,13.0,0.1056,49.0,,,,,,,,,,,,,,,,,,
2026-08-03 09:19:09,421260,16.0,0.125,52.0,16.0,0.1317,49.0,,,,,,,,,,,,,,,,,,
2026-08-03 09:19:39,421258,11.0,0.05,65.0,6.0,0.0789,52.0,,,,,,,,,,,,,,,,,,
2026-08-03 09:19:39,421260,10.0,0.0639,60.0,14.0,0.1078,52.0,,,,,,,,,,,,,,,,,,
2026-08-03 09:20:09,421258,13.0,0.0639,60.0,9.0,0.0889,46.0,,,,,,,,,,,,,,,,,,
2026-08-03 09:20:09,421260,9.0,0.065,60.0,8.0,0.055,49.0,,,,,,,,,,,,,,,,,,
2026-08-03 09:20:39,421258,8.0,0.0339,65.0,4.0,0.0306,52.0,,,,,,,,,,,,,,,,,,
2026-08-03 09:20:39,421260,5.0,0.0328,56.0,5.0,0.0539,49.0,,,,,,,,,,,,,,,,,,
2026-08-03 09:21:09,421258,11.0,0.0556,60.0,13.0,0.1639,42.0,,,,,,,,,,,,,,,,,,
2026-08-03 09:21:09,421260,14.0,0.0967,56.0,8.0,0.0656,46.0,,,,,,,,,,,,,,,,,,
2026-08-03 09:21:39,421258,16.0,0.0889,56.0,13.0,0.1156,44.0,,,,,,,,,,,,,,,,,,
2026-08-03 09:21:39,421260,13.0,0.085,56.0,15.0,0.1706,44.0,,,,,,,,,,,,,,,,,,
2026-08-03 09:22:09,421258,13.0,0.0639,60.0,9.0,0.1117,42.0,,,,,,,,,,,,,,,,,,
2026-08-03 09:22:09,421260,9.0,0.0517,65.0,6.0,0.0439,56.0,,,,,,,,,,,,,,,,,,
2026-08-03 09:22:39,421258,11.0,0.0528,60.0,11.0,0.1156,44.0,,,,,,,,,,,,,,,,,,
2026-08-03 09:22:39,421260,11.0,0.0689,60.0,10.0,0.0756,56.0,,,,,,,,,,,,,,,,,,
2026-08-03 09:23:09,421258,0.0,0.0,0.0,0.0,0.0,0.0,,,,,,,,,,,,,,,,,,
2026-08-03 09:23:09,421260,9.0,0.0506,65.0,11.0,0.0867,56.0,,,,,,,,,,,,,,,,,,
2026-08-03 09:23:39,421258,7.0,0.0306,71.0,6.0,0.0567,52.0,,,,,,,,,,,,,,,,,,
2026-08-03 09:23:39,421260,10.0,0.0728,60.0,11.0,0.0689,60.0,,,,,,,,,,,,,,,,,,
2026-08-03 09:24:09,421258,11.0,0.0539,60.0,11.0,0.165,38.0,,,,,,,,,,,,,,,,,,
2026-08-03 09:24:09,421260,11.0,0.065,65.0,11.0,0.0817,52.0,,,,,,,,,,,,,,,,,,
2026-08-03 09:24:39,421258,11.0,0.0606,56.0,12.0,0.1706,40.0,,,,,,,,,,,,,,,,,,
2026-08-03 09:24:39,421260,8.0,0.0478,65.0,10.0,0.0839,52.0,,,,,,,,,,,,,,,,,,
2026-08-03 09:25:09,421258,13.0,0.0639,56.0,11.0,0.1006,46.0,,,,,,,,,,,,,,,,,,
2026-08-03 09:25:09,421260,10.0,0.0567,65.0,7.0,0.0528,56.0,,,,,,,,,,,,,,,,,,
2026-08-03 09:25:39,421258,13.0,0.0728,65.0,12.0,0.1039,46.0,,,,,,,,,,,,,,,,,,
2026-08-03 09:25:39,421260,15.0,0.0889,60.0,13.0,0.095,49.0,,,,,,,,,,,,,,,,,,
2026-08-03 09:26:09,421258,10.0,0.0417,71.0,4.0,0.0317,49.0,,,,,,,,,,,,,,,,,,
2026-08-03 09:26:09,421260,9.0,0.0578,60.0,6.0,0.0678,49.0,,,,,,,,,,,,,,,,,,
2026-08-03 09:26:39,421258,7.0,0.0339,60.0,11.0,0.1156,49.0,,,,,,,,,,,,,,,,,,
2026-08-03 09:26:39,421260,13.0,0.0806,56.0,10.0,0.1306,42.0,,,,,,,,,,,,,,,,,,
2026-08-03 09:27:09,421258,12.0,0.0556,60.0,12.0,0.1006,49.0,,,,,,,,,,,,,,,,,,
2026-08-03 09:27:09,421260,18.0,0.1406,49.0,14.0,0.13,46.0,,,,,,,,,,,,,,,,,,
2026-08-03 09:27:39,421258,12.0,0.05,65.0,6.0,0.0617,52.0,,,,,,,,,,,,,,,,,,
2026-08-03 09:27:39,421260,12.0,0.0789,60.0,7.0,0.0467,46.0,,,,,,,,,,,,,,,,,,
2026-08-03 09:28:09,421258,9.0,0.0378,71.0,9.0,0.0767,49.0,,,,,,,,,,,,,,,,,,
2026-08-03 09:28:09,421260,13.0,0.0806,60.0,6.0,0.0656,44.0,,,,,,,,,,,,,,,,,,
2026-08-03 09:28:39,421258,8.0,0.0506,56.0,9.0,0.1167,49.0,,,,,,,,,,,,,,,,,,
2026-08-03 09:28:39,421260,8.0,0.0506,60.0,9.0,0.0867,49.0,,,,,,,,,,,,,,,,,,
2026-08-03 09:29:09,421258,10.0,0.0467,60.0,6.0,0.1017,32.0,,,,,,,,,,,,,,,,,,
2026-08-03 09:29:09,421260,16.0,0.1078,56.0,13.0,0.1056,49.0,,,,,,,,,,,,,,,,,,
2026-08-03 09:29:39,421258,16.0,0.0839,56.0,14.0,0.1756,42.0,,,,,,,,,,,,,,,,,,
2026-08-03 09:29:39,421260,7.0,0.0517,60.0,8.0,0.0756,52.0,,,,,,,,,,,,,,,,,,
2026-08-03 09:30:09,421258,14.0,0.0728,60.0,9.0,0.0728,52.0,,,,,,,,,,,,,,,,,,
2026-08-03 09:30:09,421260,10.0,0.065,60.0,8.0,0.0617,52.0,,,,,,,,,,,,,,,,,,
2026-08-03 09:30:39,421258,2.0,0.0089,60.0,7.0,0.1339,42.0,,,,,,,,,,,,,,,,,,
2026-08-03 09:30:39,421260,9.0,0.0517,65.0,6.0,0.0506,49.0,,,,,,,,,,,,,,,,,,
2026-08-03 09:31:09,421258,17.0,0.0889,56.0,15.0,0.1428,44.0,,,,,,,,,,,,,,,,,,
2026-08-03 09:31:09,421260,17.0,0.1106,60.0,10.0,0.0806,49.0,,,,,,,,,,,,,,,,,,
2026-08-03 09:31:39,421258,12.0,0.0617,60.0,12.0,0.1156,44.0,,,,,,,,,,,,,,,,,,
2026-08-03 09:31:39,421260,7.0,0.0356,65.0,7.0,0.0506,56.0,,,,,,,,,,,,,,,,,,
2026-08-03 09:32:09,421258,10.0,0.045,65.0,11.0,0.11,46.0,,,,,,,,,,,,,,,,,,
2026-08-03 09:32:09,421260,11.0,0.0656,60.0,12.0,0.0956,52.0,,,,,,,,,,,,,,,,,,
2026-08-03 09:32:39,421258,8.0,0.0328,71.0,9.0,0.075,52.0,,,,,,,,,,,,,,,,,,
2026-08-03 09:32:39,421260,15.0,0.0967,60.0,7.0,0.0789,49.0,,,,,,,,,,,,,,,,,,
2026-08-03 09:33:09,421258,9.0,0.0428,65.0,3.0,0.0439,44.0,,,,,,,,,,,,,,,,,,
2026-08-03 09:33:09,421260,14.0,0.0839,60.0,11.0,0.095,52.0,,,,,,,,,,,,,,,,,,
2026-08-03 09:33:39,421258,13.0,0.0689,52.0,13.0,0.1328,44.0,,,,,,,,,,,,,,,,,,
2026-08-03 09:33:39,421260,8.0,0.0417,65.0,6.0,0.0717,56.0,,,,,,,,,,,,,,,,,,
2026-08-03 09:34:09,421258,10.0,0.0456,65.0,6.0,0.0667,44.0,,,,,,,,,,,,,,,,,,
2026-08-03 09:34:09,421260,13.0,0.08,60.0,9.0,0.0867,49.0,,,,,,,,,,,,,,,,,,
2026-08-03 09:34:39,421258,18.0,0.095,56.0,11.0,0.1667,42.0,,,,,,,,,,,,,,,,,,
2026-08-03 09:34:39,421260,14.0,0.0989,56.0,11.0,0.0956,52.0,,,,,,,,,,,,,,,,,,
2026-08-03 09:35:09,421258,11.0,0.0478,65.0,8.0,0.0739,49.0,,,,,,,,,,,,,,,,,,
2026-08-03 09:35:09,421260,15.0,0.1128,52.0,12.0,0.0956,49.0,,,,,,,,,,,,,,,,,,
2026-08-03 09:35:39,421258,12.0,0.0528,65.0,8.0,0.1167,49.0,,,,,,,,,,,,,,,,,,
2026-08-03 09:35:39,421260,14.0,0.1267,44.0,12.0,0.1206,46.0,,,,,,,,,,,,,,,,,,
2026-08-03 09:36:09,421258,8.0,0.0339,65.0,10.0,0.105,49.0,,,,,,,,,,,,,,,,,,
2026-08-03 09:36:09,421260,17.0,0.115,52.0,10.0,0.1117,49.0,,,,,,,,,,,,,,,,,,
2026-08-03 09:36:39,421258,15.0,0.0756,60.0,10.0,0.1239,49.0,,,,,,,,,,,,,,,,,,
2026-08-03 09:36:39,421260,15.0,0.09,65.0,9.0,0.07,52.0,,,,,,,,,,,,,,,,,,
2026-08-03 09:37:09,421258,14.0,0.0639,65.0,12.0,0.1039,49.0,,,,,,,,,,,,,,,,,,
2026-08-03 09:37:09,421260,13.0,0.075,60.0,11.0,0.0989,49.0,,,,,,,,,,,,,,,,,,
2026-08-03 09:37:39,421258,8.0,0.0417,60.0,6.0,0.0578,44.0,,,,,,,,,,,,,,,,,,
2026-08-03 09:37:39,421260,6.0,0.0467,60.0,12.0,0.0917,49.0,,,,,,,,,,,,,,,,,,
2026-08-03 09:38:09,421258,12.0,0.0628,56.0,16.0,0.1439,44.0,,,,,,,,,,,,,,,,,,
2026-08-03 09:38:09,421260,18.0,0.1139,60.0,10.0,0.0789,52.0,,,,,,,,,,,,,,,,,,
2026-08-03 09:38:39,421258,19.0,0.105,56.0,13.0,0.15,44.0,,,,,,,,,,,,,,,,,,
2026-08-03 09:38:39,421260,8.0,0.0467,65.0,4.0,0.0267,60.0,,,,,,,,,,,,,,,,,,
2026-08-03 09:39:09,421258,16.0,0.0728,60.0,12.0,0.115,46.0,,,,,,,,,,,,,,,,,,
2026-08-03 09:39:09,421260,15.0,0.0928,60.0,9.0,0.0828,46.0,,,,,,,,,,,,,,,,,,
2026-08-03 09:39:39,421258,11.0,0.0567,65.0,11.0,0.0928,49.0,,,,,,,,,,,,,,,,,,
2026-08-03 09:39:39,421260,15.0,0.1078,52.0,13.0,0.1117,46.0,,,,,,,,,,,,,,,,,,
2026-08-03 09:40:09,421258,13.0,0.0556,65.0,7.0,0.0767,49.0,,,,,,,,,,,,,,,,,,
2026-08-03 09:40:09,421260,13.0,0.0839,56.0,8.0,0.0628,49.0,,,,,,,,,,,,,,,,,,
2026-08-03 09:40:39,421258,14.0,0.0656,60.0,10.0,0.0817,49.0,,,,,,,,,,,,,,,,,,
2026-08-03 09:40:39,421260,8.0,0.0428,65.0,10.0,0.0706,56.0,,,,,,,,,,,,,,,,,,
2026-08-03 09:41:09,421258,5.0,0.02,71.0,4.0,0.0356,52.0,,,,,,,,,,,,,,,,,,
2026-08-03 09:41:09,421260,13.0,0.0756,65.0,11.0,0.0789,56.0,,,,,,,,,,,,,,,,,,
2026-08-03 09:41:39,421258,16.0,0.0756,60.0,10.0,0.13,46.0,,,,,,,,,,,,,,,,,,
2026-08-03 09:41:39,421260,11.0,0.065,65.0,9.0,0.0778,52.0,,,,,,,,,,,,,,,,,,
2026-08-03 09:42:09,421258,12.0,0.0606,60.0,12.0,0.1356,46.0,,,,,,,,,,,,,,,,,,
2026-08-03 09:42:09,421260,16.0,0.09,65.0,9.0,0.0717,56.0,,,,,,,,,,,,,,,,,,
2026-08-03 09:42:39,421258,12.0,0.0539,60.0,10.0,0.0889,46.0,,,,,,,,,,,,,,,,,,
2026-08-03 09:42:39,421260,8.0,0.0378,78.0,10.0,0.0667,60.0,,,,,,,,,,,,,,,,,,
2026-08-03 09:43:09,421258,13.0,0.0578,65.0,13.0,0.1178,46.0,,,,,,,,,,,,,,,,,,
2026-08-03 09:43:09,421260,4.0,0.0217,65.0,5.0,0.0289,71.0,,,,,,,,,,,,,,,,,,
2026-08-03 09:43:39,421258,13.0,0.0539,65.0,4.0,0.0717,36.0,,,,,,,,,,,,,,,,,,
2026-08-03 09:43:39,421260,9.0,0.0556,60.0,5.0,0.045,46.0,,,,,,,,,,,,,,,,,,
2026-08-03 09:44:09,421258,10.0,0.045,71.0,10.0,0.1317,38.0,,,,,,,,,,,,,,,,,,
2026-08-03 09:44:09,421260,13.0,0.0928,52.0,12.0,0.1328,46.0,,,,,,,,,,,,,,,,,,
2026-08-03 09:44:39,421258,13.0,0.0539,71.0,11.0,0.12,46.0,,,,,,,,,,,,,,,,,,
2026-08-03 09:44:39,421260,15.0,0.1028,56.0,16.0,0.1417,44.0,,,,,,,,,,,,,,,,,,
2026-08-03 09:45:09,421258,6.0,0.0267,65.0,3.0,0.0228,52.0,,,,,,,,,,,,,,,,,,
2026-08-03 09:45:09,421260,16.0,0.1156,56.0,10.0,0.095,49.0,,,,,,,,,,,,,,,,,,
2026-08-03 09:45:39,421258,5.0,0.02,65.0,5.0,0.0567,42.0,,,,,,,,,,,,,,,,,,
2026-08-03 09:45:39,421260,14.0,0.0917,56.0,12.0,0.1028,46.0,,,,,,,,,,,,,,,,,,
2026-08-03 09:46:09,421258,10.0,0.0417,65.0,4.0,0.0378,56.0,,,,,,,,,,,,,,,,,,
2026-08-03 09:46:09,421260,13.0,0.085,52.0,13.0,0.1056,46.0,,,,,,,,,,,,,,,,,,
2026-08-03 09:46:39,421258,10.0,0.045,65.0,8.0,0.14,44.0,,,,,,,,,,,,,,,,,,
2026-08-03 09:46:39,421260,16.0,0.1239,49.0,13.0,0.11,44.0,,,,,,,,,,,,,,,,,,
2026-08-03 09:47:09,421258,16.0,0.085,56.0,14.0,0.2039,42.0,,,,,,,,,,,,,,,,,,
2026-08-03 09:47:09,421260,14.0,0.095,56.0,9.0,0.0778,44.0,,,,,,,,,,,,,,,,,,
2026-08-03 09:47:39,421258,11.0,0.0578,60.0,13.0,0.1328,46.0,,,,,,,,,,,,,,,,,,
2026-08-03 09:47:39,421260,17.0,0.1156,56.0,10.0,0.0989,44.0,,,,,,,,,,,,,,,,,,
2026-08-03 09:48:09,421258,12.0,0.06,56.0,13.0,0.1206,44.0,,,,,,,,,,,,,,,,,,
2026-08-03 09:48:09,421260,15.0,0.0939,56.0,8.0,0.105,49.0,,,,,,,,,,,,,,,,,,
2026-08-03 09:48:39,421258,17.0,0.0878,60.0,12.0,0.11,46.0,,,,,,,,,,,,,,,,,,
2026-08-03 09:48:39,421260,17.0,0.1289,49.0,12.0,0.1289,38.0,,,,,,,,,,,,,,,,,,
2026-08-03 09:49:09,421258,16.0,0.08,56.0,14.0,0.1156,46.0,,,,,,,,,,,,,,,,,,
2026-08-03 09:49:09,421260,10.0,0.0567,65.0,12.0,0.0967,56.0,,,,,,,,,,,,,,,,,,
2026-08-03 09:49:39,421258,3.0,0.015,65.0,9.0,0.07,52.0,,,,,,,,,,,,,,,,,,
2026-08-03 09:49:39,421260,8.0,0.0478,65.0,9.0,0.0678,52.0,,,,,,,,,,,,,,,,,,
2026-08-03 09:50:09,421258,9.0,0.0406,65.0,11.0,0.125,46.0,,,,,,,,,,,,,,,,,,
2026-08-03 09:50:09,421260,10.0,0.06,65.0,10.0,0.0739,52.0,,,,,,,,,,,,,,,,,,
2026-08-03 09:50:39,421258,11.0,0.0567,56.0,11.0,0.1139,42.0,,,,,,,,,,,,,,,,,,
2026-08-03 09:50:39,421260,16.0,0.0967,65.0,7.0,0.05,56.0,,,,,,,,,,,,,,,,,,
2026-08-03 09:51:09,421258,15.0,0.0639,65.0,6.0,0.155,40.0,,,,,,,,,,,,,,,,,,
2026-08-03 09:51:09,421260,16.0,0.0939,60.0,11.0,0.0767,52.0,,,,,,,,,,,,,,,,,,
2026-08-03 09:51:39,421258,14.0,0.0756,52.0,10.0,0.1128,46.0,,,,,,,,,,,,,,,,,,
2026-08-03 09:51:39,421260,14.0,0.085,60.0,10.0,0.0856,52.0,,,,,,,,,,,,,,,,,,
2026-08-03 09:52:09,421258,17.0,0.1006,52.0,14.0,0.1717,34.0,,,,,,,,,,,,,,,,,,
2026-08-03 09:52:09,421260,3.0,0.0156,71.0,4.0,0.0267,56.0,,,,,,,,,,,,,,,,,,
2026-08-03 09:52:39,421258,18.0,0.1028,52.0,11.0,0.1089,46.0,,,,,,,,,,,,,,,,,,
2026-08-03 09:52:39,421260,19.0,0.1117,65.0,6.0,0.0467,56.0,,,,,,,,,,,,,,,,,,
2026-08-03 09:53:09,421258,17.0,0.0789,65.0,14.0,0.115,46.0,,,,,,,,,,,,,,,,,,
2026-08-03 09:53:09,421260,5.0,0.0289,65.0,11.0,0.1006,52.0,,,,,,,,,,,,,,,,,,
2026-08-03 09:53:39,421258,8.0,0.0367,60.0,4.0,0.0517,52.0,,,,,,,,,,,,,,,,,,
2026-08-03 09:53:39,421260,17.0,0.1028,60.0,10.0,0.0939,52.0,,,,,,,,,,,,,,,,,,
2026-08-03 09:54:09,421258,8.0,0.0367,65.0,10.0,0.0856,46.0,,,,,,,,,,,,,,,,,,
2026-08-03 09:54:09,421260,6.0,0.0339,71.0,7.0,0.0506,52.0,,,,,,,,,,,,,,,,,,
2026-08-03 09:54:39,421258,16.0,0.0728,65.0,11.0,0.0967,46.0,,,,,,,,,,,,,,,,,,
2026-08-03 09:54:39,421260,16.0,0.1017,60.0,10.0,0.0789,52.0,,,,,,,,,,,,,,,,,,
2026-08-03 09:55:09,421258,5.0,0.0228,60.0,5.0,0.0778,44.0,,,,,,,,,,,,,,,,,,
2026-08-03 09:55:09,421260,18.0,0.11,60.0,10.0,0.0889,46.0,,,,,,,,,,,,,,,,,,
2026-08-03 09:55:39,421258,14.0,0.0656,60.0,12.0,0.1278,40.0,,,,,,,,,,,,,,,,,,
2026-08-03 09:55:39,421260,15.0,0.0917,60.0,12.0,0.1017,52.0,,,,,,,,,,,,,,,,,,
2026-08-03 09:56:09,421258,6.0,0.0267,65.0,9.0,0.0856,49.0,,,,,,,,,,,,,,,,,,
2026-08-03 09:56:09,421260,9.0,0.0506,71.0,7.0,0.065,56.0,,,,,,,,,,,,,,,,,,
2026-08-03 09:56:39,421258,15.0,0.0678,65.0,11.0,0.1056,49.0,,,,,,,,,,,,,,,,,,
2026-08-03 09:56:39,421260,13.0,0.0756,65.0,9.0,0.0639,52.0,,,,,,,,,,,,,,,,,,
2026-08-03 09:57:09,421258,14.0,0.0639,60.0,8.0,0.0828,52.0,,,,,,,,,,,,,,,,,,
2026-08-03 09:57:09,421260,10.0,0.0617,65.0,8.0,0.0728,52.0,,,,,,,,,,,,,,,,,,
2026-08-03 09:57:39,421258,12.0,0.0539,60.0,9.0,0.11,46.0,,,,,,,,,,,,,,,,,,
2026-08-03 09:57:39,421260,15.0,0.0989,60.0,14.0,0.1139,49.0,,,,,,,,,,,,,,,,,,
2026-08-03 09:58:09,421258,15.0,0.0789,60.0,11.0,0.1756,42.0,,,,,,,,,,,,,,,,,,
2026-08-03 09:58:09,421260,10.0,0.0589,65.0,8.0,0.0556,56.0,,,,,,,,,,,,,,,,,,
2026-08-03 09:58:39,421258,6.0,0.0256,71.0,6.0,0.07,44.0,,,,,,,,,,,,,,,,,,
2026-08-03 09:58:39,421260,13.0,0.0789,60.0,8.0,0.0689,56.0,,,,,,,,,,,,,,,,,,
2026-08-03 09:59:09,421258,14.0,0.0767,56.0,13.0,0.145,46.0,,,,,,,,,,,,,,,,,,
2026-08-03 09:59:09,421260,20.0,0.145,52.0,9.0,0.0789,44.0,,,,,,,,,,,,,,,,,,
2026-08-03 09:59:39,421258,12.0,0.0606,65.0,8.0,0.07,49.0,,,,,,,,,,,,,,,,,,
2026-08-03 09:59:39,421260,19.0,0.1456,49.0,11.0,0.0978,46.0,,,,,,,,,,,,,,,,,,
2026-08-03 10:00:09,421258,12.0,0.0606,60.0,15.0,0.1556,46.0,,,,,,,,,,,,,,,,,,
2026-08-03 10:00:09,421260,9.0,0.0578,56.0,9.0,0.08,52.0,,,,,,,,,,,,,,,,,,
2026-08-03 10:00:39,421258,15.0,0.0667,65.0,10.0,0.0856,52.0,,,,,,,,,,,,,,,,,,
2026-08-03 10:00:39,421260,5.0,0.0267,71.0,6.0,0.0389,60.0,,,,,,,,,,,,,,,,,,
2026-08-03 10:01:09,421258,8.0,0.035,71.0,10.0,0.0817,46.0,,,,,,,,,,,,,,,,,,
2026-08-03 10:01:09,421260,9.0,0.0517,65.0,6.0,0.0467,52.0,,,,,,,,,,,,,,,,,,
2026-08-03 10:01:39,421258,11.0,0.05,65.0,9.0,0.0789,46.0,,,,,,,,,,,,,,,,,,
2026-08-03 10:01:39,421260,10.0,0.06,60.0,10.0,0.0778,56.0,,,,,,,,,,,,,,,,,,
2026-08-03 10:02:09,421258,14.0,0.0678,65.0,13.0,0.1439,46.0,,,,,,,,,,,,,,,,,,
2026-08-03 10:02:09,421260,9.0,0.0517,65.0,6.0,0.0456,56.0,,,,,,,,,,,,,,,,,,
2026-08-03 10:02:39,421258,9.0,0.0406,60.0,9.0,0.09,44.0,,,,,,,,,,,,,,,,,,
2026-08-03 10:02:39,421260,11.0,0.0689,60.0,12.0,0.095,56.0,,,,,,,,,,,,,,,,,,
2026-08-03 10:03:09,421258,7.0,0.03,71.0,8.0,0.0589,52.0,,,,,,,,,,,,,,,,,,
2026-08-03 10:03:09,421260,5.0,0.0289,71.0,3.0,0.0178,65.0,,,,,,,,,,,,,,,,,,
2026-08-03 10:03:39,421258,8.0,0.0367,60.0,10.0,0.0778,49.0,,,,,,,,,,,,,,,,,,
2026-08-03 10:03:39,421260,10.0,0.0606,71.0,7.0,0.0689,56.0,,,,,,,,,,,,,,,,,,
2026-08-03 10:04:09,421258,8.0,0.035,65.0,8.0,0.0817,49.0,,,,,,,,,,,,,,,,,,
2026-08-03 10:04:09,421260,15.0,0.0939,60.0,9.0,0.0567,52.0,,,,,,,,,,,,,,,,,,
2026-08-03 10:04:39,421258,8.0,0.0389,60.0,10.0,0.09,46.0,,,,,,,,,,,,,,,,,,
2026-08-03 10:04:39,421260,13.0,0.0939,60.0,11.0,0.1028,46.0,,,,,,,,,,,,,,,,,,
2026-08-03 10:05:09,421258,11.0,0.0589,60.0,7.0,0.055,52.0,,,,,,,,,,,,,,,,,,
2026-08-03 10:05:09,421260,13.0,0.0778,65.0,7.0,0.0667,52.0,,,,,,,,,,,,,,,,,,
2026-08-03 10:05:39,421258,5.0,0.02,71.0,5.0,0.0417,52.0,,,,,,,,,,,,,,,,,,
2026-08-03 10:05:39,421260,13.0,0.0817,60.0,6.0,0.0406,52.0,,,,,,,,,,,,,,,,,,
2026-08-03 10:06:09,421258,13.0,0.065,56.0,9.0,0.1039,44.0,,,,,,,,,,,,,,,,,,
2026-08-03 10:06:09,421260,13.0,0.0789,65.0,9.0,0.0717,49.0,,,,,,,,,,,,,,,,,,
2026-08-03 10:06:39,421258,6.0,0.0289,65.0,8.0,0.0889,46.0,,,,,,,,,,,,,,,,,,
2026-08-03 10:06:39,421260,9.0,0.0528,65.0,10.0,0.0989,52.0,,,,,,,,,,,,,,,,,,
2026-08-03 10:07:09,421258,15.0,0.0717,60.0,12.0,0.1517,44.0,,,,,,,,,,,,,,,,,,
2026-08-03 10:07:09,421260,10.0,0.0578,65.0,4.0,0.0256,60.0,,,,,,,,,,,,,,,,,,
2026-08-03 10:07:39,421258,14.0,0.06,65.0,6.0,0.055,49.0,,,,,,,,,,,,,,,,,,
2026-08-03 10:07:39,421260,6.0,0.0367,60.0,5.0,0.04,52.0,,,,,,,,,,,,,,,,,,
2026-08-03 10:08:09,421258,14.0,0.0639,65.0,9.0,0.085,42.0,,,,,,,,,,,,,,,,,,
2026-08-03 10:08:09,421260,10.0,0.06,65.0,9.0,0.0756,49.0,,,,,,,,,,,,,,,,,,
2026-08-03 10:08:39,421258,13.0,0.065,60.0,8.0,0.0967,44.0,,,,,,,,,,,,,,,,,,
2026-08-03 10:08:39,421260,15.0,0.0989,56.0,10.0,0.1056,44.0,,,,,,,,,,,,,,,,,,
2026-08-03 10:09:09,421258,10.0,0.0456,65.0,11.0,0.1006,52.0,,,,,,,,,,,,,,,,,,
2026-08-03 10:09:09,421260,14.0,0.1189,44.0,11.0,0.1139,42.0,,,,,,,,,,,,,,,,,,
2026-08-03 10:09:39,421258,5.0,0.02,65.0,4.0,0.0456,52.0,,,,,,,,,,,,,,,,,,
2026-08-03 10:09:39,421260,13.0,0.0889,56.0,13.0,0.1239,44.0,,,,,,,,,,,,,,,,,,
2026-08-03 10:10:09,421258,6.0,0.0267,71.0,5.0,0.0389,52.0,,,,,,,,,,,,,,,,,,
2026-08-03 10:10:09,421260,9.0,0.0556,60.0,8.0,0.0467,56.0,,,,,,,,,,,,,,,,,,
2026-08-03 10:10:39,421258,18.0,0.0917,60.0,8.0,0.0856,44.0,,,,,,,,,,,,,,,,,,
2026-08-03 10:10:39,421260,7.0,0.045,60.0,5.0,0.0689,49.0,,,,,,,,,,,,,,,,,,
2026-08-03 10:11:09,421258,4.0,0.02,60.0,5.0,0.0767,44.0,,,,,,,,,,,,,,,,,,
2026-08-03 10:11:09,421260,13.0,0.0856,56.0,9.0,0.0839,49.0,,,,,,,,,,,,,,,,,,
2026-08-03 10:11:39,421258,16.0,0.0778,60.0,11.0,0.1378,42.0,,,,,,,,,,,,,,,,,,
2026-08-03 10:11:39,421260,13.0,0.1067,49.0,12.0,0.1056,42.0,,,,,,,,,,,,,,,,,,
2026-08-03 10:12:09,421258,13.0,0.0578,65.0,10.0,0.1489,44.0,,,,,,,,,,,,,,,,,,
2026-08-03 10:12:09,421260,8.0,0.0539,56.0,10.0,0.0767,49.0,,,,,,,,,,,,,,,,,,
2026-08-03 10:12:39,421258,8.0,0.0417,60.0,7.0,0.07,49.0,,,,,,,,,,,,,,,,,,
2026-08-03 10:12:39,421260,8.0,0.0528,60.0,7.0,0.0567,52.0,,,,,,,,,,,,,,,,,,
2026-08-03 10:13:09,421258,11.0,0.0528,60.0,9.0,0.0967,46.0,,,,,,,,,,,,,,,,,,
2026-08-03 10:13:09,421260,12.0,0.0867,52.0,11.0,0.1078,44.0,,,,,,,,,,,,,,,,,,
2026-08-03 10:13:39,421258,6.0,0.0306,56.0,8.0,0.1006,42.0,,,,,,,,,,,,,,,,,,
2026-08-03 10:13:39,421260,15.0,0.0878,60.0,10.0,0.08,49.0,,,,,,,,,,,,,,,,,,
2026-08-03 10:14:09,421258,14.0,0.0728,60.0,7.0,0.0978,46.0,,,,,,,,,,,,,,,,,,
2026-08-03 10:14:09,421260,9.0,0.0639,60.0,11.0,0.0889,49.0,,,,,,,,,,,,,,,,,,
2026-08-03 10:14:39,421258,9.0,0.0456,60.0,12.0,0.1128,44.0,,,,,,,,,,,,,,,,,,
2026-08-03 10:14:39,421260,9.0,0.05,65.0,7.0,0.0606,52.0,,,,,,,,,,,,,,,,,,
2026-08-03 10:15:09,421258,9.0,0.0428,65.0,10.0,0.0939,44.0,,,,,,,,,,,,,,,,,,
2026-08-03 10:15:09,421260,7.0,0.0406,65.0,7.0,0.045,60.0,,,,,,,,,,,,,,,,,,
2026-08-03 10:15:39,421258,10.0,0.045,71.0,6.0,0.0667,42.0,,,,,,,,,,,,,,,,,,
2026-08-03 10:15:39,421260,14.0,0.0989,60.0,9.0,0.0828,52.0,,,,,,,,,,,,,,,,,,
2026-08-03 10:16:09,421258,15.0,0.0706,60.0,9.0,0.1356,42.0,,,,,,,,,,,,,,,,,,
2026-08-03 10:16:09,421260,17.0,0.1106,60.0,10.0,0.0667,49.0,,,,,,,,,,,,,,,,,,
2026-08-03 10:16:39,421258,14.0,0.0717,56.0,12.0,0.1156,46.0,,,,,,,,,,,,,,,,,,
2026-08-03 10:16:39,421260,12.0,0.075,60.0,9.0,0.0667,52.0,,,,,,,,,,,,,,,,,,
2026-08-03 10:17:09,421258,14.0,0.0756,60.0,9.0,0.1039,46.0,,,,,,,,,,,,,,,,,,
2026-08-03 10:17:09,421260,13.0,0.0817,60.0,15.0,0.14,46.0,,,,,,,,,,,,,,,,,,
2026-08-03 10:17:39,421258,10.0,0.0428,60.0,8.0,0.0828,49.0,,,,,,,,,,,,,,,,,,
2026-08-03 10:17:39,421260,8.0,0.0467,65.0,3.0,0.0256,56.0,,,,,,,,,,,,,,,,,,
2026-08-03 10:18:09,421258,12.0,0.0556,65.0,9.0,0.0867,49.0,,,,,,,,,,,,,,,,,,
2026-08-03 10:18:09,421260,10.0,0.0717,49.0,7.0,0.0578,49.0,,,,,,,,,,,,,,,,,,
2026-08-03 10:18:39,421258,13.0,0.0689,56.0,9.0,0.0828,46.0,,,,,,,,,,,,,,,,,,
2026-08-03 10:18:39,421260,17.0,0.1106,56.0,11.0,0.1189,42.0,,,,,,,,,,,,,,,,,,
2026-08-03 10:19:09,421258,10.0,0.0456,65.0,8.0,0.0817,49.0,,,,,,,,,,,,,,,,,,
2026-08-03 10:19:09,421260,15.0,0.1017,56.0,11.0,0.1089,46.0,,,,,,,,,,,,,,,,,,
2026-08-03 10:19:39,421258,11.0,0.06,56.0,12.0,0.1367,44.0,,,,,,,,,,,,,,,,,,
2026-08-03 10:19:39,421260,16.0,0.1117,56.0,11.0,0.1128,44.0,,,,,,,,,,,,,,,,,,
2026-08-03 10:20:09,421258,8.0,0.0378,65.0,9.0,0.0789,49.0,,,,,,,,,,,,,,,,,,
2026-08-03 10:20:09,421260,15.0,0.1089,52.0,10.0,0.1289,42.0,,,,,,,,,,,,,,,,,,
2026-08-03 10:20:39,421258,11.0,0.0528,60.0,5.0,0.0478,56.0,,,,,,,,,,,,,,,,,,
2026-08-03 10:20:39,421260,18.0,0.1239,52.0,13.0,0.1189,46.0,,,,,,,,,,,,,,,,,,
2026-08-03 10:21:09,421258,6.0,0.03,60.0,9.0,0.0767,46.0,,,,,,,,,,,,,,,,,,
2026-08-03 10:21:09,421260,15.0,0.1089,52.0,10.0,0.0867,46.0,,,,,,,,,,,,,,,,,,
2026-08-03 10:21:39,421258,15.0,0.0828,56.0,10.0,0.145,40.0,,,,,,,,,,,,,,,,,,
2026-08-03 10:21:39,421260,13.0,0.0806,65.0,9.0,0.0656,52.0,,,,,,,,,,,,,,,,,,
2026-08-03 10:22:09,421258,15.0,0.075,56.0,13.0,0.1817,42.0,,,,,,,,,,,,,,,,,,
2026-08-03 10:22:09,421260,13.0,0.0756,60.0,8.0,0.0706,56.0,,,,,,,,,,,,,,,,,,
2026-08-03 10:22:39,421258,14.0,0.0717,56.0,5.0,0.065,44.0,,,,,,,,,,,,,,,,,,
2026-08-03 10:22:39,421260,6.0,0.0328,65.0,8.0,0.0456,56.0,,,,,,,,,,,,,,,,,,
2026-08-03 10:23:09,421258,11.0,0.05,60.0,13.0,0.165,42.0,,,,,,,,,,,,,,,,,,
2026-08-03 10:23:09,421260,9.0,0.0489,65.0,9.0,0.0789,52.0,,,,,,,,,,,,,,,,,,
2026-08-03 10:23:39,421258,13.0,0.0717,52.0,12.0,0.1356,42.0,,,,,,,,,,,,,,,,,,
2026-08-03 10:23:39,421260,16.0,0.11,56.0,13.0,0.1189,44.0,,,,,,,,,,,,,,,,,,
2026-08-03 10:24:09,421258,17.0,0.1028,52.0,13.0,0.16,40.0,,,,,,,,,,,,,,,,,,
2026-08-03 10:24:09,421260,13.0,0.0817,65.0,10.0,0.075,52.0,,,,,,,,,,,,,,,,,,
2026-08-03 10:24:39,421258,12.0,0.0628,56.0,12.0,0.1206,46.0,,,,,,,,,,,,,,,,,,
2026-08-03 10:24:39,421260,9.0,0.0467,60.0,10.0,0.075,56.0,,,,,,,,,,,,,,,,,,
2026-08-03 10:25:09,421258,13.0,0.0656,56.0,10.0,0.0967,44.0,,,,,,,,,,,,,,,,,,
2026-08-03 10:25:09,421260,11.0,0.0639,65.0,9.0,0.06,60.0,,,,,,,,,,,,,,,,,,
2026-08-03 10:25:39,421258,12.0,0.05,71.0,7.0,0.0539,52.0,,,,,,,,,,,,,,,,,,
2026-08-03 10:25:39,421260,8.0,0.05,65.0,6.0,0.0406,56.0,,,,,,,,,,,,,,,,,,
2026-08-03 10:26:09,421258,16.0,0.0878,56.0,10.0,0.16,42.0,,,,,,,,,,,,,,,,,,
2026-08-03 10:26:09,421260,17.0,0.1028,60.0,11.0,0.0767,52.0,,,,,,,,,,,,,,,,,,
2026-08-03 10:26:39,421258,11.0,0.05,60.0,13.0,0.1117,49.0,,,,,,,,,,,,,,,,,,
2026-08-03 10:26:39,421260,13.0,0.0767,65.0,8.0,0.0656,52.0,,,,,,,,,,,,,,,,,,
2026-08-03 10:27:09,421258,14.0,0.0617,60.0,13.0,0.0967,52.0,,,,,,,,,,,,,,,,,,
2026-08-03 10:27:09,421260,9.0,0.0489,71.0,8.0,0.0578,56.0,,,,,,,,,,,,,,,,,,
2026-08-03 10:27:39,421258,4.0,0.0178,60.0,7.0,0.0728,52.0,,,,,,,,,,,,,,,,,,
2026-08-03 10:27:39,421260,13.0,0.0739,65.0,8.0,0.0606,56.0,,,,,,,,,,,,,,,,,,
2026-08-03 10:28:09,421258,13.0,0.0578,65.0,10.0,0.0817,49.0,,,,,,,,,,,,,,,,,,
2026-08-03 10:28:09,421260,15.0,0.0878,65.0,13.0,0.1006,56.0,,,,,,,,,,,,,,,,,,
2026-08-03 10:28:39,421258,16.0,0.0756,65.0,6.0,0.0767,49.0,,,,,,,,,,,,,,,,,,
2026-08-03 10:28:39,421260,10.0,0.0517,71.0,5.0,0.0328,60.0,,,,,,,,,,,,,,,,,,
2026-08-03 10:29:09,421258,11.0,0.0478,65.0,10.0,0.085,49.0,,,,,,,,,,,,,,,,,,
2026-08-03 10:29:09,421260,12.0,0.0739,60.0,9.0,0.0639,52.0,,,,,,,,,,,,,,,,,,
2026-08-03 10:29:39,421258,9.0,0.0406,65.0,6.0,0.0428,52.0,,,,,,,,,,,,,,,,,,
2026-08-03 10:29:39,421260,12.0,0.0717,60.0,8.0,0.0478,60.0,,,,,,,,,,,,,,,,,,
2026-08-03 10:30:09,421258,13.0,0.0556,65.0,10.0,0.1056,46.0,,,,,,,,,,,,,,,,,,
2026-08-03 10:30:09,421260,6.0,0.03,71.0,7.0,0.0428,60.0,,,,,,,,,,,,,,,,,,
2026-08-03 10:30:39,421258,9.0,0.0417,65.0,9.0,0.07,46.0,,,,,,,,,,,,,,,,,,
2026-08-03 10:30:39,421260,7.0,0.0439,60.0,7.0,0.0528,56.0,,,,,,,,,,,,,,,,,,
2026-08-03 10:31:09,421258,7.0,0.0317,65.0,6.0,0.0656,52.0,,,,,,,,,,,,,,,,,,
2026-08-03 10:31:09,421260,9.0,0.0606,56.0,11.0,0.1039,46.0,,,,,,,,,,,,,,,,,,
2026-08-03 10:31:39,421258,14.0,0.0678,60.0,11.0,0.0978,46.0,,,,,,,,,,,,,,,,,,
2026-08-03 10:31:39,421260,16.0,0.1056,56.0,13.0,0.1078,49.0,,,,,,,,,,,,,,,,,,
2026-08-03 10:32:09,421258,6.0,0.0256,65.0,9.0,0.1089,46.0,,,,,,,,,,,,,,,,,,
2026-08-03 10:32:09,421260,1.0,0.0056,60.0,4.0,0.0278,56.0,,,,,,,,,,,,,,,,,,
2026-08-03 10:32:39,421258,6.0,0.0256,65.0,4.0,0.0256,52.0,,,,,,,,,,,,,,,,,,
2026-08-03 10:32:39,421260,19.0,0.1228,56.0,7.0,0.0778,46.0,,,,,,,,,,,,,,,,,,
2026-08-03 10:33:09,421258,5.0,0.02,65.0,5.0,0.0689,49.0,,,,,,,,,,,,,,,,,,
2026-08-03 10:33:09,421260,11.0,0.075,65.0,9.0,0.065,56.0,,,,,,,,,,,,,,,,,,
2026-08-03 10:33:39,421258,13.0,0.0567,65.0,14.0,0.135,44.0,,,,,,,,,,,,,,,,,,
2026-08-03 10:33:39,421260,7.0,0.0417,71.0,9.0,0.065,60.0,,,,,,,,,,,,,,,,,,
2026-08-03 10:34:09,421258,14.0,0.0617,65.0,11.0,0.0978,49.0,,,,,,,,,,,,,,,,,,
2026-08-03 10:34:09,421260,5.0,0.0289,65.0,9.0,0.0689,52.0,,,,,,,,,,,,,,,,,,
2026-08-03 10:34:39,421258,9.0,0.0406,60.0,6.0,0.0428,52.0,,,,,,,,,,,,,,,,,,
2026-08-03 10:34:39,421260,8.0,0.045,65.0,8.0,0.06,56.0,,,,,,,,,,,,,,,,,,
2026-08-03 10:35:09,421258,11.0,0.0578,60.0,9.0,0.1206,44.0,,,,,,,,,,,,,,,,,,
2026-08-03 10:35:09,421260,13.0,0.075,65.0,6.0,0.0639,56.0,,,,,,,,,,,,,,,,,,
2026-08-03 10:35:39,421258,6.0,0.0306,60.0,12.0,0.1217,44.0,,,,,,,,,,,,,,,,,,
2026-08-03 10:35:39,421260,10.0,0.055,65.0,15.0,0.1078,56.0,,,,,,,,,,,,,,,,,,
2026-08-03 10:36:09,421258,4.0,0.02,52.0,9.0,0.1117,44.0,,,,,,,,,,,,,,,,,,
2026-08-03 10:36:09,421260,8.0,0.0417,71.0,4.0,0.025,56.0,,,,,,,,,,,,,,,,,,
2026-08-03 10:36:39,421258,10.0,0.045,60.0,9.0,0.0739,49.0,,,,,,,,,,,,,,,,,,
2026-08-03 10:36:39,421260,12.0,0.07,65.0,10.0,0.0889,52.0,,,,,,,,,,,,,,,,,,
2026-08-03 10:37:09,421258,11.0,0.05,65.0,11.0,0.1006,46.0,,,,,,,,,,,,,,,,,,
2026-08-03 10:37:09,421260,11.0,0.0706,60.0,8.0,0.055,56.0,,,,,,,,,,,,,,,,,,
2026-08-03 10:37:39,421258,10.0,0.0428,65.0,10.0,0.0967,49.0,,,,,,,,,,,,,,,,,,
2026-08-03 10:37:39,421260,10.0,0.0589,65.0,8.0,0.0778,56.0,,,,,,,,,,,,,,,,,,
2026-08-03 10:38:09,421258,12.0,0.0517,71.0,8.0,0.0739,49.0,,,,,,,,,,,,,,,,,,
2026-08-03 10:38:09,421260,13.0,0.0856,60.0,13.0,0.0978,52.0,,,,,,,,,,,,,,,,,,
2026-08-03 10:38:39,421258,5.0,0.0228,71.0,3.0,0.0217,56.0,,,,,,,,,,,,,,,,,,
2026-08-03 10:38:39,421260,14.0,0.0889,60.0,9.0,0.0889,52.0,,,,,,,,,,,,,,,,,,
2026-08-03 10:39:09,421258,10.0,0.0528,60.0,12.0,0.1178,46.0,,,,,,,,,,,,,,,,,,
2026-08-03 10:39:09,421260,10.0,0.0528,60.0,10.0,0.0767,52.0,,,,,,,,,,,,,,,,,,
2026-08-03 10:39:39,421258,10.0,0.0528,56.0,10.0,0.0939,42.0,,,,,,,,,,,,,,,,,,
2026-08-03 10:39:39,421260,10.0,0.0639,60.0,7.0,0.06,52.0,,,,,,,,,,,,,,,,,,
2026-08-03 10:40:09,421258,11.0,0.0556,60.0,9.0,0.1139,44.0,,,,,,,,,,,,,,,,,,
2026-08-03 10:40:09,421260,13.0,0.0767,65.0,10.0,0.0917,52.0,,,,,,,,,,,,,,,,,,
2026-08-03 10:40:39,421258,15.0,0.0706,60.0,12.0,0.1167,46.0,,,,,,,,,,,,,,,,,,
2026-08-03 10:40:39,421260,14.0,0.0767,71.0,8.0,0.0539,60.0,,,,,,,,,,,,,,,,,,
2026-08-03 10:41:09,421258,14.0,0.0639,60.0,9.0,0.0828,49.0,,,,,,,,,,,,,,,,,,
2026-08-03 10:41:09,421260,11.0,0.065,65.0,8.0,0.0656,52.0,,,,,,,,,,,,,,,,,,
2026-08-03 10:41:39,421258,10.0,0.0467,60.0,10.0,0.0889,46.0,,,,,,,,,,,,,,,,,,
2026-08-03 10:41:39,421260,7.0,0.0406,65.0,10.0,0.0767,49.0,,,,,,,,,,,,,,,,,,
2026-08-03 10:42:09,421258,9.0,0.0428,60.0,7.0,0.0828,49.0,,,,,,,,,,,,,,,,,,
2026-08-03 10:42:09,421260,11.0,0.0667,60.0,5.0,0.055,42.0,,,,,,,,,,,,,,,,,,
2026-08-03 10:42:39,421258,19.0,0.0917,60.0,14.0,0.1428,46.0,,,,,,,,,,,,,,,,,,
2026-08-03 10:42:39,421260,6.0,0.0389,56.0,9.0,0.0689,49.0,,,,,,,,,,,,,,,,,,
2026-08-03 10:43:09,421258,6.0,0.0267,71.0,7.0,0.0539,52.0,,,,,,,,,,,,,,,,,,
2026-08-03 10:43:09,421260,15.0,0.105,56.0,12.0,0.1156,44.0,,,,,,,,,,,,,,,,,,
2026-08-03 10:43:39,421258,2.0,0.0089,65.0,7.0,0.0606,49.0,,,,,,,,,,,,,,,,,,
2026-08-03 10:43:39,421260,12.0,0.0739,60.0,10.0,0.0856,46.0,,,,,,,,,,,,,,,,,,
2026-08-03 10:44:09,421258,8.0,0.0378,60.0,9.0,0.1078,44.0,,,,,,,,,,,,,,,,,,
2026-08-03 10:44:09,421260,19.0,0.145,52.0,15.0,0.1206,46.0,,,,,,,,,,,,,,,,,,
2026-08-03 10:44:39,421258,5.0,0.025,65.0,9.0,0.085,46.0,,,,,,,,,,,,,,,,,,
2026-08-03 10:44:39,421260,13.0,0.0728,65.0,7.0,0.0739,52.0,,,,,,,,,,,,,,,,,,
2026-08-03 10:45:09,421258,9.0,0.0417,56.0,8.0,0.0967,44.0,,,,,,,,,,,,,,,,,,
2026-08-03 10:45:09,421260,7.0,0.0417,65.0,9.0,0.0617,60.0,,,,,,,,,,,,,,,,,,
2026-08-03 10:45:39,421258,15.0,0.0717,60.0,8.0,0.0667,49.0,,,,,,,,,,,,,,,,,,
2026-08-03 10:45:39,421260,6.0,0.0356,65.0,9.0,0.0706,56.0,,,,,,,,,,,,,,,,,,
2026-08-03 10:46:09,421258,13.0,0.0656,56.0,11.0,0.1417,40.0,,,,,,,,,,,,,,,,,,
2026-08-03 10:46:09,421260,11.0,0.0706,60.0,9.0,0.0589,49.0,,,,,,,,,,,,,,,,,,
2026-08-03 10:46:39,421258,21.0,0.1189,52.0,15.0,0.155,42.0,,,,,,,,,,,,,,,,,,
2026-08-03 10:46:39,421260,7.0,0.04,65.0,10.0,0.08,56.0,,,,,,,,,,,,,,,,,,
2026-08-03 10:47:09,421258,13.0,0.07,56.0,11.0,0.1089,44.0,,,,,,,,,,,,,,,,,,
2026-08-03 10:47:09,421260,12.0,0.0717,65.0,7.0,0.09,52.0,,,,,,,,,,,,,,,,,,
2026-08-03 10:47:39,421258,8.0,0.0367,65.0,7.0,0.065,49.0,,,,,,,,,,,,,,,,,,
2026-08-03 10:47:39,421260,13.0,0.08,60.0,11.0,0.0928,49.0,,,,,,,,,,,,,,,,,,
2026-08-03 10:48:09,421258,9.0,0.0378,71.0,7.0,0.0628,49.0,,,,,,,,,,,,,,,,,,
2026-08-03 10:48:09,421260,15.0,0.0917,60.0,6.0,0.0439,52.0,,,,,,,,,,,,,,,,,,
2026-08-03 10:48:39,421258,4.0,0.0189,71.0,8.0,0.0639,56.0,,,,,,,,,,,,,,,,,,
2026-08-03 10:48:39,421260,8.0,0.0517,65.0,13.0,0.1078,49.0,,,,,,,,,,,,,,,,,,
2026-08-03 10:49:09,421258,11.0,0.0528,56.0,11.0,0.165,40.0,,,,,,,,,,,,,,,,,,
2026-08-03 10:49:09,421260,11.0,0.06,65.0,7.0,0.0489,56.0,,,,,,,,,,,,,,,,,,
2026-08-03 10:49:39,421258,9.0,0.0378,65.0,9.0,0.1078,49.0,,,,,,,,,,,,,,,,,,
2026-08-03 10:49:39,421260,13.0,0.0739,65.0,11.0,0.075,56.0,,,,,,,,,,,,,,,,,,
2026-08-03 10:50:09,421258,10.0,0.0489,65.0,7.0,0.0806,46.0,,,,,,,,,,,,,,,,,,
2026-08-03 10:50:09,421260,11.0,0.0667,65.0,11.0,0.0828,49.0,,,,,,,,,,,,,,,,,,
2026-08-03 10:50:39,421258,13.0,0.0678,60.0,9.0,0.0889,46.0,,,,,,,,,,,,,,,,,,
2026-08-03 10:50:39,421260,15.0,0.1028,56.0,11.0,0.0817,52.0,,,,,,,,,,,,,,,,,,
2026-08-03 10:51:09,421258,11.0,0.045,60.0,13.0,0.1106,49.0,,,,,,,,,,,,,,,,,,
2026-08-03 10:51:09,421260,10.0,0.0578,65.0,9.0,0.075,56.0,,,,,,,,,,,,,,,,,,
2026-08-03 10:51:39,421258,12.0,0.0539,65.0,11.0,0.0867,49.0,,,,,,,,,,,,,,,,,,
2026-08-03 10:51:39,421260,12.0,0.0706,65.0,6.0,0.0478,52.0,,,,,,,,,,,,,,,,,,
2026-08-03 10:52:09,421258,6.0,0.0239,65.0,8.0,0.0739,56.0,,,,,,,,,,,,,,,,,,
2026-08-03 10:52:09,421260,15.0,0.0928,56.0,13.0,0.1067,49.0,,,,,,,,,,,,,,,,,,
2026-08-03 10:52:39,421258,15.0,0.0728,60.0,9.0,0.125,42.0,,,,,,,,,,,,,,,,,,
2026-08-03 10:52:39,421260,16.0,0.1117,56.0,11.0,0.0917,52.0,,,,,,,,,,,,,,,,,,
2026-08-03 10:53:09,421258,15.0,0.0689,65.0,10.0,0.0956,46.0,,,,,,,,,,,,,,,,,,
2026-08-03 10:53:09,421260,10.0,0.0617,60.0,9.0,0.0817,52.0,,,,,,,,,,,,,,,,,,
2026-08-03 10:53:39,421258,7.0,0.0306,65.0,10.0,0.1256,46.0,,,,,,,,,,,,,,,,,,
2026-08-03 10:53:39,421260,11.0,0.065,60.0,8.0,0.0489,56.0,,,,,,,,,,,,,,,,,,
2026-08-03 10:54:09,421258,8.0,0.0339,65.0,10.0,0.1056,49.0,,,,,,,,,,,,,,,,,,
2026-08-03 10:54:09,421260,10.0,0.0578,65.0,10.0,0.0739,52.0,,,,,,,,,,,,,,,,,,
2026-08-03 10:54:39,421258,19.0,0.0956,60.0,13.0,0.1367,46.0,,,,,,,,,,,,,,,,,,
2026-08-03 10:54:39,421260,8.0,0.0456,65.0,8.0,0.0706,49.0,,,,,,,,,,,,,,,,,,
2026-08-03 10:55:09,421258,7.0,0.0317,60.0,9.0,0.0817,52.0,,,,,,,,,,,,,,,,,,
2026-08-03 10:55:09,421260,11.0,0.0817,52.0,14.0,0.1206,49.0,,,,,,,,,,,,,,,,,,
2026-08-03 10:55:39,421258,15.0,0.0656,60.0,13.0,0.1156,49.0,,,,,,,,,,,,,,,,,,
2026-08-03 10:55:39,421260,14.0,0.1039,52.0,14.0,0.1156,49.0,,,,,,,,,,,,,,,,,,
2026-08-03 10:56:09,421258,10.0,0.0417,65.0,6.0,0.0489,49.0,,,,,,,,,,,,,,,,,,
2026-08-03 10:56:09,421260,12.0,0.0706,60.0,12.0,0.08,52.0,,,,,,,,,,,,,,,,,,
2026-08-03 10:56:39,421258,7.0,0.0367,56.0,5.0,0.0706,42.0,,,,,,,,,,,,,,,,,,
2026-08-03 10:56:39,421260,11.0,0.0706,60.0,14.0,0.1256,52.0,,,,,,,,,,,,,,,,,,
2026-08-03 10:57:09,421258,7.0,0.0306,71.0,7.0,0.0767,49.0,,,,,,,,,,,,,,,,,,
2026-08-03 10:57:09,421260,9.0,0.0567,60.0,10.0,0.0717,56.0,,,,,,,,,,,,,,,,,,
2026-08-03 10:57:39,421258,13.0,0.0689,56.0,12.0,0.105,46.0,,,,,,,,,,,,,,,,,,
2026-08-03 10:57:39,421260,5.0,0.0306,65.0,9.0,0.0689,49.0,,,,,,,,,,,,,,,,,,
2026-08-03 10:58:09,421258,14.0,0.0656,65.0,11.0,0.1667,34.0,,,,,,,,,,,,,,,,,,
2026-08-03 10:58:09,421260,13.0,0.0828,65.0,11.0,0.0789,52.0,,,,,,,,,,,,,,,,,,
2026-08-03 10:58:39,421258,14.0,0.0656,60.0,14.0,0.14,46.0,,,,,,,,,,,,,,,,,,
2026-08-03 10:58:39,421260,9.0,0.045,71.0,8.0,0.07,52.0,,,,,,,,,,,,,,,,,,
2026-08-03 10:59:09,421258,9.0,0.045,60.0,9.0,0.1217,36.0,,,,,,,,,,,,,,,,,,
2026-08-03 10:59:09,421260,7.0,0.0378,65.0,6.0,0.0417,60.0,,,,,,,,,,,,,,,,,,
2026-08-03 10:59:39,421258,10.0,0.0567,56.0,13.0,0.1228,44.0,,,,,,,,,,,,,,,,,,
2026-08-03 10:59:39,421260,12.0,0.07,65.0,9.0,0.0717,52.0,,,,,,,,,,,,,,,,,,
2026-08-03 11:00:09,421258,10.0,0.0428,71.0,10.0,0.1106,44.0,,,,,,,,,,,,,,,,,,
2026-08-03 11:00:09,421260,16.0,0.0939,60.0,7.0,0.0539,52.0,,,,,,,,,,,,,,,,,,
2026-08-03 11:00:39,421258,11.0,0.0489,65.0,11.0,0.12,40.0,,,,,,,,,,,,,,,,,,
2026-08-03 11:00:39,421260,10.0,0.0678,56.0,10.0,0.0806,46.0,,,,,,,,,,,,,,,,,,
2026-08-03 11:01:09,421258,8.0,0.0339,65.0,6.0,0.0789,49.0,,,,,,,,,,,,,,,,,,
2026-08-03 11:01:09,421260,7.0,0.0439,65.0,10.0,0.0917,49.0,,,,,,,,,,,,,,,,,,
2026-08-03 11:01:39,421258,9.0,0.0378,71.0,7.0,0.0389,60.0,,,,,,,,,,,,,,,,,,
2026-08-03 11:01:39,421260,12.0,0.0739,65.0,7.0,0.0489,56.0,,,,,,,,,,,,,,,,,,
2026-08-03 11:02:09,421258,9.0,0.0406,65.0,8.0,0.125,42.0,,,,,,,,,,,,,,,,,,
2026-08-03 11:02:09,421260,13.0,0.0667,65.0,11.0,0.0767,56.0,,,,,,,,,,,,,,,,,,
2026-08-03 11:02:39,421258,6.0,0.0267,65.0,9.0,0.075,49.0,,,,,,,,,,,,,,,,,,
2026-08-03 11:02:39,421260,10.0,0.0639,60.0,10.0,0.0839,56.0,,,,,,,,,,,,,,,,,,
2026-08-03 11:03:09,421258,8.0,0.0378,65.0,10.0,0.15,44.0,,,,,,,,,,,,,,,,,,
2026-08-03 11:03:09,421260,9.0,0.0556,60.0,8.0,0.0617,49.0,,,,,,,,,,,,,,,,,,
2026-08-03 11:03:39,421258,15.0,0.0728,60.0,10.0,0.1056,44.0,,,,,,,,,,,,,,,,,,
2026-08-03 11:03:39,421260,17.0,0.0967,65.0,6.0,0.0417,60.0,,,,,,,,,,,,,,,,,,
2026-08-03 11:04:09,421258,13.0,0.0606,65.0,9.0,0.0867,49.0,,,,,,,,,,,,,,,,,,
2026-08-03 11:04:09,421260,12.0,0.0739,60.0,12.0,0.0956,49.0,,,,,,,,,,,,,,,,,,
2026-08-03 11:04:39,421258,9.0,0.0378,71.0,4.0,0.0267,60.0,,,,,,,,,,,,,,,,,,
2026-08-03 11:04:39,421260,19.0,0.1189,60.0,11.0,0.105,52.0,,,,,,,,,,,,,,,,,,
2026-08-03 11:05:09,421258,3.0,0.0139,60.0,5.0,0.0728,46.0,,,,,,,,,,,,,,,,,,
2026-08-03 11:05:09,421260,5.0,0.0289,65.0,9.0,0.075,52.0,,,,,,,,,,,,,,,,,,
2026-08-03 11:05:39,421258,18.0,0.0978,56.0,13.0,0.1267,46.0,,,,,,,,,,,,,,,,,,
2026-08-03 11:05:39,421260,8.0,0.0439,65.0,11.0,0.0778,49.0,,,,,,,,,,,,,,,,,,
2026-08-03 11:06:09,421258,11.0,0.0578,60.0,10.0,0.0978,46.0,,,,,,,,,,,,,,,,,,
2026-08-03 11:06:09,421260,5.0,0.025,78.0,8.0,0.0478,65.0,,,,,,,,,,,,,,,,,,
2026-08-03 11:06:39,421258,16.0,0.0717,65.0,10.0,0.1056,46.0,,,,,,,,,,,,,,,,,,
2026-08-03 11:06:39,421260,10.0,0.0578,65.0,8.0,0.0567,52.0,,,,,,,,,,,,,,,,,,
2026-08-03 11:07:09,421258,4.0,0.0178,65.0,11.0,0.1489,44.0,,,,,,,,,,,,,,,,,,
2026-08-03 11:07:09,421260,8.0,0.0478,65.0,9.0,0.0689,56.0,,,,,,,,,,,,,,,,,,
2026-08-03 11:07:39,421258,11.0,0.0489,65.0,11.0,0.1167,44.0,,,,,,,,,,,,,,,,,,
2026-08-03 11:07:39,421260,5.0,0.0289,65.0,7.0,0.0467,60.0,,,,,,,,,,,,,,,,,,
2026-08-03 11:08:09,421258,12.0,0.0528,65.0,10.0,0.0856,46.0,,,,,,,,,,,,,,,,,,
2026-08-03 11:08:09,421260,13.0,0.0789,65.0,10.0,0.1206,49.0,,,,,,,,,,,,,,,,,,
2026-08-03 11:08:39,421258,4.0,0.0178,65.0,7.0,0.0567,52.0,,,,,,,,,,,,,,,,,,
2026-08-03 11:08:39,421260,16.0,0.0967,65.0,10.0,0.0917,49.0,,,,,,,,,,,,,,,,,,
2026-08-03 11:09:09,421258,8.0,0.0367,60.0,10.0,0.0806,52.0,,,,,,,,,,,,,,,,,,
2026-08-03 11:09:09,421260,11.0,0.0628,65.0,6.0,0.0578,56.0,,,,,,,,,,,,,,,,,,
2026-08-03 11:09:39,421258,9.0,0.0417,65.0,6.0,0.055,49.0,,,,,,,,,,,,,,,,,,
2026-08-03 11:09:39,421260,9.0,0.0517,65.0,8.0,0.06,52.0,,,,,,,,,,,,,,,,,,
2026-08-03 11:10:09,421258,3.0,0.0139,65.0,5.0,0.035,52.0,,,,,,,,,,,,,,,,,,
2026-08-03 11:10:09,421260,6.0,0.0356,65.0,9.0,0.075,56.0,,,,,,,,,,,,,,,,,,
2026-08-03 11:10:39,421258,15.0,0.0717,60.0,12.0,0.145,40.0,,,,,,,,,,,,,,,,,,
2026-08-03 11:10:39,421260,15.0,0.0906,60.0,10.0,0.0817,52.0,,,,,,,,,,,,,,,,,,
2026-08-03 11:11:09,421258,14.0,0.0778,56.0,10.0,0.3706,44.0,,,,,,,,,,,,,,,,,,
2026-08-03 11:11:09,421260,16.0,0.1067,56.0,12.0,0.0939,52.0,,,,,,,,,,,,,,,,,,
2026-08-03 11:11:39,421258,11.0,0.05,65.0,0.0,0.9967,0.0,,,,,,,,,,,,,,,,,,
2026-08-03 11:11:39,421260,5.0,0.0256,71.0,6.0,0.0439,60.0,,,,,,,,,,,,,,,,,,
2026-08-03 11:12:09,421258,5.0,0.02,65.0,0.0,0.9967,0.0,,,,,,,,,,,,,,,,,,
2026-08-03 11:12:09,421260,13.0,0.1078,49.0,6.0,0.0756,33.0,,,,,,,,,,,,,,,,,,
2026-08-03 11:12:39,421258,12.0,0.0628,60.0,0.0,0.9967,0.0,,,,,,,,,,,,,,,,,,
2026-08-03 11:12:39,421260,6.0,0.0378,60.0,9.0,0.0689,49.0,,,,,,,,,,,,,,,,,,
2026-08-03 11:13:09,421258,15.0,0.0739,56.0,10.0,0.4217,49.0,,,,,,,,,,,,,,,,,,
2026-08-03 11:13:09,421260,12.0,0.0667,71.0,8.0,0.06,56.0,,,,,,,,,,,,,,,,,,
2026-08-03 11:13:39,421258,8.0,0.0389,60.0,9.0,0.0767,49.0,,,,,,,,,,,,,,,,,,
2026-08-03 11:13:39,421260,9.0,0.0567,65.0,11.0,0.1017,52.0,,,,,,,,,,,,,,,,,,
2026-08-03 11:14:09,421258,6.0,0.0339,65.0,6.0,0.0589,49.0,,,,,,,,,,,,,,,,,,
2026-08-03 11:14:09,421260,15.0,0.095,60.0,12.0,0.1078,49.0,,,,,,,,,,,,,,,,,,
2026-08-03 11:14:39,421258,4.0,0.0178,65.0,4.0,0.0228,52.0,,,,,,,,,,,,,,,,,,
2026-08-03 11:14:39,421260,13.0,0.0817,60.0,10.0,0.1006,52.0,,,,,,,,,,,,,,,,,,
2026-08-03 11:15:09,421258,6.0,0.0267,65.0,8.0,0.0889,46.0,,,,,,,,,,,,,,,,,,
2026-08-03 11:15:09,421260,11.0,0.08,56.0,9.0,0.0689,52.0,,,,,,,,,,,,,,,,,,
2026-08-03 11:15:39,421258,13.0,0.0739,52.0,16.0,0.175,42.0,,,,,,,,,,,,,,,,,,
2026-08-03 11:15:39,421260,9.0,0.0506,65.0,7.0,0.0517,56.0,,,,,,,,,,,,,,,,,,
2026-08-03 11:16:09,421258,9.0,0.0506,56.0,12.0,0.1278,46.0,,,,,,,,,,,,,,,,,,
2026-08-03 11:16:09,421260,8.0,0.0428,71.0,8.0,0.0639,56.0,,,,,,,,,,,,,,,,,,
2026-08-03 11:16:39,421258,14.0,0.0728,60.0,12.0,0.1217,46.0,,,,,,,,,,,,,,,,,,
2026-08-03 11:16:39,421260,12.0,0.0706,65.0,6.0,0.0656,49.0,,,,,,,,,,,,,,,,,,
2026-08-03 11:17:09,421258,5.0,0.0317,60.0,11.0,0.1256,42.0,,,,,,,,,,,,,,,,,,
2026-08-03 11:17:09,421260,14.0,0.0928,60.0,15.0,0.1128,49.0,,,,,,,,,,,,,,,,,,
2026-08-03 11:17:39,421258,15.0,0.0856,52.0,14.0,0.1217,44.0,,,,,,,,,,,,,,,,,,
2026-08-03 11:17:39,421260,12.0,0.0889,52.0,11.0,0.0917,49.0,,,,,,,,,,,,,,,,,,
2026-08-03 11:18:09,421258,7.0,0.0339,65.0,10.0,0.0978,46.0,,,,,,,,,,,,,,,,,,
2026-08-03 11:18:09,421260,13.0,0.0817,60.0,7.0,0.0778,52.0,,,,,,,,,,,,,,,,,,
2026-08-03 11:18:39,421258,7.0,0.0328,71.0,7.0,0.095,49.0,,,,,,,,,,,,,,,,,,
2026-08-03 11:18:39,421260,7.0,0.045,56.0,10.0,0.0728,56.0,,,,,,,,,,,,,,,,,,
2026-08-03 11:19:09,421258,10.0,0.05,60.0,6.0,0.0639,46.0,,,,,,,,,,,,,,,,,,
2026-08-03 11:19:09,421260,11.0,0.085,52.0,12.0,0.1189,42.0,,,,,,,,,,,,,,,,,,
2026-08-03 11:19:39,421258,11.0,0.0578,60.0,13.0,0.1256,44.0,,,,,,,,,,,,,,,,,,
2026-08-03 11:19:39,421260,14.0,0.0856,60.0,8.0,0.0678,49.0,,,,,,,,,,,,,,,,,,
2026-08-03 11:20:09,421258,9.0,0.0456,56.0,12.0,0.1128,44.0,,,,,,,,,,,,,,,,,,
2026-08-03 11:20:09,421260,11.0,0.0667,60.0,10.0,0.1039,44.0,,,,,,,,,,,,,,,,,,
2026-08-03 11:20:39,421258,12.0,0.0578,60.0,11.0,0.1289,44.0,,,,,,,,,,,,,,,,,,
2026-08-03 11:20:39,421260,17.0,0.1189,52.0,14.0,0.1306,46.0,,,,,,,,,,,,,,,,,,
2026-08-03 11:21:09,421258,8.0,0.0417,56.0,10.0,0.0867,49.0,,,,,,,,,,,,,,,,,,
2026-08-03 11:21:09,421260,14.0,0.1,56.0,13.0,0.1039,49.0,,,,,,,,,,,,,,,,,,
2026-08-03 11:21:39,421258,10.0,0.045,71.0,6.0,0.0767,49.0,,,,,,,,,,,,,,,,,,
2026-08-03 11:21:39,421260,16.0,0.0967,56.0,11.0,0.0856,49.0,,,,,,,,,,,,,,,,,,
2026-08-03 11:22:09,421258,13.0,0.0728,56.0,14.0,0.1256,46.0,,,,,,,,,,,,,,,,,,
2026-08-03 11:22:09,421260,20.0,0.1439,52.0,11.0,0.1067,46.0,,,,,,,,,,,,,,,,,,
2026-08-03 11:22:39,421258,6.0,0.0239,65.0,4.0,0.0478,34.0,,,,,,,,,,,,,,,,,,
2026-08-03 11:22:39,421260,7.0,0.0406,65.0,10.0,0.0756,52.0,,,,,,,,,,,,,,,,,,
2026-08-03 11:23:09,421258,18.0,0.0928,56.0,11.0,0.1278,42.0,,,,,,,,,,,,,,,,,,
2026-08-03 11:23:09,421260,10.0,0.0539,71.0,7.0,0.0506,52.0,,,,,,,,,,,,,,,,,,
2026-08-03 11:23:39,421258,15.0,0.0806,52.0,13.0,0.1917,38.0,,,,,,,,,,,,,,,,,,
2026-08-03 11:23:39,421260,9.0,0.0517,65.0,10.0,0.0728,52.0,,,,,,,,,,,,,,,,,,
2026-08-03 11:24:09,421258,13.0,0.0717,52.0,10.0,0.1,44.0,,,,,,,,,,,,,,,,,,
2026-08-03 11:24:09,421260,12.0,0.0639,71.0,8.0,0.0556,56.0,,,,,,,,,,,,,,,,,,
2026-08-03 11:24:39,421258,19.0,0.1056,56.0,10.0,0.1178,44.0,,,,,,,,,,,,,,,,,,
2026-08-03 11:24:39,421260,10.0,0.0556,65.0,8.0,0.0617,52.0,,,,,,,,,,,,,,,,,,
2026-08-03 11:25:09,421258,11.0,0.0567,60.0,11.0,0.1328,46.0,,,,,,,,,,,,,,,,,,
2026-08-03 11:25:09,421260,8.0,0.0556,60.0,10.0,0.1,46.0,,,,,,,,,,,,,,,,,,
2026-08-03 11:25:39,421258,12.0,0.0556,60.0,7.0,0.0728,44.0,,,,,,,,,,,,,,,,,,
2026-08-03 11:25:39,421260,11.0,0.0717,65.0,10.0,0.0917,49.0,,,,,,,,,,,,,,,,,,
2026-08-03 11:26:09,421258,16.0,0.0728,60.0,14.0,0.1856,40.0,,,,,,,,,,,,,,,,,,
2026-08-03 11:26:09,421260,11.0,0.075,65.0,11.0,0.0856,52.0,,,,,,,,,,,,,,,,,,
2026-08-03 11:26:39,421258,14.0,0.0617,65.0,11.0,0.1017,49.0,,,,,,,,,,,,,,,,,,
2026-08-03 11:26:39,421260,12.0,0.0717,65.0,9.0,0.0706,56.0,,,,,,,,,,,,,,,,,,
2026-08-03 11:27:09,421258,3.0,0.0139,65.0,5.0,0.0378,56.0,,,,,,,,,,,,,,,,,,
2026-08-03 11:27:09,421260,7.0,0.0378,65.0,5.0,0.035,56.0,,,,,,,,,,,,,,,,,,
2026-08-03 11:27:39,421258,7.0,0.0389,65.0,6.0,0.075,38.0,,,,,,,,,,,,,,,,,,
2026-08-03 11:27:39,421260,14.0,0.0806,65.0,9.0,0.0656,49.0,,,,,,,,,,,,,,,,,,
2026-08-03 11:28:09,421258,15.0,0.0878,56.0,15.0,0.1589,44.0,,,,,,,,,,,,,,,,,,
2026-08-03 11:28:09,421260,12.0,0.0706,65.0,10.0,0.0728,56.0,,,,,,,,,,,,,,,,,,
2026-08-03 11:28:39,421258,16.0,0.0717,65.0,11.0,0.125,46.0,,,,,,,,,,,,,,,,,,
2026-08-03 11:28:39,421260,9.0,0.0467,71.0,6.0,0.0506,56.0,,,,,,,,,,,,,,,,,,
2026-08-03 11:29:09,421258,7.0,0.0306,71.0,7.0,0.0539,52.0,,,,,,,,,,,,,,,,,,
2026-08-03 11:29:09,421260,6.0,0.0378,71.0,5.0,0.0367,56.0,,,,,,,,,,,,,,,,,,
2026-08-03 11:29:39,421258,10.0,0.0428,65.0,10.0,0.1006,52.0,,,,,,,,,,,,,,,,,,
2026-08-03 11:29:39,421260,9.0,0.0517,65.0,6.0,0.055,46.0,,,,,,,,,,,,,,,,,,
2026-08-03 11:30:09,421258,10.0,0.0428,71.0,9.0,0.1017,49.0,,,,,,,,,,,,,,,,,,
2026-08-03 11:30:09,421260,9.0,0.0517,65.0,7.0,0.0517,49.0,,,,,,,,,,,,,,,,,,
2026-08-03 11:30:39,421258,8.0,0.0378,60.0,6.0,0.0589,46.0,,,,,,,,,,,,,,,,,,
2026-08-03 11:30:39,421260,8.0,0.0467,65.0,8.0,0.06,52.0,,,,,,,,,,,,,,,,,,
2026-08-03 11:31:09,421258,7.0,0.0306,65.0,5.0,0.0689,49.0,,,,,,,,,,,,,,,,,,
2026-08-03 11:31:09,421260,14.0,0.0878,60.0,11.0,0.0839,52.0,,,,,,,,,,,,,,,,,,
2026-08-03 11:31:39,421258,3.0,0.0139,78.0,3.0,0.0306,60.0,,,,,,,,,,,,,,,,,,
2026-08-03 11:31:39,421260,4.0,0.0228,65.0,3.0,0.0228,49.0,,,,,,,,,,,,,,,,,,
2026-08-03 11:32:09,421258,10.0,0.0467,65.0,8.0,0.1006,46.0,,,,,,,,,,,,,,,,,,
2026-08-03 11:32:09,421260,13.0,0.08,65.0,6.0,0.0628,52.0,,,,,,,,,,,,,,,,,,
2026-08-03 11:32:39,421258,7.0,0.0339,65.0,10.0,0.1039,49.0,,,,,,,,,,,,,,,,,,
2026-08-03 11:32:39,421260,17.0,0.11,60.0,11.0,0.09,49.0,,,,,,,,,,,,,,,,,,
2026-08-03 11:33:09,421258,9.0,0.0378,65.0,7.0,0.0789,46.0,,,,,,,,,,,,,,,,,,
2026-08-03 11:33:09,421260,15.0,0.09,60.0,8.0,0.085,46.0,,,,,,,,,,,,,,,,,,
2026-08-03 11:33:39,421258,12.0,0.0567,65.0,9.0,0.075,49.0,,,,,,,,,,,,,,,,,,
2026-08-03 11:33:39,421260,7.0,0.0417,65.0,6.0,0.0539,56.0,,,,,,,,,,,,,,,,,,
2026-08-03 11:34:09,421258,5.0,0.0217,65.0,9.0,0.0767,52.0,,,,,,,,,,,,,,,,,,
2026-08-03 11:34:09,421260,16.0,0.0939,65.0,10.0,0.0917,49.0,,,,,,,,,,,,,,,,,,
2026-08-03 11:34:39,421258,15.0,0.07,65.0,9.0,0.1,49.0,,,,,,,,,,,,,,,,,,
2026-08-03 11:34:39,421260,8.0,0.0517,60.0,7.0,0.0728,52.0,,,,,,,,,,,,,,,,,,
2026-08-03 11:35:09,421258,14.0,0.0639,65.0,7.0,0.0706,44.0,,,,,,,,,,,,,,,,,,
2026-08-03 11:35:09,421260,17.0,0.1239,52.0,13.0,0.13,46.0,,,,,,,,,,,,,,,,,,
2026-08-03 11:35:39,421258,7.0,0.035,56.0,10.0,0.1278,44.0,,,,,,,,,,,,,,,,,,
2026-08-03 11:35:39,421260,11.0,0.0717,60.0,7.0,0.0578,49.0,,,,,,,,,,,,,,,,,,
2026-08-03 11:36:09,421258,11.0,0.0517,65.0,8.0,0.0889,44.0,,,,,,,,,,,,,,,,,,
2026-08-03 11:36:09,421260,13.0,0.08,65.0,8.0,0.075,49.0,,,,,,,,,,,,,,,,,,
2026-08-03 11:36:39,421258,11.0,0.05,60.0,7.0,0.0867,44.0,,,,,,,,,,,,,,,,,,
2026-08-03 11:36:39,421260,10.0,0.0667,65.0,10.0,0.075,52.0,,,,,,,,,,,,,,,,,,
2026-08-03 11:37:09,421258,9.0,0.045,60.0,9.0,0.1439,46.0,,,,,,,,,,,,,,,,,,
2026-08-03 11:37:09,421260,15.0,0.095,60.0,10.0,0.0806,52.0,,,,,,,,,,,,,,,,,,
2026-08-03 11:37:39,421258,15.0,0.0717,60.0,12.0,0.1128,46.0,,,,,,,,,,,,,,,,,,
2026-08-03 11:37:39,421260,11.0,0.0717,60.0,8.0,0.0489,56.0,,,,,,,,,,,,,,,,,,
2026-08-03 11:38:09,421258,14.0,0.075,56.0,11.0,0.1,44.0,,,,,,,,,,,,,,,,,,
2026-08-03 11:38:09,421260,10.0,0.0578,65.0,5.0,0.0389,56.0,,,,,,,,,,,,,,,,,,
2026-08-03 11:38:39,421258,10.0,0.0567,60.0,9.0,0.125,44.0,,,,,,,,,,,,,,,,,,
2026-08-03 11:38:39,421260,6.0,0.0367,65.0,6.0,0.04,60.0,,,,,,,,,,,,,,,,,,
2026-08-03 11:39:09,421258,9.0,0.0389,60.0,13.0,0.1128,49.0,,,,,,,,,,,,,,,,,,
2026-08-03 11:39:09,421260,12.0,0.0667,65.0,8.0,0.095,49.0,,,,,,,,,,,,,,,,,,
2026-08-03 11:39:39,421258,11.0,0.0528,65.0,10.0,0.0856,46.0,,,,,,,,,,,,,,,,,,
2026-08-03 11:39:39,421260,16.0,0.1128,56.0,12.0,0.1028,46.0,,,,,,,,,,,,,,,,,,
2026-08-03 11:40:09,421258,10.0,0.0467,60.0,10.0,0.09,49.0,,,,,,,,,,,,,,,,,,
2026-08-03 11:40:09,421260,15.0,0.0939,60.0,13.0,0.1039,49.0,,,,,,,,,,,,,,,,,,
2026-08-03 11:40:39,421258,7.0,0.0306,60.0,6.0,0.0506,46.0,,,,,,,,,,,,,,,,,,
2026-08-03 11:40:39,421260,10.0,0.0667,60.0,9.0,0.0728,52.0,,,,,,,,,,,,,,,,,,
2026-08-03 11:41:09,421258,7.0,0.0278,71.0,5.0,0.0378,52.0,,,,,,,,,,,,,,,,,,
2026-08-03 11:41:09,421260,13.0,0.075,65.0,8.0,0.06,52.0,,,,,,,,,,,,,,,,,,
2026-08-03 11:41:39,421258,11.0,0.0489,65.0,8.0,0.0928,44.0,,,,,,,,,,,,,,,,,,
2026-08-03 11:41:39,421260,10.0,0.0489,71.0,8.0,0.0556,56.0,,,,,,,,,,,,,,,,,,
2026-08-03 11:42:09,421258,12.0,0.0606,60.0,12.0,0.1078,46.0,,,,,,,,,,,,,,,,,,
2026-08-03 11:42:09,421260,6.0,0.035,65.0,5.0,0.0378,56.0,,,,,,,,,,,,,,,,,,
2026-08-03 11:42:39,421258,13.0,0.0706,56.0,7.0,0.1517,40.0,,,,,,,,,,,,,,,,,,
2026-08-03 11:42:39,421260,12.0,0.0717,65.0,6.0,0.045,56.0,,,,,,,,,,,,,,,,,,
2026-08-03 11:43:09,421258,20.0,0.1189,52.0,14.0,0.1267,44.0,,,,,,,,,,,,,,,,,,
2026-08-03 11:43:09,421260,8.0,0.0528,60.0,13.0,0.1056,49.0,,,,,,,,,,,,,,,,,,
2026-08-03 11:43:39,421258,9.0,0.0406,65.0,6.0,0.0467,46.0,,,,,,,,,,,,,,,,,,
2026-08-03 11:43:39,421260,14.0,0.0978,56.0,11.0,0.0956,49.0,,,,,,,,,,,,,,,,,,
2026-08-03 11:44:09,421258,5.0,0.0228,60.0,9.0,0.0928,40.0,,,,,,,,,,,,,,,,,,
2026-08-03 11:44:09,421260,12.0,0.07,65.0,5.0,0.05,49.0,,,,,,,,,,,,,,,,,,
2026-08-03 11:44:39,421258,11.0,0.05,60.0,4.0,0.0389,49.0,,,,,,,,,,,,,,,,,,
2026-08-03 11:44:39,421260,11.0,0.0689,60.0,10.0,0.0817,46.0,,,,,,,,,,,,,,,,,,
2026-08-03 11:45:09,421258,7.0,0.0339,60.0,7.0,0.0817,49.0,,,,,,,,,,,,,,,,,,
2026-08-03 11:45:09,421260,7.0,0.0428,65.0,5.0,0.0339,56.0,,,,,,,,,,,,,,,,,,
2026-08-03 11:45:39,421258,10.0,0.0467,60.0,11.0,0.1256,44.0,,,,,,,,,,,,,,,,,,
2026-08-03 11:45:39,421260,14.0,0.1278,40.0,11.0,0.1689,29.0,,,,,,,,,,,,,,,,,,
2026-08-03 11:46:09,421258,17.0,0.08,60.0,13.0,0.1528,40.0,,,,,,,,,,,,,,,,,,
2026-08-03 11:46:09,421260,10.0,0.1,40.0,9.0,0.0978,34.0,,,,,,,,,,,,,,,,,,
2026-08-03 11:46:39,421258,7.0,0.0328,65.0,8.0,0.0578,56.0,,,,,,,,,,,,,,,,,,
2026-08-03 11:46:39,421260,7.0,0.0406,60.0,4.0,0.0339,52.0,,,,,,,,,,,,,,,,,,
2026-08-03 11:47:09,421258,9.0,0.0428,56.0,12.0,0.1289,44.0,,,,,,,,,,,,,,,,,,
2026-08-03 11:47:09,421260,9.0,0.0539,65.0,8.0,0.0856,46.0,,,,,,,,,,,,,,,,,,
2026-08-03 11:47:39,421258,5.0,0.02,78.0,3.0,0.0239,56.0,,,,,,,,,,,,,,,,,,
2026-08-03 11:47:39,421260,13.0,0.0806,60.0,9.0,0.06,60.0,,,,,,,,,,,,,,,,,,
2026-08-03 11:48:09,421258,3.0,0.0139,65.0,4.0,0.03,56.0,,,,,,,,,,,,,,,,,,
2026-08-03 11:48:09,421260,6.0,0.0356,65.0,8.0,0.105,52.0,,,,,,,,,,,,,,,,,,
2026-08-03 11:48:39,421258,14.0,0.0739,60.0,9.0,0.1089,44.0,,,,,,,,,,,,,,,,,,
2026-08-03 11:48:39,421260,16.0,0.115,52.0,12.0,0.1156,44.0,,,,,,,,,,,,,,,,,,
2026-08-03 11:49:09,421258,12.0,0.0606,60.0,9.0,0.0917,44.0,,,,,,,,,,,,,,,,,,
2026-08-03 11:49:09,421260,10.0,0.0606,60.0,12.0,0.095,52.0,,,,,,,,,,,,,,,,,,
2026-08-03 11:49:39,421258,17.0,0.0828,60.0,7.0,0.0817,46.0,,,,,,,,,,,,,,,,,,
2026-08-03 11:49:39,421260,6.0,0.035,65.0,6.0,0.0406,56.0,,,,,,,,,,,,,,,,,,
2026-08-03 11:50:09,421258,8.0,0.0378,60.0,8.0,0.105,44.0,,,,,,,,,,,,,,,,,,
2026-08-03 11:50:09,421260,11.0,0.0617,65.0,7.0,0.0517,52.0,,,,,,,,,,,,,,,,,,
2026-08-03 11:50:39,421258,9.0,0.0417,65.0,8.0,0.0928,46.0,,,,,,,,,,,,,,,,,,
2026-08-03 11:50:39,421260,11.0,0.0628,65.0,10.0,0.075,52.0,,,,,,,,,,,,,,,,,,
2026-08-03 11:51:09,421258,15.0,0.0717,60.0,10.0,0.1178,44.0,,,,,,,,,,,,,,,,,,
2026-08-03 11:51:09,421260,7.0,0.04,65.0,7.0,0.0506,60.0,,,,,,,,,,,,,,,,,,
2026-08-03 11:51:39,421258,10.0,0.0456,60.0,15.0,0.1817,44.0,,,,,,,,,,,,,,,,,,
2026-08-03 11:51:39,421260,12.0,0.0717,60.0,9.0,0.075,49.0,,,,,,,,,,,,,,,,,,
2026-08-03 11:52:09,421258,10.0,0.0428,65.0,5.0,0.0378,49.0,,,,,,,,,,,,,,,,,,
2026-08-03 11:52:09,421260,8.0,0.0417,71.0,6.0,0.04,56.0,,,,,,,,,,,,,,,,,,
2026-08-03 11:52:39,421258,12.0,0.0528,65.0,9.0,0.0967,46.0,,,,,,,,,,,,,,,,,,
2026-08-03 11:52:39,421260,9.0,0.0517,65.0,8.0,0.0639,49.0,,,,,,,,,,,,,,,,,,
2026-08-03 11:53:09,421258,4.0,0.02,56.0,11.0,0.0917,52.0,,,,,,,,,,,,,,,,,,
2026-08-03 11:53:09,421260,16.0,0.0978,65.0,13.0,0.1106,56.0,,,,,,,,,,,,,,,,,,
2026-08-03 11:53:39,421258,9.0,0.0406,60.0,5.0,0.0578,56.0,,,,,,,,,,,,,,,,,,
2026-08-03 11:53:39,421260,8.0,0.05,60.0,7.0,0.0567,52.0,,,,,,,,,,,,,,,,,,
2026-08-03 11:54:09,421258,12.0,0.0517,71.0,9.0,0.105,49.0,,,,,,,,,,,,,,,,,,
2026-08-03 11:54:09,421260,17.0,0.1039,60.0,13.0,0.1328,49.0,,,,,,,,,,,,,,,,,,
2026-08-03 11:54:39,421258,6.0,0.0239,65.0,5.0,0.0556,40.0,,,,,,,,,,,,,,,,,,
2026-08-03 11:54:39,421260,11.0,0.0617,60.0,6.0,0.0506,60.0,,,,,,,,,,,,,,,,,,
2026-08-03 11:55:09,421258,15.0,0.0706,60.0,12.0,0.1089,49.0,,,,,,,,,,,,,,,,,,
2026-08-03 11:55:09,421260,17.0,0.1089,60.0,12.0,0.1006,52.0,,,,,,,,,,,,,,,,,,
2026-08-03 11:55:39,421258,4.0,0.0189,60.0,6.0,0.0667,46.0,,,,,,,,,,,,,,,,,,
2026-08-03 11:55:39,421260,8.0,0.0439,71.0,8.0,0.0578,56.0,,,,,,,,,,,,,,,,,,
2026-08-03 11:56:09,421258,16.0,0.0778,60.0,10.0,0.14,44.0,,,,,,,,,,,,,,,,,,
2026-08-03 11:56:09,421260,9.0,0.0589,60.0,9.0,0.0778,49.0,,,,,,,,,,,,,,,,,,
2026-08-03 11:56:39,421258,14.0,0.0667,60.0,12.0,0.1156,46.0,,,,,,,,,,,,,,,,,,
2026-08-03 11:56:39,421260,11.0,0.0617,65.0,11.0,0.105,52.0,,,,,,,,,,,,,,,,,,
2026-08-03 11:57:09,421258,13.0,0.0639,60.0,13.0,0.105,52.0,,,,,,,,,,,,,,,,,,
2026-08-03 11:57:09,421260,14.0,0.0828,65.0,11.0,0.0906,52.0,,,,,,,,,,,,,,,,,,
2026-08-03 11:57:39,421258,11.0,0.0467,60.0,12.0,0.105,49.0,,,,,,,,,,,,,,,,,,
2026-08-03 11:57:39,421260,6.0,0.0367,65.0,11.0,0.0817,52.0,,,,,,,,,,,,,,,,,,
2026-08-03 11:58:09,421258,4.0,0.0178,65.0,5.0,0.0378,52.0,,,,,,,,,,,,,,,,,,
2026-08-03 11:58:09,421260,5.0,0.0317,60.0,7.0,0.0639,52.0,,,,,,,,,,,,,,,,,,
2026-08-03 11:58:39,421258,13.0,0.0606,60.0,15.0,0.165,44.0,,,,,,,,,,,,,,,,,,
2026-08-03 11:58:39,421260,17.0,0.1189,56.0,10.0,0.1089,52.0,,,,,,,,,,,,,,,,,,
2026-08-03 11:59:09,421258,10.0,0.0456,65.0,7.0,0.0889,46.0,,,,,,,,,,,,,,,,,,
2026-08-03 11:59:09,421260,10.0,0.0617,65.0,9.0,0.075,49.0,,,,,,,,,,,,,,,,,,
2026-08-03 11:59:39,421258,8.0,0.0389,60.0,10.0,0.105,42.0,,,,,,,,,,,,,,,,,,
2026-08-03 11:59:39,421260,9.0,0.0478,71.0,7.0,0.0539,56.0,,,,,,,,,,,,,,,,,,
2026-08-03 12:00:09,421258,6.0,0.0278,65.0,6.0,0.065,46.0,,,,,,,,,,,,,,,,,,
2026-08-03 12:00:09,421260,17.0,0.1017,60.0,9.0,0.0706,52.0,,,,,,,,,,,,,,,,,,
2026-08-03 12:00:39,421258,13.0,0.06,65.0,10.0,0.1178,46.0,,,,,,,,,,,,,,,,,,
2026-08-03 12:00:39,421260,1.0,0.005,60.0,7.0,0.0539,56.0,,,,,,,,,,,,,,,,,,
2026-08-03 12:01:09,421258,11.0,0.055,60.0,9.0,0.0978,49.0,,,,,,,,,,,,,,,,,,
2026-08-03 12:01:09,421260,10.0,0.0578,65.0,8.0,0.0578,60.0,,,,,,,,,,,,,,,,,,
2026-08-03 12:01:39,421258,13.0,0.06,65.0,9.0,0.1256,40.0,,,,,,,,,,,,,,,,,,
2026-08-03 12:01:39,421260,11.0,0.0606,65.0,9.0,0.0628,60.0,,,,,,,,,,,,,,,,,,
2026-08-03 12:02:09,421258,10.0,0.0456,60.0,8.0,0.0828,49.0,,,,,,,,,,,,,,,,,,
2026-08-03 12:02:09,421260,11.0,0.0656,65.0,10.0,0.0789,49.0,,,,,,,,,,,,,,,,,,
2026-08-03 12:02:39,421258,2.0,0.0089,60.0,5.0,0.0639,44.0,,,,,,,,,,,,,,,,,,
2026-08-03 12:02:39,421260,10.0,0.0589,65.0,4.0,0.03,49.0,,,,,,,,,,,,,,,,,,
2026-08-03 12:03:09,421258,16.0,0.0789,60.0,12.0,0.0917,49.0,,,,,,,,,,,,,,,,,,
2026-08-03 12:03:09,421260,11.0,0.0639,60.0,9.0,0.0906,49.0,,,,,,,,,,,,,,,,,,
2026-08-03 12:03:39,421258,5.0,0.02,71.0,9.0,0.0617,52.0,,,,,,,,,,,,,,,,,,
2026-08-03 12:03:39,421260,12.0,0.1028,52.0,11.0,0.105,46.0,,,,,,,,,,,,,,,,,,
2026-08-03 12:04:09,421258,9.0,0.0389,65.0,5.0,0.0356,56.0,,,,,,,,,,,,,,,,,,
2026-08-03 12:04:09,421260,17.0,0.12,52.0,15.0,0.1289,44.0,,,,,,,,,,,,,,,,,,
2026-08-03 12:04:39,421258,7.0,0.0328,65.0,9.0,0.0906,46.0,,,,,,,,,,,,,,,,,,
2026-08-03 12:04:39,421260,20.0,0.1417,52.0,13.0,0.1139,44.0,,,,,,,,,,,,,,,,,,
2026-08-03 12:05:09,421258,7.0,0.0328,65.0,7.0,0.0928,46.0,,,,,,,,,,,,,,,,,,
2026-08-03 12:05:09,421260,10.0,0.0706,56.0,11.0,0.0967,46.0,,,,,,,,,,,,,,,,,,
2026-08-03 12:05:39,421258,3.0,0.0117,65.0,7.0,0.105,42.0,,,,,,,,,,,,,,,,,,
2026-08-03 12:05:39,421260,9.0,0.0528,65.0,8.0,0.0517,60.0,,,,,,,,,,,,,,,,,,
2026-08-03 12:06:09,421258,10.0,0.0528,56.0,10.0,0.1356,42.0,,,,,,,,,,,,,,,,,,
2026-08-03 12:06:09,421260,12.0,0.0639,71.0,7.0,0.05,56.0,,,,,,,,,,,,,,,,,,
2026-08-03 12:06:39,421258,12.0,0.0606,60.0,16.0,0.195,40.0,,,,,,,,,,,,,,,,,,
2026-08-03 12:06:39,421260,9.0,0.0517,65.0,6.0,0.0478,52.0,,,,,,,,,,,,,,,,,,
2026-08-03 12:07:09,421258,17.0,0.0928,52.0,13.0,0.1717,40.0,,,,,,,,,,,,,,,,,,
2026-08-03 12:07:09,421260,8.0,0.0467,65.0,9.0,0.0717,52.0,,,,,,,,,,,,,,,,,,
2026-08-03 12:07:39,421258,15.0,0.08,60.0,13.0,0.14,42.0,,,,,,,,,,,,,,,,,,
2026-08-03 12:07:39,421260,15.0,0.0917,65.0,10.0,0.0778,52.0,,,,,,,,,,,,,,,,,,
2026-08-03 12:08:09,421258,16.0,0.085,56.0,12.0,0.1428,42.0,,,,,,,,,,,,,,,,,,
2026-08-03 12:08:09,421260,16.0,0.0917,60.0,10.0,0.0956,46.0,,,,,,,,,,,,,,,,,,
2026-08-03 12:08:39,421258,7.0,0.0328,60.0,8.0,0.0767,46.0,,,,,,,,,,,,,,,,,,
2026-08-03 12:08:39,421260,9.0,0.0517,65.0,13.0,0.0928,56.0,,,,,,,,,,,,,,,,,,
2026-08-03 12:09:09,421258,7.0,0.0328,65.0,8.0,0.07,49.0,,,,,,,,,,,,,,,,,,
2026-08-03 12:09:09,421260,15.0,0.0806,71.0,7.0,0.045,60.0,,,,,,,,,,,,,,,,,,
2026-08-03 12:09:39,421258,16.0,0.0767,60.0,10.0,0.09,49.0,,,,,,,,,,,,,,,,,,
2026-08-03 12:09:39,421260,11.0,0.0678,65.0,8.0,0.0628,52.0,,,,,,,,,,,,,,,,,,
2026-08-03 12:10:09,421258,8.0,0.035,65.0,8.0,0.0867,44.0,,,,,,,,,,,,,,,,,,
2026-08-03 12:10:09,421260,8.0,0.0406,71.0,7.0,0.0539,56.0,,,,,,,,,,,,,,,,,,
2026-08-03 12:10:39,421258,9.0,0.0428,60.0,8.0,0.0789,46.0,,,,,,,,,,,,,,,,,,
2026-08-03 12:10:39,421260,10.0,0.0628,60.0,8.0,0.0617,52.0,,,,,,,,,,,,,,,,,,
2026-08-03 12:11:09,421258,17.0,0.0906,60.0,16.0,0.1506,44.0,,,,,,,,,,,,,,,,,,
2026-08-03 12:11:09,421260,14.0,0.0828,60.0,7.0,0.0606,52.0,,,,,,,,,,,,,,,,,,
2026-08-03 12:11:39,421258,8.0,0.0406,60.0,7.0,0.0628,46.0,,,,,,,,,,,,,,,,,,
2026-08-03 12:11:39,421260,10.0,0.0728,52.0,11.0,0.0839,52.0,,,,,,,,,,,,,,,,,,
2026-08-03 12:12:09,421258,8.0,0.0328,71.0,8.0,0.0789,46.0,,,,,,,,,,,,,,,,,,
2026-08-03 12:12:09,421260,7.0,0.04,60.0,5.0,0.0328,60.0,,,,,,,,,,,,,,,,,,
2026-08-03 12:12:39,421258,8.0,0.0367,65.0,9.0,0.0767,49.0,,,,,,,,,,,,,,,,,,
2026-08-03 12:12:39,421260,11.0,0.0628,65.0,9.0,0.0939,44.0,,,,,,,,,,,,,,,,,,
2026-08-03 12:13:09,421258,10.0,0.0417,60.0,8.0,0.065,52.0,,,,,,,,,,,,,,,,,,
2026-08-03 12:13:09,421260,10.0,0.0617,60.0,8.0,0.0556,56.0,,,,,,,,,,,,,,,,,,
2026-08-03 12:13:39,421258,5.0,0.02,71.0,9.0,0.1139,44.0,,,,,,,,,,,,,,,,,,
2026-08-03 12:13:39,421260,11.0,0.0628,65.0,6.0,0.0378,56.0,,,,,,,,,,,,,,,,,,
2026-08-03 12:14:09,421258,19.0,0.0878,60.0,9.0,0.0806,46.0,,,,,,,,,,,,,,,,,,
2026-08-03 12:14:09,421260,11.0,0.065,65.0,8.0,0.0589,56.0,,,,,,,,,,,,,,,,,,
2026-08-03 12:14:39,421258,7.0,0.0306,65.0,9.0,0.0789,52.0,,,,,,,,,,,,,,,,,,
2026-08-03 12:14:39,421260,11.0,0.0639,65.0,8.0,0.0617,52.0,,,,,,,,,,,,,,,,,,
2026-08-03 12:15:09,421258,5.0,0.02,71.0,7.0,0.075,49.0,,,,,,,,,,,,,,,,,,
2026-08-03 12:15:09,421260,10.0,0.0556,65.0,9.0,0.0756,56.0,,,,,,,,,,,,,,,,,,
2026-08-03 12:15:39,421258,11.0,0.0517,65.0,8.0,0.0578,56.0,,,,,,,,,,,,,,,,,,
2026-08-03 12:15:39,421260,6.0,0.0339,65.0,6.0,0.0406,56.0,,,,,,,,,,,,,,,,,,
2026-08-03 12:16:09,421258,12.0,0.0517,65.0,11.0,0.1156,46.0,,,,,,,,,,,,,,,,,,
2026-08-03 12:16:09,421260,11.0,0.0578,71.0,9.0,0.0617,56.0,,,,,,,,,,,,,,,,,,
2026-08-03 12:16:39,421258,11.0,0.0517,65.0,9.0,0.0806,56.0,,,,,,,,,,,,,,,,,,
2026-08-03 12:16:39,421260,5.0,0.0278,65.0,7.0,0.0589,49.0,,,,,,,,,,,,,,,,,,
2026-08-03 12:17:09,421258,8.0,0.0328,65.0,10.0,0.0978,49.0,,,,,,,,,,,,,,,,,,
2026-08-03 12:17:09,421260,9.0,0.0606,60.0,6.0,0.06,49.0,,,,,,,,,,,,,,,,,,
2026-08-03 12:17:39,421258,6.0,0.0306,65.0,4.0,0.055,44.0,,,,,,,,,,,,,,,,,,
2026-08-03 12:17:39,421260,14.0,0.1067,52.0,11.0,0.1206,40.0,,,,,,,,,,,,,,,,,,
2026-08-03 12:18:09,421258,9.0,0.0356,71.0,8.0,0.0567,56.0,,,,,,,,,,,,,,,,,,
2026-08-03 12:18:09,421260,13.0,0.0828,60.0,9.0,0.0817,46.0,,,,,,,,,,,,,,,,,,
2026-08-03 12:18:39,421258,2.0,0.0089,60.0,5.0,0.04,49.0,,,,,,,,,,,,,,,,,,
2026-08-03 12:18:39,421260,10.0,0.0567,65.0,7.0,0.0506,56.0,,,,,,,,,,,,,,,,,,
2026-08-03 12:19:09,421258,5.0,0.0278,60.0,5.0,0.0689,46.0,,,,,,,,,,,,,,,,,,
2026-08-03 12:19:09,421260,9.0,0.0456,71.0,5.0,0.0506,56.0,,,,,,,,,,,,,,,,,,
2026-08-03 12:19:39,421258,8.0,0.0417,60.0,10.0,0.1128,46.0,,,,,,,,,,,,,,,,,,
2026-08-03 12:19:39,421260,9.0,0.0506,65.0,6.0,0.055,56.0,,,,,,,,,,,,,,,,,,
2026-08-03 12:20:09,421258,7.0,0.04,71.0,7.0,0.0828,42.0,,,,,,,,,,,,,,,,,,
2026-08-03 12:20:09,421260,8.0,0.0467,65.0,4.0,0.04,52.0,,,,,,,,,,,,,,,,,,
2026-08-03 12:20:39,421258,17.0,0.09,52.0,14.0,0.1556,42.0,,,,,,,,,,,,,,,,,,
2026-08-03 12:20:39,421260,15.0,0.0989,56.0,11.0,0.0906,46.0,,,,,,,,,,,,,,,,,,
2026-08-03 12:21:09,421258,15.0,0.0728,60.0,9.0,0.1117,40.0,,,,,,,,,,,,,,,,,,
2026-08-03 12:21:09,421260,6.0,0.0306,71.0,6.0,0.0356,56.0,,,,,,,,,,,,,,,,,,
2026-08-03 12:21:39,421258,9.0,0.0417,65.0,5.0,0.0606,52.0,,,,,,,,,,,,,,,,,,
2026-08-03 12:21:39,421260,3.0,0.0178,71.0,6.0,0.0506,60.0,,,,,,,,,,,,,,,,,,
2026-08-03 12:22:09,421258,8.0,0.035,60.0,4.0,0.03,46.0,,,,,,,,,,,,,,,,,,
2026-08-03 12:22:09,421260,8.0,0.04,71.0,7.0,0.05,60.0,,,,,,,,,,,,,,,,,,
2026-08-03 12:22:39,421258,8.0,0.035,71.0,5.0,0.0356,56.0,,,,,,,,,,,,,,,,,,
2026-08-03 12:22:39,421260,10.0,0.0628,60.0,9.0,0.0656,49.0,,,,,,,,,,,,,,,,,,
2026-08-03 12:23:09,421258,10.0,0.05,56.0,13.0,0.165,36.0,,,,,,,,,,,,,,,,,,
2026-08-03 12:23:09,421260,9.0,0.0578,60.0,11.0,0.1039,46.0,,,,,,,,,,,,,,,,,,
2026-08-03 12:23:39,421258,10.0,0.0428,71.0,6.0,0.0589,49.0,,,,,,,,,,,,,,,,,,
2026-08-03 12:23:39,421260,14.0,0.0878,65.0,12.0,0.09,56.0,,,,,,,,,,,,,,,,,,
2026-08-03 12:24:09,421258,5.0,0.02,71.0,4.0,0.03,52.0,,,,,,,,,,,,,,,,,,
2026-08-03 12:24:09,421260,9.0,0.0439,65.0,9.0,0.0706,52.0,,,,,,,,,,,,,,,,,,
2026-08-03 12:24:39,421258,4.0,0.0178,65.0,9.0,0.0689,56.0,,,,,,,,,,,,,,,,,,
2026-08-03 12:24:39,421260,5.0,0.0278,71.0,3.0,0.0289,60.0,,,,,,,,,,,,,,,,,,
2026-08-03 12:25:09,421258,7.0,0.0328,65.0,5.0,0.0806,44.0,,,,,,,,,,,,,,,,,,
2026-08-03 12:25:09,421260,6.0,0.0367,65.0,9.0,0.0678,52.0,,,,,,,,,,,,,,,,,,
2026-08-03 12:25:39,421258,17.0,0.0806,60.0,10.0,0.12,40.0,,,,,,,,,,,,,,,,,,
2026-08-03 12:25:39,421260,9.0,0.0528,65.0,4.0,0.0289,56.0,,,,,,,,,,,,,,,,,,
2026-08-03 12:26:09,421258,14.0,0.0639,60.0,10.0,0.0956,44.0,,,,,,,,,,,,,,,,,,
2026-08-03 12:26:09,421260,4.0,0.0217,65.0,4.0,0.0339,56.0,,,,,,,,,,,,,,,,,,
2026-08-03 12:26:39,421258,6.0,0.035,60.0,7.0,0.0617,49.0,,,,,,,,,,,,,,,,,,
2026-08-03 12:26:39,421260,4.0,0.0239,65.0,6.0,0.0356,65.0,,,,,,,,,,,,,,,,,,
2026-08-03 12:27:09,421258,4.0,0.0178,60.0,7.0,0.0706,46.0,,,,,,,,,,,,,,,,,,
2026-08-03 12:27:09,421260,3.0,0.0156,71.0,7.0,0.045,60.0,,,,,,,,,,,,,,,,,,
2026-08-03 12:27:39,421258,8.0,0.035,71.0,8.0,0.0906,49.0,,,,,,,,,,,,,,,,,,
2026-08-03 12:27:39,421260,17.0,0.1006,65.0,10.0,0.0928,49.0,,,,,,,,,,,,,,,,,,
2026-08-03 12:28:09,421258,4.0,0.0156,65.0,6.0,0.0539,56.0,,,,,,,,,,,,,,,,,,
2026-08-03 12:28:09,421260,9.0,0.0539,65.0,10.0,0.0839,52.0,,,,,,,,,,,,,,,,,,
2026-08-03 12:28:39,421258,3.0,0.0156,71.0,6.0,0.0428,56.0,,,,,,,,,,,,,,,,,,
2026-08-03 12:28:39,421260,6.0,0.0317,65.0,6.0,0.0417,56.0,,,,,,,,,,,,,,,,,,
2026-08-03 12:29:09,421258,3.0,0.0128,65.0,6.0,0.0439,56.0,,,,,,,,,,,,,,,,,,
2026-08-03 12:29:09,421260,13.0,0.0817,60.0,10.0,0.0906,46.0,,,,,,,,,,,,,,,,,,
2026-08-03 12:29:39,421258,16.0,0.0717,65.0,10.0,0.0789,49.0,,,,,,,,,,,,,,,,,,
2026-08-03 12:29:39,421260,14.0,0.0889,60.0,10.0,0.08,52.0,,,,,,,,,,,,,,,,,,
2026-08-03 12:30:09,421258,9.0,0.0389,60.0,7.0,0.085,44.0,,,,,,,,,,,,,,,,,,
2026-08-03 12:30:09,421260,10.0,0.0578,65.0,8.0,0.0606,56.0,,,,,,,,,,,,,,,,,,
2026-08-03 12:30:39,421258,6.0,0.0239,71.0,8.0,0.1017,49.0,,,,,,,,,,,,,,,,,,
2026-08-03 12:30:39,421260,10.0,0.0556,65.0,6.0,0.05,52.0,,,,,,,,,,,,,,,,,,
2026-08-03 12:31:09,421258,3.0,0.0117,71.0,7.0,0.0528,52.0,,,,,,,,,,,,,,,,,,
2026-08-03 12:31:09,421260,17.0,0.1056,60.0,8.0,0.08,52.0,,,,,,,,,,,,,,,,,,
2026-08-03 12:31:39,421258,9.0,0.0417,65.0,8.0,0.0806,46.0,,,,,,,,,,,,,,,,,,
2026-08-03 12:31:39,421260,12.0,0.08,56.0,8.0,0.0767,49.0,,,,,,,,,,,,,,,,,,
2026-08-03 12:32:09,421258,13.0,0.065,60.0,14.0,0.1328,46.0,,,,,,,,,,,,,,,,,,
2026-08-03 12:32:09,421260,17.0,0.1267,52.0,14.0,0.1356,44.0,,,,,,,,,,,,,,,,,,
2026-08-03 12:32:39,421258,11.0,0.0617,52.0,10.0,0.0867,49.0,,,,,,,,,,,,,,,,,,
2026-08-03 12:32:39,421260,11.0,0.0728,56.0,9.0,0.0739,46.0,,,,,,,,,,,,,,,,,,
2026-08-03 12:33:09,421258,17.0,0.0889,56.0,7.0,0.0967,34.0,,,,,,,,,,,,,,,,,,
2026-08-03 12:33:09,421260,7.0,0.045,65.0,8.0,0.0639,56.0,,,,,,,,,,,,,,,,,,
2026-08-03 12:33:39,421258,12.0,0.0539,60.0,12.0,0.1089,46.0,,,,,,,,,,,,,,,,,,
2026-08-03 12:33:39,421260,11.0,0.075,56.0,10.0,0.095,49.0,,,,,,,,,,,,,,,,,,
2026-08-03 12:34:09,421258,7.0,0.0289,71.0,6.0,0.0789,52.0,,,,,,,,,,,,,,,,,,
2026-08-03 12:34:09,421260,13.0,0.0767,65.0,10.0,0.0806,56.0,,,,,,,,,,,,,,,,,,
2026-08-03 12:34:39,421258,13.0,0.0606,60.0,7.0,0.1156,44.0,,,,,,,,,,,,,,,,,,
2026-08-03 12:34:39,421260,6.0,0.0328,71.0,5.0,0.0489,56.0,,,,,,,,,,,,,,,,,,
2026-08-03 12:35:09,421258,13.0,0.0728,56.0,13.0,0.14,44.0,,,,,,,,,,,,,,,,,,
2026-08-03 12:35:09,421260,11.0,0.0678,65.0,5.0,0.0489,52.0,,,,,,,,,,,,,,,,,,
2026-08-03 12:35:39,421258,10.0,0.0456,65.0,9.0,0.1006,44.0,,,,,,,,,,,,,,,,,,
2026-08-03 12:35:39,421260,15.0,0.0917,60.0,10.0,0.0989,49.0,,,,,,,,,,,,,,,,,,
2026-08-03 12:36:09,421258,14.0,0.0739,60.0,12.0,0.1406,40.0,,,,,,,,,,,,,,,,,,
2026-08-03 12:36:09,421260,15.0,0.09,65.0,7.0,0.0589,52.0,,,,,,,,,,,,,,,,,,
2026-08-03 12:36:39,421258,9.0,0.0467,60.0,5.0,0.0578,46.0,,,,,,,,,,,,,,,,,,
2026-08-03 12:36:39,421260,17.0,0.1117,60.0,14.0,0.1406,52.0,,,,,,,,,,,,,,,,,,
2026-08-03 12:37:09,421258,10.0,0.045,65.0,6.0,0.0856,44.0,,,,,,,,,,,,,,,,,,
2026-08-03 12:37:09,421260,12.0,0.0756,60.0,9.0,0.0717,52.0,,,,,,,,,,,,,,,,,,
2026-08-03 12:37:39,421258,10.0,0.045,65.0,5.0,0.0517,49.0,,,,,,,,,,,,,,,,,,
2026-08-03 12:37:39,421260,7.0,0.04,71.0,6.0,0.0667,49.0,,,,,,,,,,,,,,,,,,
2026-08-03 12:38:09,421258,16.0,0.075,65.0,9.0,0.0956,49.0,,,,,,,,,,,,,,,,,,
2026-08-03 12:38:09,421260,10.0,0.0578,65.0,10.0,0.08,49.0,,,,,,,,,,,,,,,,,,
2026-08-03 12:38:39,421258,16.0,0.0806,60.0,10.0,0.11,46.0,,,,,,,,,,,,,,,,,,
2026-08-03 12:38:39,421260,15.0,0.0939,60.0,8.0,0.0767,52.0,,,,,,,,,,,,,,,,,,
2026-08-03 12:39:09,421258,15.0,0.0739,60.0,9.0,0.1256,42.0,,,,,,,,,,,,,,,,,,
2026-08-03 12:39:09,421260,20.0,0.1289,60.0,12.0,0.0956,46.0,,,,,,,,,,,,,,,,,,
2026-08-03 12:39:39,421258,8.0,0.0367,60.0,8.0,0.0778,46.0,,,,,,,,,,,,,,,,,,
2026-08-03 12:39:39,421260,9.0,0.0539,65.0,9.0,0.0617,56.0,,,,,,,,,,,,,,,,,,
2026-08-03 12:40:09,421258,7.0,0.03,65.0,5.0,0.06,49.0,,,,,,,,,,,,,,,,,,
2026-08-03 12:40:09,421260,11.0,0.0639,60.0,8.0,0.0606,49.0,,,,,,,,,,,,,,,,,,
2026-08-03 12:40:39,421258,17.0,0.0839,60.0,11.0,0.1317,44.0,,,,,,,,,,,,,,,,,,
2026-08-03 12:40:39,421260,22.0,0.1967,52.0,13.0,0.1078,49.0,,,,,,,,,,,,,,,,,,
2026-08-03 12:41:09,421258,14.0,0.0678,60.0,10.0,0.0928,44.0,,,,,,,,,,,,,,,,,,
2026-08-03 12:41:09,421260,13.0,0.0728,60.0,9.0,0.0967,56.0,,,,,,,,,,,,,,,,,,
2026-08-03 12:41:39,421258,16.0,0.0739,65.0,13.0,0.115,46.0,,,,,,,,,,,,,,,,,,
2026-08-03 12:41:39,421260,11.0,0.0606,65.0,7.0,0.0617,56.0,,,,,,,,,,,,,,,,,,
2026-08-03 12:42:09,421258,10.0,0.045,65.0,7.0,0.0806,46.0,,,,,,,,,,,,,,,,,,
2026-08-03 12:42:09,421260,11.0,0.0689,71.0,12.0,0.0889,52.0,,,,,,,,,,,,,,,,,,
2026-08-03 12:42:39,421258,11.0,0.0467,71.0,9.0,0.0956,49.0,,,,,,,,,,,,,,,,,,
2026-08-03 12:42:39,421260,14.0,0.0867,60.0,10.0,0.09,52.0,,,,,,,,,,,,,,,,,,
2026-08-03 12:43:09,421258,17.0,0.1039,56.0,13.0,0.1428,44.0,,,,,,,,,,,,,,,,,,
2026-08-03 12:43:09,421260,6.0,0.0428,60.0,4.0,0.0306,49.0,,,,,,,,,,,,,,,,,,
2026-08-03 12:43:39,421258,16.0,0.0756,60.0,10.0,0.125,46.0,,,,,,,,,,,,,,,,,,
2026-08-03 12:43:39,421260,13.0,0.0756,60.0,12.0,0.0967,49.0,,,,,,,,,,,,,,,,,,
2026-08-03 12:44:09,421258,8.0,0.0406,65.0,7.0,0.0728,44.0,,,,,,,,,,,,,,,,,,
2026-08-03 12:44:09,421260,12.0,0.07,60.0,11.0,0.0806,56.0,,,,,,,,,,,,,,,,,,
2026-08-03 12:44:39,421258,11.0,0.0617,56.0,11.0,0.1167,42.0,,,,,,,,,,,,,,,,,,
2026-08-03 12:44:39,421260,13.0,0.075,65.0,9.0,0.0617,60.0,,,,,,,,,,,,,,,,,,
2026-08-03 12:45:09,421258,8.0,0.0417,56.0,10.0,0.1178,42.0,,,,,,,,,,,,,,,,,,
2026-08-03 12:45:09,421260,7.0,0.0367,65.0,4.0,0.0256,60.0,,,,,,,,,,,,,,,,,,
2026-08-03 12:45:39,421258,9.0,0.0406,60.0,7.0,0.0789,44.0,,,,,,,,,,,,,,,,,,
2026-08-03 12:45:39,421260,13.0,0.075,65.0,11.0,0.0917,46.0,,,,,,,,,,,,,,,,,,
2026-08-03 12:46:09,421258,16.0,0.0717,60.0,12.0,0.11,46.0,,,,,,,,,,,,,,,,,,
2026-08-03 12:46:09,421260,19.0,0.1356,56.0,13.0,0.1089,49.0,,,,,,,,,,,,,,,,,,
2026-08-03 12:46:39,421258,9.0,0.0417,60.0,10.0,0.0967,44.0,,,,,,,,,,,,,,,,,,
2026-08-03 12:46:39,421260,14.0,0.085,60.0,7.0,0.0789,49.0,,,,,,,,,,,,,,,,,,
2026-08-03 12:47:09,421258,13.0,0.0678,56.0,9.0,0.0739,46.0,,,,,,,,,,,,,,,,,,
2026-08-03 12:47:09,421260,17.0,0.1217,60.0,14.0,0.1117,49.0,,,,,,,,,,,,,,,,,,
2026-08-03 12:47:39,421258,7.0,0.0306,65.0,6.0,0.0417,52.0,,,,,,,,,,,,,,,,,,
2026-08-03 12:47:39,421260,14.0,0.0878,60.0,11.0,0.1,49.0,,,,,,,,,,,,,,,,,,
2026-08-03 12:48:09,421258,7.0,0.0378,60.0,9.0,0.1606,44.0,,,,,,,,,,,,,,,,,,
2026-08-03 12:48:09,421260,16.0,0.11,56.0,13.0,0.115,49.0,,,,,,,,,,,,,,,,,,
2026-08-03 12:48:39,421258,17.0,0.085,60.0,12.0,0.1328,46.0,,,,,,,,,,,,,,,,,,
2026-08-03 12:48:39,421260,5.0,0.0317,65.0,8.0,0.0556,60.0,,,,,,,,,,,,,,,,,,
2026-08-03 12:49:09,421258,13.0,0.0717,56.0,8.0,0.1017,44.0,,,,,,,,,,,,,,,,,,
2026-08-03 12:49:09,421260,6.0,0.0306,71.0,5.0,0.045,56.0,,,,,,,,,,,,,,,,,,
2026-08-03 12:49:39,421258,17.0,0.0906,56.0,13.0,0.12,44.0,,,,,,,,,,,,,,,,,,
2026-08-03 12:49:39,421260,9.0,0.0539,65.0,12.0,0.0878,56.0,,,,,,,,,,,,,,,,,,
2026-08-03 12:50:09,421258,11.0,0.0567,56.0,11.0,0.12,42.0,,,,,,,,,,,,,,,,,,
2026-08-03 12:50:09,421260,6.0,0.0356,65.0,6.0,0.0456,52.0,,,,,,,,,,,,,,,,,,
2026-08-03 12:50:39,421258,18.0,0.1056,52.0,12.0,0.1367,44.0,,,,,,,,,,,,,,,,,,
2026-08-03 12:50:39,421260,11.0,0.065,71.0,10.0,0.0706,56.0,,,,,,,,,,,,,,,,,,
2026-08-03 12:51:09,421258,9.0,0.0356,65.0,9.0,0.0878,46.0,,,,,,,,,,,,,,,,,,
2026-08-03 12:51:09,421260,6.0,0.0306,71.0,8.0,0.0428,60.0,,,,,,,,,,,,,,,,,,
2026-08-03 12:51:39,421258,7.0,0.0306,65.0,4.0,0.0267,60.0,,,,,,,,,,,,,,,,,,
2026-08-03 12:51:39,421260,11.0,0.0878,46.0,9.0,0.0828,34.0,,,,,,,,,,,,,,,,,,
2026-08-03 12:52:09,421258,9.0,0.0428,65.0,8.0,0.0817,52.0,,,,,,,,,,,,,,,,,,
2026-08-03 12:52:09,421260,7.0,0.0417,65.0,6.0,0.0417,49.0,,,,,,,,,,,,,,,,,,
2026-08-03 12:52:39,421258,11.0,0.0528,65.0,11.0,0.0928,49.0,,,,,,,,,,,,,,,,,,
2026-08-03 12:52:39,421260,14.0,0.0789,65.0,9.0,0.0856,52.0,,,,,,,,,,,,,,,,,,
2026-08-03 12:53:09,421258,3.0,0.0117,60.0,6.0,0.0528,46.0,,,,,,,,,,,,,,,,,,
2026-08-03 12:53:09,421260,7.0,0.0406,71.0,9.0,0.0656,56.0,,,,,,,,,,,,,,,,,,
2026-08-03 12:53:39,421258,7.0,0.0306,65.0,5.0,0.0617,49.0,,,,,,,,,,,,,,,,,,
2026-08-03 12:53:39,421260,3.0,0.015,71.0,3.0,0.0189,60.0,,,,,,,,,,,,,,,,,,
2026-08-03 12:54:09,421258,4.0,0.0156,78.0,8.0,0.0606,52.0,,,,,,,,,,,,,,,,,,
2026-08-03 12:54:09,421260,13.0,0.085,56.0,9.0,0.0839,49.0,,,,,,,,,,,,,,,,,,
2026-08-03 12:54:39,421258,9.0,0.0467,60.0,6.0,0.0789,36.0,,,,,,,,,,,,,,,,,,
2026-08-03 12:54:39,421260,5.0,0.035,56.0,10.0,0.0778,52.0,,,,,,,,,,,,,,,,,,
2026-08-03 12:55:09,421258,16.0,0.0906,56.0,12.0,0.1517,34.0,,,,,,,,,,,,,,,,,,
2026-08-03 12:55:09,421260,5.0,0.0256,65.0,8.0,0.0606,56.0,,,,,,,,,,,,,,,,,,
2026-08-03 12:55:39,421258,5.0,0.0267,52.0,7.0,0.0817,40.0,,,,,,,,,,,,,,,,,,
2026-08-03 12:55:39,421260,7.0,0.0367,71.0,3.0,0.0239,60.0,,,,,,,,,,,,,,,,,,
2026-08-03 12:56:09,421258,11.0,0.0456,71.0,5.0,0.0539,49.0,,,,,,,,,,,,,,,,,,
2026-08-03 12:56:09,421260,9.0,0.0606,65.0,8.0,0.0656,52.0,,,,,,,,,,,,,,,,,,
2026-08-03 12:56:39,421258,12.0,0.0567,60.0,8.0,0.0878,44.0,,,,,,,,,,,,,,,,,,
2026-08-03 12:56:39,421260,5.0,0.0256,71.0,5.0,0.0317,65.0,,,,,,,,,,,,,,,,,,
2026-08-03 12:57:09,421258,3.0,0.015,65.0,6.0,0.0506,52.0,,,,,,,,,,,,,,,,,,
2026-08-03 12:57:09,421260,14.0,0.0839,65.0,10.0,0.0728,56.0,,,,,,,,,,,,,,,,,,
2026-08-03 12:57:39,421258,10.0,0.0489,60.0,8.0,0.0978,46.0,,,,,,,,,,,,,,,,,,
2026-08-03 12:57:39,421260,6.0,0.0367,65.0,7.0,0.0567,56.0,,,,,,,,,,,,,,,,,,
2026-08-03 12:58:09,421258,7.0,0.0278,71.0,3.0,0.0267,52.0,,,,,,,,,,,,,,,,,,
2026-08-03 12:58:09,421260,12.0,0.075,60.0,9.0,0.0606,52.0,,,,,,,,,,,,,,,,,,
2026-08-03 12:58:39,421258,9.0,0.0389,65.0,12.0,0.1078,46.0,,,,,,,,,,,,,,,,,,
2026-08-03 12:58:39,421260,16.0,0.0889,65.0,10.0,0.0717,56.0,,,,,,,,,,,,,,,,,,
2026-08-03 12:59:09,421258,11.0,0.0467,71.0,6.0,0.0739,52.0,,,,,,,,,,,,,,,,,,
2026-08-03 12:59:09,421260,7.0,0.0378,65.0,7.0,0.05,56.0,,,,,,,,,,,,,,,,,,
2026-08-03 12:59:39,421258,8.0,0.0378,65.0,6.0,0.055,52.0,,,,,,,,,,,,,,,,,,
2026-08-03 12:59:39,421260,7.0,0.0356,78.0,4.0,0.0289,56.0,,,,,,,,,,,,,,,,,,
2026-08-03 13:00:09,421258,10.0,0.045,65.0,8.0,0.0628,49.0,,,,,,,,,,,,,,,,,,
2026-08-03 13:00:09,421260,10.0,0.0567,65.0,6.0,0.0489,56.0,,,,,,,,,,,,,,,,,,
2026-08-03 13:00:39,421258,13.0,0.0539,65.0,9.0,0.0839,46.0,,,,,,,,,,,,,,,,,,
2026-08-03 13:00:39,421260,10.0,0.06,65.0,10.0,0.0939,52.0,,,,,,,,,,,,,,,,,,
2026-08-03 13:01:09,421258,9.0,0.0389,60.0,13.0,0.115,46.0,,,,,,,,,,,,,,,,,,
2026-08-03 13:01:09,421260,11.0,0.0689,60.0,9.0,0.0678,52.0,,,,,,,,,,,,,,,,,,
2026-08-03 13:01:39,421258,6.0,0.0239,71.0,6.0,0.0456,56.0,,,,,,,,,,,,,,,,,,
2026-08-03 13:01:39,421260,4.0,0.02,71.0,7.0,0.0456,60.0,,,,,,,,,,,,,,,,,,
2026-08-03 13:02:09,421258,6.0,0.0267,65.0,6.0,0.0506,49.0,,,,,,,,,,,,,,,,,,
2026-08-03 13:02:09,421260,7.0,0.0389,60.0,9.0,0.115,49.0,,,,,,,,,,,,,,,,,,
2026-08-03 13:02:39,421258,12.0,0.0517,65.0,10.0,0.085,49.0,,,,,,,,,,,,,,,,,,
2026-08-03 13:02:39,421260,11.0,0.0678,60.0,12.0,0.0956,52.0,,,,,,,,,,,,,,,,,,
2026-08-03 13:03:09,421258,8.0,0.035,71.0,7.0,0.0739,49.0,,,,,,,,,,,,,,,,,,
2026-08-03 13:03:09,421260,5.0,0.0289,65.0,9.0,0.0628,56.0,,,,,,,,,,,,,,,,,,
2026-08-03 13:03:39,421258,5.0,0.02,65.0,11.0,0.0956,46.0,,,,,,,,,,,,,,,,,,
2026-08-03 13:03:39,421260,15.0,0.0917,65.0,12.0,0.0828,56.0,,,,,,,,,,,,,,,,,,
2026-08-03 13:04:09,421258,3.0,0.0139,60.0,6.0,0.05,52.0,,,,,,,,,,,,,,,,,,
2026-08-03 13:04:09,421260,8.0,0.0489,60.0,7.0,0.0689,44.0,,,,,,,,,,,,,,,,,,
2026-08-03 13:04:39,421258,11.0,0.0506,60.0,11.0,0.1767,44.0,,,,,,,,,,,,,,,,,,
2026-08-03 13:04:39,421260,10.0,0.0667,56.0,11.0,0.115,44.0,,,,,,,,,,,,,,,,,,
2026-08-03 13:05:09,421258,10.0,0.05,56.0,12.0,0.1089,46.0,,,,,,,,,,,,,,,,,,
2026-08-03 13:05:09,421260,11.0,0.075,56.0,14.0,0.1128,49.0,,,,,,,,,,,,,,,,,,
2026-08-03 13:05:39,421258,13.0,0.0567,65.0,12.0,0.0917,52.0,,,,,,,,,,,,,,,,,,
2026-08-03 13:05:39,421260,8.0,0.0506,60.0,10.0,0.0728,52.0,,,,,,,,,,,,,,,,,,
2026-08-03 13:06:09,421258,3.0,0.0117,71.0,4.0,0.0256,60.0,,,,,,,,,,,,,,,,,,
2026-08-03 13:06:09,421260,10.0,0.0667,60.0,7.0,0.05,56.0,,,,,,,,,,,,,,,,,,
2026-08-03 13:06:39,421258,2.0,0.0117,56.0,7.0,0.0706,46.0,,,,,,,,,,,,,,,,,,
2026-08-03 13:06:39,421260,9.0,0.0528,65.0,9.0,0.0756,56.0,,,,,,,,,,,,,,,,,,
2026-08-03 13:07:09,421258,16.0,0.0828,56.0,12.0,0.1567,36.0,,,,,,,,,,,,,,,,,,
2026-08-03 13:07:09,421260,15.0,0.0878,65.0,9.0,0.0689,56.0,,,,,,,,,,,,,,,,,,
2026-08-03 13:07:39,421258,16.0,0.0878,56.0,8.0,0.1306,40.0,,,,,,,,,,,,,,,,,,
2026-08-03 13:07:39,421260,9.0,0.05,65.0,9.0,0.0756,52.0,,,,,,,,,,,,,,,,,,
2026-08-03 13:08:09,421258,6.0,0.0278,65.0,11.0,0.0878,44.0,,,,,,,,,,,,,,,,,,
2026-08-03 13:08:09,421260,10.0,0.0556,71.0,8.0,0.0556,56.0,,,,,,,,,,,,,,,,,,
2026-08-03 13:08:39,421258,15.0,0.0756,60.0,12.0,0.1106,46.0,,,,,,,,,,,,,,,,,,
2026-08-03 13:08:39,421260,10.0,0.0567,71.0,13.0,0.0967,56.0,,,,,,,,,,,,,,,,,,
2026-08-03 13:09:09,421258,10.0,0.0456,65.0,9.0,0.0956,49.0,,,,,,,,,,,,,,,,,,
2026-08-03 13:09:09,421260,7.0,0.0406,65.0,9.0,0.07,56.0,,,,,,,,,,,,,,,,,,
2026-08-03 13:09:39,421258,10.0,0.05,65.0,13.0,0.1167,46.0,,,,,,,,,,,,,,,,,,
2026-08-03 13:09:39,421260,16.0,0.095,65.0,9.0,0.0678,52.0,,,,,,,,,,,,,,,,,,
2026-08-03 13:10:09,421258,6.0,0.0239,78.0,10.0,0.0978,49.0,,,,,,,,,,,,,,,,,,
2026-08-03 13:10:09,421260,5.0,0.0317,71.0,8.0,0.0639,56.0,,,,,,,,,,,,,,,,,,
2026-08-03 13:10:39,421258,12.0,0.0528,65.0,7.0,0.0767,52.0,,,,,,,,,,,,,,,,,,
2026-08-03 13:10:39,421260,16.0,0.0878,65.0,5.0,0.0378,60.0,,,,,,,,,,,,,,,,,,
2026-08-03 13:11:09,421258,7.0,0.0306,65.0,11.0,0.105,46.0,,,,,,,,,,,,,,,,,,
2026-08-03 13:11:09,421260,12.0,0.0678,65.0,9.0,0.0639,56.0,,,,,,,,,,,,,,,,,,
2026-08-03 13:11:39,421258,10.0,0.0456,60.0,7.0,0.0617,52.0,,,,,,,,,,,,,,,,,,
2026-08-03 13:11:39,421260,5.0,0.0256,71.0,3.0,0.0206,56.0,,,,,,,,,,,,,,,,,,
2026-08-03 13:12:09,421258,13.0,0.0578,71.0,7.0,0.0689,49.0,,,,,,,,,,,,,,,,,,
2026-08-03 13:12:09,421260,12.0,0.0728,60.0,13.0,0.1339,46.0,,,,,,,,,,,,,,,,,,
2026-08-03 13:12:39,421258,9.0,0.0389,71.0,9.0,0.0617,56.0,,,,,,,,,,,,,,,,,,
2026-08-03 13:12:39,421260,7.0,0.0389,65.0,6.0,0.045,56.0,,,,,,,,,,,,,,,,,,
2026-08-03 13:13:09,421258,11.0,0.05,65.0,8.0,0.075,49.0,,,,,,,,,,,,,,,,,,
2026-08-03 13:13:09,421260,13.0,0.0789,60.0,10.0,0.0867,52.0,,,,,,,,,,,,,,,,,,
2026-08-03 13:13:39,421258,5.0,0.0228,65.0,6.0,0.0539,49.0,,,,,,,,,,,,,,,,,,
2026-08-03 13:13:39,421260,8.0,0.0456,65.0,8.0,0.0767,49.0,,,,,,,,,,,,,,,,,,
2026-08-03 13:14:09,421258,7.0,0.0289,78.0,5.0,0.0339,56.0,,,,,,,,,,,,,,,,,,
2026-08-03 13:14:09,421260,12.0,0.0728,60.0,12.0,0.0939,52.0,,,,,,,,,,,,,,,,,,
2026-08-03 13:14:39,421258,6.0,0.0339,56.0,10.0,0.1339,42.0,,,,,,,,,,,,,,,,,,
2026-08-03 13:14:39,421260,10.0,0.0617,60.0,9.0,0.0689,56.0,,,,,,,,,,,,,,,,,,
2026-08-03 13:15:09,421258,13.0,0.06,65.0,11.0,0.1217,46.0,,,,,,,,,,,,,,,,,,
2026-08-03 13:15:09,421260,13.0,0.08,60.0,9.0,0.065,56.0,,,,,,,,,,,,,,,,,,
2026-08-03 13:15:39,421258,12.0,0.0567,60.0,4.0,0.0517,49.0,,,,,,,,,,,,,,,,,,
2026-08-03 13:15:39,421260,7.0,0.0389,71.0,3.0,0.0239,56.0,,,,,,,,,,,,,,,,,,
2026-08-03 13:16:09,421258,7.0,0.03,65.0,4.0,0.0678,44.0,,,,,,,,,,,,,,,,,,
2026-08-03 13:16:09,421260,14.0,0.08,65.0,11.0,0.11,52.0,,,,,,,,,,,,,,,,,,
2026-08-03 13:16:39,421258,16.0,0.0767,60.0,11.0,0.1217,44.0,,,,,,,,,,,,,,,,,,
2026-08-03 13:16:39,421260,4.0,0.0206,71.0,8.0,0.0528,56.0,,,,,,,,,,,,,,,,,,
2026-08-03 13:17:09,421258,14.0,0.0717,60.0,12.0,0.1156,49.0,,,,,,,,,,,,,,,,,,
2026-08-03 13:17:09,421260,0.0,0.0,0.0,3.0,0.0206,60.0,,,,,,,,,,,,,,,,,,
2026-08-03 13:17:39,421258,9.0,0.0389,60.0,6.0,0.0506,46.0,,,,,,,,,,,,,,,,,,
2026-08-03 13:17:39,421260,6.0,0.0339,65.0,8.0,0.055,56.0,,,,,,,,,,,,,,,,,,
2026-08-03 13:18:09,421258,12.0,0.0556,65.0,8.0,0.1089,44.0,,,,,,,,,,,,,,,,,,
2026-08-03 13:18:09,421260,15.0,0.0906,60.0,10.0,0.0878,52.0,,,,,,,,,,,,,,,,,,
2026-08-03 13:18:39,421258,4.0,0.0178,65.0,7.0,0.0628,49.0,,,,,,,,,,,,,,,,,,
2026-08-03 13:18:39,421260,6.0,0.0339,65.0,4.0,0.0289,60.0,,,,,,,,,,,,,,,,,,
2026-08-03 13:19:09,421258,0.0,0.0,0.0,6.0,0.0428,49.0,,,,,,,,,,,,,,,,,,
2026-08-03 13:19:09,421260,15.0,0.0839,65.0,11.0,0.0928,56.0,,,,,,,,,,,,,,,,,,
2026-08-03 13:19:39,421258,6.0,0.0239,71.0,6.0,0.0456,52.0,,,,,,,,,,,,,,,,,,
2026-08-03 13:19:39,421260,4.0,0.0239,65.0,10.0,0.0678,56.0,,,,,,,,,,,,,,,,,,
2026-08-03 13:20:09,421258,8.0,0.0339,65.0,7.0,0.085,49.0,,,,,,,,,,,,,,,,,,
2026-08-03 13:20:09,421260,10.0,0.0506,71.0,5.0,0.0389,56.0,,,,,,,,,,,,,,,,,,
2026-08-03 13:20:39,421258,11.0,0.0528,65.0,11.0,0.1056,46.0,,,,,,,,,,,,,,,,,,
2026-08-03 13:20:39,421260,11.0,0.0639,65.0,7.0,0.0456,56.0,,,,,,,,,,,,,,,,,,
2026-08-03 13:21:09,421258,11.0,0.0489,65.0,8.0,0.0889,49.0,,,,,,,,,,,,,,,,,,
2026-08-03 13:21:09,421260,10.0,0.0656,60.0,11.0,0.0917,56.0,,,,,,,,,,,,,,,,,,
2026-08-03 13:21:39,421258,5.0,0.0217,65.0,11.0,0.0878,49.0,,,,,,,,,,,,,,,,,,
2026-08-03 13:21:39,421260,8.0,0.0439,65.0,7.0,0.0506,60.0,,,,,,,,,,,,,,,,,,
2026-08-03 13:22:09,421258,7.0,0.0328,65.0,6.0,0.0506,46.0,,,,,,,,,,,,,,,,,,
2026-08-03 13:22:09,421260,10.0,0.0539,65.0,6.0,0.05,49.0,,,,,,,,,,,,,,,,,,
2026-08-03 13:22:39,421258,13.0,0.0606,60.0,7.0,0.0656,46.0,,,,,,,,,,,,,,,,,,
2026-08-03 13:22:39,421260,12.0,0.0656,71.0,8.0,0.0656,56.0,,,,,,,,,,,,,,,,,,
2026-08-03 13:23:09,421258,6.0,0.0339,65.0,7.0,0.0506,52.0,,,,,,,,,,,,,,,,,,
2026-08-03 13:23:09,421260,2.0,0.0139,71.0,8.0,0.0556,52.0,,,,,,,,,,,,,,,,,,
2026-08-03 13:23:39,421258,16.0,0.0728,65.0,7.0,0.0889,42.0,,,,,,,,,,,,,,,,,,
2026-08-03 13:23:39,421260,12.0,0.0628,65.0,6.0,0.045,52.0,,,,,,,,,,,,,,,,,,
2026-08-03 13:24:09,421258,10.0,0.0406,71.0,4.0,0.0467,56.0,,,,,,,,,,,,,,,,,,
2026-08-03 13:24:09,421260,11.0,0.0617,71.0,11.0,0.0739,56.0,,,,,,,,,,,,,,,,,,
2026-08-03 13:24:39,421258,11.0,0.0556,65.0,7.0,0.0706,42.0,,,,,,,,,,,,,,,,,,
2026-08-03 13:24:39,421260,8.0,0.0417,78.0,6.0,0.0339,60.0,,,,,,,,,,,,,,,,,,
2026-08-03 13:25:09,421258,2.0,0.0078,78.0,6.0,0.05,49.0,,,,,,,,,,,,,,,,,,
2026-08-03 13:25:09,421260,11.0,0.0617,71.0,7.0,0.0739,56.0,,,,,,,,,,,,,,,,,,
2026-08-03 13:25:39,421258,10.0,0.0428,65.0,10.0,0.0828,46.0,,,,,,,,,,,,,,,,,,
2026-08-03 13:25:39,421260,8.0,0.0467,65.0,8.0,0.0678,52.0,,,,,,,,,,,,,,,,,,
2026-08-03 13:26:09,421258,16.0,0.0739,60.0,13.0,0.1006,49.0,,,,,,,,,,,,,,,,,,
2026-08-03 13:26:09,421260,6.0,0.0328,71.0,4.0,0.0228,71.0,,,,,,,,,,,,,,,,,,
2026-08-03 13:26:39,421258,7.0,0.03,71.0,5.0,0.0317,60.0,,,,,,,,,,,,,,,,,,
2026-08-03 13:26:39,421260,6.0,0.0306,71.0,7.0,0.0478,60.0,,,,,,,,,,,,,,,,,,
2026-08-03 13:27:09,421258,5.0,0.02,78.0,7.0,0.0667,56.0,,,,,,,,,,,,,,,,,,
2026-08-03 13:27:09,421260,6.0,0.0317,71.0,7.0,0.0489,60.0,,,,,,,,,,,,,,,,,,
2026-08-03 13:27:39,421258,11.0,0.0489,71.0,8.0,0.0706,49.0,,,,,,,,,,,,,,,,,,
2026-08-03 13:27:39,421260,13.0,0.0728,65.0,9.0,0.0589,56.0,,,,,,,,,,,,,,,,,,
2026-08-03 13:28:09,421258,5.0,0.0217,71.0,7.0,0.0417,60.0,,,,,,,,,,,,,,,,,,
2026-08-03 13:28:09,421260,11.0,0.0606,65.0,8.0,0.0567,60.0,,,,,,,,,,,,,,,,,,
2026-08-03 13:28:39,421258,4.0,0.0156,78.0,6.0,0.0467,52.0,,,,,,,,,,,,,,,,,,
2026-08-03 13:28:39,421260,7.0,0.0389,65.0,8.0,0.0689,49.0,,,,,,,,,,,,,,,,,,
2026-08-03 13:29:09,421258,8.0,0.035,65.0,9.0,0.0728,52.0,,,,,,,,,,,,,,,,,,
2026-08-03 13:29:09,421260,10.0,0.05,71.0,5.0,0.0589,52.0,,,,,,,,,,,,,,,,,,
2026-08-03 13:29:39,421258,7.0,0.03,65.0,9.0,0.0639,52.0,,,,,,,,,,,,,,,,,,
2026-08-03 13:29:39,421260,9.0,0.0589,56.0,10.0,0.075,52.0,,,,,,,,,,,,,,,,,,
2026-08-03 13:30:09,421258,13.0,0.0567,65.0,7.0,0.0628,52.0,,,,,,,,,,,,,,,,,,
2026-08-03 13:30:09,421260,13.0,0.0789,60.0,13.0,0.1067,52.0,,,,,,,,,,,,,,,,,,
2026-08-03 13:30:39,421258,3.0,0.0117,71.0,8.0,0.0856,49.0,,,,,,,,,,,,,,,,,,
2026-08-03 13:30:39,421260,5.0,0.03,65.0,5.0,0.035,60.0,,,,,,,,,,,,,,,,,,
2026-08-03 13:31:09,421258,8.0,0.035,65.0,7.0,0.065,52.0,,,,,,,,,,,,,,,,,,
2026-08-03 13:31:09,421260,11.0,0.06,71.0,7.0,0.0428,65.0,,,,,,,,,,,,,,,,,,
2026-08-03 13:31:39,421258,9.0,0.0417,60.0,8.0,0.0789,46.0,,,,,,,,,,,,,,,,,,
2026-08-03 13:31:39,421260,13.0,0.08,60.0,10.0,0.0839,49.0,,,,,,,,,,,,,,,,,,
2026-08-03 13:32:09,421258,11.0,0.0478,65.0,8.0,0.0667,49.0,,,,,,,,,,,,,,,,,,
2026-08-03 13:32:09,421260,9.0,0.0567,60.0,13.0,0.1089,46.0,,,,,,,,,,,,,,,,,,
2026-08-03 13:32:39,421258,8.0,0.0339,65.0,14.0,0.1389,46.0,,,,,,,,,,,,,,,,,,
2026-08-03 13:32:39,421260,9.0,0.0478,71.0,10.0,0.07,56.0,,,,,,,,,,,,,,,,,,
2026-08-03 13:33:09,421258,12.0,0.0556,65.0,5.0,0.075,46.0,,,,,,,,,,,,,,,,,,
2026-08-03 13:33:09,421260,10.0,0.0528,71.0,6.0,0.05,52.0,,,,,,,,,,,,,,,,,,
2026-08-03 13:33:39,421258,7.0,0.03,71.0,4.0,0.0467,56.0,,,,,,,,,,,,,,,,,,
2026-08-03 13:33:39,421260,17.0,0.1067,60.0,11.0,0.0967,49.0,,,,,,,,,,,,,,,,,,
2026-08-03 13:34:09,421258,12.0,0.0567,65.0,9.0,0.075,49.0,,,,,,,,,,,,,,,,,,
2026-08-03 13:34:09,421260,8.0,0.0517,65.0,9.0,0.0628,56.0,,,,,,,,,,,,,,,,,,
2026-08-03 13:34:39,421258,10.0,0.0506,65.0,13.0,0.1467,46.0,,,,,,,,,,,,,,,,,,
2026-08-03 13:34:39,421260,16.0,0.0839,65.0,10.0,0.0756,52.0,,,,,,,,,,,,,,,,,,
2026-08-03 13:35:09,421258,9.0,0.0328,65.0,8.0,0.0706,49.0,,,,,,,,,,,,,,,,,,
2026-08-03 13:35:09,421260,8.0,0.045,71.0,7.0,0.0456,60.0,,,,,,,,,,,,,,,,,,
2026-08-03 13:35:39,421258,14.0,0.0617,65.0,10.0,0.0956,49.0,,,,,,,,,,,,,,,,,,
2026-08-03 13:35:39,421260,8.0,0.045,71.0,8.0,0.0567,56.0,,,,,,,,,,,,,,,,,,
2026-08-03 13:36:09,421258,12.0,0.0567,60.0,7.0,0.0578,49.0,,,,,,,,,,,,,,,,,,
2026-08-03 13:36:09,421260,7.0,0.0406,65.0,5.0,0.0428,56.0,,,,,,,,,,,,,,,,,,
2026-08-03 13:36:39,421258,15.0,0.0706,65.0,12.0,0.1056,46.0,,,,,,,,,,,,,,,,,,
2026-08-03 13:36:39,421260,11.0,0.0589,71.0,5.0,0.0317,56.0,,,,,,,,,,,,,,,,,,
2026-08-03 13:37:09,421258,9.0,0.0489,60.0,7.0,0.0606,49.0,,,,,,,,,,,,,,,,,,
2026-08-03 13:37:09,421260,4.0,0.025,60.0,11.0,0.0939,56.0,,,,,,,,,,,,,,,,,,
2026-08-03 13:37:39,421258,8.0,0.035,71.0,8.0,0.0617,52.0,,,,,,,,,,,,,,,,,,
2026-08-03 13:37:39,421260,13.0,0.0806,60.0,11.0,0.0706,60.0,,,,,,,,,,,,,,,,,,
2026-08-03 13:38:09,421258,5.0,0.0217,65.0,4.0,0.0317,52.0,,,,,,,,,,,,,,,,,,
2026-08-03 13:38:09,421260,9.0,0.0528,65.0,6.0,0.06,56.0,,,,,,,,,,,,,,,,,,
2026-08-03 13:38:39,421258,9.0,0.0406,65.0,9.0,0.0856,52.0,,,,,,,,,,,,,,,,,,
2026-08-03 13:38:39,421260,13.0,0.08,65.0,12.0,0.0967,52.0,,,,,,,,,,,,,,,,,,
2026-08-03 13:39:09,421258,4.0,0.0189,65.0,2.0,0.0378,44.0,,,,,,,,,,,,,,,,,,
2026-08-03 13:39:09,421260,18.0,0.1228,60.0,8.0,0.09,46.0,,,,,,,,,,,,,,,,,,
2026-08-03 13:39:39,421258,18.0,0.0878,60.0,14.0,0.1167,46.0,,,,,,,,,,,,,,,,,,
2026-08-03 13:39:39,421260,11.0,0.0678,60.0,12.0,0.1156,46.0,,,,,,,,,,,,,,,,,,
2026-08-03 13:40:09,421258,12.0,0.05,71.0,9.0,0.0828,52.0,,,,,,,,,,,,,,,,,,
2026-08-03 13:40:09,421260,3.0,0.015,78.0,3.0,0.0189,65.0,,,,,,,,,,,,,,,,,,
2026-08-03 13:40:39,421258,4.0,0.0156,71.0,5.0,0.0517,49.0,,,,,,,,,,,,,,,,,,
2026-08-03 13:40:39,421260,9.0,0.0517,65.0,8.0,0.06,56.0,,,,,,,,,,,,,,,,,,
2026-08-03 13:41:09,421258,13.0,0.0689,65.0,11.0,0.1389,46.0,,,,,,,,,,,,,,,,,,
2026-08-03 13:41:09,421260,12.0,0.0667,65.0,11.0,0.0789,56.0,,,,,,,,,,,,,,,,,,
2026-08-03 13:41:39,421258,14.0,0.065,60.0,10.0,0.1078,46.0,,,,,,,,,,,,,,,,,,
2026-08-03 13:41:39,421260,14.0,0.0767,65.0,12.0,0.085,56.0,,,,,,,,,,,,,,,,,,
2026-08-03 13:42:09,421258,11.0,0.0489,65.0,7.0,0.1178,46.0,,,,,,,,,,,,,,,,,,
2026-08-03 13:42:09,421260,6.0,0.0328,71.0,7.0,0.05,56.0,,,,,,,,,,,,,,,,,,
2026-08-03 13:42:39,421258,8.0,0.0367,65.0,10.0,0.0767,52.0,,,,,,,,,,,,,,,,,,
2026-08-03 13:42:39,421260,11.0,0.0656,65.0,7.0,0.0639,56.0,,,,,,,,,,,,,,,,,,
2026-08-03 13:43:09,421258,11.0,0.0506,71.0,7.0,0.0489,56.0,,,,,,,,,,,,,,,,,,
2026-08-03 13:43:09,421260,8.0,0.0467,65.0,7.0,0.0528,52.0,,,,,,,,,,,,,,,,,,
2026-08-03 13:43:39,421258,14.0,0.0556,71.0,13.0,0.0939,52.0,,,,,,,,,,,,,,,,,,
2026-08-03 13:43:39,421260,15.0,0.095,60.0,9.0,0.0678,56.0,,,,,,,,,,,,,,,,,,
2026-08-03 13:44:09,421258,6.0,0.0239,65.0,8.0,0.0828,52.0,,,,,,,,,,,,,,,,,,
2026-08-03 13:44:09,421260,5.0,0.0278,65.0,6.0,0.0439,52.0,,,,,,,,,,,,,,,,,,
2026-08-03 13:44:39,421258,7.0,0.03,71.0,5.0,0.0356,60.0,,,,,,,,,,,,,,,,,,
2026-08-03 13:44:39,421260,13.0,0.0878,60.0,10.0,0.1139,49.0,,,,,,,,,,,,,,,,,,
2026-08-03 13:45:09,421258,9.0,0.0406,65.0,6.0,0.065,49.0,,,,,,,,,,,,,,,,,,
2026-08-03 13:45:09,421260,8.0,0.0467,60.0,8.0,0.0567,49.0,,,,,,,,,,,,,,,,,,
2026-08-03 13:45:39,421258,14.0,0.0689,60.0,8.0,0.0739,49.0,,,,,,,,,,,,,,,,,,
2026-08-03 13:45:39,421260,12.0,0.0717,65.0,9.0,0.065,52.0,,,,,,,,,,,,,,,,,,
2026-08-03 13:46:09,421258,5.0,0.02,71.0,8.0,0.0617,49.0,,,,,,,,,,,,,,,,,,
2026-08-03 13:46:09,421260,8.0,0.045,65.0,6.0,0.0417,56.0,,,,,,,,,,,,,,,,,,
2026-08-03 13:46:39,421258,7.0,0.0339,60.0,7.0,0.085,46.0,,,,,,,,,,,,,,,,,,
2026-08-03 13:46:39,421260,14.0,0.0778,65.0,9.0,0.0728,56.0,,,,,,,,,,,,,,,,,,
2026-08-03 13:47:09,421258,7.0,0.0306,60.0,9.0,0.1267,46.0,,,,,,,,,,,,,,,,,,
2026-08-03 13:47:09,421260,9.0,0.0506,65.0,13.0,0.0978,52.0,,,,,,,,,,,,,,,,,,
2026-08-03 13:47:39,421258,10.0,0.055,56.0,13.0,0.12,46.0,,,,,,,,,,,,,,,,,,
2026-08-03 13:47:39,421260,7.0,0.0406,65.0,7.0,0.0506,56.0,,,,,,,,,,,,,,,,,,
2026-08-03 13:48:09,421258,6.0,0.0239,71.0,7.0,0.0806,49.0,,,,,,,,,,,,,,,,,,
2026-08-03 13:48:09,421260,10.0,0.06,65.0,9.0,0.0578,65.0,,,,,,,,,,,,,,,,,,
2026-08-03 13:48:39,421258,14.0,0.06,65.0,6.0,0.0578,49.0,,,,,,,,,,,,,,,,,,
2026-08-03 13:48:39,421260,6.0,0.0328,65.0,9.0,0.0656,52.0,,,,,,,,,,,,,,,,,,
2026-08-03 13:49:09,421258,8.0,0.0339,65.0,11.0,0.1089,52.0,,,,,,,,,,,,,,,,,,
2026-08-03 13:49:09,421260,8.0,0.0439,71.0,4.0,0.0239,65.0,,,,,,,,,,,,,,,,,,
2026-08-03 13:49:39,421258,9.0,0.0378,71.0,13.0,0.1,52.0,,,,,,,,,,,,,,,,,,
2026-08-03 13:49:39,421260,10.0,0.0556,60.0,7.0,0.055,49.0,,,,,,,,,,,,,,,,,,
2026-08-03 13:50:09,421258,7.0,0.0328,71.0,10.0,0.0706,56.0,,,,,,,,,,,,,,,,,,
2026-08-03 13:50:09,421260,17.0,0.11,56.0,11.0,0.0978,49.0,,,,,,,,,,,,,,,,,,
2026-08-03 13:50:39,421258,6.0,0.0267,65.0,7.0,0.0528,52.0,,,,,,,,,,,,,,,,,,
2026-08-03 13:50:39,421260,11.0,0.0689,60.0,7.0,0.0606,52.0,,,,,,,,,,,,,,,,,,
2026-08-03 13:51:09,421258,9.0,0.0378,71.0,6.0,0.0828,52.0,,,,,,,,,,,,,,,,,,
2026-08-03 13:51:09,421260,15.0,0.0978,56.0,12.0,0.1167,49.0,,,,,,,,,,,,,,,,,,
2026-08-03 13:51:39,421258,2.0,0.0078,65.0,1.0,0.0067,60.0,,,,,,,,,,,,,,,,,,
2026-08-03 13:51:39,421260,14.0,0.0906,60.0,11.0,0.0978,52.0,,,,,,,,,,,,,,,,,,
2026-08-03 13:52:09,421258,14.0,0.06,65.0,11.0,0.1078,49.0,,,,,,,,,,,,,,,,,,
2026-08-03 13:52:09,421260,7.0,0.0406,65.0,7.0,0.0489,56.0,,,,,,,,,,,,,,,,,,
2026-08-03 13:52:39,421258,14.0,0.0617,65.0,11.0,0.0939,46.0,,,,,,,,,,,,,,,,,,
2026-08-03 13:52:39,421260,7.0,0.0389,65.0,7.0,0.0506,52.0,,,,,,,,,,,,,,,,,,
2026-08-03 13:53:09,421258,12.0,0.05,71.0,7.0,0.0606,49.0,,,,,,,,,,,,,,,,,,
2026-08-03 13:53:09,421260,13.0,0.0806,60.0,9.0,0.0839,49.0,,,,,,,,,,,,,,,,,,
2026-08-03 13:53:39,421258,12.0,0.0567,65.0,9.0,0.1078,44.0,,,,,,,,,,,,,,,,,,
2026-08-03 13:53:39,421260,14.0,0.0828,65.0,11.0,0.0839,52.0,,,,,,,,,,,,,,,,,,
2026-08-03 13:54:09,421258,15.0,0.0806,56.0,14.0,0.1606,40.0,,,,,,,,,,,,,,,,,,
2026-08-03 13:54:09,421260,11.0,0.0628,65.0,10.0,0.0656,56.0,,,,,,,,,,,,,,,,,,
2026-08-03 13:54:39,421258,7.0,0.03,65.0,6.0,0.04,56.0,,,,,,,,,,,,,,,,,,
2026-08-03 13:54:39,421260,10.0,0.055,65.0,8.0,0.0556,52.0,,,,,,,,,,,,,,,,,,
2026-08-03 13:55:09,421258,9.0,0.0417,65.0,9.0,0.07,49.0,,,,,,,,,,,,,,,,,,
2026-08-03 13:55:09,421260,9.0,0.0539,60.0,9.0,0.0656,56.0,,,,,,,,,,,,,,,,,,
2026-08-03 13:55:39,421258,16.0,0.0756,65.0,12.0,0.1589,44.0,,,,,,,,,,,,,,,,,,
2026-08-03 13:55:39,421260,5.0,0.03,65.0,4.0,0.0389,46.0,,,,,,,,,,,,,,,,,,
2026-08-03 13:56:09,421258,14.0,0.0606,65.0,11.0,0.0856,49.0,,,,,,,,,,,,,,,,,,
2026-08-03 13:56:09,421260,12.0,0.0717,60.0,10.0,0.0739,52.0,,,,,,,,,,,,,,,,,,
2026-08-03 13:56:39,421258,8.0,0.0339,71.0,7.0,0.0589,49.0,,,,,,,,,,,,,,,,,,
2026-08-03 13:56:39,421260,16.0,0.1006,60.0,12.0,0.1056,52.0,,,,,,,,,,,,,,,,,,
2026-08-03 13:57:09,421258,11.0,0.05,71.0,11.0,0.0917,49.0,,,,,,,,,,,,,,,,,,
2026-08-03 13:57:09,421260,15.0,0.0928,60.0,11.0,0.0878,49.0,,,,,,,,,,,,,,,,,,
2026-08-03 13:57:39,421258,5.0,0.0217,65.0,6.0,0.0456,60.0,,,,,,,,,,,,,,,,,,
2026-08-03 13:57:39,421260,7.0,0.0456,60.0,14.0,0.1128,52.0,,,,,,,,,,,,,,,,,,
2026-08-03 13:58:09,421258,9.0,0.0389,71.0,5.0,0.0417,49.0,,,,,,,,,,,,,,,,,,
2026-08-03 13:58:09,421260,7.0,0.0389,65.0,9.0,0.0656,56.0,,,,,,,,,,,,,,,,,,
2026-08-03 13:58:39,421258,13.0,0.0617,60.0,10.0,0.1128,49.0,,,,,,,,,,,,,,,,,,
2026-08-03 13:58:39,421260,11.0,0.0639,65.0,8.0,0.0539,60.0,,,,,,,,,,,,,,,,,,
2026-08-03 13:59:09,421258,16.0,0.0717,65.0,9.0,0.0739,49.0,,,,,,,,,,,,,,,,,,
2026-08-03 13:59:09,421260,6.0,0.0328,71.0,9.0,0.0756,56.0,,,,,,,,,,,,,,,,,,
2026-08-03 13:59:39,421258,6.0,0.0267,71.0,8.0,0.0778,49.0,,,,,,,,,,,,,,,,,,
2026-08-03 13:59:39,421260,5.0,0.0289,71.0,4.0,0.0256,60.0,,,,,,,,,,,,,,,,,,
2026-08-03 14:00:09,421258,12.0,0.0567,60.0,12.0,0.1056,46.0,,,,,,,,,,,,,,,,,,
2026-08-03 14:00:09,421260,11.0,0.0706,60.0,8.0,0.0706,49.0,,,,,,,,,,,,,,,,,,
2026-08-03 14:00:39,421258,13.0,0.0617,65.0,12.0,0.1028,46.0,,,,,,,,,,,,,,,,,,
2026-08-03 14:00:39,421260,11.0,0.0606,65.0,8.0,0.0517,65.0,,,,,,,,,,,,,,,,,,
2026-08-03 14:01:09,421258,7.0,0.0278,71.0,6.0,0.0517,56.0,,,,,,,,,,,,,,,,,,
2026-08-03 14:01:09,421260,8.0,0.0428,65.0,6.0,0.0567,52.0,,,,,,,,,,,,,,,,,,
2026-08-03 14:01:39,421258,3.0,0.0139,71.0,9.0,0.0706,49.0,,,,,,,,,,,,,,,,,,
2026-08-03 14:01:39,421260,9.0,0.06,60.0,6.0,0.0589,49.0,,,,,,,,,,,,,,,,,,
2026-08-03 14:02:09,421258,9.0,0.0367,71.0,4.0,0.0217,60.0,,,,,,,,,,,,,,,,,,
2026-08-03 14:02:09,421260,6.0,0.0339,65.0,8.0,0.0667,44.0,,,,,,,,,,,,,,,,,,
2026-08-03 14:02:39,421258,14.0,0.0606,65.0,9.0,0.0906,56.0,,,,,,,,,,,,,,,,,,
2026-08-03 14:02:39,421260,5.0,0.0256,71.0,4.0,0.0289,52.0,,,,,,,,,,,,,,,,,,
2026-08-03 14:03:09,421258,3.0,0.0139,65.0,5.0,0.0356,52.0,,,,,,,,,,,,,,,,,,
2026-08-03 14:03:09,421260,14.0,0.0817,65.0,5.0,0.0356,60.0,,,,,,,,,,,,,,,,,,
2026-08-03 14:03:39,421258,9.0,0.0406,71.0,5.0,0.055,52.0,,,,,,,,,,,,,,,,,,
2026-08-03 14:03:39,421260,9.0,0.0517,65.0,8.0,0.0617,49.0,,,,,,,,,,,,,,,,,,
2026-08-03 14:04:09,421258,5.0,0.0239,65.0,7.0,0.0728,49.0,,,,,,,,,,,,,,,,,,
2026-08-03 14:04:09,421260,13.0,0.085,60.0,13.0,0.1089,49.0,,,,,,,,,,,,,,,,,,
2026-08-03 14:04:39,421258,6.0,0.0267,65.0,9.0,0.125,42.0,,,,,,,,,,,,,,,,,,
2026-08-03 14:04:39,421260,10.0,0.0567,65.0,9.0,0.0639,56.0,,,,,,,,,,,,,,,,,,
2026-08-03 14:05:09,421258,17.0,0.08,65.0,8.0,0.0628,52.0,,,,,,,,,,,,,,,,,,
2026-08-03 14:05:09,421260,7.0,0.0428,65.0,7.0,0.0456,56.0,,,,,,,,,,,,,,,,,,
2026-08-03 14:05:39,421258,2.0,0.01,78.0,3.0,0.0217,56.0,,,,,,,,,,,,,,,,,,
2026-08-03 14:05:39,421260,11.0,0.0678,60.0,6.0,0.0456,46.0,,,,,,,,,,,,,,,,,,
2026-08-03 14:06:09,421258,8.0,0.0356,60.0,6.0,0.0506,46.0,,,,,,,,,,,,,,,,,,
2026-08-03 14:06:09,421260,10.0,0.0567,65.0,7.0,0.0678,56.0,,,,,,,,,,,,,,,,,,
2026-08-03 14:06:39,421258,19.0,0.0928,60.0,16.0,0.1589,42.0,,,,,,,,,,,,,,,,,,
2026-08-03 14:06:39,421260,10.0,0.055,65.0,6.0,0.055,52.0,,,,,,,,,,,,,,,,,,
2026-08-03 14:07:09,421258,6.0,0.0256,71.0,8.0,0.0667,46.0,,,,,,,,,,,,,,,,,,
2026-08-03 14:07:09,421260,13.0,0.075,65.0,4.0,0.035,60.0,,,,,,,,,,,,,,,,,,
2026-08-03 14:07:39,421258,6.0,0.0239,71.0,7.0,0.0656,52.0,,,,,,,,,,,,,,,,,,
2026-08-03 14:07:39,421260,7.0,0.0506,56.0,6.0,0.0728,49.0,,,,,,,,,,,,,,,,,,
2026-08-03 14:08:09,421258,13.0,0.06,65.0,11.0,0.105,52.0,,,,,,,,,,,,,,,,,,
2026-08-03 14:08:09,421260,18.0,0.1056,60.0,11.0,0.0856,52.0,,,,,,,,,,,,,,,,,,
2026-08-03 14:08:39,421258,6.0,0.0256,65.0,4.0,0.0556,40.0,,,,,,,,,,,,,,,,,,
2026-08-03 14:08:39,421260,9.0,0.0528,65.0,7.0,0.0606,56.0,,,,,,,,,,,,,,,,,,
2026-08-03 14:09:09,421258,10.0,0.0456,60.0,10.0,0.1056,49.0,,,,,,,,,,,,,,,,,,
2026-08-03 14:09:09,421260,9.0,0.0489,65.0,5.0,0.0328,60.0,,,,,,,,,,,,,,,,,,
2026-08-03 14:09:39,421258,2.0,0.0089,78.0,5.0,0.04,56.0,,,,,,,,,,,,,,,,,,
2026-08-03 14:09:39,421260,12.0,0.0789,60.0,7.0,0.0528,56.0,,,,,,,,,,,,,,,,,,
2026-08-03 14:10:09,421258,9.0,0.0417,65.0,6.0,0.0606,56.0,,,,,,,,,,,,,,,,,,
2026-08-03 14:10:09,421260,13.0,0.0817,60.0,12.0,0.0989,56.0,,,,,,,,,,,,,,,,,,
2026-08-03 14:10:39,421258,12.0,0.0539,60.0,5.0,0.0789,42.0,,,,,,,,,,,,,,,,,,
2026-08-03 14:10:39,421260,13.0,0.0689,65.0,9.0,0.075,52.0,,,,,,,,,,,,,,,,,,
2026-08-03 14:11:09,421258,15.0,0.0756,56.0,10.0,0.1067,44.0,,,,,,,,,,,,,,,,,,
2026-08-03 14:11:09,421260,9.0,0.0467,71.0,5.0,0.0328,65.0,,,,,,,,,,,,,,,,,,
2026-08-03 14:11:39,421258,17.0,0.0789,65.0,9.0,0.1017,49.0,,,,,,,,,,,,,,,,,,
2026-08-03 14:11:39,421260,9.0,0.0489,71.0,5.0,0.0389,56.0,,,,,,,,,,,,,,,,,,
2026-08-03 14:12:09,421258,13.0,0.0578,65.0,6.0,0.105,46.0,,,,,,,,,,,,,,,,,,
2026-08-03 14:12:09,421260,12.0,0.0678,65.0,4.0,0.0578,49.0,,,,,,,,,,,,,,,,,,
2026-08-03 14:12:39,421258,10.0,0.0428,65.0,13.0,0.1178,49.0,,,,,,,,,,,,,,,,,,
2026-08-03 14:12:39,421260,10.0,0.0656,65.0,8.0,0.0578,56.0,,,,,,,,,,,,,,,,,,
2026-08-03 14:13:09,421258,11.0,0.0506,65.0,5.0,0.0417,52.0,,,,,,,,,,,,,,,,,,
2026-08-03 14:13:09,421260,12.0,0.065,65.0,7.0,0.05,60.0,,,,,,,,,,,,,,,,,,
2026-08-03 14:13:39,421258,10.0,0.0456,65.0,8.0,0.0767,56.0,,,,,,,,,,,,,,,,,,
2026-08-03 14:13:39,421260,6.0,0.0317,71.0,5.0,0.0317,60.0,,,,,,,,,,,,,,,,,,
2026-08-03 14:14:09,421258,5.0,0.02,78.0,7.0,0.0467,56.0,,,,,,,,,,,,,,,,,,
2026-08-03 14:14:09,421260,8.0,0.0489,65.0,4.0,0.04,52.0,,,,,,,,,,,,,,,,,,
2026-08-03 14:14:39,421258,6.0,0.0267,60.0,7.0,0.075,49.0,,,,,,,,,,,,,,,,,,
2026-08-03 14:14:39,421260,12.0,0.0678,65.0,6.0,0.0617,49.0,,,,,,,,,,,,,,,,,,
2026-08-03 14:15:09,421258,12.0,0.0539,65.0,10.0,0.1089,44.0,,,,,,,,,,,,,,,,,,
2026-08-03 14:15:09,421260,13.0,0.07,65.0,6.0,0.05,52.0,,,,,,,,,,,,,,,,,,
2026-08-03 14:15:39,421258,7.0,0.03,71.0,7.0,0.05,52.0,,,,,,,,,,,,,,,,,,
2026-08-03 14:15:39,421260,7.0,0.0428,65.0,7.0,0.0506,56.0,,,,,,,,,,,,,,,,,,
2026-08-03 14:16:09,421258,8.0,0.0339,78.0,6.0,0.0428,56.0,,,,,,,,,,,,,,,,,,
2026-08-03 14:16:09,421260,8.0,0.0406,65.0,6.0,0.045,52.0,,,,,,,,,,,,,,,,,,
2026-08-03 14:16:39,421258,3.0,0.0117,78.0,2.0,0.03,60.0,,,,,,,,,,,,,,,,,,
2026-08-03 14:16:39,421260,11.0,0.065,65.0,11.0,0.0717,56.0,,,,,,,,,,,,,,,,,,
2026-08-03 14:17:09,421258,9.0,0.0467,60.0,7.0,0.0906,44.0,,,,,,,,,,,,,,,,,,
2026-08-03 14:17:09,421260,7.0,0.0367,65.0,7.0,0.0556,52.0,,,,,,,,,,,,,,,,,,
2026-08-03 14:17:39,421258,11.0,0.0567,56.0,10.0,0.1239,42.0,,,,,,,,,,,,,,,,,,
2026-08-03 14:17:39,421260,7.0,0.04,71.0,10.0,0.055,65.0,,,,,,,,,,,,,,,,,,
2026-08-03 14:18:09,421258,8.0,0.0339,71.0,6.0,0.0456,49.0,,,,,,,,,,,,,,,,,,
2026-08-03 14:18:09,421260,6.0,0.03,71.0,3.0,0.0167,71.0,,,,,,,,,,,,,,,,,,
2026-08-03 14:18:39,421258,14.0,0.0656,65.0,13.0,0.0978,52.0,,,,,,,,,,,,,,,,,,
2026-08-03 14:18:39,421260,13.0,0.0806,60.0,9.0,0.0867,49.0,,,,,,,,,,,,,,,,,,
2026-08-03 14:19:09,421258,7.0,0.0278,71.0,3.0,0.0217,56.0,,,,,,,,,,,,,,,,,,
2026-08-03 14:19:09,421260,5.0,0.0278,71.0,5.0,0.0639,60.0,,,,,,,,,,,,,,,,,,
2026-08-03 14:19:39,421258,10.0,0.045,65.0,11.0,0.1,52.0,,,,,,,,,,,,,,,,,,
2026-08-03 14:19:39,421260,9.0,0.0456,65.0,6.0,0.0506,52.0,,,,,,,,,,,,,,,,,,
2026-08-03 14:20:09,421258,5.0,0.0228,71.0,4.0,0.0267,60.0,,,,,,,,,,,,,,,,,,
2026-08-03 14:20:09,421260,15.0,0.11,52.0,10.0,0.0928,46.0,,,,,,,,,,,,,,,,,,
2026-08-03 14:20:39,421258,8.0,0.0339,71.0,8.0,0.0656,49.0,,,,,,,,,,,,,,,,,,
2026-08-03 14:20:39,421260,5.0,0.03,65.0,6.0,0.0528,52.0,,,,,,,,,,,,,,,,,,
2026-08-03 14:21:09,421258,6.0,0.0278,71.0,7.0,0.0806,46.0,,,,,,,,,,,,,,,,,,
2026-08-03 14:21:09,421260,11.0,0.07,65.0,12.0,0.1028,52.0,,,,,,,,,,,,,,,,,,
2026-08-03 14:21:39,421258,6.0,0.0267,65.0,4.0,0.0639,56.0,,,,,,,,,,,,,,,,,,
2026-08-03 14:21:39,421260,13.0,0.0689,65.0,8.0,0.0589,56.0,,,,,,,,,,,,,,,,,,
2026-08-03 14:22:09,421258,7.0,0.035,65.0,5.0,0.0389,52.0,,,,,,,,,,,,,,,,,,
2026-08-03 14:22:09,421260,11.0,0.0589,65.0,9.0,0.065,52.0,,,,,,,,,,,,,,,,,,
2026-08-03 14:22:39,421258,15.0,0.0728,65.0,9.0,0.1217,42.0,,,,,,,,,,,,,,,,,,
2026-08-03 14:22:39,421260,16.0,0.0967,60.0,7.0,0.0556,56.0,,,,,,,,,,,,,,,,,,
2026-08-03 14:23:09,421258,8.0,0.035,65.0,7.0,0.0889,46.0,,,,,,,,,,,,,,,,,,
2026-08-03 14:23:09,421260,8.0,0.045,65.0,9.0,0.0828,46.0,,,,,,,,,,,,,,,,,,
2026-08-03 14:23:39,421258,17.0,0.0839,60.0,16.0,0.1656,46.0,,,,,,,,,,,,,,,,,,
2026-08-03 14:23:39,421260,7.0,0.0367,71.0,7.0,0.0478,56.0,,,,,,,,,,,,,,,,,,
2026-08-03 14:24:09,421258,8.0,0.035,78.0,7.0,0.0467,52.0,,,,,,,,,,,,,,,,,,
2026-08-03 14:24:09,421260,14.0,0.0906,56.0,11.0,0.115,44.0,,,,,,,,,,,,,,,,,,
2026-08-03 14:24:39,421258,15.0,0.0728,65.0,5.0,0.06,46.0,,,,,,,,,,,,,,,,,,
2026-08-03 14:24:39,421260,5.0,0.0267,65.0,7.0,0.0489,52.0,,,,,,,,,,,,,,,,,,
2026-08-03 14:25:09,421258,6.0,0.0239,71.0,8.0,0.0628,49.0,,,,,,,,,,,,,,,,,,
2026-08-03 14:25:09,421260,12.0,0.0628,71.0,9.0,0.06,60.0,,,,,,,,,,,,,,,,,,
2026-08-03 14:25:39,421258,7.0,0.0306,65.0,5.0,0.055,49.0,,,,,,,,,,,,,,,,,,
2026-08-03 14:25:39,421260,7.0,0.04,65.0,8.0,0.0589,56.0,,,,,,,,,,,,,,,,,,
2026-08-03 14:26:09,421258,8.0,0.0367,65.0,10.0,0.1,49.0,,,,,,,,,,,,,,,,,,
2026-08-03 14:26:09,421260,12.0,0.0778,60.0,9.0,0.085,49.0,,,,,,,,,,,,,,,,,,
2026-08-03 14:26:39,421258,10.0,0.0428,60.0,10.0,0.1039,46.0,,,,,,,,,,,,,,,,,,
2026-08-03 14:26:39,421260,11.0,0.06,71.0,4.0,0.0256,60.0,,,,,,,,,,,,,,,,,,
2026-08-03 14:27:09,421258,13.0,0.0556,65.0,10.0,0.1039,46.0,,,,,,,,,,,,,,,,,,
2026-08-03 14:27:09,421260,7.0,0.0378,65.0,7.0,0.0578,56.0,,,,,,,,,,,,,,,,,,
2026-08-03 14:27:39,421258,8.0,0.0367,65.0,9.0,0.0689,56.0,,,,,,,,,,,,,,,,,,
2026-08-03 14:27:39,421260,5.0,0.0289,65.0,7.0,0.0456,60.0,,,,,,,,,,,,,,,,,,
2026-08-03 14:28:09,421258,8.0,0.0367,65.0,3.0,0.0256,46.0,,,,,,,,,,,,,,,,,,
2026-08-03 14:28:09,421260,8.0,0.0489,65.0,7.0,0.0589,56.0,,,,,,,,,,,,,,,,,,
2026-08-03 14:28:39,421258,17.0,0.0789,65.0,10.0,0.1056,42.0,,,,,,,,,,,,,,,,,,
2026-08-03 14:28:39,421260,8.0,0.045,65.0,8.0,0.0578,52.0,,,,,,,,,,,,,,,,,,
2026-08-03 14:29:09,421258,3.0,0.0139,65.0,4.0,0.0339,56.0,,,,,,,,,,,,,,,,,,
2026-08-03 14:29:09,421260,13.0,0.0806,60.0,10.0,0.0867,49.0,,,,,,,,,,,,,,,,,,
2026-08-03 14:29:39,421258,9.0,0.0389,65.0,8.0,0.0767,46.0,,,,,,,,,,,,,,,,,,
2026-08-03 14:29:39,421260,7.0,0.0378,71.0,11.0,0.0689,56.0,,,,,,,,,,,,,,,,,,
2026-08-03 14:30:09,421258,6.0,0.0306,65.0,5.0,0.0706,44.0,,,,,,,,,,,,,,,,,,
2026-08-03 14:30:09,421260,9.0,0.0506,65.0,8.0,0.06,60.0,,,,,,,,,,,,,,,,,,
2026-08-03 14:30:39,421258,9.0,0.0367,71.0,8.0,0.0589,52.0,,,,,,,,,,,,,,,,,,
2026-08-03 14:30:39,421260,7.0,0.0378,71.0,7.0,0.0417,60.0,,,,,,,,,,,,,,,,,,
2026-08-03 14:31:09,421258,6.0,0.0256,65.0,7.0,0.0617,52.0,,,,,,,,,,,,,,,,,,
2026-08-03 14:31:09,421260,5.0,0.0267,65.0,7.0,0.0639,52.0,,,,,,,,,,,,,,,,,,
2026-08-03 14:31:39,421258,13.0,0.0567,65.0,16.0,0.1356,46.0,,,,,,,,,,,,,,,,,,
2026-08-03 14:31:39,421260,10.0,0.0528,65.0,10.0,0.07,56.0,,,,,,,,,,,,,,,,,,
2026-08-03 14:32:09,421258,1.0,0.0039,60.0,5.0,0.05,52.0,,,,,,,,,,,,,,,,,,
2026-08-03 14:32:09,421260,10.0,0.0556,65.0,8.0,0.0689,52.0,,,,,,,,,,,,,,,,,,
2026-08-03 14:32:39,421258,14.0,0.0656,60.0,8.0,0.0656,49.0,,,,,,,,,,,,,,,,,,
2026-08-03 14:32:39,421260,7.0,0.0478,56.0,9.0,0.0656,52.0,,,,,,,,,,,,,,,,,,
2026-08-03 14:33:09,421258,4.0,0.0178,60.0,3.0,0.0278,56.0,,,,,,,,,,,,,,,,,,
2026-08-03 14:33:09,421260,13.0,0.0728,65.0,5.0,0.0378,56.0,,,,,,,,,,,,,,,,,,
2026-08-03 14:33:39,421258,8.0,0.0367,71.0,10.0,0.0928,52.0,,,,,,,,,,,,,,,,,,
2026-08-03 14:33:39,421260,17.0,0.1106,60.0,15.0,0.1228,49.0,,,,,,,,,,,,,,,,,,
2026-08-03 14:34:09,421258,7.0,0.0328,65.0,10.0,0.12,46.0,,,,,,,,,,,,,,,,,,
2026-08-03 14:34:09,421260,9.0,0.05,60.0,8.0,0.0517,56.0,,,,,,,,,,,,,,,,,,
2026-08-03 14:34:39,421258,11.0,0.0489,65.0,6.0,0.055,46.0,,,,,,,,,,,,,,,,,,
2026-08-03 14:34:39,421260,6.0,0.0328,65.0,6.0,0.0478,56.0,,,,,,,,,,,,,,,,,,
2026-08-03 14:35:09,421258,9.0,0.0428,65.0,9.0,0.1256,46.0,,,,,,,,,,,,,,,,,,
2026-08-03 14:35:09,421260,11.0,0.0639,65.0,9.0,0.0639,56.0,,,,,,,,,,,,,,,,,,
2026-08-03 14:35:39,421258,7.0,0.03,65.0,8.0,0.0589,49.0,,,,,,,,,,,,,,,,,,
2026-08-03 14:35:39,421260,10.0,0.0589,65.0,13.0,0.0906,52.0,,,,,,,,,,,,,,,,,,
2026-08-03 14:36:09,421258,15.0,0.0678,65.0,15.0,0.1239,49.0,,,,,,,,,,,,,,,,,,
2026-08-03 14:36:09,421260,6.0,0.035,65.0,4.0,0.0267,60.0,,,,,,,,,,,,,,,,,,
2026-08-03 14:36:39,421258,7.0,0.0289,65.0,7.0,0.0739,49.0,,,,,,,,,,,,,,,,,,
2026-08-03 14:36:39,421260,14.0,0.0856,60.0,13.0,0.1006,52.0,,,,,,,,,,,,,,,,,,
2026-08-03 14:37:09,421258,11.0,0.05,65.0,8.0,0.0656,49.0,,,,,,,,,,,,,,,,,,
2026-08-03 14:37:09,421260,12.0,0.0856,60.0,10.0,0.0778,52.0,,,,,,,,,,,,,,,,,,
2026-08-03 14:37:39,421258,7.0,0.0278,71.0,9.0,0.09,52.0,,,,,,,,,,,,,,,,,,
2026-08-03 14:37:39,421260,5.0,0.025,65.0,6.0,0.06,56.0,,,,,,,,,,,,,,,,,,
2026-08-03 14:38:09,421258,9.0,0.0378,65.0,7.0,0.055,52.0,,,,,,,,,,,,,,,,,,
2026-08-03 14:38:09,421260,14.0,0.085,60.0,10.0,0.0667,52.0,,,,,,,,,,,,,,,,,,
2026-08-03 14:38:39,421258,7.0,0.0339,65.0,2.0,0.0128,56.0,,,,,,,,,,,,,,,,,,
2026-08-03 14:38:39,421260,6.0,0.0367,71.0,6.0,0.04,60.0,,,,,,,,,,,,,,,,,,
2026-08-03 14:39:09,421258,14.0,0.085,56.0,15.0,0.1389,46.0,,,,,,,,,,,,,,,,,,
2026-08-03 14:39:09,421260,14.0,0.0756,65.0,7.0,0.0589,56.0,,,,,,,,,,,,,,,,,,
2026-08-03 14:39:39,421258,10.0,0.0467,56.0,8.0,0.0728,52.0,,,,,,,,,,,,,,,,,,
2026-08-03 14:39:39,421260,10.0,0.0517,71.0,7.0,0.05,60.0,,,,,,,,,,,,,,,,,,
2026-08-03 14:40:09,421258,7.0,0.0306,65.0,9.0,0.0839,46.0,,,,,,,,,,,,,,,,,,
2026-08-03 14:40:09,421260,10.0,0.0528,71.0,7.0,0.0667,60.0,,,,,,,,,,,,,,,,,,
2026-08-03 14:40:39,421258,14.0,0.065,65.0,9.0,0.0778,49.0,,,,,,,,,,,,,,,,,,
2026-08-03 14:40:39,421260,6.0,0.0328,71.0,7.0,0.045,60.0,,,,,,,,,,,,,,,,,,
2026-08-03 14:41:09,421258,9.0,0.0378,65.0,9.0,0.0689,52.0,,,,,,,,,,,,,,,,,,
2026-08-03 14:41:09,421260,7.0,0.035,71.0,4.0,0.0306,56.0,,,,,,,,,,,,,,,,,,
2026-08-03 14:41:39,421258,12.0,0.0556,65.0,11.0,0.0967,52.0,,,,,,,,,,,,,,,,,,
2026-08-03 14:41:39,421260,8.0,0.05,60.0,3.0,0.0206,56.0,,,,,,,,,,,,,,,,,,
2026-08-03 14:42:09,421258,7.0,0.0289,71.0,6.0,0.0589,56.0,,,,,,,,,,,,,,,,,,
2026-08-03 14:42:09,421260,17.0,0.1206,56.0,14.0,0.1467,40.0,,,,,,,,,,,,,,,,,,
2026-08-03 14:42:39,421258,8.0,0.0339,71.0,6.0,0.0428,56.0,,,,,,,,,,,,,,,,,,
2026-08-03 14:42:39,421260,15.0,0.1,56.0,9.0,0.0817,46.0,,,,,,,,,,,,,,,,,,
2026-08-03 14:43:09,421258,1.0,0.0039,78.0,6.0,0.0456,56.0,,,,,,,,,,,,,,,,,,
2026-08-03 14:43:09,421260,4.0,0.02,78.0,6.0,0.0378,60.0,,,,,,,,,,,,,,,,,,
2026-08-03 14:43:39,421258,7.0,0.035,60.0,6.0,0.0417,52.0,,,,,,,,,,,,,,,,,,
2026-08-03 14:43:39,421260,6.0,0.035,65.0,6.0,0.08,49.0,,,,,,,,,,,,,,,,,,
2026-08-03 14:44:09,421258,9.0,0.0389,71.0,6.0,0.0417,56.0,,,,,,,,,,,,,,,,,,
2026-08-03 14:44:09,421260,7.0,0.0417,65.0,5.0,0.0289,60.0,,,,,,,,,,,,,,,,,,
2026-08-03 14:44:39,421258,13.0,0.0689,56.0,8.0,0.11,38.0,,,,,,,,,,,,,,,,,,
2026-08-03 14:44:39,421260,7.0,0.045,60.0,6.0,0.0506,46.0,,,,,,,,,,,,,,,,,,
2026-08-03 14:45:09,421258,13.0,0.0678,56.0,11.0,0.0956,46.0,,,,,,,,,,,,,,,,,,
2026-08-03 14:45:09,421260,19.0,0.1456,49.0,14.0,0.1417,44.0,,,,,,,,,,,,,,,,,,
2026-08-03 14:45:39,421258,6.0,0.0256,78.0,4.0,0.06,46.0,,,,,,,,,,,,,,,,,,
2026-08-03 14:45:39,421260,17.0,0.1178,52.0,14.0,0.13,42.0,,,,,,,,,,,,,,,,,,
2026-08-03 14:46:09,421258,7.0,0.0367,56.0,6.0,0.0556,44.0,,,,,,,,,,,,,,,,,,
2026-08-03 14:46:09,421260,12.0,0.0739,56.0,6.0,0.0517,46.0,,,,,,,,,,,,,,,,,,
2026-08-03 14:46:39,421258,5.0,0.0228,65.0,5.0,0.0356,52.0,,,,,,,,,,,,,,,,,,
2026-08-03 14:46:39,421260,13.0,0.0706,71.0,8.0,0.0606,52.0,,,,,,,,,,,,,,,,,,
2026-08-03 14:47:09,421258,5.0,0.0228,65.0,6.0,0.0439,52.0,,,,,,,,,,,,,,,,,,
2026-08-03 14:47:09,421260,13.0,0.075,60.0,6.0,0.0456,52.0,,,,,,,,,,,,,,,,,,
2026-08-03 14:47:39,421258,14.0,0.075,56.0,14.0,0.1667,42.0,,,,,,,,,,,,,,,,,,
2026-08-03 14:47:39,421260,7.0,0.0339,78.0,9.0,0.06,65.0,,,,,,,,,,,,,,,,,,
2026-08-03 14:48:09,421258,15.0,0.0917,49.0,9.0,0.0939,42.0,,,,,,,,,,,,,,,,,,
2026-08-03 14:48:09,421260,8.0,0.0417,65.0,7.0,0.07,52.0,,,,,,,,,,,,,,,,,,
2026-08-03 14:48:39,421258,19.0,0.1189,49.0,15.0,0.2006,36.0,,,,,,,,,,,,,,,,,,
2026-08-03 14:48:39,421260,8.0,0.0478,65.0,5.0,0.045,52.0,,,,,,,,,,,,,,,,,,
2026-08-03 14:49:09,421258,15.0,0.0639,65.0,9.0,0.0689,52.0,,,,,,,,,,,,,,,,,,
2026-08-03 14:49:09,421260,11.0,0.0578,71.0,10.0,0.0728,56.0,,,,,,,,,,,,,,,,,,
2026-08-03 14:49:39,421258,12.0,0.0528,71.0,9.0,0.0739,49.0,,,,,,,,,,,,,,,,,,
2026-08-03 14:49:39,421260,5.0,0.0278,71.0,6.0,0.0439,56.0,,,,,,,,,,,,,,,,,,
2026-08-03 14:50:09,421258,2.0,0.0089,65.0,6.0,0.0428,52.0,,,,,,,,,,,,,,,,,,
2026-08-03 14:50:09,421260,3.0,0.0156,65.0,7.0,0.0528,52.0,,,,,,,,,,,,,,,,,,
2026-08-03 14:50:39,421258,10.0,0.045,65.0,10.0,0.1,49.0,,,,,,,,,,,,,,,,,,
2026-08-03 14:50:39,421260,6.0,0.0317,65.0,6.0,0.0406,52.0,,,,,,,,,,,,,,,,,,
2026-08-03 14:51:09,421258,13.0,0.0578,65.0,7.0,0.0739,49.0,,,,,,,,,,,,,,,,,,
2026-08-03 14:51:09,421260,8.0,0.0506,60.0,8.0,0.0589,52.0,,,,,,,,,,,,,,,,,,
2026-08-03 14:51:39,421258,3.0,0.0117,71.0,6.0,0.0467,52.0,,,,,,,,,,,,,,,,,,
2026-08-03 14:51:39,421260,7.0,0.0406,60.0,9.0,0.0589,52.0,,,,,,,,,,,,,,,,,,
2026-08-03 14:52:09,421258,2.0,0.01,78.0,4.0,0.0339,52.0,,,,,,,,,,,,,,,,,,
2026-08-03 14:52:09,421260,10.0,0.0567,65.0,9.0,0.0678,56.0,,,,,,,,,,,,,,,,,,
2026-08-03 14:52:39,421258,5.0,0.0228,65.0,5.0,0.0417,46.0,,,,,,,,,,,,,,,,,,
2026-08-03 14:52:39,421260,2.0,0.0106,65.0,3.0,0.0156,60.0,,,,,,,,,,,,,,,,,,
2026-08-03 14:53:09,421258,11.0,0.0517,60.0,6.0,0.0689,49.0,,,,,,,,,,,,,,,,,,
2026-08-03 14:53:09,421260,6.0,0.03,71.0,5.0,0.035,65.0,,,,,,,,,,,,,,,,,,
2026-08-03 14:53:39,421258,6.0,0.0267,65.0,11.0,0.0856,49.0,,,,,,,,,,,,,,,,,,
2026-08-03 14:53:39,421260,12.0,0.0739,60.0,14.0,0.1089,52.0,,,,,,,,,,,,,,,,,,
2026-08-03 14:54:09,421258,10.0,0.0428,65.0,7.0,0.0528,52.0,,,,,,,,,,,,,,,,,,
2026-08-03 14:54:09,421260,8.0,0.05,56.0,11.0,0.0828,56.0,,,,,,,,,,,,,,,,,,
2026-08-03 14:54:39,421258,3.0,0.0117,71.0,11.0,0.0806,56.0,,,,,,,,,,,,,,,,,,
2026-08-03 14:54:39,421260,7.0,0.04,71.0,8.0,0.0578,56.0,,,,,,,,,,,,,,,,,,
2026-08-03 14:55:09,421258,3.0,0.0117,78.0,3.0,0.0417,49.0,,,,,,,,,,,,,,,,,,
2026-08-03 14:55:09,421260,12.0,0.0617,65.0,9.0,0.0617,60.0,,,,,,,,,,,,,,,,,,
2026-08-03 14:55:39,421258,3.0,0.0117,65.0,5.0,0.0417,52.0,,,,,,,,,,,,,,,,,,
2026-08-03 14:55:39,421260,11.0,0.0639,65.0,8.0,0.0517,60.0,,,,,,,,,,,,,,,,,,
2026-08-03 14:56:09,421258,13.0,0.0656,52.0,11.0,0.14,33.0,,,,,,,,,,,,,,,,,,
2026-08-03 14:56:09,421260,15.0,0.085,65.0,9.0,0.0628,56.0,,,,,,,,,,,,,,,,,,
2026-08-03 14:56:39,421258,13.0,0.07,56.0,15.0,0.1617,40.0,,,,,,,,,,,,,,,,,,
2026-08-03 14:56:39,421260,9.0,0.05,71.0,9.0,0.0678,52.0,,,,,,,,,,,,,,,,,,
2026-08-03 14:57:09,421258,13.0,0.06,65.0,8.0,0.0567,56.0,,,,,,,,,,,,,,,,,,
2026-08-03 14:57:09,421260,8.0,0.0417,71.0,5.0,0.035,56.0,,,,,,,,,,,,,,,,,,
2026-08-03 14:57:39,421258,15.0,0.0656,71.0,7.0,0.0506,52.0,,,,,,,,,,,,,,,,,,
2026-08-03 14:57:39,421260,7.0,0.0367,71.0,8.0,0.0567,56.0,,,,,,,,,,,,,,,,,,
2026-08-03 14:58:09,421258,8.0,0.035,65.0,9.0,0.065,52.0,,,,,,,,,,,,,,,,,,
2026-08-03 14:58:09,421260,3.0,0.0189,65.0,5.0,0.0428,56.0,,,,,,,,,,,,,,,,,,
2026-08-03 14:58:39,421258,10.0,0.0428,65.0,11.0,0.0889,49.0,,,,,,,,,,,,,,,,,,
2026-08-03 14:58:39,421260,12.0,0.0689,65.0,9.0,0.0578,60.0,,,,,,,,,,,,,,,,,,
2026-08-03 14:59:09,421258,7.0,0.0289,71.0,5.0,0.035,56.0,,,,,,,,,,,,,,,,,,
2026-08-03 14:59:09,421260,7.0,0.0406,65.0,7.0,0.0489,56.0,,,,,,,,,,,,,,,,,,
2026-08-03 14:59:39,421258,5.0,0.02,78.0,8.0,0.0589,56.0,,,,,,,,,,,,,,,,,,
2026-08-03 14:59:39,421260,10.0,0.0678,65.0,9.0,0.1028,52.0,,,,,,,,,,,,,,,,,,
2026-08-03 15:00:09,421258,3.0,0.0117,78.0,7.0,0.0589,52.0,,,,,,,,,,,,,,,,,,
2026-08-03 15:00:09,421260,3.0,0.015,78.0,5.0,0.0306,60.0,,,,,,,,,,,,,,,,,,
2026-08-03 15:00:39,421258,11.0,0.045,71.0,9.0,0.0667,52.0,,,,,,,,,,,,,,,,,,
2026-08-03 15:00:39,421260,5.0,0.03,65.0,5.0,0.0339,56.0,,,,,,,,,,,,,,,,,,
2026-08-03 15:01:09,421258,4.0,0.0156,71.0,7.0,0.0506,52.0,,,,,,,,,,,,,,,,,,
2026-08-03 15:01:09,421260,8.0,0.0456,65.0,9.0,0.0639,56.0,,,,,,,,,,,,,,,,,,
2026-08-03 15:01:39,421258,7.0,0.0306,71.0,7.0,0.0778,56.0,,,,,,,,,,,,,,,,,,
2026-08-03 15:01:39,421260,11.0,0.0617,65.0,10.0,0.075,56.0,,,,,,,,,,,,,,,,,,
2026-08-03 15:02:09,421258,4.0,0.0189,60.0,7.0,0.075,49.0,,,,,,,,,,,,,,,,,,
2026-08-03 15:02:09,421260,6.0,0.035,71.0,7.0,0.0489,56.0,,,,,,,,,,,,,,,,,,
2026-08-03 15:02:39,421258,3.0,0.0139,71.0,3.0,0.0239,46.0,,,,,,,,,,,,,,,,,,
2026-08-03 15:02:39,421260,3.0,0.0167,60.0,9.0,0.06,56.0,,,,,,,,,,,,,,,,,,
2026-08-03 15:03:09,421258,13.0,0.0539,65.0,8.0,0.0578,52.0,,,,,,,,,,,,,,,,,,
2026-08-03 15:03:09,421260,18.0,0.1117,60.0,13.0,0.1017,52.0,,,,,,,,,,,,,,,,,,
2026-08-03 15:03:39,421258,11.0,0.0539,65.0,10.0,0.0806,52.0,,,,,,,,,,,,,,,,,,
2026-08-03 15:03:39,421260,12.0,0.0667,65.0,7.0,0.0506,56.0,,,,,,,,,,,,,,,,,,
2026-08-03 15:04:09,421258,4.0,0.0189,65.0,8.0,0.07,49.0,,,,,,,,,,,,,,,,,,
2026-08-03 15:04:09,421260,8.0,0.0428,71.0,9.0,0.0589,60.0,,,,,,,,,,,,,,,,,,
2026-08-03 15:04:39,421258,5.0,0.0228,65.0,6.0,0.0428,52.0,,,,,,,,,,,,,,,,,,
2026-08-03 15:04:39,421260,7.0,0.0367,71.0,9.0,0.055,60.0,,,,,,,,,,,,,,,,,,
2026-08-03 15:05:09,421258,13.0,0.06,65.0,12.0,0.1028,49.0,,,,,,,,,,,,,,,,,,
2026-08-03 15:05:09,421260,10.0,0.0539,71.0,8.0,0.0567,56.0,,,,,,,,,,,,,,,,,,
2026-08-03 15:05:39,421258,16.0,0.075,60.0,12.0,0.0928,49.0,,,,,,,,,,,,,,,,,,
2026-08-03 15:05:39,421260,6.0,0.03,78.0,7.0,0.0428,65.0,,,,,,,,,,,,,,,,,,
2026-08-03 15:06:09,421258,10.0,0.045,71.0,10.0,0.0767,52.0,,,,,,,,,,,,,,,,,,
2026-08-03 15:06:09,421260,4.0,0.0217,65.0,8.0,0.0528,60.0,,,,,,,,,,,,,,,,,,
2026-08-03 15:06:39,421258,10.0,0.0417,71.0,7.0,0.0528,52.0,,,,,,,,,,,,,,,,,,
2026-08-03 15:06:39,421260,10.0,0.0556,65.0,8.0,0.06,56.0,,,,,,,,,,,,,,,,,,
2026-08-03 15:07:09,421258,7.0,0.0289,71.0,4.0,0.0256,65.0,,,,,,,,,,,,,,,,,,
2026-08-03 15:07:09,421260,10.0,0.0606,65.0,9.0,0.0567,60.0,,,,,,,,,,,,,,,,,,
2026-08-03 15:07:39,421258,6.0,0.0278,65.0,6.0,0.0778,42.0,,,,,,,,,,,,,,,,,,
2026-08-03 15:07:39,421260,8.0,0.0456,65.0,5.0,0.0356,56.0,,,,,,,,,,,,,,,,,,
2026-08-03 15:08:09,421258,6.0,0.0256,65.0,8.0,0.0656,49.0,,,,,,,,,,,,,,,,,,
2026-08-03 15:08:09,421260,8.0,0.045,65.0,7.0,0.055,56.0,,,,,,,,,,,,,,,,,,
2026-08-03 15:08:39,421258,6.0,0.0267,65.0,8.0,0.0667,52.0,,,,,,,,,,,,,,,,,,
2026-08-03 15:08:39,421260,4.0,0.025,65.0,8.0,0.0639,49.0,,,,,,,,,,,,,,,,,,
2026-08-03 15:09:09,421258,11.0,0.0489,65.0,10.0,0.0678,52.0,,,,,,,,,,,,,,,,,,
2026-08-03 15:09:09,421260,5.0,0.0278,65.0,5.0,0.0339,56.0,,,,,,,,,,,,,,,,,,
2026-08-03 15:09:39,421258,7.0,0.03,71.0,8.0,0.0589,49.0,,,,,,,,,,,,,,,,,,
2026-08-03 15:09:39,421260,11.0,0.0656,60.0,6.0,0.0489,49.0,,,,,,,,,,,,,,,,,,
2026-08-03 15:10:09,421258,1.0,0.0039,78.0,6.0,0.0428,56.0,,,,,,,,,,,,,,,,,,
2026-08-03 15:10:09,421260,9.0,0.0517,65.0,10.0,0.0717,56.0,,,,,,,,,,,,,,,,,,
2026-08-03 15:10:39,421258,5.0,0.0228,65.0,12.0,0.1128,52.0,,,,,,,,,,,,,,,,,,
2026-08-03 15:10:39,421260,12.0,0.07,65.0,6.0,0.05,56.0,,,,,,,,,,,,,,,,,,
2026-08-03 15:11:09,421258,4.0,0.0156,65.0,5.0,0.035,56.0,,,,,,,,,,,,,,,,,,
2026-08-03 15:11:09,421260,16.0,0.0906,65.0,9.0,0.0617,56.0,,,,,,,,,,,,,,,,,,
2026-08-03 15:11:39,421258,8.0,0.0339,65.0,6.0,0.0517,52.0,,,,,,,,,,,,,,,,,,
2026-08-03 15:11:39,421260,11.0,0.0589,71.0,9.0,0.0606,56.0,,,,,,,,,,,,,,,,,,
2026-08-03 15:12:09,421258,7.0,0.0306,60.0,9.0,0.0767,49.0,,,,,,,,,,,,,,,,,,
2026-08-03 15:12:09,421260,6.0,0.0339,65.0,6.0,0.0389,60.0,,,,,,,,,,,,,,,,,,
2026-08-03 15:12:39,421258,14.0,0.065,60.0,12.0,0.1006,49.0,,,,,,,,,,,,,,,,,,
2026-08-03 15:12:39,421260,12.0,0.0678,65.0,10.0,0.095,44.0,,,,,,,,,,,,,,,,,,
2026-08-03 15:13:09,421258,15.0,0.0706,65.0,12.0,0.0928,56.0,,,,,,,,,,,,,,,,,,
2026-08-03 15:13:09,421260,9.0,0.0567,56.0,8.0,0.0667,46.0,,,,,,,,,,,,,,,,,,
2026-08-03 15:13:39,421258,9.0,0.0406,71.0,6.0,0.0428,52.0,,,,,,,,,,,,,,,,,,
2026-08-03 15:13:39,421260,5.0,0.0256,71.0,6.0,0.0428,56.0,,,,,,,,,,,,,,,,,,
2026-08-03 15:14:09,421258,8.0,0.0339,71.0,9.0,0.065,52.0,,,,,,,,,,,,,,,,,,
2026-08-03 15:14:09,421260,10.0,0.0539,71.0,7.0,0.0506,56.0,,,,,,,,,,,,,,,,,,
2026-08-03 15:14:39,421258,6.0,0.0239,78.0,4.0,0.0267,56.0,,,,,,,,,,,,,,,,,,
2026-08-03 15:14:39,421260,8.0,0.0439,71.0,9.0,0.0639,56.0,,,,,,,,,,,,,,,,,,
2026-08-03 15:15:09,421258,9.0,0.0489,60.0,11.0,0.1078,44.0,,,,,,,,,,,,,,,,,,
2026-08-03 15:15:09,421260,7.0,0.0367,78.0,5.0,0.0356,60.0,,,,,,,,,,,,,,,,,,
2026-08-03 15:15:39,421258,9.0,0.0378,60.0,6.0,0.0456,52.0,,,,,,,,,,,,,,,,,,
2026-08-03 15:15:39,421260,4.0,0.02,71.0,7.0,0.0467,60.0,,,,,,,,,,,,,,,,,,
2026-08-03 15:16:09,421258,6.0,0.0256,71.0,9.0,0.07,49.0,,,,,,,,,,,,,,,,,,
2026-08-03 15:16:09,421260,9.0,0.0428,78.0,6.0,0.035,65.0,,,,,,,,,,,,,,,,,,
2026-08-03 15:16:39,421258,10.0,0.045,71.0,9.0,0.0739,49.0,,,,,,,,,,,,,,,,,,
2026-08-03 15:16:39,421260,10.0,0.0606,65.0,9.0,0.0756,52.0,,,,,,,,,,,,,,,,,,
2026-08-03 15:17:09,421258,5.0,0.0217,65.0,3.0,0.0239,56.0,,,,,,,,,,,,,,,,,,
2026-08-03 15:17:09,421260,16.0,0.0978,60.0,13.0,0.09,52.0,,,,,,,,,,,,,,,,,,
2026-08-03 15:17:39,421258,12.0,0.0528,65.0,9.0,0.0839,46.0,,,,,,,,,,,,,,,,,,
2026-08-03 15:17:39,421260,7.0,0.0389,65.0,9.0,0.0556,60.0,,,,,,,,,,,,,,,,,,
2026-08-03 15:18:09,421258,6.0,0.025,78.0,8.0,0.0589,52.0,,,,,,,,,,,,,,,,,,
2026-08-03 15:18:09,421260,16.0,0.0917,65.0,10.0,0.0889,49.0,,,,,,,,,,,,,,,,,,
2026-08-03 15:18:39,421258,4.0,0.0178,65.0,4.0,0.0378,52.0,,,,,,,,,,,,,,,,,,
2026-08-03 15:18:39,421260,14.0,0.08,65.0,11.0,0.0856,56.0,,,,,,,,,,,,,,,,,,
2026-08-03 15:19:09,421258,12.0,0.0556,60.0,10.0,0.0767,49.0,,,,,,,,,,,,,,,,,,
2026-08-03 15:19:09,421260,11.0,0.0589,71.0,6.0,0.0406,56.0,,,,,,,,,,,,,,,,,,
2026-08-03 15:19:39,421258,20.0,0.1,60.0,11.0,0.1039,46.0,,,,,,,,,,,,,,,,,,
2026-08-03 15:19:39,421260,18.0,0.0989,65.0,10.0,0.0728,56.0,,,,,,,,,,,,,,,,,,
2026-08-03 15:20:09,421258,11.0,0.0478,71.0,6.0,0.0456,52.0,,,,,,,,,,,,,,,,,,
2026-08-03 15:20:09,421260,12.0,0.0639,71.0,9.0,0.0656,56.0,,,,,,,,,,,,,,,,,,
2026-08-03 15:20:39,421258,12.0,0.05,65.0,15.0,0.135,46.0,,,,,,,,,,,,,,,,,,
2026-08-03 15:20:39,421260,7.0,0.0367,71.0,10.0,0.0689,56.0,,,,,,,,,,,,,,,,,,
2026-08-03 15:21:09,421258,16.0,0.0689,65.0,11.0,0.1,52.0,,,,,,,,,,,,,,,,,,
2026-08-03 15:21:09,421260,2.0,0.0089,78.0,4.0,0.0256,60.0,,,,,,,,,,,,,,,,,,
2026-08-03 15:21:39,421258,12.0,0.0539,65.0,10.0,0.0817,52.0,,,,,,,,,,,,,,,,,,
2026-08-03 15:21:39,421260,5.0,0.0267,71.0,2.0,0.0156,60.0,,,,,,,,,,,,,,,,,,
2026-08-03 15:22:09,421258,9.0,0.0367,71.0,8.0,0.0589,52.0,,,,,,,,,,,,,,,,,,
2026-08-03 15:22:09,421260,18.0,0.1189,60.0,9.0,0.0928,44.0,,,,,,,,,,,,,,,,,,
2026-08-03 15:22:39,421258,9.0,0.0389,65.0,12.0,0.0956,52.0,,,,,,,,,,,,,,,,,,
2026-08-03 15:22:39,421260,13.0,0.0756,65.0,7.0,0.0578,49.0,,,,,,,,,,,,,,,,,,
2026-08-03 15:23:09,421258,2.0,0.01,65.0,4.0,0.0317,49.0,,,,,,,,,,,,,,,,,,
2026-08-03 15:23:09,421260,11.0,0.0617,65.0,9.0,0.0639,56.0,,,,,,,,,,,,,,,,,,
2026-08-03 15:23:39,421258,7.0,0.0289,71.0,3.0,0.0239,60.0,,,,,,,,,,,,,,,,,,
2026-08-03 15:23:39,421260,11.0,0.0628,65.0,13.0,0.0906,56.0,,,,,,,,,,,,,,,,,,
2026-08-03 15:24:09,421258,3.0,0.0117,78.0,5.0,0.0389,52.0,,,,,,,,,,,,,,,,,,
2026-08-03 15:24:09,421260,3.0,0.0156,71.0,4.0,0.025,60.0,,,,,,,,,,,,,,,,,,
2026-08-03 15:24:39,421258,14.0,0.0656,60.0,9.0,0.125,40.0,,,,,,,,,,,,,,,,,,
2026-08-03 15:24:39,421260,2.0,0.0106,78.0,4.0,0.0267,56.0,,,,,,,,,,,,,,,,,,
2026-08-03 15:25:09,421258,17.0,0.0767,65.0,9.0,0.0828,46.0,,,,,,,,,,,,,,,,,,
2026-08-03 15:25:09,421260,11.0,0.06,65.0,11.0,0.0828,52.0,,,,,,,,,,,,,,,,,,
2026-08-03 15:25:39,421258,12.0,0.0539,65.0,14.0,0.115,49.0,,,,,,,,,,,,,,,,,,
2026-08-03 15:25:39,421260,10.0,0.0567,65.0,11.0,0.08,52.0,,,,,,,,,,,,,,,,,,
2026-08-03 15:26:09,421258,5.0,0.0217,71.0,6.0,0.0428,52.0,,,,,,,,,,,,,,,,,,
2026-08-03 15:26:09,421260,15.0,0.0878,65.0,10.0,0.0806,56.0,,,,,,,,,,,,,,,,,,
2026-08-03 15:26:39,421258,1.0,0.0039,78.0,2.0,0.0128,56.0,,,,,,,,,,,,,,,,,,
2026-08-03 15:26:39,421260,4.0,0.0206,65.0,7.0,0.05,60.0,,,,,,,,,,,,,,,,,,
2026-08-03 15:27:09,421258,8.0,0.035,65.0,8.0,0.0567,52.0,,,,,,,,,,,,,,,,,,
2026-08-03 15:27:09,421260,5.0,0.0278,65.0,6.0,0.0506,52.0,,,,,,,,,,,,,,,,,,
2026-08-03 15:27:39,421258,15.0,0.0689,65.0,11.0,0.1006,44.0,,,,,,,,,,,,,,,,,,
2026-08-03 15:27:39,421260,15.0,0.0856,65.0,14.0,0.0939,56.0,,,,,,,,,,,,,,,,,,
2026-08-03 15:28:09,421258,13.0,0.06,65.0,9.0,0.1167,44.0,,,,,,,,,,,,,,,,,,
2026-08-03 15:28:09,421260,9.0,0.0517,65.0,9.0,0.0706,56.0,,,,,,,,,,,,,,,,,,
2026-08-03 15:28:39,421258,5.0,0.0217,60.0,9.0,0.0667,52.0,,,,,,,,,,,,,,,,,,
2026-08-03 15:28:39,421260,13.0,0.0689,65.0,5.0,0.0389,52.0,,,,,,,,,,,,,,,,,,
2026-08-03 15:29:09,421258,4.0,0.0156,71.0,3.0,0.0228,52.0,,,,,,,,,,,,,,,,,,
2026-08-03 15:29:09,421260,17.0,0.1039,65.0,9.0,0.0656,52.0,,,,,,,,,,,,,,,,,,
2026-08-03 15:29:39,421258,13.0,0.0617,65.0,15.0,0.1317,46.0,,,,,,,,,,,,,,,,,,
2026-08-03 15:29:39,421260,11.0,0.0617,65.0,8.0,0.0656,52.0,,,,,,,,,,,,,,,,,,
2026-08-03 15:30:09,421258,10.0,0.0417,65.0,10.0,0.1039,52.0,,,,,,,,,,,,,,,,,,
2026-08-03 15:30:09,421260,6.0,0.03,71.0,5.0,0.0356,60.0,,,,,,,,,,,,,,,,,,
2026-08-03 15:30:39,421258,11.0,0.0456,71.0,8.0,0.0617,52.0,,,,,,,,,,,,,,,,,,
2026-08-03 15:30:39,421260,15.0,0.0806,71.0,8.0,0.065,56.0,,,,,,,,,,,,,,,,,,
2026-08-03 15:31:09,421258,12.0,0.05,65.0,9.0,0.0667,52.0,,,,,,,,,,,,,,,,,,
2026-08-03 15:31:09,421260,7.0,0.0417,60.0,7.0,0.0539,52.0,,,,,,,,,,,,,,,,,,
2026-08-03 15:31:39,421258,12.0,0.0556,65.0,10.0,0.0917,49.0,,,,,,,,,,,,,,,,,,
2026-08-03 15:31:39,421260,8.0,0.0456,65.0,7.0,0.0489,56.0,,,,,,,,,,,,,,,,,,
2026-08-03 15:32:09,421258,12.0,0.0517,65.0,6.0,0.0439,49.0,,,,,,,,,,,,,,,,,,
2026-08-03 15:32:09,421260,7.0,0.0367,65.0,5.0,0.0378,56.0,,,,,,,,,,,,,,,,,,
2026-08-03 15:32:39,421258,10.0,0.0417,71.0,10.0,0.0778,52.0,,,,,,,,,,,,,,,,,,
2026-08-03 15:32:39,421260,10.0,0.0578,65.0,9.0,0.0706,56.0,,,,,,,,,,,,,,,,,,
2026-08-03 15:33:09,421258,5.0,0.0239,71.0,7.0,0.0589,52.0,,,,,,,,,,,,,,,,,,
2026-08-03 15:33:09,421260,10.0,0.0667,60.0,10.0,0.0828,56.0,,,,,,,,,,,,,,,,,,
2026-08-03 15:33:39,421258,8.0,0.035,65.0,6.0,0.0467,52.0,,,,,,,,,,,,,,,,,,
2026-08-03 15:33:39,421260,14.0,0.085,60.0,12.0,0.095,52.0,,,,,,,,,,,,,,,,,,
2026-08-03 15:34:09,421258,6.0,0.0256,71.0,4.0,0.0339,49.0,,,,,,,,,,,,,,,,,,
2026-08-03 15:34:09,421260,10.0,0.0539,65.0,8.0,0.0617,49.0,,,,,,,,,,,,,,,,,,
2026-08-03 15:34:39,421258,8.0,0.0367,65.0,9.0,0.0689,52.0,,,,,,,,,,,,,,,,,,
2026-08-03 15:34:39,421260,7.0,0.0389,65.0,7.0,0.0567,52.0,,,,,,,,,,,,,,,,,,
2026-08-03 15:35:09,421258,10.0,0.0428,71.0,10.0,0.0867,49.0,,,,,,,,,,,,,,,,,,
2026-08-03 15:35:09,421260,8.0,0.045,65.0,7.0,0.0506,52.0,,,,,,,,,,,,,,,,,,
2026-08-03 15:35:39,421258,16.0,0.0778,60.0,9.0,0.09,46.0,,,,,,,,,,,,,,,,,,
2026-08-03 15:35:39,421260,7.0,0.0406,65.0,6.0,0.0417,60.0,,,,,,,,,,,,,,,,,,
2026-08-03 15:36:09,421258,10.0,0.0439,60.0,6.0,0.0689,49.0,,,,,,,,,,,,,,,,,,
2026-08-03 15:36:09,421260,6.0,0.0356,60.0,5.0,0.0339,56.0,,,,,,,,,,,,,,,,,,
2026-08-03 15:36:39,421258,10.0,0.0428,65.0,10.0,0.0806,52.0,,,,,,,,,,,,,,,,,,
2026-08-03 15:36:39,421260,12.0,0.0689,65.0,10.0,0.08,52.0,,,,,,,,,,,,,,,,,,
2026-08-03 15:37:09,421258,8.0,0.0328,71.0,9.0,0.0689,52.0,,,,,,,,,,,,,,,,,,
2026-08-03 15:37:09,421260,8.0,0.04,71.0,8.0,0.0589,60.0,,,,,,,,,,,,,,,,,,
2026-08-03 15:37:39,421258,8.0,0.035,71.0,7.0,0.0506,52.0,,,,,,,,,,,,,,,,,,
2026-08-03 15:37:39,421260,8.0,0.0417,71.0,8.0,0.0528,60.0,,,,,,,,,,,,,,,,,,
2026-08-03 15:38:09,421258,7.0,0.0328,65.0,6.0,0.0456,49.0,,,,,,,,,,,,,,,,,,
2026-08-03 15:38:09,421260,5.0,0.0267,71.0,4.0,0.0367,56.0,,,,,,,,,,,,,,,,,,
2026-08-03 15:38:39,421258,5.0,0.0217,71.0,9.0,0.0606,56.0,,,,,,,,,,,,,,,,,,
2026-08-03 15:38:39,421260,12.0,0.0656,65.0,7.0,0.0567,49.0,,,,,,,,,,,,,,,,,,
2026-08-03 15:39:09,421258,10.0,0.0506,56.0,8.0,0.0728,52.0,,,,,,,,,,,,,,,,,,
2026-08-03 15:39:09,421260,4.0,0.0189,71.0,10.0,0.0639,60.0,,,,,,,,,,,,,,,,,,
2026-08-03 15:39:39,421258,9.0,0.0406,71.0,12.0,0.0967,52.0,,,,,,,,,,,,,,,,,,
2026-08-03 15:39:39,421260,9.0,0.05,65.0,4.0,0.0267,60.0,,,,,,,,,,,,,,,,,,
2026-08-03 15:40:09,421258,3.0,0.0117,78.0,3.0,0.0256,60.0,,,,,,,,,,,,,,,,,,
2026-08-03 15:40:09,421260,5.0,0.025,71.0,3.0,0.0217,60.0,,,,,,,,,,,,,,,,,,
2026-08-03 15:40:39,421258,13.0,0.0528,65.0,6.0,0.0506,52.0,,,,,,,,,,,,,,,,,,
2026-08-03 15:40:39,421260,7.0,0.0356,65.0,7.0,0.06,56.0,,,,,,,,,,,,,,,,,,
2026-08-03 15:41:09,421258,6.0,0.0239,71.0,9.0,0.0689,52.0,,,,,,,,,,,,,,,,,,
2026-08-03 15:41:09,421260,9.0,0.0478,71.0,7.0,0.0478,60.0,,,,,,,,,,,,,,,,,,
2026-08-03 15:41:39,421258,10.0,0.0428,65.0,4.0,0.0278,56.0,,,,,,,,,,,,,,,,,,
2026-08-03 15:41:39,421260,6.0,0.035,65.0,7.0,0.0506,52.0,,,,,,,,,,,,,,,,,,
2026-08-03 15:42:09,421258,3.0,0.0117,71.0,3.0,0.0267,56.0,,,,,,,,,,,,,,,,,,
2026-08-03 15:42:09,421260,7.0,0.04,65.0,6.0,0.0417,52.0,,,,,,,,,,,,,,,,,,
2026-08-03 15:42:39,421258,8.0,0.0367,65.0,6.0,0.0367,56.0,,,,,,,,,,,,,,,,,,
2026-08-03 15:42:39,421260,16.0,0.1028,60.0,10.0,0.08,49.0,,,,,,,,,,,,,,,,,,
2026-08-03 15:43:09,421258,10.0,0.045,65.0,7.0,0.0728,49.0,,,,,,,,,,,,,,,,,,
2026-08-03 15:43:09,421260,15.0,0.1,56.0,10.0,0.0767,49.0,,,,,,,,,,,,,,,,,,
2026-08-03 15:43:39,421258,7.0,0.03,71.0,6.0,0.0439,49.0,,,,,,,,,,,,,,,,,,
2026-08-03 15:43:39,421260,10.0,0.0589,60.0,9.0,0.0739,46.0,,,,,,,,,,,,,,,,,,
2026-08-03 15:44:09,421258,3.0,0.0117,71.0,5.0,0.0456,56.0,,,,,,,,,,,,,,,,,,
2026-08-03 15:44:09,421260,12.0,0.0739,60.0,9.0,0.1028,49.0,,,,,,,,,,,,,,,,,,
2026-08-03 15:44:39,421258,11.0,0.0489,65.0,6.0,0.0556,56.0,,,,,,,,,,,,,,,,,,
2026-08-03 15:44:39,421260,12.0,0.0678,65.0,9.0,0.06,56.0,,,,,,,,,,,,,,,,,,
2026-08-03 15:45:09,421258,16.0,0.0806,60.0,14.0,0.1239,46.0,,,,,,,,,,,,,,,,,,
2026-08-03 15:45:09,421260,12.0,0.07,60.0,7.0,0.0506,52.0,,,,,,,,,,,,,,,,,,
2026-08-03 15:45:39,421258,14.0,0.0556,65.0,8.0,0.0667,49.0,,,,,,,,,,,,,,,,,,
2026-08-03 15:45:39,421260,11.0,0.0578,71.0,8.0,0.0556,56.0,,,,,,,,,,,,,,,,,,
2026-08-03 15:46:09,421258,10.0,0.045,65.0,6.0,0.0628,38.0,,,,,,,,,,,,,,,,,,
2026-08-03 15:46:09,421260,6.0,0.0328,71.0,6.0,0.0489,60.0,,,,,,,,,,,,,,,,,,
2026-08-03 15:46:39,421258,14.0,0.0639,65.0,11.0,0.1239,46.0,,,,,,,,,,,,,,,,,,
2026-08-03 15:46:39,421260,6.0,0.0339,60.0,8.0,0.075,46.0,,,,,,,,,,,,,,,,,,
2026-08-03 15:47:09,421258,13.0,0.0606,60.0,11.0,0.0856,49.0,,,,,,,,,,,,,,,,,,
2026-08-03 15:47:09,421260,12.0,0.0778,60.0,13.0,0.1017,52.0,,,,,,,,,,,,,,,,,,
2026-08-03 15:47:39,421258,10.0,0.0417,60.0,4.0,0.0467,52.0,,,,,,,,,,,,,,,,,,
2026-08-03 15:47:39,421260,8.0,0.0456,65.0,5.0,0.0306,60.0,,,,,,,,,,,,,,,,,,
2026-08-03 15:48:09,421258,6.0,0.03,60.0,6.0,0.0567,52.0,,,,,,,,,,,,,,,,,,
2026-08-03 15:48:09,421260,10.0,0.0556,65.0,10.0,0.0717,49.0,,,,,,,,,,,,,,,,,,
2026-08-03 15:48:39,421258,5.0,0.0228,65.0,5.0,0.0378,56.0,,,,,,,,,,,,,,,,,,
2026-08-03 15:48:39,421260,13.0,0.0706,71.0,8.0,0.0528,60.0,,,,,,,,,,,,,,,,,,
2026-08-03 15:49:09,421258,13.0,0.0567,71.0,7.0,0.0856,44.0,,,,,,,,,,,,,,,,,,
2026-08-03 15:49:09,421260,5.0,0.0267,71.0,4.0,0.0267,60.0,,,,,,,,,,,,,,,,,,
2026-08-03 15:49:39,421258,9.0,0.0406,60.0,16.0,0.1389,49.0,,,,,,,,,,,,,,,,,,
2026-08-03 15:49:39,421260,8.0,0.0506,60.0,7.0,0.08,49.0,,,,,,,,,,,,,,,,,,
2026-08-03 15:50:09,421258,4.0,0.0156,65.0,6.0,0.0456,52.0,,,,,,,,,,,,,,,,,,
2026-08-03 15:50:09,421260,5.0,0.025,65.0,4.0,0.0278,60.0,,,,,,,,,,,,,,,,,,
2026-08-03 15:50:39,421258,15.0,0.0678,65.0,12.0,0.1089,49.0,,,,,,,,,,,,,,,,,,
2026-08-03 15:50:39,421260,9.0,0.0617,52.0,6.0,0.065,46.0,,,,,,,,,,,,,,,,,,
2026-08-03 15:51:09,421258,4.0,0.02,65.0,7.0,0.0528,49.0,,,,,,,,,,,,,,,,,,
2026-08-03 15:51:09,421260,10.0,0.06,65.0,6.0,0.05,56.0,,,,,,,,,,,,,,,,,,
2026-08-03 15:51:39,421258,4.0,0.0189,65.0,5.0,0.0589,56.0,,,,,,,,,,,,,,,,,,
2026-08-03 15:51:39,421260,16.0,0.1,56.0,8.0,0.0706,52.0,,,,,,,,,,,,,,,,,,
2026-08-03 15:52:09,421258,5.0,0.0228,65.0,9.0,0.0739,46.0,,,,,,,,,,,,,,,,,,
2026-08-03 15:52:09,421260,9.0,0.055,60.0,6.0,0.0456,52.0,,,,,,,,,,,,,,,,,,
2026-08-03 15:52:39,421258,6.0,0.0239,71.0,5.0,0.0278,65.0,,,,,,,,,,,,,,,,,,
2026-08-03 15:52:39,421260,12.0,0.0667,65.0,5.0,0.0539,44.0,,,,,,,,,,,,,,,,,,
2026-08-03 15:53:09,421258,8.0,0.035,71.0,10.0,0.1006,49.0,,,,,,,,,,,,,,,,,,
2026-08-03 15:53:09,421260,15.0,0.0956,60.0,10.0,0.0778,49.0,,,,,,,,,,,,,,,,,,
2026-08-03 15:53:39,421258,13.0,0.0556,71.0,7.0,0.0889,49.0,,,,,,,,,,,,,,,,,,
2026-08-03 15:53:39,421260,13.0,0.0756,65.0,7.0,0.0567,56.0,,,,,,,,,,,,,,,,,,
2026-08-03 15:54:09,421258,11.0,0.0506,60.0,12.0,0.0856,52.0,,,,,,,,,,,,,,,,,,
2026-08-03 15:54:09,421260,7.0,0.04,71.0,8.0,0.0528,60.0,,,,,,,,,,,,,,,,,,
2026-08-03 15:54:39,421258,6.0,0.0239,65.0,4.0,0.0256,52.0,,,,,,,,,,,,,,,,,,
2026-08-03 15:54:39,421260,15.0,0.08,71.0,9.0,0.065,56.0,,,,,,,,,,,,,,,,,,
2026-08-03 15:55:09,421258,9.0,0.0389,60.0,6.0,0.0456,49.0,,,,,,,,,,,,,,,,,,
2026-08-03 15:55:09,421260,13.0,0.0756,71.0,7.0,0.0517,56.0,,,,,,,,,,,,,,,,,,
2026-08-03 15:55:39,421258,9.0,0.0456,60.0,5.0,0.0589,40.0,,,,,,,,,,,,,,,,,,
2026-08-03 15:55:39,421260,11.0,0.0539,71.0,8.0,0.0478,60.0,,,,,,,,,,,,,,,,,,
2026-08-03 15:56:09,421258,16.0,0.0917,52.0,10.0,0.1367,36.0,,,,,,,,,,,,,,,,,,
2026-08-03 15:56:09,421260,3.0,0.0156,65.0,9.0,0.08,52.0,,,,,,,,,,,,,,,,,,
2026-08-03 15:56:39,421258,20.0,0.1178,52.0,13.0,0.155,38.0,,,,,,,,,,,,,,,,,,
2026-08-03 15:56:39,421260,7.0,0.0389,65.0,6.0,0.0478,56.0,,,,,,,,,,,,,,,,,,
2026-08-03 15:57:09,421258,10.0,0.0539,60.0,11.0,0.0889,49.0,,,,,,,,,,,,,,,,,,
2026-08-03 15:57:09,421260,9.0,0.05,65.0,9.0,0.0717,52.0,,,,,,,,,,,,,,,,,,
2026-08-03 15:57:39,421258,6.0,0.0206,71.0,10.0,0.0728,52.0,,,,,,,,,,,,,,,,,,
2026-08-03 15:57:39,421260,10.0,0.0689,65.0,10.0,0.08,52.0,,,,,,,,,,,,,,,,,,
2026-08-03 15:58:09,421258,5.0,0.0289,65.0,7.0,0.0656,49.0,,,,,,,,,,,,,,,,,,
2026-08-03 15:58:09,421260,8.0,0.045,65.0,7.0,0.0639,49.0,,,,,,,,,,,,,,,,,,
2026-08-03 15:58:39,421258,6.0,0.0239,65.0,5.0,0.0389,49.0,,,,,,,,,,,,,,,,,,
2026-08-03 15:58:39,421260,10.0,0.0606,65.0,7.0,0.065,56.0,,,,,,,,,,,,,,,,,,
2026-08-03 15:59:09,421258,11.0,0.0589,65.0,10.0,0.0856,49.0,,,,,,,,,,,,,,,,,,
2026-08-03 15:59:09,421260,8.0,0.0456,65.0,3.0,0.0106,65.0,,,,,,,,,,,,,,,,,,
2026-08-03 15:59:39,421258,10.0,0.0428,71.0,10.0,0.0928,49.0,,,,,,,,,,,,,,,,,,
2026-08-03 15:59:39,421260,13.0,0.09,52.0,10.0,0.1078,40.0,,,,,,,,,,,,,,,,,,
2026-08-03 16:00:09,421258,2.0,0.01,65.0,9.0,0.0856,46.0,,,,,,,,,,,,,,,,,,
2026-08-03 16:00:09,421260,5.0,0.0278,71.0,6.0,0.0489,56.0,,,,,,,,,,,,,,,,,,
2026-08-03 16:00:39,421258,14.0,0.0656,65.0,9.0,0.0828,49.0,,,,,,,,,,,,,,,,,,
2026-08-03 16:00:39,421260,9.0,0.05,65.0,10.0,0.0839,56.0,,,,,,,,,,,,,,,,,,
2026-08-03 16:01:09,421258,7.0,0.0289,71.0,5.0,0.04,56.0,,,,,,,,,,,,,,,,,,
2026-08-03 16:01:09,421260,4.0,0.0239,65.0,7.0,0.0506,60.0,,,,,,,,,,,,,,,,,,
2026-08-03 16:01:39,421258,6.0,0.0239,71.0,4.0,0.0256,60.0,,,,,,,,,,,,,,,,,,
2026-08-03 16:01:39,421260,7.0,0.0428,60.0,6.0,0.0489,49.0,,,,,,,,,,,,,,,,,,
2026-08-03 16:02:09,421258,13.0,0.06,65.0,11.0,0.1228,46.0,,,,,,,,,,,,,,,,,,
2026-08-03 16:02:09,421260,11.0,0.0589,71.0,6.0,0.0456,56.0,,,,,,,,,,,,,,,,,,
2026-08-03 16:02:39,421258,4.0,0.0178,71.0,3.0,0.0256,49.0,,,,,,,,,,,,,,,,,,
2026-08-03 16:02:39,421260,6.0,0.0317,71.0,5.0,0.0306,65.0,,,,,,,,,,,,,,,,,,
2026-08-03 16:03:09,421258,10.0,0.0556,56.0,8.0,0.095,38.0,,,,,,,,,,,,,,,,,,
2026-08-03 16:03:09,421260,9.0,0.0478,71.0,7.0,0.0506,60.0,,,,,,,,,,,,,,,,,,
2026-08-03 16:03:39,421258,5.0,0.0217,60.0,5.0,0.035,56.0,,,,,,,,,,,,,,,,,,
2026-08-03 16:03:39,421260,8.0,0.0439,65.0,8.0,0.0639,52.0,,,,,,,,,,,,,,,,,,
2026-08-03 16:04:09,421258,13.0,0.0639,56.0,8.0,0.07,46.0,,,,,,,,,,,,,,,,,,
2026-08-03 16:04:09,421260,11.0,0.0706,65.0,8.0,0.0506,60.0,,,,,,,,,,,,,,,,,,
2026-08-03 16:04:39,421258,5.0,0.02,71.0,7.0,0.0728,52.0,,,,,,,,,,,,,,,,,,
2026-08-03 16:04:39,421260,10.0,0.0578,65.0,9.0,0.0678,52.0,,,,,,,,,,,,,,,,,,
2026-08-03 16:05:09,421258,10.0,0.045,65.0,8.0,0.0606,52.0,,,,,,,,,,,,,,,,,,
2026-08-03 16:05:09,421260,9.0,0.0428,65.0,9.0,0.0589,56.0,,,,,,,,,,,,,,,,,,
2026-08-03 16:05:39,421258,7.0,0.03,71.0,5.0,0.0417,49.0,,,,,,,,,,,,,,,,,,
2026-08-03 16:05:39,421260,12.0,0.07,65.0,8.0,0.0667,46.0,,,,,,,,,,,,,,,,,,
2026-08-03 16:06:09,421258,10.0,0.0539,65.0,9.0,0.0739,49.0,,,,,,,,,,,,,,,,,,
2026-08-03 16:06:09,421260,10.0,0.0528,71.0,8.0,0.0556,56.0,,,,,,,,,,,,,,,,,,
2026-08-03 16:06:39,421258,7.0,0.0289,71.0,5.0,0.0317,56.0,,,,,,,,,,,,,,,,,,
2026-08-03 16:06:39,421260,8.0,0.0367,78.0,6.0,0.0378,60.0,,,,,,,,,,,,,,,,,,
2026-08-03 16:07:09,421258,9.0,0.0378,65.0,13.0,0.12,49.0,,,,,,,,,,,,,,,,,,
2026-08-03 16:07:09,421260,8.0,0.0417,71.0,6.0,0.0417,60.0,,,,,,,,,,,,,,,,,,
2026-08-03 16:07:39,421258,10.0,0.0417,71.0,5.0,0.06,52.0,,,,,,,,,,,,,,,,,,
2026-08-03 16:07:39,421260,6.0,0.0306,71.0,5.0,0.035,60.0,,,,,,,,,,,,,,,,,,
2026-08-03 16:08:09,421258,12.0,0.0556,65.0,6.0,0.0517,49.0,,,,,,,,,,,,,,,,,,
2026-08-03 16:08:09,421260,13.0,0.0817,65.0,10.0,0.085,49.0,,,,,,,,,,,,,,,,,,
2026-08-03 16:08:39,421258,10.0,0.0456,65.0,12.0,0.1167,44.0,,,,,,,,,,,,,,,,,,
2026-08-03 16:08:39,421260,14.0,0.0728,65.0,13.0,0.0856,60.0,,,,,,,,,,,,,,,,,,
2026-08-03 16:09:09,421258,8.0,0.035,71.0,5.0,0.0567,52.0,,,,,,,,,,,,,,,,,,
2026-08-03 16:09:09,421260,9.0,0.045,71.0,10.0,0.065,60.0,,,,,,,,,,,,,,,,,,
2026-08-03 16:09:39,421258,2.0,0.0078,78.0,5.0,0.0339,52.0,,,,,,,,,,,,,,,,,,
2026-08-03 16:09:39,421260,13.0,0.0689,71.0,6.0,0.0367,60.0,,,,,,,,,,,,,,,,,,
2026-08-03 16:10:09,421258,10.0,0.045,65.0,9.0,0.0728,49.0,,,,,,,,,,,,,,,,,,
2026-08-03 16:10:09,421260,8.0,0.0439,71.0,9.0,0.0656,56.0,,,,,,,,,,,,,,,,,,
2026-08-03 16:10:39,421258,18.0,0.0828,60.0,14.0,0.125,46.0,,,,,,,,,,,,,,,,,,
2026-08-03 16:10:39,421260,6.0,0.0306,71.0,7.0,0.0506,60.0,,,,,,,,,,,,,,,,,,
2026-08-03 16:11:09,421258,12.0,0.0517,65.0,9.0,0.0706,52.0,,,,,,,,,,,,,,,,,,
2026-08-03 16:11:09,421260,10.0,0.0556,65.0,3.0,0.0228,52.0,,,,,,,,,,,,,,,,,,
2026-08-03 16:11:39,421258,12.0,0.05,65.0,9.0,0.07,49.0,,,,,,,,,,,,,,,,,,
2026-08-03 16:11:39,421260,6.0,0.0328,71.0,5.0,0.0439,52.0,,,,,,,,,,,,,,,,,,
2026-08-03 16:12:09,421258,5.0,0.0217,71.0,8.0,0.0628,52.0,,,,,,,,,,,,,,,,,,
2026-08-03 16:12:09,421260,7.0,0.0378,65.0,7.0,0.0617,52.0,,,,,,,,,,,,,,,,,,
2026-08-03 16:12:39,421258,7.0,0.0306,65.0,10.0,0.0856,49.0,,,,,,,,,,,,,,,,,,
2026-08-03 16:12:39,421260,10.0,0.0528,71.0,7.0,0.055,52.0,,,,,,,,,,,,,,,,,,
2026-08-03 16:13:09,421258,7.0,0.03,71.0,4.0,0.0267,60.0,,,,,,,,,,,,,,,,,,
2026-08-03 16:13:09,421260,9.0,0.05,65.0,7.0,0.045,60.0,,,,,,,,,,,,,,,,,,
2026-08-03 16:13:39,421258,2.0,0.0078,65.0,3.0,0.0267,46.0,,,,,,,,,,,,,,,,,,
2026-08-03 16:13:39,421260,13.0,0.07,65.0,9.0,0.0678,60.0,,,,,,,,,,,,,,,,,,
2026-08-03 16:14:09,421258,11.0,0.0489,71.0,7.0,0.0589,52.0,,,,,,,,,,,,,,,,,,
2026-08-03 16:14:09,421260,12.0,0.0628,71.0,10.0,0.0656,60.0,,,,,,,,,,,,,,,,,,
2026-08-03 16:14:39,421258,9.0,0.035,60.0,9.0,0.0806,49.0,,,,,,,,,,,,,,,,,,
2026-08-03 16:14:39,421260,11.0,0.0589,65.0,9.0,0.0617,60.0,,,,,,,,,,,,,,,,,,
2026-08-03 16:15:09,421258,13.0,0.055,71.0,9.0,0.0667,52.0,,,,,,,,,,,,,,,,,,
2026-08-03 16:15:09,421260,8.0,0.0456,65.0,7.0,0.0478,56.0,,,,,,,,,,,,,,,,,,
2026-08-03 16:15:39,421258,8.0,0.035,71.0,6.0,0.0539,52.0,,,,,,,,,,,,,,,,,,
2026-08-03 16:15:39,421260,9.0,0.05,65.0,7.0,0.08,56.0,,,,,,,,,,,,,,,,,,
2026-08-03 16:16:09,421258,14.0,0.0639,65.0,10.0,0.0767,52.0,,,,,,,,,,,,,,,,,,
2026-08-03 16:16:09,421260,4.0,0.02,71.0,10.0,0.065,60.0,,,,,,,,,,,,,,,,,,
2026-08-03 16:16:39,421258,7.0,0.0306,65.0,12.0,0.0928,52.0,,,,,,,,,,,,,,,,,,
2026-08-03 16:16:39,421260,8.0,0.0456,71.0,9.0,0.0578,60.0,,,,,,,,,,,,,,,,,,
2026-08-03 16:17:09,421258,9.0,0.0378,71.0,9.0,0.08,52.0,,,,,,,,,,,,,,,,,,
2026-08-03 16:17:09,421260,9.0,0.045,78.0,4.0,0.025,65.0,,,,,,,,,,,,,,,,,,
2026-08-03 16:17:39,421258,7.0,0.0289,71.0,8.0,0.0767,52.0,,,,,,,,,,,,,,,,,,
2026-08-03 16:17:39,421260,5.0,0.0378,60.0,7.0,0.0506,49.0,,,,,,,,,,,,,,,,,,
2026-08-03 16:18:09,421258,6.0,0.0256,65.0,8.0,0.0617,52.0,,,,,,,,,,,,,,,,,,
2026-08-03 16:18:09,421260,15.0,0.0817,65.0,10.0,0.0706,56.0,,,,,,,,,,,,,,,,,,
2026-08-03 16:18:39,421258,9.0,0.0406,71.0,9.0,0.0606,52.0,,,,,,,,,,,,,,,,,,
2026-08-03 16:18:39,421260,11.0,0.0589,71.0,9.0,0.065,56.0,,,,,,,,,,,,,,,,,,
2026-08-03 16:19:09,421258,4.0,0.0156,78.0,4.0,0.03,52.0,,,,,,,,,,,,,,,,,,
2026-08-03 16:19:09,421260,6.0,0.0317,71.0,6.0,0.0378,60.0,,,,,,,,,,,,,,,,,,
2026-08-03 16:19:39,421258,3.0,0.0139,71.0,5.0,0.0417,56.0,,,,,,,,,,,,,,,,,,
2026-08-03 16:19:39,421260,8.0,0.0406,71.0,8.0,0.0506,60.0,,,,,,,,,,,,,,,,,,
2026-08-03 16:20:09,421258,8.0,0.035,65.0,5.0,0.0417,52.0,,,,,,,,,,,,,,,,,,
2026-08-03 16:20:09,421260,8.0,0.0367,78.0,6.0,0.0367,60.0,,,,,,,,,,,,,,,,,,
2026-08-03 16:20:39,421258,13.0,0.0617,65.0,12.0,0.1267,44.0,,,,,,,,,,,,,,,,,,
2026-08-03 16:20:39,421260,11.0,0.055,78.0,8.0,0.06,65.0,,,,,,,,,,,,,,,,,,
2026-08-03 16:21:09,421258,12.0,0.0539,65.0,9.0,0.0928,49.0,,,,,,,,,,,,,,,,,,
2026-08-03 16:21:09,421260,5.0,0.025,71.0,6.0,0.035,65.0,,,,,,,,,,,,,,,,,,
2026-08-03 16:21:39,421258,5.0,0.02,71.0,6.0,0.0506,56.0,,,,,,,,,,,,,,,,,,
2026-08-03 16:21:39,421260,7.0,0.0356,78.0,6.0,0.035,65.0,,,,,,,,,,,,,,,,,,
2026-08-03 16:22:09,421258,13.0,0.0556,71.0,10.0,0.0628,56.0,,,,,,,,,,,,,,,,,,
2026-08-03 16:22:09,421260,13.0,0.075,65.0,6.0,0.0567,52.0,,,,,,,,,,,,,,,,,,
2026-08-03 16:22:39,421258,10.0,0.0456,65.0,6.0,0.0528,52.0,,,,,,,,,,,,,,,,,,
2026-08-03 16:22:39,421260,11.0,0.0639,65.0,6.0,0.0539,56.0,,,,,,,,,,,,,,,,,,
2026-08-03 16:23:09,421258,7.0,0.0306,65.0,11.0,0.0756,60.0,,,,,,,,,,,,,,,,,,
2026-08-03 16:23:09,421260,7.0,0.0378,71.0,4.0,0.0256,60.0,,,,,,,,,,,,,,,,,,
2026-08-03 16:23:39,421258,3.0,0.0117,78.0,3.0,0.02,56.0,,,,,,,,,,,,,,,,,,
2026-08-03 16:23:39,421260,6.0,0.0317,65.0,7.0,0.0517,56.0,,,,,,,,,,,,,,,,,,
2026-08-03 16:24:09,421258,6.0,0.0239,71.0,4.0,0.035,56.0,,,,,,,,,,,,,,,,,,
2026-08-03 16:24:09,421260,8.0,0.045,65.0,12.0,0.0839,56.0,,,,,,,,,,,,,,,,,,
2026-08-03 16:24:39,421258,10.0,0.0578,60.0,5.0,0.065,46.0,,,,,,,,,,,,,,,,,,
2026-08-03 16:24:39,421260,5.0,0.0256,71.0,5.0,0.0317,60.0,,,,,,,,,,,,,,,,,,
2026-08-03 16:25:09,421258,11.0,0.0517,60.0,6.0,0.0467,52.0,,,,,,,,,,,,,,,,,,
2026-08-03 16:25:09,421260,5.0,0.0339,71.0,8.0,0.0589,56.0,,,,,,,,,,,,,,,,,,
2026-08-03 16:25:39,421258,8.0,0.0367,65.0,7.0,0.0539,49.0,,,,,,,,,,,,,,,,,,
2026-08-03 16:25:39,421260,11.0,0.0567,65.0,8.0,0.0767,56.0,,,,,,,,,,,,,,,,,,
2026-08-03 16:26:09,421258,11.0,0.0589,60.0,6.0,0.0789,42.0,,,,,,,,,,,,,,,,,,
2026-08-03 16:26:09,421260,14.0,0.0839,65.0,9.0,0.0678,56.0,,,,,,,,,,,,,,,,,,
2026-08-03 16:26:39,421258,10.0,0.0439,65.0,5.0,0.0428,49.0,,,,,,,,,,,,,,,,,,
2026-08-03 16:26:39,421260,7.0,0.0356,78.0,6.0,0.0428,56.0,,,,,,,,,,,,,,,,,,
2026-08-03 16:27:09,421258,8.0,0.0367,65.0,6.0,0.0706,49.0,,,,,,,,,,,,,,,,,,
2026-08-03 16:27:09,421260,6.0,0.0317,65.0,7.0,0.0456,56.0,,,,,,,,,,,,,,,,,,
2026-08-03 16:27:39,421258,6.0,0.0256,65.0,7.0,0.0767,49.0,,,,,,,,,,,,,,,,,,
2026-08-03 16:27:39,421260,8.0,0.0439,71.0,8.0,0.05,60.0,,,,,,,,,,,,,,,,,,
2026-08-03 16:28:09,421258,14.0,0.07,60.0,13.0,0.1117,49.0,,,,,,,,,,,,,,,,,,
2026-08-03 16:28:09,421260,9.0,0.065,71.0,6.0,0.04,60.0,,,,,,,,,,,,,,,,,,
2026-08-03 16:28:39,421258,5.0,0.0217,65.0,7.0,0.0567,49.0,,,,,,,,,,,,,,,,,,
2026-08-03 16:28:39,421260,7.0,0.0339,71.0,4.0,0.025,60.0,,,,,,,,,,,,,,,,,,
2026-08-03 16:29:09,421258,5.0,0.0228,65.0,5.0,0.0378,52.0,,,,,,,,,,,,,,,,,,
2026-08-03 16:29:09,421260,5.0,0.0256,78.0,6.0,0.04,65.0,,,,,,,,,,,,,,,,,,
2026-08-03 16:29:39,421258,11.0,0.05,65.0,13.0,0.1039,49.0,,,,,,,,,,,,,,,,,,
2026-08-03 16:29:39,421260,4.0,0.0217,65.0,7.0,0.0556,56.0,,,,,,,,,,,,,,,,,,
2026-08-03 16:30:09,421258,10.0,0.0567,65.0,7.0,0.0506,56.0,,,,,,,,,,,,,,,,,,
2026-08-03 16:30:09,421260,10.0,0.0556,65.0,12.0,0.08,60.0,,,,,,,,,,,,,,,,,,
2026-08-03 16:30:39,421258,4.0,0.0178,78.0,5.0,0.0356,56.0,,,,,,,,,,,,,,,,,,
2026-08-03 16:30:39,421260,6.0,0.0278,78.0,4.0,0.0278,56.0,,,,,,,,,,,,,,,,,,
2026-08-03 16:31:09,421258,3.0,0.0117,78.0,4.0,0.03,52.0,,,,,,,,,,,,,,,,,,
2026-08-03 16:31:09,421260,6.0,0.0328,71.0,7.0,0.05,60.0,,,,,,,,,,,,,,,,,,
2026-08-03 16:31:39,421258,6.0,0.0239,71.0,8.0,0.07,52.0,,,,,,,,,,,,,,,,,,
2026-08-03 16:31:39,421260,8.0,0.0378,78.0,5.0,0.03,71.0,,,,,,,,,,,,,,,,,,
2026-08-03 16:32:09,421258,11.0,0.0489,71.0,11.0,0.0856,49.0,,,,,,,,,,,,,,,,,,
2026-08-03 16:32:09,421260,7.0,0.035,71.0,6.0,0.0378,60.0,,,,,,,,,,,,,,,,,,
2026-08-03 16:32:39,421258,3.0,0.0117,78.0,5.0,0.0306,60.0,,,,,,,,,,,,,,,,,,
2026-08-03 16:32:39,421260,14.0,0.0756,65.0,10.0,0.0717,56.0,,,,,,,,,,,,,,,,,,
2026-08-03 16:33:09,421258,11.0,0.0567,60.0,7.0,0.0589,49.0,,,,,,,,,,,,,,,,,,
2026-08-03 16:33:09,421260,8.0,0.0428,65.0,6.0,0.0406,60.0,,,,,,,,,,,,,,,,,,
2026-08-03 16:33:39,421258,5.0,0.02,71.0,3.0,0.0217,60.0,,,,,,,,,,,,,,,,,,
2026-08-03 16:33:39,421260,9.0,0.0467,71.0,7.0,0.0467,60.0,,,,,,,,,,,,,,,,,,
2026-08-03 16:34:09,421258,12.0,0.05,71.0,9.0,0.0606,52.0,,,,,,,,,,,,,,,,,,
2026-08-03 16:34:09,421260,12.0,0.0739,60.0,9.0,0.0656,56.0,,,,,,,,,,,,,,,,,,
2026-08-03 16:34:39,421258,8.0,0.035,65.0,10.0,0.0806,52.0,,,,,,,,,,,,,,,,,,
2026-08-03 16:34:39,421260,8.0,0.0428,65.0,7.0,0.045,60.0,,,,,,,,,,,,,,,,,,
2026-08-03 16:35:09,421258,10.0,0.0406,71.0,8.0,0.0528,56.0,,,,,,,,,,,,,,,,,,
2026-08-03 16:35:09,421260,7.0,0.0378,65.0,8.0,0.0528,56.0,,,,,,,,,,,,,,,,,,
2026-08-03 16:35:39,421258,5.0,0.0217,65.0,6.0,0.0489,52.0,,,,,,,,,,,,,,,,,,
2026-08-03 16:35:39,421260,8.0,0.05,65.0,9.0,0.0767,52.0,,,,,,,,,,,,,,,,,,
2026-08-03 16:36:09,421258,11.0,0.045,71.0,4.0,0.0339,49.0,,,,,,,,,,,,,,,,,,
2026-08-03 16:36:09,421260,15.0,0.0856,60.0,11.0,0.0867,52.0,,,,,,,,,,,,,,,,,,
2026-08-03 16:36:39,421258,8.0,0.0378,60.0,9.0,0.0867,49.0,,,,,,,,,,,,,,,,,,
2026-08-03 16:36:39,421260,7.0,0.0339,71.0,9.0,0.0556,65.0,,,,,,,,,,,,,,,,,,
2026-08-03 16:37:09,421258,4.0,0.0178,65.0,8.0,0.0567,52.0,,,,,,,,,,,,,,,,,,
2026-08-03 16:37:09,421260,12.0,0.0689,71.0,9.0,0.0539,60.0,,,,,,,,,,,,,,,,,,
2026-08-03 16:37:39,421258,6.0,0.0239,71.0,5.0,0.0389,52.0,,,,,,,,,,,,,,,,,,
2026-08-03 16:37:39,421260,10.0,0.0517,65.0,6.0,0.0528,56.0,,,,,,,,,,,,,,,,,,
2026-08-03 16:38:09,421258,17.0,0.0789,65.0,13.0,0.1089,49.0,,,,,,,,,,,,,,,,,,
2026-08-03 16:38:09,421260,6.0,0.0356,65.0,3.0,0.0256,49.0,,,,,,,,,,,,,,,,,,
2026-08-03 16:38:39,421258,14.0,0.0606,65.0,13.0,0.1,52.0,,,,,,,,,,,,,,,,,,
2026-08-03 16:38:39,421260,9.0,0.055,60.0,9.0,0.0639,56.0,,,,,,,,,,,,,,,,,,
2026-08-03 16:39:09,421258,8.0,0.0339,71.0,8.0,0.0656,56.0,,,,,,,,,,,,,,,,,,
2026-08-03 16:39:09,421260,7.0,0.0367,71.0,5.0,0.0406,56.0,,,,,,,,,,,,,,,,,,
2026-08-03 16:39:39,421258,7.0,0.0306,65.0,9.0,0.0656,52.0,,,,,,,,,,,,,,,,,,
2026-08-03 16:39:39,421260,15.0,0.0817,71.0,10.0,0.0706,56.0,,,,,,,,,,,,,,,,,,
2026-08-03 16:40:09,421258,8.0,0.035,65.0,5.0,0.0417,52.0,,,,,,,,,,,,,,,,,,
2026-08-03 16:40:09,421260,4.0,0.02,71.0,8.0,0.0528,56.0,,,,,,,,,,,,,,,,,,
2026-08-03 16:40:39,421258,8.0,0.0339,65.0,10.0,0.09,49.0,,,,,,,,,,,,,,,,,,
2026-08-03 16:40:39,421260,8.0,0.0439,71.0,5.0,0.035,56.0,,,,,,,,,,,,,,,,,,
2026-08-03 16:41:09,421258,7.0,0.0289,78.0,4.0,0.03,52.0,,,,,,,,,,,,,,,,,,
2026-08-03 16:41:09,421260,2.0,0.0117,65.0,5.0,0.0339,56.0,,,,,,,,,,,,,,,,,,
2026-08-03 16:41:39,421258,14.0,0.0639,65.0,5.0,0.0467,52.0,,,,,,,,,,,,,,,,,,
2026-08-03 16:41:39,421260,8.0,0.0417,71.0,12.0,0.08,60.0,,,,,,,,,,,,,,,,,,
2026-08-03 16:42:09,421258,11.0,0.0489,65.0,7.0,0.05,52.0,,,,,,,,,,,,,,,,,,
2026-08-03 16:42:09,421260,4.0,0.02,71.0,7.0,0.0428,60.0,,,,,,,,,,,,,,,,,,
2026-08-03 16:42:39,421258,0.0,0.0,0.0,6.0,0.0606,52.0,,,,,,,,,,,,,,,,,,
2026-08-03 16:42:39,421260,9.0,0.0539,65.0,8.0,0.05,60.0,,,,,,,,,,,,,,,,,,
2026-08-03 16:43:09,421258,3.0,0.0139,78.0,6.0,0.0456,49.0,,,,,,,,,,,,,,,,,,
2026-08-03 16:43:09,421260,18.0,0.0967,65.0,7.0,0.0589,60.0,,,,,,,,,,,,,,,,,,
2026-08-03 16:43:39,421258,9.0,0.0367,71.0,12.0,0.0939,52.0,,,,,,,,,,,,,,,,,,
2026-08-03 16:43:39,421260,9.0,0.0467,65.0,7.0,0.0517,52.0,,,,,,,,,,,,,,,,,,
2026-08-03 16:44:09,421258,3.0,0.0139,71.0,7.0,0.0539,52.0,,,,,,,,,,,,,,,,,,
2026-08-03 16:44:09,421260,14.0,0.0828,65.0,10.0,0.0706,56.0,,,,,,,,,,,,,,,,,,
2026-08-03 16:44:39,421258,13.0,0.0578,65.0,7.0,0.06,52.0,,,,,,,,,,,,,,,,,,
2026-08-03 16:44:39,421260,8.0,0.0417,78.0,11.0,0.0706,60.0,,,,,,,,,,,,,,,,,,
2026-08-03 16:45:09,421258,11.0,0.045,71.0,8.0,0.0556,49.0,,,,,,,,,,,,,,,,,,
2026-08-03 16:45:09,421260,6.0,0.0306,71.0,8.0,0.0506,60.0,,,,,,,,,,,,,,,,,,
2026-08-03 16:45:39,421258,8.0,0.0339,65.0,10.0,0.0828,49.0,,,,,,,,,,,,,,,,,,
2026-08-03 16:45:39,421260,3.0,0.0167,78.0,7.0,0.0528,60.0,,,,,,,,,,,,,,,,,,
2026-08-03 16:46:09,421258,14.0,0.06,65.0,6.0,0.0506,49.0,,,,,,,,,,,,,,,,,,
2026-08-03 16:46:09,421260,9.0,0.0478,71.0,6.0,0.0517,56.0,,,,,,,,,,,,,,,,,,
2026-08-03 16:46:39,421258,11.0,0.0539,65.0,13.0,0.1056,49.0,,,,,,,,,,,,,,,,,,
2026-08-03 16:46:39,421260,8.0,0.045,71.0,10.0,0.0617,65.0,,,,,,,,,,,,,,,,,,
2026-08-03 16:47:09,421258,8.0,0.035,65.0,9.0,0.0739,49.0,,,,,,,,,,,,,,,,,,
2026-08-03 16:47:09,421260,4.0,0.0189,78.0,6.0,0.0389,65.0,,,,,,,,,,,,,,,,,,
2026-08-03 16:47:39,421258,5.0,0.0228,71.0,5.0,0.0439,49.0,,,,,,,,,,,,,,,,,,
2026-08-03 16:47:39,421260,3.0,0.0206,56.0,4.0,0.0289,56.0,,,,,,,,,,,,,,,,,,
2026-08-03 16:48:09,421258,11.0,0.045,71.0,6.0,0.0439,52.0,,,,,,,,,,,,,,,,,,
2026-08-03 16:48:09,421260,1.0,0.0106,33.0,2.0,0.02,49.0,,,,,,,,,,,,,,,,,,
2026-08-03 16:48:39,421258,8.0,0.0339,71.0,6.0,0.0389,56.0,,,,,,,,,,,,,,,,,,
2026-08-03 16:48:39,421260,17.0,0.165,38.0,12.0,0.1406,34.0,,,,,,,,,,,,,,,,,,
2026-08-03 16:49:09,421258,2.0,0.0078,65.0,6.0,0.0606,49.0,,,,,,,,,,,,,,,,,,
2026-08-03 16:49:09,421260,16.0,0.1528,40.0,10.0,0.1078,36.0,,,,,,,,,,,,,,,,,,
2026-08-03 16:49:39,421258,0.0,0.0,0.0,0.0,0.0,0.0,,,,,,,,,,,,,,,,,,
2026-08-03 16:49:39,421260,14.0,0.1,52.0,11.0,0.0867,46.0,,,,,,,,,,,,,,,,,,
2026-08-03 16:50:09,421258,1.0,0.0067,52.0,4.0,0.0389,42.0,,,,,,,,,,,,,,,,,,
2026-08-03 16:50:09,421260,9.0,0.0528,65.0,8.0,0.075,56.0,,,,,,,,,,,,,,,,,,
2026-08-03 16:50:39,421258,8.0,0.0339,65.0,5.0,0.0389,49.0,,,,,,,,,,,,,,,,,,
2026-08-03 16:50:39,421260,7.0,0.0378,65.0,7.0,0.0467,60.0,,,,,,,,,,,,,,,,,,
2026-08-03 16:51:09,421258,9.0,0.0406,65.0,5.0,0.0539,46.0,,,,,,,,,,,,,,,,,,
2026-08-03 16:51:09,421260,5.0,0.025,71.0,7.0,0.0439,60.0,,,,,,,,,,,,,,,,,,
2026-08-03 16:51:39,421258,14.0,0.0767,56.0,11.0,0.11,46.0,,,,,,,,,,,,,,,,,,
2026-08-03 16:51:39,421260,8.0,0.0428,71.0,9.0,0.0767,56.0,,,,,,,,,,,,,,,,,,
2026-08-03 16:52:09,421258,15.0,0.0689,65.0,12.0,0.1406,44.0,,,,,,,,,,,,,,,,,,
2026-08-03 16:52:09,421260,10.0,0.0528,71.0,3.0,0.0239,52.0,,,,,,,,,,,,,,,,,,
2026-08-03 16:52:39,421258,13.0,0.0606,60.0,8.0,0.09,46.0,,,,,,,,,,,,,,,,,,
2026-08-03 16:52:39,421260,7.0,0.0317,78.0,6.0,0.055,56.0,,,,,,,,,,,,,,,,,,
2026-08-03 16:53:09,421258,13.0,0.0617,60.0,15.0,0.1239,49.0,,,,,,,,,,,,,,,,,,
2026-08-03 16:53:09,421260,9.0,0.045,71.0,6.0,0.0456,56.0,,,,,,,,,,,,,,,,,,
2026-08-03 16:53:39,421258,7.0,0.0289,65.0,7.0,0.0467,56.0,,,,,,,,,,,,,,,,,,
2026-08-03 16:53:39,421260,7.0,0.0356,71.0,9.0,0.0467,65.0,,,,,,,,,,,,,,,,,,
2026-08-03 16:54:09,421258,4.0,0.0178,65.0,6.0,0.0578,52.0,,,,,,,,,,,,,,,,,,
2026-08-03 16:54:09,421260,4.0,0.02,78.0,6.0,0.0367,65.0,,,,,,,,,,,,,,,,,,
2026-08-03 16:54:39,421258,5.0,0.0217,65.0,8.0,0.0878,42.0,,,,,,,,,,,,,,,,,,
2026-08-03 16:54:39,421260,12.0,0.0589,78.0,6.0,0.0389,60.0,,,,,,,,,,,,,,,,,,
2026-08-03 16:55:09,421258,9.0,0.0378,71.0,8.0,0.0567,56.0,,,,,,,,,,,,,,,,,,
2026-08-03 16:55:09,421260,11.0,0.0606,65.0,8.0,0.06,56.0,,,,,,,,,,,,,,,,,,
2026-08-03 16:55:39,421258,8.0,0.0389,65.0,6.0,0.0467,49.0,,,,,,,,,,,,,,,,,,
2026-08-03 16:55:39,421260,6.0,0.0289,78.0,6.0,0.0378,65.0,,,,,,,,,,,,,,,,,,
2026-08-03 16:56:09,421258,5.0,0.0217,78.0,9.0,0.055,60.0,,,,,,,,,,,,,,,,,,
2026-08-03 16:56:09,421260,10.0,0.055,65.0,7.0,0.0467,60.0,,,,,,,,,,,,,,,,,,
2026-08-03 16:56:39,421258,7.0,0.03,78.0,5.0,0.0389,52.0,,,,,,,,,,,,,,,,,,
2026-08-03 16:56:39,421260,8.0,0.04,71.0,5.0,0.03,65.0,,,,,,,,,,,,,,,,,,
2026-08-03 16:57:09,421258,10.0,0.0428,71.0,8.0,0.0617,49.0,,,,,,,,,,,,,,,,,,
2026-08-03 16:57:09,421260,4.0,0.0228,65.0,6.0,0.0356,56.0,,,,,,,,,,,,,,,,,,
2026-08-03 16:57:39,421258,6.0,0.0256,65.0,8.0,0.0656,49.0,,,,,,,,,,,,,,,,,,
2026-08-03 16:57:39,421260,9.0,0.0528,65.0,9.0,0.0606,56.0,,,,,,,,,,,,,,,,,,
2026-08-03 16:58:09,421258,8.0,0.0328,71.0,6.0,0.0378,65.0,,,,,,,,,,,,,,,,,,
2026-08-03 16:58:09,421260,11.0,0.0639,65.0,6.0,0.05,52.0,,,,,,,,,,,,,,,,,,
2026-08-03 16:58:39,421258,7.0,0.0306,65.0,6.0,0.0417,56.0,,,,,,,,,,,,,,,,,,
2026-08-03 16:58:39,421260,8.0,0.0456,71.0,4.0,0.0367,56.0,,,,,,,,,,,,,,,,,,
2026-08-03 16:59:09,421258,3.0,0.0139,71.0,3.0,0.0217,56.0,,,,,,,,,,,,,,,,,,
2026-08-03 16:59:09,421260,9.0,0.0567,60.0,9.0,0.0767,52.0,,,,,,,,,,,,,,,,,,
2026-08-03 16:59:39,421258,14.0,0.0639,65.0,10.0,0.0828,52.0,,,,,,,,,,,,,,,,,,
2026-08-03 16:59:39,421260,8.0,0.0389,71.0,7.0,0.0489,60.0,,,,,,,,,,,,,,,,,,
2026-08-03 17:00:09,421258,6.0,0.0267,65.0,7.0,0.0567,52.0,,,,,,,,,,,,,,,,,,
2026-08-03 17:00:09,421260,5.0,0.0278,71.0,7.0,0.0439,56.0,,,,,,,,,,,,,,,,,,
2026-08-03 17:00:39,421258,5.0,0.0217,78.0,6.0,0.0567,49.0,,,,,,,,,,,,,,,,,,
2026-08-03 17:00:39,421260,12.0,0.065,65.0,6.0,0.0389,56.0,,,,,,,,,,,,,,,,,,
2026-08-03 17:01:09,421258,9.0,0.0389,65.0,6.0,0.0528,52.0,,,,,,,,,,,,,,,,,,
2026-08-03 17:01:09,421260,7.0,0.0478,71.0,10.0,0.0667,60.0,,,,,,,,,,,,,,,,,,
2026-08-03 17:01:39,421258,8.0,0.0367,65.0,9.0,0.075,46.0,,,,,,,,,,,,,,,,,,
2026-08-03 17:01:39,421260,9.0,0.0467,71.0,8.0,0.0517,60.0,,,,,,,,,,,,,,,,,,
2026-08-03 17:02:09,421258,5.0,0.02,71.0,6.0,0.04,60.0,,,,,,,,,,,,,,,,,,
2026-08-03 17:02:09,421260,11.0,0.0628,65.0,4.0,0.0278,56.0,,,,,,,,,,,,,,,,,,
2026-08-03 17:02:39,421258,8.0,0.0367,65.0,11.0,0.0806,56.0,,,,,,,,,,,,,,,,,,
2026-08-03 17:02:39,421260,10.0,0.0578,65.0,11.0,0.08,52.0,,,,,,,,,,,,,,,,,,
2026-08-03 17:03:09,421258,8.0,0.0417,65.0,7.0,0.0617,49.0,,,,,,,,,,,,,,,,,,
2026-08-03 17:03:09,421260,11.0,0.0578,71.0,7.0,0.0528,60.0,,,,,,,,,,,,,,,,,,
2026-08-03 17:03:39,421258,2.0,0.0078,60.0,10.0,0.0778,49.0,,,,,,,,,,,,,,,,,,
2026-08-03 17:03:39,421260,10.0,0.0528,71.0,9.0,0.0628,56.0,,,,,,,,,,,,,,,,,,
2026-08-03 17:04:09,421258,15.0,0.0678,65.0,10.0,0.08,49.0,,,,,,,,,,,,,,,,,,
2026-08-03 17:04:09,421260,9.0,0.0456,71.0,5.0,0.0289,60.0,,,,,,,,,,,,,,,,,,
2026-08-03 17:04:39,421258,8.0,0.0339,65.0,7.0,0.0528,52.0,,,,,,,,,,,,,,,,,,
2026-08-03 17:04:39,421260,5.0,0.0267,71.0,5.0,0.0328,60.0,,,,,,,,,,,,,,,,,,
2026-08-03 17:05:09,421258,13.0,0.0528,65.0,9.0,0.0767,49.0,,,,,,,,,,,,,,,,,,
2026-08-03 17:05:09,421260,4.0,0.0217,71.0,7.0,0.045,60.0,,,,,,,,,,,,,,,,,,
2026-08-03 17:05:39,421258,11.0,0.05,65.0,4.0,0.03,52.0,,,,,,,,,,,,,,,,,,
2026-08-03 17:05:39,421260,7.0,0.035,71.0,7.0,0.0506,52.0,,,,,,,,,,,,,,,,,,
2026-08-03 17:06:09,421258,4.0,0.0178,65.0,11.0,0.0878,46.0,,,,,,,,,,,,,,,,,,
2026-08-03 17:06:09,421260,15.0,0.0939,60.0,7.0,0.0539,56.0,,,,,,,,,,,,,,,,,,
2026-08-03 17:06:39,421258,5.0,0.02,71.0,7.0,0.0467,56.0,,,,,,,,,,,,,,,,,,
2026-08-03 17:06:39,421260,6.0,0.0317,71.0,7.0,0.0467,60.0,,,,,,,,,,,,,,,,,,
2026-08-03 17:07:09,421258,5.0,0.02,71.0,5.0,0.04,49.0,,,,,,,,,,,,,,,,,,
2026-08-03 17:07:09,421260,4.0,0.0189,71.0,4.0,0.0256,60.0,,,,,,,,,,,,,,,,,,
2026-08-03 17:07:39,421258,5.0,0.0228,71.0,10.0,0.0728,56.0,,,,,,,,,,,,,,,,,,
2026-08-03 17:07:39,421260,8.0,0.0417,71.0,8.0,0.0578,56.0,,,,,,,,,,,,,,,,,,
2026-08-03 17:08:09,421258,9.0,0.0378,65.0,7.0,0.0767,46.0,,,,,,,,,,,,,,,,,,
2026-08-03 17:08:09,421260,11.0,0.0617,65.0,9.0,0.06,60.0,,,,,,,,,,,,,,,,,,
2026-08-03 17:08:39,421258,5.0,0.0217,71.0,8.0,0.0817,49.0,,,,,,,,,,,,,,,,,,
2026-08-03 17:08:39,421260,8.0,0.04,78.0,7.0,0.045,60.0,,,,,,,,,,,,,,,,,,
2026-08-03 17:09:09,421258,6.0,0.0267,65.0,5.0,0.04,49.0,,,,,,,,,,,,,,,,,,
2026-08-03 17:09:09,421260,7.0,0.0378,71.0,3.0,0.0217,52.0,,,,,,,,,,,,,,,,,,
2026-08-03 17:09:39,421258,4.0,0.0156,78.0,10.0,0.0767,52.0,,,,,,,,,,,,,,,,,,
2026-08-03 17:09:39,421260,7.0,0.0339,71.0,8.0,0.055,56.0,,,,,,,,,,,,,,,,,,
2026-08-03 17:10:09,421258,6.0,0.0256,65.0,8.0,0.0628,49.0,,,,,,,,,,,,,,,,,,
2026-08-03 17:10:09,421260,5.0,0.0256,71.0,6.0,0.0356,65.0,,,,,,,,,,,,,,,,,,
2026-08-03 17:10:39,421258,12.0,0.0539,65.0,12.0,0.0939,52.0,,,,,,,,,,,,,,,,,,
2026-08-03 17:10:39,421260,5.0,0.0267,71.0,7.0,0.0578,60.0,,,,,,,,,,,,,,,,,,
2026-08-03 17:11:09,421258,3.0,0.0117,78.0,3.0,0.0228,56.0,,,,,,,,,,,,,,,,,,
2026-08-03 17:11:09,421260,3.0,0.0139,78.0,5.0,0.0339,60.0,,,,,,,,,,,,,,,,,,
2026-08-03 17:11:39,421258,9.0,0.0378,65.0,8.0,0.0667,49.0,,,,,,,,,,,,,,,,,,
2026-08-03 17:11:39,421260,10.0,0.0556,71.0,8.0,0.055,56.0,,,,,,,,,,,,,,,,,,
2026-08-03 17:12:09,421258,4.0,0.0156,71.0,6.0,0.0467,52.0,,,,,,,,,,,,,,,,,,
2026-08-03 17:12:09,421260,2.0,0.01,65.0,5.0,0.0378,56.0,,,,,,,,,,,,,,,,,,
2026-08-03 17:12:39,421258,6.0,0.0239,78.0,5.0,0.0478,52.0,,,,,,,,,,,,,,,,,,
2026-08-03 17:12:39,421260,5.0,0.0267,71.0,7.0,0.0439,60.0,,,,,,,,,,,,,,,,,,
2026-08-03 17:13:09,421258,9.0,0.0367,71.0,4.0,0.03,52.0,,,,,,,,,,,,,,,,,,
2026-08-03 17:13:09,421260,7.0,0.0356,71.0,6.0,0.0389,65.0,,,,,,,,,,,,,,,,,,
2026-08-03 17:13:39,421258,5.0,0.0217,71.0,7.0,0.0656,56.0,,,,,,,,,,,,,,,,,,
2026-08-03 17:13:39,421260,16.0,0.0978,60.0,8.0,0.075,52.0,,,,,,,,,,,,,,,,,,
2026-08-03 17:14:09,421258,3.0,0.0117,78.0,2.0,0.015,52.0,,,,,,,,,,,,,,,,,,
2026-08-03 17:14:09,421260,9.0,0.0478,71.0,10.0,0.0739,56.0,,,,,,,,,,,,,,,,,,
2026-08-03 17:14:39,421258,7.0,0.0278,71.0,9.0,0.0667,49.0,,,,,,,,,,,,,,,,,,
2026-08-03 17:14:39,421260,5.0,0.0267,71.0,8.0,0.065,52.0,,,,,,,,,,,,,,,,,,
2026-08-03 17:15:09,421258,10.0,0.0428,65.0,8.0,0.0567,56.0,,,,,,,,,,,,,,,,,,
2026-08-03 17:15:09,421260,10.0,0.0617,60.0,9.0,0.06,56.0,,,,,,,,,,,,,,,,,,
2026-08-03 17:15:39,421258,8.0,0.035,65.0,4.0,0.03,52.0,,,,,,,,,,,,,,,,,,
2026-08-03 17:15:39,421260,12.0,0.0617,71.0,7.0,0.045,60.0,,,,,,,,,,,,,,,,,,
2026-08-03 17:16:09,421258,11.0,0.0456,65.0,9.0,0.0928,44.0,,,,,,,,,,,,,,,,,,
2026-08-03 17:16:09,421260,6.0,0.0306,71.0,7.0,0.0467,60.0,,,,,,,,,,,,,,,,,,
2026-08-03 17:16:39,421258,7.0,0.03,71.0,3.0,0.0439,44.0,,,,,,,,,,,,,,,,,,
2026-08-03 17:16:39,421260,8.0,0.0417,71.0,6.0,0.045,60.0,,,,,,,,,,,,,,,,,,
2026-08-03 17:17:09,421258,11.0,0.0467,71.0,9.0,0.0817,46.0,,,,,,,,,,,,,,,,,,
2026-08-03 17:17:09,421260,11.0,0.0589,71.0,9.0,0.0567,65.0,,,,,,,,,,,,,,,,,,
2026-08-03 17:17:39,421258,9.0,0.0367,65.0,9.0,0.0728,46.0,,,,,,,,,,,,,,,,,,
2026-08-03 17:17:39,421260,12.0,0.0689,65.0,10.0,0.0639,60.0,,,,,,,,,,,,,,,,,,
2026-08-03 17:18:09,421258,11.0,0.045,71.0,10.0,0.0778,52.0,,,,,,,,,,,,,,,,,,
2026-08-03 17:18:09,421260,6.0,0.0328,65.0,6.0,0.0389,60.0,,,,,,,,,,,,,,,,,,
2026-08-03 17:18:39,421258,4.0,0.0156,78.0,8.0,0.0628,56.0,,,,,,,,,,,,,,,,,,
2026-08-03 17:18:39,421260,6.0,0.0278,71.0,8.0,0.0489,65.0,,,,,,,,,,,,,,,,,,
2026-08-03 17:19:09,421258,7.0,0.0289,71.0,10.0,0.07,52.0,,,,,,,,,,,,,,,,,,
2026-08-03 17:19:09,421260,12.0,0.0667,65.0,10.0,0.075,52.0,,,,,,,,,,,,,,,,,,
2026-08-03 17:19:39,421258,10.0,0.0417,71.0,13.0,0.0928,56.0,,,,,,,,,,,,,,,,,,
2026-08-03 17:19:39,421260,9.0,0.0456,71.0,10.0,0.0706,56.0,,,,,,,,,,,,,,,,,,
2026-08-03 17:20:09,421258,4.0,0.0156,71.0,5.0,0.0317,56.0,,,,,,,,,,,,,,,,,,
2026-08-03 17:20:09,421260,9.0,0.0578,60.0,5.0,0.0467,46.0,,,,,,,,,,,,,,,,,,
2026-08-03 17:20:39,421258,10.0,0.0406,71.0,8.0,0.0589,56.0,,,,,,,,,,,,,,,,,,
2026-08-03 17:20:39,421260,6.0,0.0328,71.0,10.0,0.0628,65.0,,,,,,,,,,,,,,,,,,
2026-08-03 17:21:09,421258,7.0,0.03,65.0,6.0,0.0517,56.0,,,,,,,,,,,,,,,,,,
2026-08-03 17:21:09,421260,8.0,0.045,78.0,6.0,0.0428,60.0,,,,,,,,,,,,,,,,,,
2026-08-03 17:21:39,421258,12.0,0.0528,60.0,13.0,0.1117,49.0,,,,,,,,,,,,,,,,,,
2026-08-03 17:21:39,421260,12.0,0.0606,71.0,8.0,0.0489,60.0,,,,,,,,,,,,,,,,,,
2026-08-03 17:22:09,421258,1.0,0.0039,78.0,3.0,0.0228,52.0,,,,,,,,,,,,,,,,,,
2026-08-03 17:22:09,421260,10.0,0.0528,71.0,6.0,0.0389,60.0,,,,,,,,,,,,,,,,,,
2026-08-03 17:22:39,421258,14.0,0.0667,65.0,9.0,0.085,46.0,,,,,,,,,,,,,,,,,,
2026-08-03 17:22:39,421260,4.0,0.02,71.0,6.0,0.0428,56.0,,,,,,,,,,,,,,,,,,
2026-08-03 17:23:09,421258,11.0,0.0456,65.0,10.0,0.0956,49.0,,,,,,,,,,,,,,,,,,
2026-08-03 17:23:09,421260,8.0,0.0417,71.0,4.0,0.025,65.0,,,,,,,,,,,,,,,,,,
2026-08-03 17:23:39,421258,10.0,0.0428,71.0,9.0,0.0706,56.0,,,,,,,,,,,,,,,,,,
2026-08-03 17:23:39,421260,9.0,0.0489,65.0,7.0,0.0728,56.0,,,,,,,,,,,,,,,,,,
2026-08-03 17:24:09,421258,7.0,0.0306,65.0,6.0,0.04,56.0,,,,,,,,,,,,,,,,,,
2026-08-03 17:24:09,421260,9.0,0.0528,65.0,11.0,0.0817,49.0,,,,,,,,,,,,,,,,,,
2026-08-03 17:24:39,421258,3.0,0.0117,78.0,5.0,0.0339,56.0,,,,,,,,,,,,,,,,,,
2026-08-03 17:24:39,421260,12.0,0.0756,60.0,6.0,0.055,49.0,,,,,,,,,,,,,,,,,,
2026-08-03 17:25:09,421258,9.0,0.0367,71.0,9.0,0.0606,56.0,,,,,,,,,,,,,,,,,,
2026-08-03 17:25:09,421260,11.0,0.0589,65.0,6.0,0.035,60.0,,,,,,,,,,,,,,,,,,
2026-08-03 17:25:39,421258,5.0,0.02,78.0,5.0,0.06,56.0,,,,,,,,,,,,,,,,,,
2026-08-03 17:25:39,421260,3.0,0.0167,71.0,8.0,0.0667,60.0,,,,,,,,,,,,,,,,,,
2026-08-03 17:26:09,421258,7.0,0.0289,71.0,7.0,0.0506,52.0,,,,,,,,,,,,,,,,,,
2026-08-03 17:26:09,421260,9.0,0.0517,65.0,9.0,0.0589,56.0,,,,,,,,,,,,,,,,,,
2026-08-03 17:26:39,421258,13.0,0.06,65.0,8.0,0.065,49.0,,,,,,,,,,,,,,,,,,
2026-08-03 17:26:39,421260,7.0,0.0378,71.0,6.0,0.0378,60.0,,,,,,,,,,,,,,,,,,
2026-08-03 17:27:09,421258,5.0,0.0239,71.0,4.0,0.035,49.0,,,,,,,,,,,,,,,,,,
2026-08-03 17:27:09,421260,4.0,0.0206,78.0,6.0,0.0406,65.0,,,,,,,,,,,,,,,,,,
2026-08-03 17:27:39,421258,5.0,0.0178,71.0,6.0,0.0389,56.0,,,,,,,,,,,,,,,,,,
2026-08-03 17:27:39,421260,9.0,0.0589,60.0,6.0,0.0428,49.0,,,,,,,,,,,,,,,,,,
2026-08-03 17:28:09,421258,14.0,0.0828,52.0,13.0,0.1678,36.0,,,,,,,,,,,,,,,,,,
2026-08-03 17:28:09,421260,12.0,0.0639,65.0,9.0,0.0578,60.0,,,,,,,,,,,,,,,,,,
2026-08-03 17:28:39,421258,6.0,0.0239,65.0,11.0,0.0889,49.0,,,,,,,,,,,,,,,,,,
2026-08-03 17:28:39,421260,3.0,0.0167,71.0,8.0,0.055,56.0,,,,,,,,,,,,,,,,,,
2026-08-03 17:29:09,421258,4.0,0.0156,71.0,4.0,0.0306,52.0,,,,,,,,,,,,,,,,,,
2026-08-03 17:29:09,421260,8.0,0.045,65.0,7.0,0.0467,60.0,,,,,,,,,,,,,,,,,,
2026-08-03 17:29:39,421258,5.0,0.0217,65.0,4.0,0.0278,52.0,,,,,,,,,,,,,,,,,,
2026-08-03 17:29:39,421260,14.0,0.0856,60.0,10.0,0.0728,52.0,,,,,,,,,,,,,,,,,,
2026-08-03 17:30:09,421258,7.0,0.0289,71.0,7.0,0.05,52.0,,,,,,,,,,,,,,,,,,
2026-08-03 17:30:09,421260,11.0,0.055,71.0,6.0,0.0428,60.0,,,,,,,,,,,,,,,,,,
2026-08-03 17:30:39,421258,11.0,0.0578,56.0,10.0,0.095,42.0,,,,,,,,,,,,,,,,,,
2026-08-03 17:30:39,421260,6.0,0.03,78.0,4.0,0.0278,56.0,,,,,,,,,,,,,,,,,,
2026-08-03 17:31:09,421258,10.0,0.0406,65.0,10.0,0.0767,52.0,,,,,,,,,,,,,,,,,,
2026-08-03 17:31:09,421260,5.0,0.0256,65.0,6.0,0.04,56.0,,,,,,,,,,,,,,,,,,
2026-08-03 17:31:39,421258,9.0,0.0378,71.0,6.0,0.0739,49.0,,,,,,,,,,,,,,,,,,
2026-08-03 17:31:39,421260,5.0,0.0306,65.0,7.0,0.0478,60.0,,,,,,,,,,,,,,,,,,
2026-08-03 17:32:09,421258,10.0,0.0456,65.0,10.0,0.0767,49.0,,,,,,,,,,,,,,,,,,
2026-08-03 17:32:09,421260,14.0,0.0778,65.0,8.0,0.0539,56.0,,,,,,,,,,,,,,,,,,
2026-08-03 17:32:39,421258,5.0,0.0228,65.0,3.0,0.0439,52.0,,,,,,,,,,,,,,,,,,
2026-08-03 17:32:39,421260,6.0,0.0339,71.0,7.0,0.045,56.0,,,,,,,,,,,,,,,,,,
2026-08-03 17:33:09,421258,3.0,0.0117,71.0,6.0,0.05,49.0,,,,,,,,,,,,,,,,,,
2026-08-03 17:33:09,421260,8.0,0.0428,71.0,8.0,0.0528,60.0,,,,,,,,,,,,,,,,,,
2026-08-03 17:33:39,421258,10.0,0.0417,71.0,5.0,0.045,46.0,,,,,,,,,,,,,,,,,,
2026-08-03 17:33:39,421260,9.0,0.0489,71.0,10.0,0.0667,60.0,,,,,,,,,,,,,,,,,,
2026-08-03 17:34:09,421258,10.0,0.0428,71.0,9.0,0.0728,49.0,,,,,,,,,,,,,,,,,,
2026-08-03 17:34:09,421260,6.0,0.0289,78.0,5.0,0.0317,60.0,,,,,,,,,,,,,,,,,,
2026-08-03 17:34:39,421258,7.0,0.03,65.0,7.0,0.0878,49.0,,,,,,,,,,,,,,,,,,
2026-08-03 17:34:39,421260,8.0,0.0478,60.0,7.0,0.0467,56.0,,,,,,,,,,,,,,,,,,
2026-08-03 17:35:09,421258,5.0,0.02,65.0,8.0,0.0578,49.0,,,,,,,,,,,,,,,,,,
2026-08-03 17:35:09,421260,11.0,0.0656,65.0,6.0,0.0428,60.0,,,,,,,,,,,,,,,,,,
2026-08-03 17:35:39,421258,11.0,0.0467,71.0,12.0,0.0956,52.0,,,,,,,,,,,,,,,,,,
2026-08-03 17:35:39,421260,15.0,0.0828,65.0,11.0,0.11,49.0,,,,,,,,,,,,,,,,,,
2026-08-03 17:36:09,421258,4.0,0.0156,78.0,7.0,0.045,60.0,,,,,,,,,,,,,,,,,,
2026-08-03 17:36:09,421260,9.0,0.055,60.0,10.0,0.0706,56.0,,,,,,,,,,,,,,,,,,
2026-08-03 17:36:39,421258,6.0,0.03,65.0,5.0,0.035,56.0,,,,,,,,,,,,,,,,,,
2026-08-03 17:36:39,421260,6.0,0.0317,71.0,1.0,0.0056,65.0,,,,,,,,,,,,,,,,,,
2026-08-03 17:37:09,421258,14.0,0.0606,65.0,11.0,0.0767,56.0,,,,,,,,,,,,,,,,,,
2026-08-03 17:37:09,421260,7.0,0.0378,71.0,6.0,0.0439,56.0,,,,,,,,,,,,,,,,,,
2026-08-03 17:37:39,421258,8.0,0.0339,71.0,5.0,0.035,56.0,,,,,,,,,,,,,,,,,,
2026-08-03 17:37:39,421260,5.0,0.0267,65.0,5.0,0.03,65.0,,,,,,,,,,,,,,,,,,
2026-08-03 17:38:09,421258,15.0,0.0767,65.0,11.0,0.1328,42.0,,,,,,,,,,,,,,,,,,
2026-08-03 17:38:09,421260,8.0,0.04,78.0,5.0,0.0289,65.0,,,,,,,,,,,,,,,,,,
2026-08-03 17:38:39,421258,7.0,0.0306,71.0,6.0,0.0428,56.0,,,,,,,,,,,,,,,,,,
2026-08-03 17:38:39,421260,6.0,0.0317,65.0,4.0,0.0289,56.0,,,,,,,,,,,,,,,,,,
2026-08-03 17:39:09,421258,4.0,0.0178,65.0,3.0,0.02,56.0,,,,,,,,,,,,,,,,,,
2026-08-03 17:39:09,421260,7.0,0.0439,71.0,9.0,0.0589,60.0,,,,,,,,,,,,,,,,,,
2026-08-03 17:39:39,421258,7.0,0.03,71.0,10.0,0.0689,52.0,,,,,,,,,,,,,,,,,,
2026-08-03 17:39:39,421260,6.0,0.0328,71.0,5.0,0.03,65.0,,,,,,,,,,,,,,,,,,
2026-08-03 17:40:09,421258,5.0,0.02,71.0,5.0,0.035,52.0,,,,,,,,,,,,,,,,,,
2026-08-03 17:40:09,421260,6.0,0.0317,78.0,11.0,0.07,60.0,,,,,,,,,,,,,,,,,,
2026-08-03 17:40:39,421258,3.0,0.0117,78.0,2.0,0.0128,56.0,,,,,,,,,,,,,,,,,,
2026-08-03 17:40:39,421260,8.0,0.0389,71.0,7.0,0.0478,52.0,,,,,,,,,,,,,,,,,,
2026-08-03 17:41:09,421258,6.0,0.03,65.0,11.0,0.1156,49.0,,,,,,,,,,,,,,,,,,
2026-08-03 17:41:09,421260,11.0,0.0606,71.0,7.0,0.0617,52.0,,,,,,,,,,,,,,,,,,
2026-08-03 17:41:39,421258,8.0,0.035,78.0,5.0,0.0306,56.0,,,,,,,,,,,,,,,,,,
2026-08-03 17:41:39,421260,4.0,0.0206,71.0,4.0,0.0239,60.0,,,,,,,,,,,,,,,,,,
2026-08-03 17:42:09,421258,6.0,0.0289,65.0,7.0,0.0517,56.0,,,,,,,,,,,,,,,,,,
2026-08-03 17:42:09,421260,5.0,0.025,78.0,4.0,0.0206,71.0,,,,,,,,,,,,,,,,,,
2026-08-03 17:42:39,421258,4.0,0.0139,71.0,7.0,0.0567,49.0,,,,,,,,,,,,,,,,,,
2026-08-03 17:42:39,421260,8.0,0.0439,65.0,5.0,0.0356,56.0,,,,,,,,,,,,,,,,,,
2026-08-03 17:43:09,421258,9.0,0.0378,71.0,10.0,0.0867,52.0,,,,,,,,,,,,,,,,,,
2026-08-03 17:43:09,421260,7.0,0.0367,71.0,6.0,0.0467,60.0,,,,,,,,,,,,,,,,,,
2026-08-03 17:43:39,421258,9.0,0.0367,71.0,9.0,0.07,56.0,,,,,,,,,,,,,,,,,,
2026-08-03 17:43:39,421260,7.0,0.0356,71.0,5.0,0.03,65.0,,,,,,,,,,,,,,,,,,
2026-08-03 17:44:09,421258,2.0,0.0078,78.0,2.0,0.0139,60.0,,,,,,,,,,,,,,,,,,
2026-08-03 17:44:09,421260,5.0,0.025,71.0,6.0,0.0339,65.0,,,,,,,,,,,,,,,,,,
2026-08-03 17:44:39,421258,5.0,0.02,71.0,6.0,0.0417,56.0,,,,,,,,,,,,,,,,,,
2026-08-03 17:44:39,421260,7.0,0.0417,71.0,8.0,0.0517,60.0,,,,,,,,,,,,,,,,,,
2026-08-03 17:45:09,421258,7.0,0.0306,78.0,6.0,0.05,52.0,,,,,,,,,,,,,,,,,,
2026-08-03 17:45:09,421260,7.0,0.0367,71.0,8.0,0.0517,60.0,,,,,,,,,,,,,,,,,,
2026-08-03 17:45:39,421258,7.0,0.0256,71.0,8.0,0.0806,52.0,,,,,,,,,,,,,,,,,,
2026-08-03 17:45:39,421260,5.0,0.0239,78.0,7.0,0.04,65.0,,,,,,,,,,,,,,,,,,
2026-08-03 17:46:09,421258,3.0,0.0139,71.0,4.0,0.03,56.0,,,,,,,,,,,,,,,,,,
2026-08-03 17:46:09,421260,8.0,0.0456,65.0,8.0,0.0717,56.0,,,,,,,,,,,,,,,,,,
2026-08-03 17:46:39,421258,9.0,0.0417,71.0,10.0,0.0739,52.0,,,,,,,,,,,,,,,,,,
2026-08-03 17:46:39,421260,6.0,0.0367,71.0,9.0,0.0578,65.0,,,,,,,,,,,,,,,,,,
2026-08-03 17:47:09,421258,6.0,0.0239,71.0,7.0,0.0489,56.0,,,,,,,,,,,,,,,,,,
2026-08-03 17:47:09,421260,10.0,0.0489,71.0,5.0,0.035,56.0,,,,,,,,,,,,,,,,,,
2026-08-03 17:47:39,421258,2.0,0.0078,65.0,6.0,0.0417,56.0,,,,,,,,,,,,,,,,,,
2026-08-03 17:47:39,421260,10.0,0.0578,65.0,8.0,0.0528,60.0,,,,,,,,,,,,,,,,,,
2026-08-03 17:48:09,421258,4.0,0.0156,78.0,6.0,0.0506,56.0,,,,,,,,,,,,,,,,,,
2026-08-03 17:48:09,421260,8.0,0.045,65.0,6.0,0.0406,60.0,,,,,,,,,,,,,,,,,,
2026-08-03 17:48:39,421258,13.0,0.0567,65.0,9.0,0.0889,52.0,,,,,,,,,,,,,,,,,,
2026-08-03 17:48:39,421260,12.0,0.0639,71.0,11.0,0.0706,60.0,,,,,,,,,,,,,,,,,,
2026-08-03 17:49:09,421258,7.0,0.0289,78.0,5.0,0.0356,52.0,,,,,,,,,,,,,,,,,,
2026-08-03 17:49:09,421260,4.0,0.0189,86.0,4.0,0.0239,65.0,,,,,,,,,,,,,,,,,,
2026-08-03 17:49:39,421258,10.0,0.0406,71.0,9.0,0.0778,49.0,,,,,,,,,,,,,,,,,,
2026-08-03 17:49:39,421260,6.0,0.0317,71.0,4.0,0.0278,60.0,,,,,,,,,,,,,,,,,,
2026-08-03 17:50:09,421258,4.0,0.0156,78.0,7.0,0.0456,60.0,,,,,,,,,,,,,,,,,,
2026-08-03 17:50:09,421260,14.0,0.0889,60.0,12.0,0.1078,44.0,,,,,,,,,,,,,,,,,,
2026-08-03 17:50:39,421258,15.0,0.0656,65.0,9.0,0.0789,52.0,,,,,,,,,,,,,,,,,,
2026-08-03 17:50:39,421260,10.0,0.055,65.0,7.0,0.0489,56.0,,,,,,,,,,,,,,,,,,
2026-08-03 17:51:09,421258,4.0,0.0178,65.0,4.0,0.0389,49.0,,,,,,,,,,,,,,,,,,
2026-08-03 17:51:09,421260,6.0,0.0339,65.0,3.0,0.0306,56.0,,,,,,,,,,,,,,,,,,
2026-08-03 17:51:39,421258,5.0,0.02,78.0,8.0,0.0567,56.0,,,,,,,,,,,,,,,,,,
2026-08-03 17:51:39,421260,8.0,0.04,65.0,5.0,0.0406,60.0,,,,,,,,,,,,,,,,,,
2026-08-03 17:52:09,421258,7.0,0.0289,78.0,5.0,0.0378,60.0,,,,,,,,,,,,,,,,,,
2026-08-03 17:52:09,421260,5.0,0.0278,65.0,5.0,0.0306,56.0,,,,,,,,,,,,,,,,,,
2026-08-03 17:52:39,421258,9.0,0.0378,78.0,7.0,0.0817,49.0,,,,,,,,,,,,,,,,,,
2026-08-03 17:52:39,421260,9.0,0.0478,78.0,6.0,0.04,60.0,,,,,,,,,,,,,,,,,,
2026-08-03 17:53:09,421258,9.0,0.0428,60.0,11.0,0.0967,46.0,,,,,,,,,,,,,,,,,,
2026-08-03 17:53:09,421260,3.0,0.0139,86.0,6.0,0.0367,60.0,,,,,,,,,,,,,,,,,,
2026-08-03 17:53:39,421258,3.0,0.0117,78.0,6.0,0.0439,56.0,,,,,,,,,,,,,,,,,,
2026-08-03 17:53:39,421260,3.0,0.0139,78.0,4.0,0.025,65.0,,,,,,,,,,,,,,,,,,
2026-08-03 17:54:09,421258,8.0,0.035,71.0,6.0,0.0478,56.0,,,,,,,,,,,,,,,,,,
2026-08-03 17:54:09,421260,10.0,0.0556,65.0,9.0,0.065,52.0,,,,,,,,,,,,,,,,,,
2026-08-03 17:54:39,421258,7.0,0.0289,78.0,8.0,0.0617,52.0,,,,,,,,,,,,,,,,,,
2026-08-03 17:54:39,421260,6.0,0.0306,78.0,6.0,0.0378,60.0,,,,,,,,,,,,,,,,,,
2026-08-03 17:55:09,421258,3.0,0.0117,78.0,7.0,0.05,52.0,,,,,,,,,,,,,,,,,,
2026-08-03 17:55:09,421260,1.0,0.0039,71.0,3.0,0.0189,65.0,,,,,,,,,,,,,,,,,,
2026-08-03 17:55:39,421258,3.0,0.0117,71.0,2.0,0.0117,60.0,,,,,,,,,,,,,,,,,,
2026-08-03 17:55:39,421260,4.0,0.0206,65.0,8.0,0.0517,60.0,,,,,,,,,,,,,,,,,,
2026-08-03 17:56:09,421258,2.0,0.01,65.0,5.0,0.0356,56.0,,,,,,,,,,,,,,,,,,
2026-08-03 17:56:09,421260,2.0,0.0106,71.0,6.0,0.0428,56.0,,,,,,,,,,,,,,,,,,
2026-08-03 17:56:39,421258,12.0,0.0517,65.0,12.0,0.1056,46.0,,,,,,,,,,,,,,,,,,
2026-08-03 17:56:39,421260,3.0,0.015,71.0,1.0,0.0067,56.0,,,,,,,,,,,,,,,,,,
2026-08-03 17:57:09,421258,4.0,0.0156,71.0,5.0,0.0339,60.0,,,,,,,,,,,,,,,,,,
2026-08-03 17:57:09,421260,11.0,0.0578,71.0,9.0,0.0617,56.0,,,,,,,,,,,,,,,,,,
2026-08-03 17:57:39,421258,0.0,0.0,0.0,4.0,0.03,52.0,,,,,,,,,,,,,,,,,,
2026-08-03 17:57:39,421260,7.0,0.0378,65.0,4.0,0.0339,60.0,,,,,,,,,,,,,,,,,,
2026-08-03 17:58:09,421258,2.0,0.0078,78.0,7.0,0.07,49.0,,,,,,,,,,,,,,,,,,
2026-08-03 17:58:09,421260,5.0,0.0289,60.0,9.0,0.0728,49.0,,,,,,,,,,,,,,,,,,
2026-08-03 17:58:39,421258,4.0,0.0156,78.0,4.0,0.0228,65.0,,,,,,,,,,,,,,,,,,
2026-08-03 17:58:39,421260,10.0,0.0539,71.0,6.0,0.0378,60.0,,,,,,,,,,,,,,,,,,
2026-08-03 17:59:09,421258,6.0,0.0239,71.0,6.0,0.0456,49.0,,,,,,,,,,,,,,,,,,
2026-08-03 17:59:09,421260,3.0,0.0156,78.0,4.0,0.025,60.0,,,,,,,,,,,,,,,,,,
2026-08-03 17:59:39,421258,6.0,0.0267,65.0,9.0,0.0689,49.0,,,,,,,,,,,,,,,,,,
2026-08-03 17:59:39,421260,2.0,0.0106,65.0,5.0,0.0367,56.0,,,,,,,,,,,,,,,,,,
2026-08-03 18:00:09,421258,5.0,0.0239,65.0,10.0,0.11,46.0,,,,,,,,,,,,,,,,,,
2026-08-03 18:00:09,421260,10.0,0.0556,65.0,8.0,0.07,56.0,,,,,,,,,,,,,,,,,,
2026-08-03 18:00:39,421258,7.0,0.0306,65.0,9.0,0.075,60.0,,,,,,,,,,,,,,,,,,
2026-08-03 18:00:39,421260,4.0,0.0206,71.0,3.0,0.0178,65.0,,,,,,,,,,,,,,,,,,
2026-08-03 18:01:09,421258,1.0,0.0039,60.0,2.0,0.015,52.0,,,,,,,,,,,,,,,,,,
2026-08-03 18:01:09,421260,9.0,0.0567,60.0,9.0,0.0678,56.0,,,,,,,,,,,,,,,,,,
2026-08-03 18:01:39,421258,6.0,0.0306,60.0,4.0,0.0456,52.0,,,,,,,,,,,,,,,,,,
2026-08-03 18:01:39,421260,5.0,0.0256,71.0,11.0,0.0767,56.0,,,,,,,,,,,,,,,,,,
2026-08-03 18:02:09,421258,2.0,0.01,60.0,9.0,0.0806,52.0,,,,,,,,,,,,,,,,,,
2026-08-03 18:02:09,421260,3.0,0.015,71.0,5.0,0.0317,60.0,,,,,,,,,,,,,,,,,,
2026-08-03 18:02:39,421258,11.0,0.0489,65.0,7.0,0.0528,52.0,,,,,,,,,,,,,,,,,,
2026-08-03 18:02:39,421260,7.0,0.0367,71.0,6.0,0.0389,60.0,,,,,,,,,,,,,,,,,,
2026-08-03 18:03:09,421258,5.0,0.02,78.0,10.0,0.0717,52.0,,,,,,,,,,,,,,,,,,
2026-08-03 18:03:09,421260,2.0,0.0106,71.0,6.0,0.04,60.0,,,,,,,,,,,,,,,,,,
2026-08-03 18:03:39,421258,2.0,0.0106,60.0,12.0,0.0978,49.0,,,,,,,,,,,,,,,,,,
2026-08-03 18:03:39,421260,11.0,0.0589,71.0,9.0,0.0567,60.0,,,,,,,,,,,,,,,,,,
2026-08-03 18:04:09,421258,6.0,0.0228,71.0,5.0,0.0378,52.0,,,,,,,,,,,,,,,,,,
2026-08-03 18:04:09,421260,5.0,0.0289,65.0,6.0,0.0367,65.0,,,,,,,,,,,,,,,,,,
2026-08-03 18:04:39,421258,1.0,0.0039,96.0,7.0,0.05,52.0,,,,,,,,,,,,,,,,,,
2026-08-03 18:04:39,421260,5.0,0.0278,65.0,5.0,0.0306,60.0,,,,,,,,,,,,,,,,,,
2026-08-03 18:05:09,421258,8.0,0.0339,78.0,4.0,0.03,52.0,,,,,,,,,,,,,,,,,,
2026-08-03 18:05:09,421260,2.0,0.0089,71.0,2.0,0.0117,71.0,,,,,,,,,,,,,,,,,,
2026-08-03 18:05:39,421258,9.0,0.0378,71.0,9.0,0.0628,52.0,,,,,,,,,,,,,,,,,,
2026-08-03 18:05:39,421260,3.0,0.0267,65.0,7.0,0.045,60.0,,,,,,,,,,,,,,,,,,
2026-08-03 18:06:09,421258,5.0,0.02,78.0,6.0,0.04,56.0,,,,,,,,,,,,,,,,,,
2026-08-03 18:06:09,421260,7.0,0.0389,65.0,6.0,0.0389,60.0,,,,,,,,,,,,,,,,,,
2026-08-03 18:06:39,421258,4.0,0.0156,78.0,4.0,0.03,52.0,,,,,,,,,,,,,,,,,,
2026-08-03 18:06:39,421260,9.0,0.0489,71.0,7.0,0.0517,52.0,,,,,,,,,,,,,,,,,,
2026-08-03 18:07:09,421258,1.0,0.0039,78.0,4.0,0.0267,60.0,,,,,,,,,,,,,,,,,,
2026-08-03 18:07:09,421260,12.0,0.0628,71.0,7.0,0.0456,56.0,,,,,,,,,,,,,,,,,,
2026-08-03 18:07:39,421258,6.0,0.0317,71.0,4.0,0.0317,52.0,,,,,,,,,,,,,,,,,,
2026-08-03 18:07:39,421260,6.0,0.0306,71.0,5.0,0.0317,60.0,,,,,,,,,,,,,,,,,,
2026-08-03 18:08:09,421258,3.0,0.0117,71.0,7.0,0.05,56.0,,,,,,,,,,,,,,,,,,
2026-08-03 18:08:09,421260,5.0,0.0267,78.0,4.0,0.0267,60.0,,,,,,,,,,,,,,,,,,
2026-08-03 18:08:39,421258,9.0,0.0378,65.0,7.0,0.0456,56.0,,,,,,,,,,,,,,,,,,
2026-08-03 18:08:39,421260,8.0,0.035,78.0,5.0,0.035,60.0,,,,,,,,,,,,,,,,,,
2026-08-03 18:09:09,421258,10.0,0.045,65.0,9.0,0.1,46.0,,,,,,,,,,,,,,,,,,
2026-08-03 18:09:09,421260,6.0,0.0367,60.0,6.0,0.045,52.0,,,,,,,,,,,,,,,,,,
2026-08-03 18:09:39,421258,5.0,0.02,78.0,7.0,0.0456,56.0,,,,,,,,,,,,,,,,,,
2026-08-03 18:09:39,421260,4.0,0.0217,65.0,3.0,0.0178,60.0,,,,,,,,,,,,,,,,,,
2026-08-03 18:10:09,421258,4.0,0.0178,71.0,4.0,0.0267,56.0,,,,,,,,,,,,,,,,,,
2026-08-03 18:10:09,421260,4.0,0.0217,71.0,6.0,0.05,49.0,,,,,,,,,,,,,,,,,,
2026-08-03 18:10:39,421258,3.0,0.0139,65.0,7.0,0.0506,56.0,,,,,,,,,,,,,,,,,,
2026-08-03 18:10:39,421260,6.0,0.0367,65.0,9.0,0.0617,56.0,,,,,,,,,,,,,,,,,,
2026-08-03 18:11:09,421258,5.0,0.0228,65.0,5.0,0.035,56.0,,,,,,,,,,,,,,,,,,
2026-08-03 18:11:09,421260,6.0,0.03,71.0,5.0,0.0339,60.0,,,,,,,,,,,,,,,,,,
2026-08-03 18:11:39,421258,5.0,0.02,71.0,4.0,0.0256,56.0,,,,,,,,,,,,,,,,,,
2026-08-03 18:11:39,421260,8.0,0.0506,56.0,10.0,0.065,56.0,,,,,,,,,,,,,,,,,,
2026-08-03 18:12:09,421258,2.0,0.01,60.0,5.0,0.0439,44.0,,,,,,,,,,,,,,,,,,
2026-08-03 18:12:09,421260,4.0,0.0206,71.0,4.0,0.0256,65.0,,,,,,,,,,,,,,,,,,
2026-08-03 18:12:39,421258,11.0,0.05,65.0,7.0,0.0578,49.0,,,,,,,,,,,,,,,,,,
2026-08-03 18:12:39,421260,12.0,0.0806,65.0,9.0,0.065,52.0,,,,,,,,,,,,,,,,,,
2026-08-03 18:13:09,421258,6.0,0.0239,65.0,9.0,0.0689,52.0,,,,,,,,,,,,,,,,,,
2026-08-03 18:13:09,421260,1.0,0.0056,78.0,6.0,0.0567,56.0,,,,,,,,,,,,,,,,,,
2026-08-03 18:13:39,421258,6.0,0.0256,71.0,9.0,0.0628,52.0,,,,,,,,,,,,,,,,,,
2026-08-03 18:13:39,421260,2.0,0.0106,65.0,1.0,0.0056,56.0,,,,,,,,,,,,,,,,,,
2026-08-03 18:14:09,421258,4.0,0.0189,65.0,4.0,0.0306,52.0,,,,,,,,,,,,,,,,,,
2026-08-03 18:14:09,421260,8.0,0.055,56.0,5.0,0.0428,44.0,,,,,,,,,,,,,,,,,,
2026-08-03 18:14:39,421258,11.0,0.045,71.0,5.0,0.0478,52.0,,,,,,,,,,,,,,,,,,
2026-08-03 18:14:39,421260,6.0,0.035,65.0,4.0,0.0267,60.0,,,,,,,,,,,,,,,,,,
2026-08-03 18:15:09,421258,2.0,0.0078,60.0,9.0,0.085,46.0,,,,,,,,,,,,,,,,,,
2026-08-03 18:15:09,421260,7.0,0.0406,65.0,5.0,0.0378,52.0,,,,,,,,,,,,,,,,,,
2026-08-03 18:15:39,421258,1.0,0.0039,60.0,1.0,0.0078,52.0,,,,,,,,,,,,,,,,,,
2026-08-03 18:15:39,421260,6.0,0.0328,71.0,7.0,0.0439,60.0,,,,,,,,,,,,,,,,,,
2026-08-03 18:16:09,421258,6.0,0.0267,65.0,4.0,0.03,46.0,,,,,,,,,,,,,,,,,,
2026-08-03 18:16:09,421260,8.0,0.0439,65.0,6.0,0.0389,60.0,,,,,,,,,,,,,,,,,,
2026-08-03 18:16:39,421258,9.0,0.0406,65.0,7.0,0.0478,49.0,,,,,,,,,,,,,,,,,,
2026-08-03 18:16:39,421260,7.0,0.0339,78.0,9.0,0.0606,60.0,,,,,,,,,,,,,,,,,,
2026-08-03 18:17:09,421258,3.0,0.0117,71.0,7.0,0.055,49.0,,,,,,,,,,,,,,,,,,
2026-08-03 18:17:09,421260,3.0,0.015,78.0,4.0,0.025,65.0,,,,,,,,,,,,,,,,,,
2026-08-03 18:17:39,421258,7.0,0.0278,71.0,8.0,0.0589,52.0,,,,,,,,,,,,,,,,,,
2026-08-03 18:17:39,421260,3.0,0.015,71.0,4.0,0.0267,60.0,,,,,,,,,,,,,,,,,,
2026-08-03 18:18:09,421258,6.0,0.0256,71.0,5.0,0.0306,60.0,,,,,,,,,,,,,,,,,,
2026-08-03 18:18:09,421260,8.0,0.04,78.0,8.0,0.0567,60.0,,,,,,,,,,,,,,,,,,
2026-08-03 18:18:39,421258,7.0,0.0289,71.0,12.0,0.0928,52.0,,,,,,,,,,,,,,,,,,
2026-08-03 18:18:39,421260,4.0,0.02,71.0,4.0,0.0239,65.0,,,,,,,,,,,,,,,,,,
2026-08-03 18:19:09,421258,1.0,0.0039,60.0,2.0,0.0156,49.0,,,,,,,,,,,,,,,,,,
2026-08-03 18:19:09,421260,3.0,0.0156,71.0,6.0,0.0406,56.0,,,,,,,,,,,,,,,,,,
2026-08-03 18:19:39,421258,4.0,0.0156,78.0,7.0,0.0506,56.0,,,,,,,,,,,,,,,,,,
2026-08-03 18:19:39,421260,6.0,0.035,60.0,6.0,0.0439,56.0,,,,,,,,,,,,,,,,,,
2026-08-03 18:20:09,421258,2.0,0.0078,78.0,7.0,0.055,56.0,,,,,,,,,,,,,,,,,,
2026-08-03 18:20:09,421260,5.0,0.0278,71.0,6.0,0.0378,65.0,,,,,,,,,,,,,,,,,,
2026-08-03 18:20:39,421258,3.0,0.0117,78.0,6.0,0.0589,56.0,,,,,,,,,,,,,,,,,,
2026-08-03 18:20:39,421260,5.0,0.0256,71.0,5.0,0.0306,60.0,,,,,,,,,,,,,,,,,,
2026-08-03 18:21:09,421258,2.0,0.01,60.0,4.0,0.0478,56.0,,,,,,,,,,,,,,,,,,
2026-08-03 18:21:09,421260,4.0,0.0206,78.0,3.0,0.0228,60.0,,,,,,,,,,,,,,,,,,
2026-08-03 18:21:39,421258,7.0,0.0328,71.0,6.0,0.05,49.0,,,,,,,,,,,,,,,,,,
2026-08-03 18:21:39,421260,3.0,0.015,71.0,6.0,0.0367,65.0,,,,,,,,,,,,,,,,,,
2026-08-03 18:22:09,421258,9.0,0.0378,65.0,6.0,0.0456,56.0,,,,,,,,,,,,,,,,,,
2026-08-03 18:22:09,421260,11.0,0.0639,65.0,6.0,0.0389,60.0,,,,,,,,,,,,,,,,,,
2026-08-03 18:22:39,421258,2.0,0.0078,78.0,5.0,0.0306,60.0,,,,,,,,,,,,,,,,,,
2026-08-03 18:22:39,421260,2.0,0.01,71.0,4.0,0.0239,65.0,,,,,,,,,,,,,,,,,,
2026-08-03 18:23:09,421258,2.0,0.0106,60.0,4.0,0.035,52.0,,,,,,,,,,,,,,,,,,
2026-08-03 18:23:09,421260,2.0,0.01,78.0,5.0,0.04,60.0,,,,,,,,,,,,,,,,,,
2026-08-03 18:23:39,421258,7.0,0.03,71.0,5.0,0.04,52.0,,,,,,,,,,,,,,,,,,
2026-08-03 18:23:39,421260,15.0,0.0917,60.0,12.0,0.0817,52.0,,,,,,,,,,,,,,,,,,
2026-08-03 18:24:09,421258,6.0,0.0256,65.0,6.0,0.0389,56.0,,,,,,,,,,,,,,,,,,
2026-08-03 18:24:09,421260,5.0,0.0278,65.0,6.0,0.0389,60.0,,,,,,,,,,,,,,,,,,
2026-08-03 18:24:39,421258,3.0,0.0117,78.0,3.0,0.0228,49.0,,,,,,,,,,,,,,,,,,
2026-08-03 18:24:39,421260,3.0,0.0167,71.0,6.0,0.0367,65.0,,,,,,,,,,,,,,,,,,
2026-08-03 18:25:09,421258,4.0,0.0156,71.0,6.0,0.0506,56.0,,,,,,,,,,,,,,,,,,
2026-08-03 18:25:09,421260,4.0,0.0228,71.0,3.0,0.0178,60.0,,,,,,,,,,,,,,,,,,
2026-08-03 18:25:39,421258,8.0,0.0378,65.0,4.0,0.0389,56.0,,,,,,,,,,,,,,,,,,
2026-08-03 18:25:39,421260,1.0,0.0056,65.0,2.0,0.0106,78.0,,,,,,,,,,,,,,,,,,
2026-08-03 18:26:09,421258,12.0,0.0478,65.0,14.0,0.1139,46.0,,,,,,,,,,,,,,,,,,
2026-08-03 18:26:09,421260,2.0,0.0106,71.0,3.0,0.0178,65.0,,,,,,,,,,,,,,,,,,
2026-08-03 18:26:39,421258,3.0,0.0117,71.0,5.0,0.0339,60.0,,,,,,,,,,,,,,,,,,
2026-08-03 18:26:39,421260,9.0,0.0467,71.0,6.0,0.0406,65.0,,,,,,,,,,,,,,,,,,
2026-08-03 18:27:09,421258,3.0,0.0117,78.0,3.0,0.02,56.0,,,,,,,,,,,,,,,,,,
2026-08-03 18:27:09,421260,4.0,0.02,71.0,4.0,0.0239,60.0,,,,,,,,,,,,,,,,,,
2026-08-03 18:27:39,421258,1.0,0.0039,78.0,2.0,0.0128,60.0,,,,,,,,,,,,,,,,,,
2026-08-03 18:27:39,421260,8.0,0.05,65.0,10.0,0.0839,46.0,,,,,,,,,,,,,,,,,,
2026-08-03 18:28:09,421258,4.0,0.0156,78.0,5.0,0.0317,60.0,,,,,,,,,,,,,,,,,,
2026-08-03 18:28:09,421260,3.0,0.015,71.0,3.0,0.0189,60.0,,,,,,,,,,,,,,,,,,
2026-08-03 18:28:39,421258,6.0,0.0239,78.0,6.0,0.05,56.0,,,,,,,,,,,,,,,,,,
2026-08-03 18:28:39,421260,5.0,0.0256,78.0,8.0,0.0517,60.0,,,,,,,,,,,,,,,,,,
2026-08-03 18:29:09,421258,2.0,0.0078,78.0,1.0,0.0067,60.0,,,,,,,,,,,,,,,,,,
2026-08-03 18:29:09,421260,1.0,0.0056,71.0,3.0,0.02,56.0,,,,,,,,,,,,,,,,,,
2026-08-03 18:29:39,421258,6.0,0.0239,71.0,8.0,0.0867,49.0,,,,,,,,,,,,,,,,,,
2026-08-03 18:29:39,421260,6.0,0.0356,65.0,6.0,0.0356,60.0,,,,,,,,,,,,,,,,,,
2026-08-03 18:30:09,421258,6.0,0.0267,65.0,8.0,0.0889,49.0,,,,,,,,,,,,,,,,,,
2026-08-03 18:30:09,421260,7.0,0.035,71.0,5.0,0.0356,56.0,,,,,,,,,,,,,,,,,,
2026-08-03 18:30:39,421258,3.0,0.0139,71.0,5.0,0.0356,52.0,,,,,,,,,,,,,,,,,,
2026-08-03 18:30:39,421260,7.0,0.0456,60.0,5.0,0.0428,52.0,,,,,,,,,,,,,,,,,,
2026-08-03 18:31:09,421258,0.0,0.0,0.0,3.0,0.0217,52.0,,,,,,,,,,,,,,,,,,
2026-08-03 18:31:09,421260,11.0,0.0628,65.0,9.0,0.0628,56.0,,,,,,,,,,,,,,,,,,
2026-08-03 18:31:39,421258,6.0,0.0239,71.0,7.0,0.0467,56.0,,,,,,,,,,,,,,,,,,
2026-08-03 18:31:39,421260,6.0,0.0317,71.0,8.0,0.0467,65.0,,,,,,,,,,,,,,,,,,
2026-08-03 18:32:09,421258,3.0,0.0117,71.0,6.0,0.0456,52.0,,,,,,,,,,,,,,,,,,
2026-08-03 18:32:09,421260,6.0,0.0278,78.0,7.0,0.0417,60.0,,,,,,,,,,,,,,,,,,
2026-08-03 18:32:39,421258,8.0,0.0367,71.0,5.0,0.04,52.0,,,,,,,,,,,,,,,,,,
2026-08-03 18:32:39,421260,6.0,0.0317,71.0,4.0,0.0239,60.0,,,,,,,,,,,,,,,,,,
2026-08-03 18:33:09,421258,10.0,0.0456,65.0,8.0,0.075,49.0,,,,,,,,,,,,,,,,,,
2026-08-03 18:33:09,421260,5.0,0.025,78.0,6.0,0.0389,60.0,,,,,,,,,,,,,,,,,,
2026-08-03 18:33:39,421258,12.0,0.05,71.0,9.0,0.0656,52.0,,,,,,,,,,,,,,,,,,
2026-08-03 18:33:39,421260,6.0,0.0306,71.0,6.0,0.0428,56.0,,,,,,,,,,,,,,,,,,
2026-08-03 18:34:09,421258,6.0,0.0239,78.0,6.0,0.0456,49.0,,,,,,,,,,,,,,,,,,
2026-08-03 18:34:09,421260,3.0,0.0178,71.0,6.0,0.0467,56.0,,,,,,,,,,,,,,,,,,
2026-08-03 18:34:39,421258,4.0,0.0156,78.0,6.0,0.0389,52.0,,,,,,,,,,,,,,,,,,
2026-08-03 18:34:39,421260,5.0,0.025,71.0,3.0,0.0239,56.0,,,,,,,,,,,,,,,,,,
2026-08-03 18:35:09,421258,7.0,0.0306,65.0,3.0,0.0228,56.0,,,,,,,,,,,,,,,,,,
2026-08-03 18:35:09,421260,8.0,0.0456,65.0,7.0,0.0417,56.0,,,,,,,,,,,,,,,,,,
2026-08-03 18:35:39,421258,4.0,0.02,71.0,5.0,0.0356,52.0,,,,,,,,,,,,,,,,,,
2026-08-03 18:35:39,421260,4.0,0.0217,71.0,6.0,0.0467,60.0,,,,,,,,,,,,,,,,,,
2026-08-03 18:36:09,421258,3.0,0.0139,65.0,9.0,0.07,52.0,,,,,,,,,,,,,,,,,,
2026-08-03 18:36:09,421260,5.0,0.0239,71.0,5.0,0.0328,60.0,,,,,,,,,,,,,,,,,,
2026-08-03 18:36:39,421258,3.0,0.0139,71.0,2.0,0.0128,56.0,,,,,,,,,,,,,,,,,,
2026-08-03 18:36:39,421260,8.0,0.0428,71.0,7.0,0.0506,56.0,,,,,,,,,,,,,,,,,,
2026-08-03 18:37:09,421258,7.0,0.0289,71.0,6.0,0.0389,56.0,,,,,,,,,,,,,,,,,,
2026-08-03 18:37:09,421260,9.0,0.045,78.0,7.0,0.0439,60.0,,,,,,,,,,,,,,,,,,
2026-08-03 18:37:39,421258,5.0,0.02,71.0,6.0,0.0506,52.0,,,,,,,,,,,,,,,,,,
2026-08-03 18:37:39,421260,6.0,0.03,71.0,4.0,0.0239,65.0,,,,,,,,,,,,,,,,,,
2026-08-03 18:38:09,421258,5.0,0.0228,71.0,7.0,0.0589,52.0,,,,,,,,,,,,,,,,,,
2026-08-03 18:38:09,421260,3.0,0.0156,78.0,3.0,0.0178,65.0,,,,,,,,,,,,,,,,,,
2026-08-03 18:38:39,421258,7.0,0.03,71.0,6.0,0.0506,49.0,,,,,,,,,,,,,,,,,,
2026-08-03 18:38:39,421260,3.0,0.015,71.0,8.0,0.0489,60.0,,,,,,,,,,,,,,,,,,
2026-08-03 18:39:09,421258,11.0,0.0456,71.0,9.0,0.0628,52.0,,,,,,,,,,,,,,,,,,
2026-08-03 18:39:09,421260,9.0,0.05,71.0,6.0,0.0356,65.0,,,,,,,,,,,,,,,,,,
2026-08-03 18:39:39,421258,2.0,0.0078,78.0,6.0,0.0389,60.0,,,,,,,,,,,,,,,,,,
2026-08-03 18:39:39,421260,8.0,0.04,71.0,5.0,0.0328,60.0,,,,,,,,,,,,,,,,,,
2026-08-03 18:40:09,421258,1.0,0.0039,78.0,1.0,0.0078,52.0,,,,,,,,,,,,,,,,,,
2026-08-03 18:40:09,421260,11.0,0.0617,65.0,4.0,0.0289,60.0,,,,,,,,,,,,,,,,,,
2026-08-03 18:40:39,421258,5.0,0.02,78.0,8.0,0.0539,56.0,,,,,,,,,,,,,,,,,,
2026-08-03 18:40:39,421260,9.0,0.0439,71.0,7.0,0.0489,56.0,,,,,,,,,,,,,,,,,,
2026-08-03 18:41:09,421258,11.0,0.0456,71.0,7.0,0.0489,52.0,,,,,,,,,,,,,,,,,,
2026-08-03 18:41:09,421260,2.0,0.01,78.0,1.0,0.005,71.0,,,,,,,,,,,,,,,,,,
2026-08-03 18:41:39,421258,2.0,0.0078,139.0,6.0,0.0417,56.0,,,,,,,,,,,,,,,,,,
2026-08-03 18:41:39,421260,10.0,0.0517,71.0,5.0,0.0417,52.0,,,,,,,,,,,,,,,,,,
2026-08-03 18:42:09,421258,12.0,0.0489,65.0,6.0,0.0628,52.0,,,,,,,,,,,,,,,,,,
2026-08-03 18:42:09,421260,8.0,0.0428,71.0,9.0,0.0717,60.0,,,,,,,,,,,,,,,,,,
2026-08-03 18:42:39,421258,6.0,0.0239,71.0,6.0,0.0428,56.0,,,,,,,,,,,,,,,,,,
2026-08-03 18:42:39,421260,3.0,0.0156,71.0,10.0,0.0678,56.0,,,,,,,,,,,,,,,,,,
2026-08-03 18:43:09,421258,1.0,0.005,60.0,4.0,0.0256,60.0,,,,,,,,,,,,,,,,,,
2026-08-03 18:43:09,421260,4.0,0.0228,71.0,4.0,0.0378,60.0,,,,,,,,,,,,,,,,,,
2026-08-03 18:43:39,421258,4.0,0.0156,71.0,3.0,0.03,60.0,,,,,,,,,,,,,,,,,,
2026-08-03 18:43:39,421260,5.0,0.0256,78.0,6.0,0.0378,60.0,,,,,,,,,,,,,,,,,,
2026-08-03 18:44:09,421258,13.0,0.0578,65.0,9.0,0.1128,46.0,,,,,,,,,,,,,,,,,,
2026-08-03 18:44:09,421260,4.0,0.0189,71.0,8.0,0.0528,60.0,,,,,,,,,,,,,,,,,,
2026-08-03 18:44:39,421258,0.0,0.0,0.0,6.0,0.0428,56.0,,,,,,,,,,,,,,,,,,
2026-08-03 18:44:39,421260,8.0,0.0417,71.0,7.0,0.0456,60.0,,,,,,,,,,,,,,,,,,
2026-08-03 18:45:09,421258,5.0,0.0217,71.0,10.0,0.0806,49.0,,,,,,,,,,,,,,,,,,
2026-08-03 18:45:09,421260,8.0,0.0439,65.0,7.0,0.0467,60.0,,,,,,,,,,,,,,,,,,
2026-08-03 18:45:39,421258,2.0,0.0089,65.0,9.0,0.0706,56.0,,,,,,,,,,,,,,,,,,
2026-08-03 18:45:39,421260,3.0,0.0156,71.0,5.0,0.0339,60.0,,,,,,,,,,,,,,,,,,
2026-08-03 18:46:09,421258,8.0,0.035,71.0,8.0,0.0589,52.0,,,,,,,,,,,,,,,,,,
2026-08-03 18:46:09,421260,4.0,0.02,71.0,6.0,0.0439,56.0,,,,,,,,,,,,,,,,,,
2026-08-03 18:46:39,421258,3.0,0.0139,65.0,6.0,0.0439,52.0,,,,,,,,,,,,,,,,,,
2026-08-03 18:46:39,421260,5.0,0.0256,71.0,8.0,0.0528,60.0,,,,,,,,,,,,,,,,,,
2026-08-03 18:47:09,421258,5.0,0.02,65.0,11.0,0.0806,52.0,,,,,,,,,,,,,,,,,,
2026-08-03 18:47:09,421260,6.0,0.0306,71.0,2.0,0.0156,60.0,,,,,,,,,,,,,,,,,,
2026-08-03 18:47:39,421258,3.0,0.0117,71.0,5.0,0.0389,52.0,,,,,,,,,,,,,,,,,,
2026-08-03 18:47:39,421260,10.0,0.0578,65.0,6.0,0.0417,60.0,,,,,,,,,,,,,,,,,,
2026-08-03 18:48:09,421258,5.0,0.02,71.0,6.0,0.0417,60.0,,,,,,,,,,,,,,,,,,
2026-08-03 18:48:09,421260,5.0,0.0256,71.0,5.0,0.0317,65.0,,,,,,,,,,,,,,,,,,
2026-08-03 18:48:39,421258,4.0,0.0156,71.0,7.0,0.0506,56.0,,,,,,,,,,,,,,,,,,
2026-08-03 18:48:39,421260,8.0,0.0478,65.0,9.0,0.0628,52.0,,,,,,,,,,,,,,,,,,
2026-08-03 18:49:09,421258,2.0,0.0106,60.0,5.0,0.035,56.0,,,,,,,,,,,,,,,,,,
2026-08-03 18:49:09,421260,6.0,0.03,71.0,6.0,0.0439,52.0,,,,,,,,,,,,,,,,,,
2026-08-03 18:49:39,421258,8.0,0.0328,71.0,8.0,0.0606,56.0,,,,,,,,,,,,,,,,,,
2026-08-03 18:49:39,421260,2.0,0.0106,78.0,3.0,0.02,60.0,,,,,,,,,,,,,,,,,,
2026-08-03 18:50:09,421258,7.0,0.0289,78.0,4.0,0.0256,60.0,,,,,,,,,,,,,,,,,,
2026-08-03 18:50:09,421260,7.0,0.0406,65.0,7.0,0.045,60.0,,,,,,,,,,,,,,,,,,
2026-08-03 18:50:39,421258,5.0,0.02,65.0,9.0,0.0589,56.0,,,,,,,,,,,,,,,,,,
2026-08-03 18:50:39,421260,3.0,0.0178,60.0,6.0,0.0428,56.0,,,,,,,,,,,,,,,,,,
2026-08-03 18:51:09,421258,7.0,0.0328,65.0,5.0,0.0356,56.0,,,,,,,,,,,,,,,,,,
2026-08-03 18:51:09,421260,3.0,0.0139,71.0,6.0,0.0378,60.0,,,,,,,,,,,,,,,,,,
2026-08-03 18:51:39,421258,6.0,0.0239,71.0,6.0,0.0439,52.0,,,,,,,,,,,,,,,,,,
2026-08-03 18:51:39,421260,6.0,0.0306,71.0,4.0,0.0256,60.0,,,,,,,,,,,,,,,,,,
2026-08-03 18:52:09,421258,5.0,0.0217,71.0,5.0,0.035,56.0,,,,,,,,,,,,,,,,,,
2026-08-03 18:52:09,421260,4.0,0.0228,65.0,4.0,0.0278,56.0,,,,,,,,,,,,,,,,,,
2026-08-03 18:52:39,421258,3.0,0.0117,71.0,2.0,0.0128,52.0,,,,,,,,,,,,,,,,,,
2026-08-03 18:52:39,421260,2.0,0.0089,78.0,5.0,0.0339,60.0,,,,,,,,,,,,,,,,,,
2026-08-03 18:53:09,421258,7.0,0.0306,71.0,6.0,0.0456,52.0,,,,,,,,,,,,,,,,,,
2026-08-03 18:53:09,421260,8.0,0.045,71.0,6.0,0.0456,60.0,,,,,,,,,,,,,,,,,,
2026-08-03 18:53:39,421258,6.0,0.0239,65.0,5.0,0.0378,52.0,,,,,,,,,,,,,,,,,,
2026-08-03 18:53:39,421260,3.0,0.0156,71.0,7.0,0.0439,56.0,,,,,,,,,,,,,,,,,,
2026-08-03 18:54:09,421258,4.0,0.0156,78.0,4.0,0.0278,56.0,,,,,,,,,,,,,,,,,,
2026-08-03 18:54:09,421260,4.0,0.0267,71.0,6.0,0.04,60.0,,,,,,,,,,,,,,,,,,
2026-08-03 18:54:39,421258,4.0,0.0156,65.0,3.0,0.0228,52.0,,,,,,,,,,,,,,,,,,
2026-08-03 18:54:39,421260,10.0,0.0478,71.0,9.0,0.07,56.0,,,,,,,,,,,,,,,,,,
2026-08-03 18:55:09,421258,6.0,0.0239,71.0,7.0,0.0478,56.0,,,,,,,,,,,,,,,,,,
2026-08-03 18:55:09,421260,5.0,0.0267,71.0,6.0,0.0367,65.0,,,,,,,,,,,,,,,,,,
2026-08-03 18:55:39,421258,5.0,0.02,71.0,9.0,0.065,56.0,,,,,,,,,,,,,,,,,,
2026-08-03 18:55:39,421260,2.0,0.0106,60.0,5.0,0.0367,56.0,,,,,,,,,,,,,,,,,,
2026-08-03 18:56:09,421258,3.0,0.0117,78.0,5.0,0.035,56.0,,,,,,,,,,,,,,,,,,
2026-08-03 18:56:09,421260,6.0,0.0306,71.0,5.0,0.0378,52.0,,,,,,,,,,,,,,,,,,
2026-08-03 18:56:39,421258,7.0,0.0317,71.0,6.0,0.0656,49.0,,,,,,,,,,,,,,,,,,
2026-08-03 18:56:39,421260,2.0,0.0106,65.0,5.0,0.0317,60.0,,,,,,,,,,,,,,,,,,
2026-08-03 18:57:09,421258,5.0,0.0217,60.0,5.0,0.055,46.0,,,,,,,,,,,,,,,,,,
2026-08-03 18:57:09,421260,7.0,0.0356,78.0,5.0,0.035,60.0,,,,,,,,,,,,,,,,,,
2026-08-03 18:57:39,421258,4.0,0.0156,71.0,8.0,0.0517,56.0,,,,,,,,,,,,,,,,,,
2026-08-03 18:57:39,421260,7.0,0.0389,71.0,5.0,0.0367,56.0,,,,,,,,,,,,,,,,,,
2026-08-03 18:58:09,421258,3.0,0.0117,71.0,2.0,0.015,56.0,,,,,,,,,,,,,,,,,,
2026-08-03 18:58:09,421260,8.0,0.0417,71.0,7.0,0.0489,56.0,,,,,,,,,,,,,,,,,,
2026-08-03 18:58:39,421258,8.0,0.0339,78.0,10.0,0.0767,49.0,,,,,,,,,,,,,,,,,,
2026-08-03 18:58:39,421260,3.0,0.0139,78.0,6.0,0.04,60.0,,,,,,,,,,,,,,,,,,
2026-08-03 18:59:09,421258,5.0,0.02,71.0,5.0,0.0439,49.0,,,,,,,,,,,,,,,,,,
2026-08-03 18:59:09,421260,8.0,0.04,71.0,6.0,0.0417,60.0,,,,,,,,,,,,,,,,,,
2026-08-03 18:59:39,421258,4.0,0.0156,78.0,6.0,0.0389,56.0,,,,,,,,,,,,,,,,,,
2026-08-03 18:59:39,421260,2.0,0.0106,78.0,5.0,0.0406,60.0,,,,,,,,,,,,,,,,,,
2026-08-03 19:00:09,421258,6.0,0.0267,65.0,7.0,0.0528,52.0,,,,,,,,,,,,,,,,,,
2026-08-03 19:00:09,421260,11.0,0.0706,60.0,7.0,0.0567,56.0,,,,,,,,,,,,,,,,,,
2026-08-03 19:00:39,421258,4.0,0.0156,78.0,5.0,0.0389,52.0,,,,,,,,,,,,,,,,,,
2026-08-03 19:00:39,421260,3.0,0.0167,71.0,5.0,0.0317,60.0,,,,,,,,,,,,,,,,,,
2026-08-03 19:01:09,421258,8.0,0.0339,78.0,11.0,0.0778,52.0,,,,,,,,,,,,,,,,,,
2026-08-03 19:01:09,421260,8.0,0.0489,65.0,6.0,0.0467,60.0,,,,,,,,,,,,,,,,,,
2026-08-03 19:01:39,421258,0.0,0.0,0.0,3.0,0.03,56.0,,,,,,,,,,,,,,,,,,
2026-08-03 19:01:39,421260,11.0,0.0606,71.0,6.0,0.0478,60.0,,,,,,,,,,,,,,,,,,
2026-08-03 19:02:09,421258,9.0,0.0389,71.0,4.0,0.0467,52.0,,,,,,,,,,,,,,,,,,
2026-08-03 19:02:09,421260,3.0,0.0167,71.0,7.0,0.0417,60.0,,,,,,,,,,,,,,,,,,
2026-08-03 19:02:39,421258,6.0,0.0267,60.0,9.0,0.0739,49.0,,,,,,,,,,,,,,,,,,
2026-08-03 19:02:39,421260,7.0,0.04,65.0,8.0,0.065,56.0,,,,,,,,,,,,,,,,,,
2026-08-03 19:03:09,421258,9.0,0.0406,71.0,8.0,0.0906,52.0,,,,,,,,,,,,,,,,,,
2026-08-03 19:03:09,421260,3.0,0.0178,65.0,6.0,0.04,65.0,,,,,,,,,,,,,,,,,,
2026-08-03 19:03:39,421258,7.0,0.0289,71.0,7.0,0.085,49.0,,,,,,,,,,,,,,,,,,
2026-08-03 19:03:39,421260,4.0,0.0239,65.0,5.0,0.0417,52.0,,,,,,,,,,,,,,,,,,
2026-08-03 19:04:09,421258,2.0,0.0078,65.0,11.0,0.0839,52.0,,,,,,,,,,,,,,,,,,
2026-08-03 19:04:09,421260,2.0,0.0117,65.0,7.0,0.0467,56.0,,,,,,,,,,,,,,,,,,
2026-08-03 19:04:39,421258,1.0,0.0039,78.0,4.0,0.0267,52.0,,,,,,,,,,,,,,,,,,
2026-08-03 19:04:39,421260,5.0,0.0389,52.0,6.0,0.0406,60.0,,,,,,,,,,,,,,,,,,
2026-08-03 19:05:09,421258,4.0,0.0178,78.0,10.0,0.1089,49.0,,,,,,,,,,,,,,,,,,
2026-08-03 19:05:09,421260,8.0,0.0478,65.0,8.0,0.0628,49.0,,,,,,,,,,,,,,,,,,
2026-08-03 19:05:39,421258,2.0,0.01,65.0,4.0,0.0467,52.0,,,,,,,,,,,,,,,,,,
2026-08-03 19:05:39,421260,5.0,0.025,71.0,6.0,0.045,52.0,,,,,,,,,,,,,,,,,,
2026-08-03 19:06:09,421258,5.0,0.02,78.0,7.0,0.0789,49.0,,,,,,,,,,,,,,,,,,
2026-08-03 19:06:09,421260,7.0,0.0389,71.0,5.0,0.0339,56.0,,,,,,,,,,,,,,,,,,
2026-08-03 19:06:39,421258,5.0,0.0228,71.0,7.0,0.0489,52.0,,,,,,,,,,,,,,,,,,
2026-08-03 19:06:39,421260,1.0,0.005,78.0,5.0,0.0328,60.0,,,,,,,,,,,,,,,,,,
2026-08-03 19:07:09,421258,5.0,0.02,71.0,5.0,0.0339,65.0,,,,,,,,,,,,,,,,,,
2026-08-03 19:07:09,421260,6.0,0.035,65.0,7.0,0.0528,60.0,,,,,,,,,,,,,,,,,,
2026-08-03 19:07:39,421258,9.0,0.0428,60.0,8.0,0.105,49.0,,,,,,,,,,,,,,,,,,
2026-08-03 19:07:39,421260,7.0,0.04,71.0,8.0,0.055,56.0,,,,,,,,,,,,,,,,,,
2026-08-03 19:08:09,421258,0.0,0.0,0.0,7.0,0.075,49.0,,,,,,,,,,,,,,,,,,
2026-08-03 19:08:09,421260,5.0,0.0256,71.0,5.0,0.0306,60.0,,,,,,,,,,,,,,,,,,
2026-08-03 19:08:39,421258,5.0,0.02,71.0,4.0,0.03,56.0,,,,,,,,,,,,,,,,,,
2026-08-03 19:08:39,421260,0.0,0.0,0.0,2.0,0.0117,60.0,,,,,,,,,,,,,,,,,,
2026-08-03 19:09:09,421258,6.0,0.0239,71.0,6.0,0.0389,60.0,,,,,,,,,,,,,,,,,,
2026-08-03 19:09:09,421260,2.0,0.0117,60.0,6.0,0.0456,49.0,,,,,,,,,,,,,,,,,,
2026-08-03 19:09:39,421258,4.0,0.0156,65.0,9.0,0.0806,49.0,,,,,,,,,,,,,,,,,,
2026-08-03 19:09:39,421260,7.0,0.0389,65.0,7.0,0.0528,49.0,,,,,,,,,,,,,,,,,,
2026-08-03 19:10:09,421258,1.0,0.005,60.0,6.0,0.0389,56.0,,,,,,,,,,,,,,,,,,
2026-08-03 19:10:09,421260,4.0,0.0206,65.0,6.0,0.0428,52.0,,,,,,,,,,,,,,,,,,
2026-08-03 19:10:39,421258,0.0,0.0,0.0,2.0,0.0106,52.0,,,,,,,,,,,,,,,,,,
2026-08-03 19:10:39,421260,6.0,0.04,71.0,5.0,0.03,65.0,,,,,,,,,,,,,,,,,,
2026-08-03 19:11:09,421258,5.0,0.0217,71.0,5.0,0.0356,52.0,,,,,,,,,,,,,,,,,,
2026-08-03 19:11:09,421260,5.0,0.0278,71.0,6.0,0.0456,52.0,,,,,,,,,,,,,,,,,,
2026-08-03 19:11:39,421258,3.0,0.0117,78.0,4.0,0.0278,56.0,,,,,,,,,,,,,,,,,,
2026-08-03 19:11:39,421260,5.0,0.0256,71.0,4.0,0.0206,60.0,,,,,,,,,,,,,,,,,,
2026-08-03 19:12:09,421258,7.0,0.0289,71.0,9.0,0.075,46.0,,,,,,,,,,,,,,,,,,
2026-08-03 19:12:09,421260,7.0,0.0378,65.0,5.0,0.0339,56.0,,,,,,,,,,,,,,,,,,
2026-08-03 19:12:39,421258,6.0,0.0339,71.0,9.0,0.065,56.0,,,,,,,,,,,,,,,,,,
2026-08-03 19:12:39,421260,2.0,0.01,78.0,6.0,0.0389,56.0,,,,,,,,,,,,,,,,,,
2026-08-03 19:13:09,421258,0.0,0.0,0.0,2.0,0.0128,56.0,,,,,,,,,,,,,,,,,,
2026-08-03 19:13:09,421260,6.0,0.0339,65.0,7.0,0.0628,44.0,,,,,,,,,,,,,,,,,,
2026-08-03 19:13:39,421258,6.0,0.0239,71.0,7.0,0.0767,52.0,,,,,,,,,,,,,,,,,,
2026-08-03 19:13:39,421260,6.0,0.0328,65.0,7.0,0.0528,56.0,,,,,,,,,,,,,,,,,,
2026-08-03 19:14:09,421258,2.0,0.0089,60.0,5.0,0.0378,52.0,,,,,,,,,,,,,,,,,,
2026-08-03 19:14:09,421260,2.0,0.01,71.0,2.0,0.0228,60.0,,,,,,,,,,,,,,,,,,
2026-08-03 19:14:39,421258,7.0,0.0328,65.0,3.0,0.02,56.0,,,,,,,,,,,,,,,,,,
2026-08-03 19:14:39,421260,4.0,0.02,71.0,6.0,0.045,52.0,,,,,,,,,,,,,,,,,,
2026-08-03 19:15:09,421258,8.0,0.0328,71.0,5.0,0.0389,49.0,,,,,,,,,,,,,,,,,,
2026-08-03 19:15:09,421260,4.0,0.0217,71.0,5.0,0.0267,65.0,,,,,,,,,,,,,,,,,,
2026-08-03 19:15:39,421258,5.0,0.0217,71.0,8.0,0.0856,52.0,,,,,,,,,,,,,,,,,,
2026-08-03 19:15:39,421260,4.0,0.025,65.0,2.0,0.0128,60.0,,,,,,,,,,,,,,,,,,
2026-08-03 19:16:09,421258,1.0,0.0039,78.0,3.0,0.0289,56.0,,,,,,,,,,,,,,,,,,
2026-08-03 19:16:09,421260,2.0,0.0106,71.0,1.0,0.0056,60.0,,,,,,,,,,,,,,,,,,
2026-08-03 19:16:39,421258,3.0,0.0117,65.0,5.0,0.05,56.0,,,,,,,,,,,,,,,,,,
2026-08-03 19:16:39,421260,4.0,0.0239,65.0,6.0,0.045,52.0,,,,,,,,,,,,,,,,,,
2026-08-03 19:17:09,421258,4.0,0.0189,65.0,5.0,0.0467,56.0,,,,,,,,,,,,,,,,,,
2026-08-03 19:17:09,421260,11.0,0.0606,65.0,4.0,0.0289,52.0,,,,,,,,,,,,,,,,,,
2026-08-03 19:17:39,421258,2.0,0.0117,65.0,2.0,0.0128,60.0,,,,,,,,,,,,,,,,,,
2026-08-03 19:17:39,421260,8.0,0.0439,65.0,4.0,0.0267,60.0,,,,,,,,,,,,,,,,,,
2026-08-03 19:18:09,421258,1.0,0.0039,60.0,2.0,0.0117,60.0,,,,,,,,,,,,,,,,,,
2026-08-03 19:18:09,421260,5.0,0.0317,60.0,5.0,0.05,46.0,,,,,,,,,,,,,,,,,,
2026-08-03 19:18:39,421258,3.0,0.0117,78.0,6.0,0.0456,52.0,,,,,,,,,,,,,,,,,,
2026-08-03 19:18:39,421260,2.0,0.015,78.0,3.0,0.0206,56.0,,,,,,,,,,,,,,,,,,
2026-08-03 19:19:09,421258,11.0,0.0456,65.0,7.0,0.0467,56.0,,,,,,,,,,,,,,,,,,
2026-08-03 19:19:09,421260,6.0,0.0278,71.0,6.0,0.04,60.0,,,,,,,,,,,,,,,,,,
2026-08-03 19:19:39,421258,3.0,0.0117,65.0,6.0,0.045,52.0,,,,,,,,,,,,,,,,,,
2026-08-03 19:19:39,421260,2.0,0.0106,78.0,2.0,0.0117,65.0,,,,,,,,,,,,,,,,,,
2026-08-03 19:20:09,421258,5.0,0.02,78.0,6.0,0.04,56.0,,,,,,,,,,,,,,,,,,
2026-08-03 19:20:09,421260,8.0,0.0489,65.0,8.0,0.0606,49.0,,,,,,,,,,,,,,,,,,
2026-08-03 19:20:39,421258,1.0,0.0039,60.0,2.0,0.0417,44.0,,,,,,,,,,,,,,,,,,
2026-08-03 19:20:39,421260,3.0,0.015,78.0,4.0,0.0256,60.0,,,,,,,,,,,,,,,,,,
2026-08-03 19:21:09,421258,7.0,0.0306,71.0,7.0,0.075,46.0,,,,,,,,,,,,,,,,,,
2026-08-03 19:21:09,421260,3.0,0.0178,65.0,8.0,0.05,60.0,,,,,,,,,,,,,,,,,,
2026-08-03 19:21:39,421258,2.0,0.0078,78.0,2.0,0.0128,60.0,,,,,,,,,,,,,,,,,,
2026-08-03 19:21:39,421260,8.0,0.0478,65.0,5.0,0.0306,56.0,,,,,,,,,,,,,,,,,,
2026-08-03 19:22:09,421258,5.0,0.02,71.0,5.0,0.055,49.0,,,,,,,,,,,,,,,,,,
2026-08-03 19:22:09,421260,3.0,0.015,78.0,2.0,0.0128,60.0,,,,,,,,,,,,,,,,,,
2026-08-03 19:22:39,421258,6.0,0.0256,71.0,5.0,0.085,46.0,,,,,,,,,,,,,,,,,,
2026-08-03 19:22:39,421260,7.0,0.0367,65.0,7.0,0.045,60.0,,,,,,,,,,,,,,,,,,
2026-08-03 19:23:09,421258,5.0,0.02,78.0,6.0,0.0428,56.0,,,,,,,,,,,,,,,,,,
2026-08-03 19:23:09,421260,9.0,0.0467,65.0,3.0,0.025,52.0,,,,,,,,,,,,,,,,,,
2026-08-03 19:23:39,421258,5.0,0.0228,65.0,9.0,0.0628,56.0,,,,,,,,,,,,,,,,,,
2026-08-03 19:23:39,421260,2.0,0.0106,71.0,3.0,0.0178,60.0,,,,,,,,,,,,,,,,,,
2026-08-03 19:24:09,421258,4.0,0.0156,78.0,2.0,0.015,56.0,,,,,,,,,,,,,,,,,,
2026-08-03 19:24:09,421260,7.0,0.04,60.0,8.0,0.0517,60.0,,,,,,,,,,,,,,,,,,
2026-08-03 19:24:39,421258,7.0,0.0278,78.0,10.0,0.0656,56.0,,,,,,,,,,,,,,,,,,
2026-08-03 19:24:39,421260,4.0,0.0217,65.0,5.0,0.035,56.0,,,,,,,,,,,,,,,,,,
2026-08-03 19:25:09,421258,2.0,0.0078,86.0,5.0,0.03,60.0,,,,,,,,,,,,,,,,,,
2026-08-03 19:25:09,421260,5.0,0.0256,71.0,4.0,0.0267,60.0,,,,,,,,,,,,,,,,,,
2026-08-03 19:25:39,421258,0.0,0.0,0.0,5.0,0.04,56.0,,,,,,,,,,,,,,,,,,
2026-08-03 19:25:39,421260,7.0,0.0367,71.0,5.0,0.0317,60.0,,,,,,,,,,,,,,,,,,
2026-08-03 19:26:09,421258,3.0,0.0117,65.0,8.0,0.0539,56.0,,,,,,,,,,,,,,,,,,
2026-08-03 19:26:09,421260,7.0,0.0428,60.0,6.0,0.0489,49.0,,,,,,,,,,,,,,,,,,
2026-08-03 19:26:39,421258,6.0,0.0256,71.0,8.0,0.0606,52.0,,,,,,,,,,,,,,,,,,
2026-08-03 19:26:39,421260,4.0,0.0206,71.0,3.0,0.0217,56.0,,,,,,,,,,,,,,,,,,
2026-08-03 19:27:09,421258,4.0,0.0156,78.0,8.0,0.055,56.0,,,,,,,,,,,,,,,,,,
2026-08-03 19:27:09,421260,1.0,0.0039,78.0,4.0,0.025,60.0,,,,,,,,,,,,,,,,,,
2026-08-03 19:27:39,421258,6.0,0.0239,71.0,5.0,0.0356,56.0,,,,,,,,,,,,,,,,,,
2026-08-03 19:27:39,421260,6.0,0.03,71.0,7.0,0.045,56.0,,,,,,,,,,,,,,,,,,
2026-08-03 19:28:09,421258,4.0,0.0156,78.0,7.0,0.0689,56.0,,,,,,,,,,,,,,,,,,
2026-08-03 19:28:09,421260,6.0,0.0328,65.0,1.0,0.015,42.0,,,,,,,,,,,,,,,,,,
2026-08-03 19:28:39,421258,3.0,0.0117,78.0,4.0,0.0267,56.0,,,,,,,,,,,,,,,,,,
2026-08-03 19:28:39,421260,8.0,0.0439,65.0,10.0,0.0756,49.0,,,,,,,,,,,,,,,,,,
2026-08-03 19:29:09,421258,1.0,0.0039,78.0,2.0,0.0139,56.0,,,,,,,,,,,,,,,,,,
2026-08-03 19:29:09,421260,4.0,0.0206,71.0,6.0,0.0417,56.0,,,,,,,,,,,,,,,,,,
2026-08-03 19:29:39,421258,6.0,0.0256,65.0,9.0,0.0628,56.0,,,,,,,,,,,,,,,,,,
2026-08-03 19:29:39,421260,3.0,0.0156,71.0,3.0,0.0189,65.0,,,,,,,,,,,,,,,,,,
2026-08-03 19:30:09,421258,5.0,0.0217,71.0,3.0,0.02,56.0,,,,,,,,,,,,,,,,,,
2026-08-03 19:30:09,421260,3.0,0.0167,65.0,5.0,0.0628,52.0,,,,,,,,,,,,,,,,,,
2026-08-03 19:30:39,421258,4.0,0.0156,65.0,4.0,0.035,46.0,,,,,,,,,,,,,,,,,,
2026-08-03 19:30:39,421260,2.0,0.0128,65.0,2.0,0.02,56.0,,,,,,,,,,,,,,,,,,
2026-08-03 19:31:09,421258,10.0,0.0417,65.0,10.0,0.1206,49.0,,,,,,,,,,,,,,,,,,
2026-08-03 19:31:09,421260,2.0,0.01,71.0,3.0,0.0267,52.0,,,,,,,,,,,,,,,,,,
2026-08-03 19:31:39,421258,0.0,0.0,0.0,1.0,0.0078,60.0,,,,,,,,,,,,,,,,,,
2026-08-03 19:31:39,421260,12.0,0.07,65.0,10.0,0.0678,56.0,,,,,,,,,,,,,,,,,,
2026-08-03 19:32:09,421258,3.0,0.0139,65.0,6.0,0.0656,52.0,,,,,,,,,,,,,,,,,,
2026-08-03 19:32:09,421260,3.0,0.0156,65.0,5.0,0.045,60.0,,,,,,,,,,,,,,,,,,
2026-08-03 19:32:39,421258,2.0,0.01,65.0,2.0,0.02,40.0,,,,,,,,,,,,,,,,,,
2026-08-03 19:32:39,421260,4.0,0.0256,60.0,3.0,0.0206,52.0,,,,,,,,,,,,,,,,,,
2026-08-03 19:33:09,421258,1.0,0.0039,78.0,2.0,0.0117,60.0,,,,,,,,,,,,,,,,,,
2026-08-03 19:33:09,421260,12.0,0.0656,65.0,7.0,0.0489,56.0,,,,,,,,,,,,,,,,,,
2026-08-03 19:33:39,421258,11.0,0.0467,65.0,10.0,0.0856,49.0,,,,,,,,,,,,,,,,,,
2026-08-03 19:33:39,421260,2.0,0.01,71.0,5.0,0.04,65.0,,,,,,,,,,,,,,,,,,
2026-08-03 19:34:09,421258,5.0,0.0317,71.0,3.0,0.0217,56.0,,,,,,,,,,,,,,,,,,
2026-08-03 19:34:09,421260,7.0,0.04,65.0,9.0,0.0617,52.0,,,,,,,,,,,,,,,,,,
2026-08-03 19:34:39,421258,4.0,0.0189,65.0,8.0,0.0606,56.0,,,,,,,,,,,,,,,,,,
2026-08-03 19:34:39,421260,6.0,0.035,65.0,4.0,0.0306,56.0,,,,,,,,,,,,,,,,,,
2026-08-03 19:35:09,421258,8.0,0.0339,71.0,8.0,0.0567,52.0,,,,,,,,,,,,,,,,,,
2026-08-03 19:35:09,421260,5.0,0.0256,71.0,2.0,0.01,65.0,,,,,,,,,,,,,,,,,,
2026-08-03 19:35:39,421258,1.0,0.0039,78.0,5.0,0.0456,49.0,,,,,,,,,,,,,,,,,,
2026-08-03 19:35:39,421260,4.0,0.0228,65.0,4.0,0.0267,56.0,,,,,,,,,,,,,,,,,,
2026-08-03 19:36:09,421258,7.0,0.0278,71.0,5.0,0.0539,49.0,,,,,,,,,,,,,,,,,,
2026-08-03 19:36:09,421260,6.0,0.035,71.0,9.0,0.0678,52.0,,,,,,,,,,,,,,,,,,
2026-08-03 19:36:39,421258,5.0,0.0217,65.0,6.0,0.0667,49.0,,,,,,,,,,,,,,,,,,
2026-08-03 19:36:39,421260,3.0,0.0156,71.0,2.0,0.0139,56.0,,,,,,,,,,,,,,,,,,
2026-08-03 19:37:09,421258,5.0,0.0217,65.0,2.0,0.0178,78.0,,,,,,,,,,,,,,,,,,
2026-08-03 19:37:09,421260,3.0,0.0156,71.0,3.0,0.0178,65.0,,,,,,,,,,,,,,,,,,
2026-08-03 19:37:39,421258,5.0,0.02,71.0,6.0,0.0439,52.0,,,,,,,,,,,,,,,,,,
2026-08-03 19:37:39,421260,4.0,0.0328,71.0,7.0,0.0478,60.0,,,,,,,,,,,,,,,,,,
2026-08-03 19:38:09,421258,2.0,0.0106,56.0,6.0,0.0467,56.0,,,,,,,,,,,,,,,,,,
2026-08-03 19:38:09,421260,1.0,0.0139,65.0,4.0,0.0417,46.0,,,,,,,,,,,,,,,,,,
2026-08-03 19:38:39,421258,5.0,0.0217,78.0,4.0,0.0306,49.0,,,,,,,,,,,,,,,,,,
2026-08-03 19:38:39,421260,5.0,0.0256,71.0,3.0,0.0206,60.0,,,,,,,,,,,,,,,,,,
2026-08-03 19:39:09,421258,3.0,0.0117,71.0,3.0,0.0228,52.0,,,,,,,,,,,,,,,,,,
2026-08-03 19:39:09,421260,1.0,0.0056,71.0,1.0,0.0067,65.0,,,,,,,,,,,,,,,,,,
2026-08-03 19:39:39,421258,3.0,0.0117,78.0,7.0,0.0589,56.0,,,,,,,,,,,,,,,,,,
2026-08-03 19:39:39,421260,4.0,0.0217,65.0,5.0,0.0367,56.0,,,,,,,,,,,,,,,,,,
2026-08-03 19:40:09,421258,3.0,0.0117,78.0,1.0,0.0156,60.0,,,,,,,,,,,,,,,,,,
2026-08-03 19:40:09,421260,2.0,0.01,71.0,3.0,0.0189,60.0,,,,,,,,,,,,,,,,,,
2026-08-03 19:40:39,421258,4.0,0.0156,78.0,3.0,0.0378,36.0,,,,,,,,,,,,,,,,,,
2026-08-03 19:40:39,421260,1.0,0.005,71.0,5.0,0.0339,60.0,,,,,,,,,,,,,,,,,,
2026-08-03 19:41:09,421258,1.0,0.0039,139.0,3.0,0.0217,56.0,,,,,,,,,,,,,,,,,,
2026-08-03 19:41:09,421260,3.0,0.0156,71.0,5.0,0.0578,52.0,,,,,,,,,,,,,,,,,,
2026-08-03 19:41:39,421258,5.0,0.02,78.0,6.0,0.0428,56.0,,,,,,,,,,,,,,,,,,
2026-08-03 19:41:39,421260,2.0,0.01,71.0,5.0,0.0328,60.0,,,,,,,,,,,,,,,,,,
2026-08-03 19:42:09,421258,1.0,0.0039,78.0,3.0,0.02,56.0,,,,,,,,,,,,,,,,,,
2026-08-03 19:42:09,421260,6.0,0.0289,78.0,3.0,0.0167,65.0,,,,,,,,,,,,,,,,,,
2026-08-03 19:42:39,421258,1.0,0.005,60.0,5.0,0.055,49.0,,,,,,,,,,,,,,,,,,
2026-08-03 19:42:39,421260,5.0,0.0239,71.0,4.0,0.0267,56.0,,,,,,,,,,,,,,,,,,
2026-08-03 19:43:09,421258,2.0,0.01,65.0,1.0,0.0067,52.0,,,,,,,,,,,,,,,,,,
2026-08-03 19:43:09,421260,3.0,0.0156,71.0,4.0,0.0239,60.0,,,,,,,,,,,,,,,,,,
2026-08-03 19:43:39,421258,4.0,0.0178,71.0,7.0,0.075,49.0,,,,,,,,,,,,,,,,,,
2026-08-03 19:43:39,421260,5.0,0.025,71.0,4.0,0.0267,60.0,,,,,,,,,,,,,,,,,,
2026-08-03 19:44:09,421258,4.0,0.0156,78.0,4.0,0.0239,60.0,,,,,,,,,,,,,,,,,,
2026-08-03 19:44:09,421260,4.0,0.0189,78.0,6.0,0.0406,65.0,,,,,,,,,,,,,,,,,,
2026-08-03 19:44:39,421258,5.0,0.02,78.0,3.0,0.02,60.0,,,,,,,,,,,,,,,,,,
2026-08-03 19:44:39,421260,1.0,0.005,86.0,1.0,0.0067,65.0,,,,,,,,,,,,,,,,,,
2026-08-03 19:45:09,421258,3.0,0.0117,78.0,6.0,0.0456,52.0,,,,,,,,,,,,,,,,,,
2026-08-03 19:45:09,421260,7.0,0.0439,65.0,4.0,0.025,60.0,,,,,,,,,,,,,,,,,,
2026-08-03 19:45:39,421258,4.0,0.0156,78.0,7.0,0.0489,56.0,,,,,,,,,,,,,,,,,,
2026-08-03 19:45:39,421260,1.0,0.005,65.0,6.0,0.0378,60.0,,,,,,,,,,,,,,,,,,
2026-08-03 19:46:09,421258,1.0,0.0039,78.0,4.0,0.0539,56.0,,,,,,,,,,,,,,,,,,
2026-08-03 19:46:09,421260,5.0,0.0267,71.0,6.0,0.035,65.0,,,,,,,,,,,,,,,,,,
2026-08-03 19:46:39,421258,1.0,0.0039,60.0,1.0,0.0067,52.0,,,,,,,,,,,,,,,,,,
2026-08-03 19:46:39,421260,8.0,0.0439,71.0,8.0,0.0528,60.0,,,,,,,,,,,,,,,,,,
2026-08-03 19:47:09,421258,7.0,0.0378,60.0,5.0,0.0378,52.0,,,,,,,,,,,,,,,,,,
2026-08-03 19:47:09,421260,3.0,0.0128,86.0,2.0,0.0128,65.0,,,,,,,,,,,,,,,,,,
2026-08-03 19:47:39,421258,5.0,0.0217,71.0,5.0,0.0306,60.0,,,,,,,,,,,,,,,,,,
2026-08-03 19:47:39,421260,5.0,0.0256,78.0,6.0,0.035,60.0,,,,,,,,,,,,,,,,,,
2026-08-03 19:48:09,421258,5.0,0.0217,65.0,5.0,0.0378,52.0,,,,,,,,,,,,,,,,,,
2026-08-03 19:48:09,421260,5.0,0.0256,71.0,2.0,0.0189,65.0,,,,,,,,,,,,,,,,,,
2026-08-03 19:48:39,421258,8.0,0.0339,71.0,5.0,0.035,56.0,,,,,,,,,,,,,,,,,,
2026-08-03 19:48:39,421260,2.0,0.01,71.0,2.0,0.0056,65.0,,,,,,,,,,,,,,,,,,
2026-08-03 19:49:09,421258,2.0,0.01,78.0,4.0,0.0278,56.0,,,,,,,,,,,,,,,,,,
2026-08-03 19:49:09,421260,0.0,0.0,0.0,1.0,0.0056,60.0,,,,,,,,,,,,,,,,,,
2026-08-03 19:49:39,421258,5.0,0.02,71.0,8.0,0.0578,52.0,,,,,,,,,,,,,,,,,,
2026-08-03 19:49:39,421260,3.0,0.0156,78.0,5.0,0.0278,71.0,,,,,,,,,,,,,,,,,,
2026-08-03 19:50:09,421258,1.0,0.0039,78.0,2.0,0.0139,60.0,,,,,,,,,,,,,,,,,,
2026-08-03 19:50:09,421260,5.0,0.0306,65.0,5.0,0.035,60.0,,,,,,,,,,,,,,,,,,
2026-08-03 19:50:39,421258,2.0,0.0078,78.0,2.0,0.0139,56.0,,,,,,,,,,,,,,,,,,
2026-08-03 19:50:39,421260,5.0,0.0256,78.0,4.0,0.025,60.0,,,,,,,,,,,,,,,,,,
2026-08-03 19:51:09,421258,4.0,0.0167,78.0,4.0,0.0256,60.0,,,,,,,,,,,,,,,,,,
2026-08-03 19:51:09,421260,3.0,0.0139,78.0,4.0,0.0228,65.0,,,,,,,,,,,,,,,,,,
2026-08-03 19:51:39,421258,2.0,0.0067,78.0,1.0,0.0067,60.0,,,,,,,,,,,,,,,,,,
2026-08-03 19:51:39,421260,2.0,0.0106,78.0,4.0,0.0256,60.0,,,,,,,,,,,,,,,,,,
2026-08-03 19:52:09,421258,7.0,0.0306,71.0,6.0,0.0467,52.0,,,,,,,,,,,,,,,,,,
2026-08-03 19:52:09,421260,7.0,0.0356,71.0,7.0,0.0456,60.0,,,,,,,,,,,,,,,,,,
2026-08-03 19:52:39,421258,1.0,0.0039,78.0,4.0,0.0317,49.0,,,,,,,,,,,,,,,,,,
2026-08-03 19:52:39,421260,2.0,0.0128,65.0,4.0,0.0256,65.0,,,,,,,,,,,,,,,,,,
2026-08-03 19:53:09,421258,3.0,0.0117,78.0,6.0,0.0417,56.0,,,,,,,,,,,,,,,,,,
2026-08-03 19:53:09,421260,2.0,0.0089,78.0,3.0,0.0228,60.0,,,,,,,,,,,,,,,,,,
2026-08-03 19:53:39,421258,5.0,0.02,78.0,5.0,0.035,52.0,,,,,,,,,,,,,,,,,,
2026-08-03 19:53:39,421260,3.0,0.0156,78.0,3.0,0.0256,65.0,,,,,,,,,,,,,,,,,,
2026-08-03 19:54:09,421258,3.0,0.0117,78.0,5.0,0.0339,56.0,,,,,,,,,,,,,,,,,,
2026-08-03 19:54:09,421260,7.0,0.0406,65.0,6.0,0.0389,56.0,,,,,,,,,,,,,,,,,,
2026-08-03 19:54:39,421258,3.0,0.0139,71.0,4.0,0.0306,52.0,,,,,,,,,,,,,,,,,,
2026-08-03 19:54:39,421260,4.0,0.0239,71.0,4.0,0.0256,65.0,,,,,,,,,,,,,,,,,,
2026-08-03 19:55:09,421258,1.0,0.0039,60.0,2.0,0.0139,60.0,,,,,,,,,,,,,,,,,,
2026-08-03 19:55:09,421260,6.0,0.0306,71.0,4.0,0.0239,60.0,,,,,,,,,,,,,,,,,,
2026-08-03 19:55:39,421258,7.0,0.0328,71.0,3.0,0.075,44.0,,,,,,,,,,,,,,,,,,
2026-08-03 19:55:39,421260,6.0,0.0317,71.0,4.0,0.0278,56.0,,,,,,,,,,,,,,,,,,
2026-08-03 19:56:09,421258,5.0,0.0217,71.0,7.0,0.0528,52.0,,,,,,,,,,,,,,,,,,
2026-08-03 19:56:09,421260,2.0,0.0106,71.0,6.0,0.0428,56.0,,,,,,,,,,,,,,,,,,
2026-08-03 19:56:39,421258,3.0,0.0117,78.0,7.0,0.0439,60.0,,,,,,,,,,,,,,,,,,
2026-08-03 19:56:39,421260,3.0,0.0156,71.0,5.0,0.035,56.0,,,,,,,,,,,,,,,,,,
2026-08-03 19:57:09,421258,2.0,0.0078,65.0,2.0,0.0128,56.0,,,,,,,,,,,,,,,,,,
2026-08-03 19:57:09,421260,4.0,0.025,60.0,4.0,0.0267,56.0,,,,,,,,,,,,,,,,,,
2026-08-03 19:57:39,421258,6.0,0.0267,65.0,6.0,0.0417,56.0,,,,,,,,,,,,,,,,,,
2026-08-03 19:57:39,421260,5.0,0.0267,71.0,4.0,0.0339,56.0,,,,,,,,,,,,,,,,,,
2026-08-03 19:58:09,421258,3.0,0.0139,65.0,6.0,0.0539,44.0,,,,,,,,,,,,,,,,,,
2026-08-03 19:58:09,421260,2.0,0.0117,65.0,4.0,0.0278,60.0,,,,,,,,,,,,,,,,,,
2026-08-03 19:58:39,421258,1.0,0.0039,60.0,4.0,0.0306,49.0,,,,,,,,,,,,,,,,,,
2026-08-03 19:58:39,421260,11.0,0.0589,71.0,7.0,0.0556,56.0,,,,,,,,,,,,,,,,,,
2026-08-03 19:59:09,421258,4.0,0.0156,65.0,4.0,0.03,52.0,,,,,,,,,,,,,,,,,,
2026-08-03 19:59:09,421260,1.0,0.005,78.0,4.0,0.0306,52.0,,,,,,,,,,,,,,,,,,
2026-08-03 19:59:39,421258,6.0,0.0239,71.0,5.0,0.0539,49.0,,,,,,,,,,,,,,,,,,
2026-08-03 19:59:39,421260,0.0,0.0,0.0,3.0,0.0206,56.0,,,,,,,,,,,,,,,,,,
2026-08-03 20:00:09,421258,5.0,0.02,78.0,4.0,0.0256,60.0,,,,,,,,,,,,,,,,,,
2026-08-03 20:00:09,421260,0.0,0.0,0.0,2.0,0.0156,49.0,,,,,,,,,,,,,,,,,,
2026-08-03 20:00:39,421258,7.0,0.0289,71.0,6.0,0.0467,52.0,,,,,,,,,,,,,,,,,,
2026-08-03 20:00:39,421260,5.0,0.0256,71.0,3.0,0.0228,65.0,,,,,,,,,,,,,,,,,,
2026-08-03 20:01:09,421258,1.0,0.0039,60.0,4.0,0.0378,49.0,,,,,,,,,,,,,,,,,,
2026-08-03 20:01:09,421260,5.0,0.025,78.0,3.0,0.0156,78.0,,,,,,,,,,,,,,,,,,
2026-08-03 20:01:39,421258,0.0,0.0,0.0,2.0,0.015,52.0,,,,,,,,,,,,,,,,,,
2026-08-03 20:01:39,421260,3.0,0.015,71.0,5.0,0.0378,56.0,,,,,,,,,,,,,,,,,,
2026-08-03 20:02:09,421258,0.0,0.0,0.0,4.0,0.0278,52.0,,,,,,,,,,,,,,,,,,
2026-08-03 20:02:09,421260,1.0,0.0067,65.0,2.0,0.0156,52.0,,,,,,,,,,,,,,,,,,
2026-08-03 20:02:39,421258,10.0,0.0417,71.0,5.0,0.0356,56.0,,,,,,,,,,,,,,,,,,
2026-08-03 20:02:39,421260,1.0,0.005,78.0,3.0,0.025,56.0,,,,,,,,,,,,,,,,,,
2026-08-03 20:03:09,421258,0.0,0.0,0.0,1.0,0.0067,60.0,,,,,,,,,,,,,,,,,,
2026-08-03 20:03:09,421260,2.0,0.0106,71.0,1.0,0.0117,65.0,,,,,,,,,,,,,,,,,,
2026-08-03 20:03:39,421258,3.0,0.0117,78.0,3.0,0.0178,56.0,,,,,,,,,,,,,,,,,,
2026-08-03 20:03:39,421260,2.0,0.01,71.0,6.0,0.035,60.0,,,,,,,,,,,,,,,,,,
2026-08-03 20:04:09,421258,3.0,0.015,65.0,4.0,0.0428,44.0,,,,,,,,,,,,,,,,,,
2026-08-03 20:04:09,421260,0.0,0.0,0.0,4.0,0.0228,65.0,,,,,,,,,,,,,,,,,,
2026-08-03 20:04:39,421258,1.0,0.0039,96.0,3.0,0.0256,52.0,,,,,,,,,,,,,,,,,,
2026-08-03 20:04:39,421260,6.0,0.0356,65.0,3.0,0.0239,52.0,,,,,,,,,,,,,,,,,,
2026-08-03 20:05:09,421258,2.0,0.0078,65.0,3.0,0.02,56.0,,,,,,,,,,,,,,,,,,
2026-08-03 20:05:09,421260,3.0,0.0167,65.0,5.0,0.0328,60.0,,,,,,,,,,,,,,,,,,
2026-08-03 20:05:39,421258,1.0,0.0039,78.0,4.0,0.03,52.0,,,,,,,,,,,,,,,,,,
2026-08-03 20:05:39,421260,2.0,0.0128,65.0,3.0,0.0267,60.0,,,,,,,,,,,,,,,,,,
2026-08-03 20:06:09,421258,0.0,0.0,0.0,3.0,0.0217,56.0,,,,,,,,,,,,,,,,,,
2026-08-03 20:06:09,421260,1.0,0.005,71.0,2.0,0.0139,56.0,,,,,,,,,,,,,,,,,,
2026-08-03 20:06:39,421258,3.0,0.0156,60.0,3.0,0.02,56.0,,,,,,,,,,,,,,,,,,
2026-08-03 20:06:39,421260,4.0,0.0228,65.0,5.0,0.0339,56.0,,,,,,,,,,,,,,,,,,
2026-08-03 20:07:09,421258,6.0,0.0256,65.0,4.0,0.0339,49.0,,,,,,,,,,,,,,,,,,
2026-08-03 20:07:09,421260,5.0,0.0267,71.0,6.0,0.0389,60.0,,,,,,,,,,,,,,,,,,
2026-08-03 20:07:39,421258,2.0,0.0117,56.0,4.0,0.0378,52.0,,,,,,,,,,,,,,,,,,
2026-08-03 20:07:39,421260,2.0,0.0106,71.0,3.0,0.0417,60.0,,,,,,,,,,,,,,,,,,
2026-08-03 20:08:09,421258,0.0,0.0,0.0,1.0,0.0067,52.0,,,,,,,,,,,,,,,,,,
2026-08-03 20:08:09,421260,0.0,0.0,0.0,4.0,0.0228,56.0,,,,,,,,,,,,,,,,,,
2026-08-03 20:08:39,421258,6.0,0.0267,65.0,8.0,0.0617,52.0,,,,,,,,,,,,,,,,,,
2026-08-03 20:08:39,421260,0.0,0.0,0.0,1.0,0.0056,71.0,,,,,,,,,,,,,,,,,,
2026-08-03 20:09:09,421258,4.0,0.0156,78.0,6.0,0.0428,56.0,,,,,,,,,,,,,,,,,,
2026-08-03 20:09:09,421260,3.0,0.0156,71.0,4.0,0.025,60.0,,,,,,,,,,,,,,,,,,
2026-08-03 20:09:39,421258,1.0,0.0039,78.0,1.0,0.0228,44.0,,,,,,,,,,,,,,,,,,
2026-08-03 20:09:39,421260,3.0,0.0156,65.0,5.0,0.0406,52.0,,,,,,,,,,,,,,,,,,
2026-08-03 20:10:09,421258,1.0,0.0039,78.0,4.0,0.0306,52.0,,,,,,,,,,,,,,,,,,
2026-08-03 20:10:09,421260,6.0,0.03,78.0,5.0,0.0317,60.0,,,,,,,,,,,,,,,,,,
2026-08-03 20:10:39,421258,3.0,0.0117,78.0,1.0,0.0106,52.0,,,,,,,,,,,,,,,,,,
2026-08-03 20:10:39,421260,7.0,0.0389,71.0,4.0,0.0356,49.0,,,,,,,,,,,,,,,,,,
2026-08-03 20:11:09,421258,2.0,0.0078,78.0,3.0,0.02,52.0,,,,,,,,,,,,,,,,,,
2026-08-03 20:11:09,421260,3.0,0.0139,71.0,8.0,0.0506,60.0,,,,,,,,,,,,,,,,,,
2026-08-03 20:11:39,421258,5.0,0.02,71.0,5.0,0.0656,49.0,,,,,,,,,,,,,,,,,,
2026-08-03 20:11:39,421260,3.0,0.0167,71.0,4.0,0.0217,71.0,,,,,,,,,,,,,,,,,,
2026-08-03 20:12:09,421258,5.0,0.02,78.0,7.0,0.0467,49.0,,,,,,,,,,,,,,,,,,
2026-08-03 20:12:09,421260,0.0,0.0,0.0,1.0,0.0067,60.0,,,,,,,,,,,,,,,,,,
2026-08-03 20:12:39,421258,2.0,0.0078,78.0,3.0,0.0217,56.0,,,,,,,,,,,,,,,,,,
2026-08-03 20:12:39,421260,3.0,0.0178,60.0,8.0,0.0639,49.0,,,,,,,,,,,,,,,,,,
2026-08-03 20:13:09,421258,4.0,0.0156,71.0,8.0,0.0817,49.0,,,,,,,,,,,,,,,,,,
2026-08-03 20:13:09,421260,4.0,0.0206,71.0,3.0,0.0189,60.0,,,,,,,,,,,,,,,,,,
2026-08-03 20:13:39,421258,3.0,0.0139,71.0,2.0,0.0106,56.0,,,,,,,,,,,,,,,,,,
2026-08-03 20:13:39,421260,2.0,0.01,71.0,5.0,0.0339,60.0,,,,,,,,,,,,,,,,,,
2026-08-03 20:14:09,421258,0.0,0.0,0.0,2.0,0.0178,49.0,,,,,,,,,,,,,,,,,,
2026-08-03 20:14:09,421260,5.0,0.0239,71.0,7.0,0.0456,60.0,,,,,,,,,,,,,,,,,,
2026-08-03 20:14:39,421258,5.0,0.02,78.0,5.0,0.04,49.0,,,,,,,,,,,,,,,,,,
2026-08-03 20:14:39,421260,4.0,0.0189,78.0,3.0,0.02,65.0,,,,,,,,,,,,,,,,,,
2026-08-03 20:15:09,421258,3.0,0.0117,78.0,7.0,0.055,52.0,,,,,,,,,,,,,,,,,,
2026-08-03 20:15:09,421260,6.0,0.03,71.0,7.0,0.0456,56.0,,,,,,,,,,,,,,,,,,
2026-08-03 20:15:39,421258,2.0,0.0078,78.0,2.0,0.015,56.0,,,,,,,,,,,,,,,,,,
2026-08-03 20:15:39,421260,1.0,0.005,65.0,4.0,0.0256,60.0,,,,,,,,,,,,,,,,,,
2026-08-03 20:16:09,421258,5.0,0.02,65.0,10.0,0.08,52.0,,,,,,,,,,,,,,,,,,
2026-08-03 20:16:09,421260,3.0,0.0178,71.0,3.0,0.02,60.0,,,,,,,,,,,,,,,,,,
2026-08-03 20:16:39,421258,5.0,0.02,71.0,3.0,0.0189,65.0,,,,,,,,,,,,,,,,,,
2026-08-03 20:16:39,421260,3.0,0.0156,71.0,6.0,0.0439,65.0,,,,,,,,,,,,,,,,,,
2026-08-03 20:17:09,421258,4.0,0.0156,78.0,6.0,0.0428,56.0,,,,,,,,,,,,,,,,,,
2026-08-03 20:17:09,421260,1.0,0.005,86.0,2.0,0.0056,65.0,,,,,,,,,,,,,,,,,,
2026-08-03 20:17:39,421258,2.0,0.0078,78.0,3.0,0.0428,56.0,,,,,,,,,,,,,,,,,,
2026-08-03 20:17:39,421260,2.0,0.0089,78.0,4.0,0.025,60.0,,,,,,,,,,,,,,,,,,
2026-08-03 20:18:09,421258,4.0,0.02,65.0,5.0,0.0428,52.0,,,,,,,,,,,,,,,,,,
2026-08-03 20:18:09,421260,6.0,0.035,71.0,6.0,0.04,60.0,,,,,,,,,,,,,,,,,,
2026-08-03 20:18:39,421258,2.0,0.0078,78.0,5.0,0.0267,60.0,,,,,,,,,,,,,,,,,,
2026-08-03 20:18:39,421260,6.0,0.0267,71.0,3.0,0.02,60.0,,,,,,,,,,,,,,,,,,
2026-08-03 20:19:09,421258,1.0,0.0039,60.0,1.0,0.0078,52.0,,,,,,,,,,,,,,,,,,
2026-08-03 20:19:09,421260,6.0,0.0367,71.0,4.0,0.0278,60.0,,,,,,,,,,,,,,,,,,
2026-08-03 20:19:39,421258,2.0,0.0078,78.0,4.0,0.0278,56.0,,,,,,,,,,,,,,,,,,
2026-08-03 20:19:39,421260,6.0,0.0289,71.0,7.0,0.0489,56.0,,,,,,,,,,,,,,,,,,
2026-08-03 20:20:09,421258,6.0,0.0239,78.0,7.0,0.0556,52.0,,,,,,,,,,,,,,,,,,
2026-08-03 20:20:09,421260,4.0,0.0206,71.0,4.0,0.0228,71.0,,,,,,,,,,,,,,,,,,
2026-08-03 20:20:39,421258,3.0,0.0117,71.0,3.0,0.02,52.0,,,,,,,,,,,,,,,,,,
2026-08-03 20:20:39,421260,5.0,0.0278,71.0,4.0,0.0456,60.0,,,,,,,,,,,,,,,,,,
2026-08-03 20:21:09,421258,7.0,0.0306,71.0,5.0,0.0467,46.0,,,,,,,,,,,,,,,,,,
2026-08-03 20:21:09,421260,2.0,0.0106,71.0,3.0,0.0189,65.0,,,,,,,,,,,,,,,,,,
2026-08-03 20:21:39,421258,4.0,0.0178,60.0,7.0,0.0478,52.0,,,,,,,,,,,,,,,,,,
2026-08-03 20:21:39,421260,4.0,0.0206,78.0,3.0,0.0178,65.0,,,,,,,,,,,,,,,,,,
2026-08-03 20:22:09,421258,2.0,0.0078,65.0,8.0,0.0628,52.0,,,,,,,,,,,,,,,,,,
2026-08-03 20:22:09,421260,1.0,0.005,78.0,2.0,0.0106,65.0,,,,,,,,,,,,,,,,,,
2026-08-03 20:22:39,421258,3.0,0.0117,78.0,3.0,0.0217,56.0,,,,,,,,,,,,,,,,,,
2026-08-03 20:22:39,421260,6.0,0.0328,71.0,3.0,0.0217,56.0,,,,,,,,,,,,,,,,,,
2026-08-03 20:23:09,421258,3.0,0.015,65.0,5.0,0.0506,49.0,,,,,,,,,,,,,,,,,,
2026-08-03 20:23:09,421260,4.0,0.0228,71.0,3.0,0.025,56.0,,,,,,,,,,,,,,,,,,
2026-08-03 20:23:39,421258,2.0,0.0106,60.0,4.0,0.0267,52.0,,,,,,,,,,,,,,,,,,
2026-08-03 20:23:39,421260,3.0,0.0167,65.0,6.0,0.0378,60.0,,,,,,,,,,,,,,,,,,
2026-08-03 20:24:09,421258,2.0,0.01,65.0,1.0,0.0056,60.0,,,,,,,,,,,,,,,,,,
2026-08-03 20:24:09,421260,6.0,0.0328,71.0,3.0,0.0306,60.0,,,,,,,,,,,,,,,,,,
2026-08-03 20:24:39,421258,3.0,0.0117,78.0,3.0,0.0189,60.0,,,,,,,,,,,,,,,,,,
2026-08-03 20:24:39,421260,3.0,0.0156,71.0,6.0,0.0428,56.0,,,,,,,,,,,,,,,,,,
2026-08-03 20:25:09,421258,5.0,0.02,78.0,5.0,0.0428,46.0,,,,,,,,,,,,,,,,,,
2026-08-03 20:25:09,421260,3.0,0.0156,71.0,6.0,0.0417,56.0,,,,,,,,,,,,,,,,,,
2026-08-03 20:25:39,421258,3.0,0.0117,78.0,3.0,0.0278,52.0,,,,,,,,,,,,,,,,,,
2026-08-03 20:25:39,421260,1.0,0.0039,86.0,2.0,0.0139,56.0,,,,,,,,,,,,,,,,,,
2026-08-03 20:26:09,421258,3.0,0.0139,71.0,6.0,0.0767,52.0,,,,,,,,,,,,,,,,,,
2026-08-03 20:26:09,421260,5.0,0.0256,71.0,4.0,0.0289,56.0,,,,,,,,,,,,,,,,,,
2026-08-03 20:26:39,421258,5.0,0.0228,65.0,5.0,0.04,49.0,,,,,,,,,,,,,,,,,,
2026-08-03 20:26:39,421260,2.0,0.01,71.0,1.0,0.0056,65.0,,,,,,,,,,,,,,,,,,
2026-08-03 20:27:09,421258,5.0,0.02,71.0,5.0,0.0417,46.0,,,,,,,,,,,,,,,,,,
2026-08-03 20:27:09,421260,5.0,0.025,71.0,7.0,0.0456,60.0,,,,,,,,,,,,,,,,,,
2026-08-03 20:27:39,421258,2.0,0.0078,65.0,3.0,0.0217,56.0,,,,,,,,,,,,,,,,,,
2026-08-03 20:27:39,421260,6.0,0.0317,71.0,6.0,0.0417,56.0,,,,,,,,,,,,,,,,,,
2026-08-03 20:28:09,421258,2.0,0.0078,65.0,4.0,0.0306,49.0,,,,,,,,,,,,,,,,,,
2026-08-03 20:28:09,421260,4.0,0.0239,65.0,1.0,0.0067,65.0,,,,,,,,,,,,,,,,,,
2026-08-03 20:28:39,421258,2.0,0.0078,78.0,3.0,0.0228,52.0,,,,,,,,,,,,,,,,,,
2026-08-03 20:28:39,421260,4.0,0.02,71.0,6.0,0.0356,65.0,,,,,,,,,,,,,,,,,,
2026-08-03 20:29:09,421258,7.0,0.0328,65.0,6.0,0.0417,52.0,,,,,,,,,,,,,,,,,,
2026-08-03 20:29:09,421260,2.0,0.0106,65.0,3.0,0.0239,60.0,,,,,,,,,,,,,,,,,,
2026-08-03 20:29:39,421258,4.0,0.02,60.0,3.0,0.0256,49.0,,,,,,,,,,,,,,,,,,
2026-08-03 20:29:39,421260,1.0,0.0056,65.0,2.0,0.0128,65.0,,,,,,,,,,,,,,,,,,
2026-08-03 20:30:09,421258,6.0,0.0278,65.0,3.0,0.0239,52.0,,,,,,,,,,,,,,,,,,
2026-08-03 20:30:09,421260,3.0,0.015,78.0,3.0,0.0189,65.0,,,,,,,,,,,,,,,,,,
2026-08-03 20:30:39,421258,1.0,0.0039,78.0,6.0,0.0439,52.0,,,,,,,,,,,,,,,,,,
2026-08-03 20:30:39,421260,4.0,0.0228,71.0,8.0,0.0578,52.0,,,,,,,,,,,,,,,,,,
2026-08-03 20:31:09,421258,2.0,0.0078,65.0,1.0,0.0078,52.0,,,,,,,,,,,,,,,,,,
2026-08-03 20:31:09,421260,3.0,0.0156,71.0,4.0,0.0289,65.0,,,,,,,,,,,,,,,,,,
2026-08-03 20:31:39,421258,4.0,0.0156,65.0,6.0,0.0628,52.0,,,,,,,,,,,,,,,,,,
2026-08-03 20:31:39,421260,1.0,0.0056,71.0,0.0,0.0,0.0,,,,,,,,,,,,,,,,,,
2026-08-03 20:32:09,421258,0.0,0.0,0.0,0.0,0.0,0.0,,,,,,,,,,,,,,,,,,
2026-08-03 20:32:09,421260,3.0,0.0167,71.0,3.0,0.0228,56.0,,,,,,,,,,,,,,,,,,
2026-08-03 20:32:39,421258,3.0,0.0139,65.0,4.0,0.0517,49.0,,,,,,,,,,,,,,,,,,
2026-08-03 20:32:39,421260,2.0,0.01,78.0,4.0,0.0278,60.0,,,,,,,,,,,,,,,,,,
2026-08-03 20:33:09,421258,5.0,0.0217,65.0,8.0,0.0689,49.0,,,,,,,,,,,,,,,,,,
2026-08-03 20:33:09,421260,2.0,0.01,71.0,4.0,0.0267,56.0,,,,,,,,,,,,,,,,,,
2026-08-03 20:33:39,421258,0.0,0.0,0.0,1.0,0.0067,60.0,,,,,,,,,,,,,,,,,,
2026-08-03 20:33:39,421260,1.0,0.005,78.0,2.0,0.0139,60.0,,,,,,,,,,,,,,,,,,
2026-08-03 20:34:09,421258,3.0,0.0139,65.0,4.0,0.03,60.0,,,,,,,,,,,,,,,,,,
2026-08-03 20:34:09,421260,1.0,0.005,71.0,1.0,0.0078,49.0,,,,,,,,,,,,,,,,,,
2026-08-03 20:34:39,421258,0.0,0.0,0.0,4.0,0.0339,49.0,,,,,,,,,,,,,,,,,,
2026-08-03 20:34:39,421260,3.0,0.015,65.0,4.0,0.025,65.0,,,,,,,,,,,,,,,,,,
2026-08-03 20:35:09,421258,3.0,0.0117,78.0,4.0,0.0256,60.0,,,,,,,,,,,,,,,,,,
2026-08-03 20:35:09,421260,4.0,0.0256,60.0,4.0,0.03,49.0,,,,,,,,,,,,,,,,,,
2026-08-03 20:35:39,421258,0.0,0.0,0.0,2.0,0.015,52.0,,,,,,,,,,,,,,,,,,
2026-08-03 20:35:39,421260,4.0,0.0228,65.0,3.0,0.0178,65.0,,,,,,,,,,,,,,,,,,
2026-08-03 20:36:09,421258,1.0,0.0039,60.0,2.0,0.0156,52.0,,,,,,,,,,,,,,,,,,
2026-08-03 20:36:09,421260,4.0,0.0228,65.0,4.0,0.0389,49.0,,,,,,,,,,,,,,,,,,
2026-08-03 20:36:39,421258,3.0,0.0139,60.0,3.0,0.0239,52.0,,,,,,,,,,,,,,,,,,
2026-08-03 20:36:39,421260,1.0,0.0056,60.0,3.0,0.0239,52.0,,,,,,,,,,,,,,,,,,
2026-08-03 20:37:09,421258,3.0,0.0117,71.0,6.0,0.0439,56.0,,,,,,,,,,,,,,,,,,
2026-08-03 20:37:09,421260,1.0,0.0039,78.0,1.0,0.0056,65.0,,,,,,,,,,,,,,,,,,
2026-08-03 20:37:39,421258,3.0,0.0117,65.0,3.0,0.0306,52.0,,,,,,,,,,,,,,,,,,
2026-08-03 20:37:39,421260,3.0,0.0156,65.0,3.0,0.0189,60.0,,,,,,,,,,,,,,,,,,
2026-08-03 20:38:09,421258,1.0,0.0039,78.0,4.0,0.0239,52.0,,,,,,,,,,,,,,,,,,
2026-08-03 20:38:09,421260,9.0,0.0489,71.0,9.0,0.0706,52.0,,,,,,,,,,,,,,,,,,
2026-08-03 20:38:39,421258,1.0,0.005,60.0,2.0,0.0356,49.0,,,,,,,,,,,,,,,,,,
2026-08-03 20:38:39,421260,1.0,0.005,65.0,3.0,0.0239,52.0,,,,,,,,,,,,,,,,,,
2026-08-03 20:39:09,421258,1.0,0.0039,78.0,6.0,0.07,49.0,,,,,,,,,,,,,,,,,,
2026-08-03 20:39:09,421260,0.0,0.0,0.0,1.0,0.005,86.0,,,,,,,,,,,,,,,,,,
2026-08-03 20:39:39,421258,4.0,0.0156,71.0,5.0,0.0339,65.0,,,,,,,,,,,,,,,,,,
2026-08-03 20:39:39,421260,2.0,0.0106,71.0,4.0,0.0306,56.0,,,,,,,,,,,,,,,,,,
2026-08-03 20:40:09,421258,3.0,0.0117,78.0,4.0,0.0317,52.0,,,,,,,,,,,,,,,,,,
2026-08-03 20:40:09,421260,4.0,0.0217,65.0,5.0,0.035,52.0,,,,,,,,,,,,,,,,,,
2026-08-03 20:40:39,421258,3.0,0.015,65.0,7.0,0.0606,46.0,,,,,,,,,,,,,,,,,,
2026-08-03 20:40:39,421260,1.0,0.0039,78.0,3.0,0.0167,71.0,,,,,,,,,,,,,,,,,,
2026-08-03 20:41:09,421258,1.0,0.0039,78.0,3.0,0.0239,49.0,,,,,,,,,,,,,,,,,,
2026-08-03 20:41:09,421260,1.0,0.005,71.0,2.0,0.0128,65.0,,,,,,,,,,,,,,,,,,
2026-08-03 20:41:39,421258,0.0,0.0,0.0,3.0,0.0228,52.0,,,,,,,,,,,,,,,,,,
2026-08-03 20:41:39,421260,0.0,0.0,0.0,4.0,0.0239,60.0,,,,,,,,,,,,,,,,,,
2026-08-03 20:42:09,421258,5.0,0.02,71.0,5.0,0.0539,52.0,,,,,,,,,,,,,,,,,,
2026-08-03 20:42:09,421260,1.0,0.0039,86.0,1.0,0.005,60.0,,,,,,,,,,,,,,,,,,
2026-08-03 20:42:39,421258,0.0,0.0,0.0,3.0,0.0439,52.0,,,,,,,,,,,,,,,,,,
2026-08-03 20:42:39,421260,4.0,0.02,78.0,4.0,0.0356,60.0,,,,,,,,,,,,,,,,,,
2026-08-03 20:43:09,421258,1.0,0.0039,78.0,2.0,0.0117,60.0,,,,,,,,,,,,,,,,,,
2026-08-03 20:43:09,421260,5.0,0.0289,71.0,6.0,0.0456,52.0,,,,,,,,,,,,,,,,,,
2026-08-03 20:43:39,421258,0.0,0.0,0.0,3.0,0.0228,56.0,,,,,,,,,,,,,,,,,,
2026-08-03 20:43:39,421260,4.0,0.0189,71.0,2.0,0.015,65.0,,,,,,,,,,,,,,,,,,
2026-08-03 20:44:09,421258,3.0,0.0117,78.0,2.0,0.015,56.0,,,,,,,,,,,,,,,,,,
2026-08-03 20:44:09,421260,0.0,0.0,0.0,0.0,0.0,0.0,,,,,,,,,,,,,,,,,,
2026-08-03 20:44:39,421258,4.0,0.0156,78.0,3.0,0.0278,60.0,,,,,,,,,,,,,,,,,,
2026-08-03 20:44:39,421260,1.0,0.005,60.0,4.0,0.0256,60.0,,,,,,,,,,,,,,,,,,
2026-08-03 20:45:09,421258,5.0,0.02,71.0,5.0,0.0339,56.0,,,,,,,,,,,,,,,,,,
2026-08-03 20:45:09,421260,7.0,0.05,56.0,6.0,0.0478,56.0,,,,,,,,,,,,,,,,,,
2026-08-03 20:45:39,421258,1.0,0.0039,78.0,5.0,0.0439,46.0,,,,,,,,,,,,,,,,,,
2026-08-03 20:45:39,421260,5.0,0.0228,60.0,9.0,0.0667,52.0,,,,,,,,,,,,,,,,,,
2026-08-03 20:46:09,421258,0.0,0.0,0.0,1.0,0.005,78.0,,,,,,,,,,,,,,,,,,
2026-08-03 20:46:09,421260,2.0,0.0117,65.0,3.0,0.02,56.0,,,,,,,,,,,,,,,,,,
2026-08-03 20:46:39,421258,1.0,0.0039,78.0,3.0,0.0228,49.0,,,,,,,,,,,,,,,,,,
2026-08-03 20:46:39,421260,2.0,0.0089,96.0,1.0,0.0056,71.0,,,,,,,,,,,,,,,,,,
2026-08-03 20:47:09,421258,4.0,0.0178,65.0,5.0,0.0356,56.0,,,,,,,,,,,,,,,,,,
2026-08-03 20:47:09,421260,3.0,0.0167,78.0,5.0,0.0317,60.0,,,,,,,,,,,,,,,,,,
2026-08-03 20:47:39,421258,8.0,0.0367,60.0,5.0,0.085,46.0,,,,,,,,,,,,,,,,,,
2026-08-03 20:47:39,421260,5.0,0.0256,71.0,3.0,0.0228,52.0,,,,,,,,,,,,,,,,,,
2026-08-03 20:48:09,421258,3.0,0.0117,71.0,9.0,0.0739,46.0,,,,,,,,,,,,,,,,,,
2026-08-03 20:48:09,421260,0.0,0.0,0.0,3.0,0.0206,52.0,,,,,,,,,,,,,,,,,,
2026-08-03 20:48:39,421258,1.0,0.0039,78.0,1.0,0.0067,60.0,,,,,,,,,,,,,,,,,,
2026-08-03 20:48:39,421260,0.0,0.0,0.0,5.0,0.0317,60.0,,,,,,,,,,,,,,,,,,
2026-08-03 20:49:09,421258,4.0,0.0178,65.0,6.0,0.0389,56.0,,,,,,,,,,,,,,,,,,
2026-08-03 20:49:09,421260,8.0,0.0478,60.0,5.0,0.035,56.0,,,,,,,,,,,,,,,,,,
2026-08-03 20:49:39,421258,1.0,0.0039,60.0,2.0,0.0167,44.0,,,,,,,,,,,,,,,,,,
2026-08-03 20:49:39,421260,6.0,0.03,78.0,4.0,0.0267,56.0,,,,,,,,,,,,,,,,,,
2026-08-03 20:50:09,421258,1.0,0.0039,60.0,3.0,0.0217,49.0,,,,,,,,,,,,,,,,,,
2026-08-03 20:50:09,421260,4.0,0.0228,65.0,5.0,0.0306,52.0,,,,,,,,,,,,,,,,,,
2026-08-03 20:50:39,421258,5.0,0.02,65.0,4.0,0.0306,52.0,,,,,,,,,,,,,,,,,,
2026-08-03 20:50:39,421260,3.0,0.0167,71.0,1.0,0.0078,65.0,,,,,,,,,,,,,,,,,,
2026-08-03 20:51:09,421258,8.0,0.035,65.0,5.0,0.0356,52.0,,,,,,,,,,,,,,,,,,
2026-08-03 20:51:09,421260,5.0,0.0239,78.0,4.0,0.0306,52.0,,,,,,,,,,,,,,,,,,
2026-08-03 20:51:39,421258,3.0,0.0139,71.0,3.0,0.0217,56.0,,,,,,,,,,,,,,,,,,
2026-08-03 20:51:39,421260,6.0,0.0339,71.0,5.0,0.0339,56.0,,,,,,,,,,,,,,,,,,
2026-08-03 20:52:09,421258,5.0,0.0217,71.0,2.0,0.0356,44.0,,,,,,,,,,,,,,,,,,
2026-08-03 20:52:09,421260,3.0,0.0139,78.0,3.0,0.0178,60.0,,,,,,,,,,,,,,,,,,
2026-08-03 20:52:39,421258,3.0,0.0117,78.0,5.0,0.0628,52.0,,,,,,,,,,,,,,,,,,
2026-08-03 20:52:39,421260,3.0,0.0156,71.0,6.0,0.0389,60.0,,,,,,,,,,,,,,,,,,
2026-08-03 20:53:09,421258,4.0,0.0156,86.0,2.0,0.0117,65.0,,,,,,,,,,,,,,,,,,
2026-08-03 20:53:09,421260,2.0,0.0106,71.0,2.0,0.0206,56.0,,,,,,,,,,,,,,,,,,
2026-08-03 20:53:39,421258,5.0,0.02,71.0,5.0,0.0606,52.0,,,,,,,,,,,,,,,,,,
2026-08-03 20:53:39,421260,2.0,0.01,71.0,6.0,0.0356,65.0,,,,,,,,,,,,,,,,,,
2026-08-03 20:54:09,421258,4.0,0.0167,78.0,5.0,0.03,56.0,,,,,,,,,,,,,,,,,,
2026-08-03 20:54:09,421260,1.0,0.005,78.0,2.0,0.0117,65.0,,,,,,,,,,,,,,,,,,
2026-08-03 20:54:39,421258,3.0,0.0117,78.0,5.0,0.0317,56.0,,,,,,,,,,,,,,,,,,
2026-08-03 20:54:39,421260,4.0,0.0217,71.0,3.0,0.0256,52.0,,,,,,,,,,,,,,,,,,
2026-08-03 20:55:09,421258,0.0,0.0,0.0,1.0,0.0067,52.0,,,,,,,,,,,,,,,,,,
2026-08-03 20:55:09,421260,3.0,0.015,71.0,4.0,0.0339,52.0,,,,,,,,,,,,,,,,,,
2026-08-03 20:55:39,421258,3.0,0.0139,60.0,7.0,0.0606,49.0,,,,,,,,,,,,,,,,,,
2026-08-03 20:55:39,421260,0.0,0.0,0.0,1.0,0.005,71.0,,,,,,,,,,,,,,,,,,
2026-08-03 20:56:09,421258,1.0,0.0039,60.0,2.0,0.015,56.0,,,,,,,,,,,,,,,,,,
2026-08-03 20:56:09,421260,5.0,0.0289,71.0,4.0,0.0289,56.0,,,,,,,,,,,,,,,,,,
2026-08-03 20:56:39,421258,3.0,0.0117,78.0,2.0,0.0167,65.0,,,,,,,,,,,,,,,,,,
2026-08-03 20:56:39,421260,5.0,0.0256,60.0,5.0,0.035,56.0,,,,,,,,,,,,,,,,,,
2026-08-03 20:57:09,421258,4.0,0.0189,60.0,4.0,0.0506,49.0,,,,,,,,,,,,,,,,,,
2026-08-03 20:57:09,421260,0.0,0.0,0.0,1.0,0.0056,71.0,,,,,,,,,,,,,,,,,,
2026-08-03 20:57:39,421258,2.0,0.0117,78.0,0.0,0.0,0.0,,,,,,,,,,,,,,,,,,
2026-08-03 20:57:39,421260,6.0,0.0356,65.0,5.0,0.0356,56.0,,,,,,,,,,,,,,,,,,
2026-08-03 20:58:09,421258,3.0,0.0078,78.0,2.0,0.015,60.0,,,,,,,,,,,,,,,,,,
2026-08-03 20:58:09,421260,1.0,0.0056,65.0,2.0,0.015,56.0,,,,,,,,,,,,,,,,,,
2026-08-03 20:58:39,421258,5.0,0.0217,71.0,5.0,0.0378,49.0,,,,,,,,,,,,,,,,,,
2026-08-03 20:58:39,421260,1.0,0.0067,65.0,2.0,0.0139,60.0,,,,,,,,,,,,,,,,,,
2026-08-03 20:59:09,421258,2.0,0.0078,86.0,3.0,0.0389,49.0,,,,,,,,,,,,,,,,,,
2026-08-03 20:59:09,421260,2.0,0.0106,71.0,4.0,0.0278,60.0,,,,,,,,,,,,,,,,,,
2026-08-03 20:59:39,421258,3.0,0.0117,78.0,5.0,0.0317,60.0,,,,,,,,,,,,,,,,,,
2026-08-03 20:59:39,421260,4.0,0.0317,71.0,6.0,0.0367,52.0,,,,,,,,,,,,,,,,,,
2026-08-03 21:00:09,421258,1.0,0.0039,60.0,1.0,0.0128,52.0,,,,,,,,,,,,,,,,,,
2026-08-03 21:00:09,421260,4.0,0.0206,71.0,2.0,0.015,56.0,,,,,,,,,,,,,,,,,,
2026-08-03 21:00:39,421258,3.0,0.0156,78.0,3.0,0.0178,56.0,,,,,,,,,,,,,,,,,,
2026-08-03 21:00:39,421260,3.0,0.0156,65.0,6.0,0.0478,49.0,,,,,,,,,,,,,,,,,,
2026-08-03 21:01:09,421258,3.0,0.0217,65.0,1.0,0.0067,60.0,,,,,,,,,,,,,,,,,,
2026-08-03 21:01:09,421260,1.0,0.0056,71.0,3.0,0.0239,46.0,,,,,,,,,,,,,,,,,,
2026-08-03 21:01:39,421258,4.0,0.0178,65.0,5.0,0.0428,49.0,,,,,,,,,,,,,,,,,,
2026-08-03 21:01:39,421260,1.0,0.0056,65.0,1.0,0.0056,65.0,,,,,,,,,,,,,,,,,,
2026-08-03 21:02:09,421258,2.0,0.0078,78.0,5.0,0.0428,52.0,,,,,,,,,,,,,,,,,,
2026-08-03 21:02:09,421260,4.0,0.0256,65.0,4.0,0.0317,52.0,,,,,,,,,,,,,,,,,,
2026-08-03 21:02:39,421258,1.0,0.0039,60.0,4.0,0.0278,60.0,,,,,,,,,,,,,,,,,,
2026-08-03 21:02:39,421260,4.0,0.0217,71.0,3.0,0.0217,56.0,,,,,,,,,,,,,,,,,,
2026-08-03 21:03:09,421258,2.0,0.0089,65.0,7.0,0.0539,49.0,,,,,,,,,,,,,,,,,,
2026-08-03 21:03:09,421260,6.0,0.0367,65.0,6.0,0.0706,52.0,,,,,,,,,,,,,,,,,,
2026-08-03 21:03:39,421258,1.0,0.0039,78.0,0.0,0.0,0.0,,,,,,,,,,,,,,,,,,
2026-08-03 21:03:39,421260,4.0,0.0256,60.0,4.0,0.0328,52.0,,,,,,,,,,,,,,,,,,
2026-08-03 21:04:09,421258,3.0,0.0139,65.0,3.0,0.0428,44.0,,,,,,,,,,,,,,,,,,
2026-08-03 21:04:09,421260,3.0,0.0178,65.0,4.0,0.025,60.0,,,,,,,,,,,,,,,,,,
2026-08-03 21:04:39,421258,7.0,0.0278,71.0,5.0,0.0428,56.0,,,,,,,,,,,,,,,,,,
2026-08-03 21:04:39,421260,3.0,0.0167,65.0,6.0,0.0439,52.0,,,,,,,,,,,,,,,,,,
2026-08-03 21:05:09,421258,0.0,0.0,0.0,5.0,0.0567,46.0,,,,,,,,,,,,,,,,,,
2026-08-03 21:05:09,421260,4.0,0.025,65.0,3.0,0.0206,52.0,,,,,,,,,,,,,,,,,,
2026-08-03 21:05:39,421258,3.0,0.0139,60.0,5.0,0.0378,56.0,,,,,,,,,,,,,,,,,,
2026-08-03 21:05:39,421260,0.0,0.0,0.0,4.0,0.03,56.0,,,,,,,,,,,,,,,,,,
2026-08-03 21:06:09,421258,6.0,0.0267,65.0,5.0,0.0356,49.0,,,,,,,,,,,,,,,,,,
2026-08-03 21:06:09,421260,4.0,0.0217,71.0,3.0,0.0217,52.0,,,,,,,,,,,,,,,,,,
2026-08-03 21:06:39,421258,3.0,0.0139,71.0,3.0,0.0228,46.0,,,,,,,,,,,,,,,,,,
2026-08-03 21:06:39,421260,0.0,0.0,0.0,2.0,0.015,56.0,,,,,,,,,,,,,,,,,,
2026-08-03 21:07:09,421258,4.0,0.02,71.0,4.0,0.0339,49.0,,,,,,,,,,,,,,,,,,
2026-08-03 21:07:09,421260,1.0,0.005,71.0,4.0,0.0289,56.0,,,,,,,,,,,,,,,,,,
2026-08-03 21:07:39,421258,4.0,0.0178,71.0,2.0,0.015,49.0,,,,,,,,,,,,,,,,,,
2026-08-03 21:07:39,421260,1.0,0.0056,60.0,2.0,0.0128,56.0,,,,,,,,,,,,,,,,,,
2026-08-03 21:08:09,421258,2.0,0.0078,65.0,3.0,0.0256,52.0,,,,,,,,,,,,,,,,,,
2026-08-03 21:08:09,421260,2.0,0.0128,60.0,4.0,0.0256,56.0,,,,,,,,,,,,,,,,,,
2026-08-03 21:08:39,421258,0.0,0.0,0.0,3.0,0.0256,46.0,,,,,,,,,,,,,,,,,,
2026-08-03 21:08:39,421260,3.0,0.0167,71.0,3.0,0.0217,56.0,,,,,,,,,,,,,,,,,,
2026-08-03 21:09:09,421258,2.0,0.0078,78.0,3.0,0.0228,56.0,,,,,,,,,,,,,,,,,,
2026-08-03 21:09:09,421260,6.0,0.035,65.0,3.0,0.0289,56.0,,,,,,,,,,,,,,,,,,
2026-08-03 21:09:39,421258,1.0,0.0039,78.0,2.0,0.015,52.0,,,,,,,,,,,,,,,,,,
2026-08-03 21:09:39,421260,0.0,0.0,0.0,3.0,0.02,56.0,,,,,,,,,,,,,,,,,,
2026-08-03 21:10:09,421258,4.0,0.0156,71.0,4.0,0.03,52.0,,,,,,,,,,,,,,,,,,
2026-08-03 21:10:09,421260,6.0,0.0328,65.0,5.0,0.0339,56.0,,,,,,,,,,,,,,,,,,
2026-08-03 21:10:39,421258,2.0,0.0078,78.0,2.0,0.0128,56.0,,,,,,,,,,,,,,,,,,
2026-08-03 21:10:39,421260,1.0,0.005,65.0,6.0,0.045,52.0,,,,,,,,,,,,,,,,,,
2026-08-03 21:11:09,421258,5.0,0.0228,65.0,4.0,0.04,46.0,,,,,,,,,,,,,,,,,,
2026-08-03 21:11:09,421260,0.0,0.0,0.0,4.0,0.0289,56.0,,,,,,,,,,,,,,,,,,
2026-08-03 21:11:39,421258,0.0,0.0,0.0,1.0,0.0067,60.0,,,,,,,,,,,,,,,,,,
2026-08-03 21:11:39,421260,5.0,0.0289,65.0,11.0,0.0817,56.0,,,,,,,,,,,,,,,,,,
2026-08-03 21:12:09,421258,5.0,0.0217,65.0,6.0,0.05,49.0,,,,,,,,,,,,,,,,,,
2026-08-03 21:12:09,421260,3.0,0.0139,78.0,3.0,0.0178,65.0,,,,,,,,,,,,,,,,,,
2026-08-03 21:12:39,421258,1.0,0.0039,78.0,7.0,0.05,49.0,,,,,,,,,,,,,,,,,,
2026-08-03 21:12:39,421260,6.0,0.0339,71.0,3.0,0.02,60.0,,,,,,,,,,,,,,,,,,
2026-08-03 21:13:09,421258,1.0,0.005,78.0,4.0,0.03,52.0,,,,,,,,,,,,,,,,,,
2026-08-03 21:13:09,421260,3.0,0.015,65.0,7.0,0.055,46.0,,,,,,,,,,,,,,,,,,
2026-08-03 21:13:39,421258,10.0,0.0417,71.0,6.0,0.065,49.0,,,,,,,,,,,,,,,,,,
2026-08-03 21:13:39,421260,6.0,0.035,65.0,7.0,0.0706,40.0,,,,,,,,,,,,,,,,,,
2026-08-03 21:14:09,421258,6.0,0.0239,78.0,6.0,0.0428,56.0,,,,,,,,,,,,,,,,,,
2026-08-03 21:14:09,421260,4.0,0.0206,71.0,5.0,0.0417,52.0,,,,,,,,,,,,,,,,,,
2026-08-03 21:14:39,421258,2.0,0.0089,65.0,3.0,0.0217,56.0,,,,,,,,,,,,,,,,,,
2026-08-03 21:14:39,421260,5.0,0.0267,71.0,5.0,0.0328,60.0,,,,,,,,,,,,,,,,,,
2026-08-03 21:15:09,421258,2.0,0.0117,60.0,2.0,0.0117,60.0,,,,,,,,,,,,,,,,,,
2026-08-03 21:15:09,421260,2.0,0.0106,65.0,3.0,0.0178,65.0,,,,,,,,,,,,,,,,,,
2026-08-03 21:15:39,421258,5.0,0.0206,65.0,3.0,0.02,56.0,,,,,,,,,,,,,,,,,,
2026-08-03 21:15:39,421260,7.0,0.0367,71.0,6.0,0.0389,65.0,,,,,,,,,,,,,,,,,,
2026-08-03 21:16:09,421258,8.0,0.0367,65.0,8.0,0.1539,42.0,,,,,,,,,,,,,,,,,,
2026-08-03 21:16:09,421260,5.0,0.0278,65.0,3.0,0.03,56.0,,,,,,,,,,,,,,,,,,
2026-08-03 21:16:39,421258,3.0,0.0117,71.0,4.0,0.0239,52.0,,,,,,,,,,,,,,,,,,
2026-08-03 21:16:39,421260,2.0,0.0106,65.0,2.0,0.0128,60.0,,,,,,,,,,,,,,,,,,
2026-08-03 21:17:09,421258,4.0,0.0156,78.0,5.0,0.055,56.0,,,,,,,,,,,,,,,,,,
2026-08-03 21:17:09,421260,2.0,0.0089,78.0,4.0,0.0278,56.0,,,,,,,,,,,,,,,,,,
2026-08-03 21:17:39,421258,3.0,0.0117,78.0,7.0,0.0489,56.0,,,,,,,,,,,,,,,,,,
2026-08-03 21:17:39,421260,0.0,0.0,0.0,5.0,0.0367,52.0,,,,,,,,,,,,,,,,,,
2026-08-03 21:18:09,421258,3.0,0.0117,71.0,2.0,0.0189,65.0,,,,,,,,,,,,,,,,,,
2026-08-03 21:18:09,421260,7.0,0.0389,71.0,5.0,0.0306,60.0,,,,,,,,,,,,,,,,,,
2026-08-03 21:18:39,421258,3.0,0.0117,71.0,1.0,0.0067,52.0,,,,,,,,,,,,,,,,,,
2026-08-03 21:18:39,421260,4.0,0.0189,71.0,4.0,0.0267,65.0,,,,,,,,,,,,,,,,,,
2026-08-03 21:19:09,421258,2.0,0.0078,78.0,5.0,0.0356,52.0,,,,,,,,,,,,,,,,,,
2026-08-03 21:19:09,421260,0.0,0.0,0.0,3.0,0.0217,56.0,,,,,,,,,,,,,,,,,,
2026-08-03 21:19:39,421258,2.0,0.0078,86.0,3.0,0.02,56.0,,,,,,,,,,,,,,,,,,
2026-08-03 21:19:39,421260,3.0,0.015,71.0,3.0,0.0206,56.0,,,,,,,,,,,,,,,,,,
2026-08-03 21:20:09,421258,8.0,0.035,71.0,7.0,0.0506,52.0,,,,,,,,,,,,,,,,,,
2026-08-03 21:20:09,421260,2.0,0.015,71.0,5.0,0.045,56.0,,,,,,,,,,,,,,,,,,
2026-08-03 21:20:39,421258,2.0,0.0078,78.0,3.0,0.0217,56.0,,,,,,,,,,,,,,,,,,
2026-08-03 21:20:39,421260,4.0,0.0189,65.0,5.0,0.0328,56.0,,,,,,,,,,,,,,,,,,
2026-08-03 21:21:09,421258,1.0,0.0039,78.0,2.0,0.015,52.0,,,,,,,,,,,,,,,,,,
2026-08-03 21:21:09,421260,6.0,0.0328,71.0,6.0,0.045,56.0,,,,,,,,,,,,,,,,,,
2026-08-03 21:21:39,421258,2.0,0.01,78.0,2.0,0.0167,52.0,,,,,,,,,,,,,,,,,,
2026-08-03 21:21:39,421260,7.0,0.0417,71.0,6.0,0.0428,56.0,,,,,,,,,,,,,,,,,,
2026-08-03 21:22:09,421258,2.0,0.0078,78.0,6.0,0.0378,60.0,,,,,,,,,,,,,,,,,,
2026-08-03 21:22:09,421260,1.0,0.0039,96.0,6.0,0.0406,60.0,,,,,,,,,,,,,,,,,,
2026-08-03 21:22:39,421258,3.0,0.0117,65.0,5.0,0.0517,49.0,,,,,,,,,,,,,,,,,,
2026-08-03 21:22:39,421260,1.0,0.0056,78.0,1.0,0.0067,52.0,,,,,,,,,,,,,,,,,,
2026-08-03 21:23:09,421258,6.0,0.0239,71.0,6.0,0.0589,56.0,,,,,,,,,,,,,,,,,,
2026-08-03 21:23:09,421260,2.0,0.0117,65.0,1.0,0.0078,49.0,,,,,,,,,,,,,,,,,,
2026-08-03 21:23:39,421258,5.0,0.0239,71.0,6.0,0.0406,60.0,,,,,,,,,,,,,,,,,,
2026-08-03 21:23:39,421260,3.0,0.0156,71.0,3.0,0.02,56.0,,,,,,,,,,,,,,,,,,
2026-08-03 21:24:09,421258,5.0,0.0239,60.0,5.0,0.0356,52.0,,,,,,,,,,,,,,,,,,
2026-08-03 21:24:09,421260,3.0,0.0206,56.0,1.0,0.0078,46.0,,,,,,,,,,,,,,,,,,
2026-08-03 21:24:39,421258,0.0,0.0,0.0,1.0,0.0067,52.0,,,,,,,,,,,,,,,,,,
2026-08-03 21:24:39,421260,4.0,0.02,65.0,3.0,0.0206,56.0,,,,,,,,,,,,,,,,,,
2026-08-03 21:25:09,421258,4.0,0.0178,71.0,2.0,0.015,56.0,,,,,,,,,,,,,,,,,,
2026-08-03 21:25:09,421260,4.0,0.0228,65.0,2.0,0.0156,52.0,,,,,,,,,,,,,,,,,,
2026-08-03 21:25:39,421258,1.0,0.0039,60.0,1.0,0.0067,60.0,,,,,,,,,,,,,,,,,,
2026-08-03 21:25:39,421260,1.0,0.0056,65.0,5.0,0.035,56.0,,,,,,,,,,,,,,,,,,
2026-08-03 21:26:09,421258,3.0,0.0139,71.0,3.0,0.0189,56.0,,,,,,,,,,,,,,,,,,
2026-08-03 21:26:09,421260,0.0,0.0,0.0,1.0,0.0067,60.0,,,,,,,,,,,,,,,,,,
2026-08-03 21:26:39,421258,2.0,0.0089,65.0,4.0,0.0267,52.0,,,,,,,,,,,,,,,,,,
2026-08-03 21:26:39,421260,4.0,0.0228,65.0,6.0,0.0439,52.0,,,,,,,,,,,,,,,,,,
2026-08-03 21:27:09,421258,2.0,0.0078,78.0,3.0,0.0239,49.0,,,,,,,,,,,,,,,,,,
2026-08-03 21:27:09,421260,3.0,0.0167,60.0,8.0,0.0606,56.0,,,,,,,,,,,,,,,,,,
2026-08-03 21:27:39,421258,1.0,0.0039,60.0,3.0,0.0267,44.0,,,,,,,,,,,,,,,,,,
2026-08-03 21:27:39,421260,3.0,0.0156,71.0,7.0,0.045,60.0,,,,,,,,,,,,,,,,,,
2026-08-03 21:28:09,421258,0.0,0.0,0.0,4.0,0.03,52.0,,,,,,,,,,,,,,,,,,
2026-08-03 21:28:09,421260,6.0,0.0356,65.0,6.0,0.04,60.0,,,,,,,,,,,,,,,,,,
2026-08-03 21:28:39,421258,3.0,0.0117,78.0,3.0,0.02,56.0,,,,,,,,,,,,,,,,,,
2026-08-03 21:28:39,421260,5.0,0.0267,71.0,4.0,0.0306,56.0,,,,,,,,,,,,,,,,,,
2026-08-03 21:29:09,421258,0.0,0.0,0.0,4.0,0.0306,49.0,,,,,,,,,,,,,,,,,,
2026-08-03 21:29:09,421260,3.0,0.0167,60.0,8.0,0.0628,49.0,,,,,,,,,,,,,,,,,,
2026-08-03 21:29:39,421258,13.0,0.0617,60.0,12.0,0.13,44.0,,,,,,,,,,,,,,,,,,
2026-08-03 21:29:39,421260,5.0,0.0289,65.0,4.0,0.0256,56.0,,,,,,,,,,,,,,,,,,
2026-08-03 21:30:09,421258,5.0,0.02,71.0,3.0,0.0217,52.0,,,,,,,,,,,,,,,,,,
2026-08-03 21:30:09,421260,3.0,0.0167,71.0,4.0,0.025,60.0,,,,,,,,,,,,,,,,,,
2026-08-03 21:30:39,421258,3.0,0.015,65.0,4.0,0.0517,52.0,,,,,,,,,,,,,,,,,,
2026-08-03 21:30:39,421260,1.0,0.005,78.0,3.0,0.02,60.0,,,,,,,,,,,,,,,,,,
2026-08-03 21:31:09,421258,2.0,0.0078,65.0,3.0,0.0417,52.0,,,,,,,,,,,,,,,,,,
2026-08-03 21:31:09,421260,3.0,0.0178,65.0,7.0,0.0539,52.0,,,,,,,,,,,,,,,,,,
2026-08-03 21:31:39,421258,9.0,0.0378,65.0,6.0,0.0417,56.0,,,,,,,,,,,,,,,,,,
2026-08-03 21:31:39,421260,5.0,0.0378,52.0,4.0,0.0339,46.0,,,,,,,,,,,,,,,,,,
2026-08-03 21:32:09,421258,2.0,0.0078,78.0,4.0,0.03,52.0,,,,,,,,,,,,,,,,,,
2026-08-03 21:32:09,421260,1.0,0.005,78.0,2.0,0.0117,71.0,,,,,,,,,,,,,,,,,,
2026-08-03 21:32:39,421258,1.0,0.0039,78.0,4.0,0.0278,60.0,,,,,,,,,,,,,,,,,,
2026-08-03 21:32:39,421260,2.0,0.01,71.0,0.0,0.0,0.0,,,,,,,,,,,,,,,,,,
2026-08-03 21:33:09,421258,1.0,0.0039,60.0,3.0,0.0239,49.0,,,,,,,,,,,,,,,,,,
2026-08-03 21:33:09,421260,2.0,0.0117,71.0,3.0,0.0178,65.0,,,,,,,,,,,,,,,,,,
2026-08-03 21:33:39,421258,5.0,0.02,71.0,3.0,0.0628,52.0,,,,,,,,,,,,,,,,,,
2026-08-03 21:33:39,421260,2.0,0.0106,71.0,5.0,0.0356,60.0,,,,,,,,,,,,,,,,,,
2026-08-03 21:34:09,421258,3.0,0.015,60.0,4.0,0.0278,52.0,,,,,,,,,,,,,,,,,,
2026-08-03 21:34:09,421260,0.0,0.0,0.0,2.0,0.0128,60.0,,,,,,,,,,,,,,,,,,
2026-08-03 21:34:39,421258,1.0,0.0039,78.0,1.0,0.0067,60.0,,,,,,,,,,,,,,,,,,
2026-08-03 21:34:39,421260,5.0,0.0289,65.0,4.0,0.0267,60.0,,,,,,,,,,,,,,,,,,
2026-08-03 21:35:09,421258,2.0,0.01,78.0,3.0,0.0178,65.0,,,,,,,,,,,,,,,,,,
2026-08-03 21:35:09,421260,5.0,0.0289,71.0,5.0,0.0389,56.0,,,,,,,,,,,,,,,,,,
2026-08-03 21:35:39,421258,3.0,0.0117,71.0,4.0,0.0306,52.0,,,,,,,,,,,,,,,,,,
2026-08-03 21:35:39,421260,0.0,0.0,0.0,3.0,0.02,56.0,,,,,,,,,,,,,,,,,,
2026-08-03 21:36:09,421258,1.0,0.005,60.0,2.0,0.0089,60.0,,,,,,,,,,,,,,,,,,
2026-08-03 21:36:09,421260,1.0,0.0067,60.0,5.0,0.0328,60.0,,,,,,,,,,,,,,,,,,
2026-08-03 21:36:39,421258,5.0,0.02,78.0,4.0,0.03,60.0,,,,,,,,,,,,,,,,,,
2026-08-03 21:36:39,421260,4.0,0.0206,71.0,5.0,0.0339,56.0,,,,,,,,,,,,,,,,,,
2026-08-03 21:37:09,421258,3.0,0.015,65.0,3.0,0.0478,44.0,,,,,,,,,,,,,,,,,,
2026-08-03 21:37:09,421260,8.0,0.045,65.0,4.0,0.0306,52.0,,,,,,,,,,,,,,,,,,
2026-08-03 21:37:39,421258,1.0,0.0039,78.0,4.0,0.0339,49.0,,,,,,,,,,,,,,,,,,
2026-08-03 21:37:39,421260,1.0,0.0056,65.0,1.0,0.0067,56.0,,,,,,,,,,,,,,,,,,
2026-08-03 21:38:09,421258,1.0,0.0039,139.0,3.0,0.0189,65.0,,,,,,,,,,,,,,,,,,
2026-08-03 21:38:09,421260,1.0,0.005,78.0,2.0,0.0139,60.0,,,,,,,,,,,,,,,,,,
2026-08-03 21:38:39,421258,7.0,0.03,65.0,6.0,0.0506,46.0,,,,,,,,,,,,,,,,,,
2026-08-03 21:38:39,421260,2.0,0.0117,71.0,4.0,0.0256,56.0,,,,,,,,,,,,,,,,,,
2026-08-03 21:39:09,421258,5.0,0.02,71.0,2.0,0.015,56.0,,,,,,,,,,,,,,,,,,
2026-08-03 21:39:09,421260,3.0,0.0167,65.0,1.0,0.0056,60.0,,,,,,,,,,,,,,,,,,
2026-08-03 21:39:39,421258,2.0,0.0089,60.0,3.0,0.02,52.0,,,,,,,,,,,,,,,,,,
2026-08-03 21:39:39,421260,2.0,0.0128,65.0,5.0,0.0289,52.0,,,,,,,,,,,,,,,,,,
2026-08-03 21:40:09,421258,1.0,0.0039,96.0,2.0,0.015,56.0,,,,,,,,,,,,,,,,,,
2026-08-03 21:40:09,421260,1.0,0.005,71.0,1.0,0.0067,52.0,,,,,,,,,,,,,,,,,,
2026-08-03 21:40:39,421258,3.0,0.0139,71.0,2.0,0.0128,60.0,,,,,,,,,,,,,,,,,,
2026-08-03 21:40:39,421260,2.0,0.0117,65.0,2.0,0.0167,52.0,,,,,,,,,,,,,,,,,,
2026-08-03 21:41:09,421258,2.0,0.0078,78.0,5.0,0.0339,56.0,,,,,,,,,,,,,,,,,,
2026-08-03 21:41:09,421260,7.0,0.0378,65.0,5.0,0.0367,56.0,,,,,,,,,,,,,,,,,,
2026-08-03 21:41:39,421258,1.0,0.0039,60.0,2.0,0.0339,52.0,,,,,,,,,,,,,,,,,,
2026-08-03 21:41:39,421260,3.0,0.0156,65.0,5.0,0.035,56.0,,,,,,,,,,,,,,,,,,
2026-08-03 21:42:09,421258,0.0,0.0,0.0,0.0,0.0,0.0,,,,,,,,,,,,,,,,,,
2026-08-03 21:42:09,421260,3.0,0.0189,60.0,3.0,0.0228,60.0,,,,,,,,,,,,,,,,,,
2026-08-03 21:42:39,421258,3.0,0.0139,60.0,3.0,0.0217,56.0,,,,,,,,,,,,,,,,,,
2026-08-03 21:42:39,421260,7.0,0.0406,65.0,8.0,0.0567,56.0,,,,,,,,,,,,,,,,,,
2026-08-03 21:43:09,421258,5.0,0.02,71.0,3.0,0.0267,52.0,,,,,,,,,,,,,,,,,,
2026-08-03 21:43:09,421260,0.0,0.0,0.0,0.0,0.0,0.0,,,,,,,,,,,,,,,,,,
2026-08-03 21:43:39,421258,5.0,0.02,71.0,6.0,0.0467,52.0,,,,,,,,,,,,,,,,,,
2026-08-03 21:43:39,421260,5.0,0.0256,65.0,4.0,0.0289,56.0,,,,,,,,,,,,,,,,,,
2026-08-03 21:44:09,421258,1.0,0.0039,78.0,4.0,0.0317,52.0,,,,,,,,,,,,,,,,,,
2026-08-03 21:44:09,421260,5.0,0.0256,71.0,3.0,0.0217,52.0,,,,,,,,,,,,,,,,,,
2026-08-03 21:44:39,421258,9.0,0.0406,71.0,4.0,0.0278,56.0,,,,,,,,,,,,,,,,,,
2026-08-03 21:44:39,421260,4.0,0.0206,71.0,3.0,0.0278,56.0,,,,,,,,,,,,,,,,,,
2026-08-03 21:45:09,421258,0.0,0.0,0.0,3.0,0.0239,49.0,,,,,,,,,,,,,,,,,,
2026-08-03 21:45:09,421260,2.0,0.0106,65.0,6.0,0.045,60.0,,,,,,,,,,,,,,,,,,
2026-08-03 21:45:39,421258,6.0,0.0256,65.0,3.0,0.0306,46.0,,,,,,,,,,,,,,,,,,
2026-08-03 21:45:39,421260,3.0,0.015,71.0,1.0,0.0056,65.0,,,,,,,,,,,,,,,,,,
2026-08-03 21:46:09,421258,3.0,0.0117,71.0,4.0,0.0228,52.0,,,,,,,,,,,,,,,,,,
2026-08-03 21:46:09,421260,2.0,0.0106,71.0,7.0,0.0578,60.0,,,,,,,,,,,,,,,,,,
2026-08-03 21:46:39,421258,3.0,0.0117,71.0,2.0,0.04,42.0,,,,,,,,,,,,,,,,,,
2026-08-03 21:46:39,421260,6.0,0.0328,71.0,5.0,0.0317,60.0,,,,,,,,,,,,,,,,,,
2026-08-03 21:47:09,421258,4.0,0.0178,65.0,4.0,0.0628,44.0,,,,,,,,,,,,,,,,,,
2026-08-03 21:47:09,421260,0.0,0.0,0.0,1.0,0.0067,60.0,,,,,,,,,,,,,,,,,,
2026-08-03 21:47:39,421258,4.0,0.0156,78.0,2.0,0.0128,52.0,,,,,,,,,,,,,,,,,,
2026-08-03 21:47:39,421260,4.0,0.0228,65.0,3.0,0.0189,60.0,,,,,,,,,,,,,,,,,,
2026-08-03 21:48:09,421258,4.0,0.0156,71.0,5.0,0.0428,56.0,,,,,,,,,,,,,,,,,,
2026-08-03 21:48:09,421260,1.0,0.005,71.0,2.0,0.0228,52.0,,,,,,,,,,,,,,,,,,
2026-08-03 21:48:39,421258,3.0,0.0117,78.0,5.0,0.0378,49.0,,,,,,,,,,,,,,,,,,
2026-08-03 21:48:39,421260,2.0,0.0106,71.0,1.0,0.0067,56.0,,,,,,,,,,,,,,,,,,
2026-08-03 21:49:09,421258,1.0,0.005,78.0,4.0,0.0306,52.0,,,,,,,,,,,,,,,,,,
2026-08-03 21:49:09,421260,6.0,0.0356,65.0,6.0,0.0456,52.0,,,,,,,,,,,,,,,,,,
2026-08-03 21:49:39,421258,0.0,0.0,0.0,3.0,0.0217,56.0,,,,,,,,,,,,,,,,,,
2026-08-03 21:49:39,421260,3.0,0.0156,71.0,3.0,0.0206,56.0,,,,,,,,,,,,,,,,,,
2026-08-03 21:50:09,421258,2.0,0.0078,78.0,2.0,0.0206,52.0,,,,,,,,,,,,,,,,,,
2026-08-03 21:50:09,421260,0.0,0.0,0.0,0.0,0.0,0.0,,,,,,,,,,,,,,,,,,
2026-08-03 21:50:39,421258,3.0,0.0117,78.0,2.0,0.0128,56.0,,,,,,,,,,,,,,,,,,
2026-08-03 21:50:39,421260,3.0,0.0139,71.0,4.0,0.025,60.0,,,,,,,,,,,,,,,,,,
2026-08-03 21:51:09,421258,4.0,0.0156,65.0,3.0,0.02,56.0,,,,,,,,,,,,,,,,,,
2026-08-03 21:51:09,421260,3.0,0.0189,65.0,5.0,0.0417,56.0,,,,,,,,,,,,,,,,,,
2026-08-03 21:51:39,421258,1.0,0.0039,78.0,6.0,0.0417,56.0,,,,,,,,,,,,,,,,,,
2026-08-03 21:51:39,421260,2.0,0.0117,71.0,6.0,0.0439,52.0,,,,,,,,,,,,,,,,,,
2026-08-03 21:52:09,421258,0.0,0.0,0.0,1.0,0.0067,60.0,,,,,,,,,,,,,,,,,,
2026-08-03 21:52:09,421260,2.0,0.01,65.0,3.0,0.0206,60.0,,,,,,,,,,,,,,,,,,
2026-08-03 21:52:39,421258,2.0,0.0078,78.0,4.0,0.03,52.0,,,,,,,,,,,,,,,,,,
2026-08-03 21:52:39,421260,3.0,0.015,78.0,3.0,0.0178,65.0,,,,,,,,,,,,,,,,,,
2026-08-03 21:53:09,421258,3.0,0.0139,71.0,3.0,0.0256,56.0,,,,,,,,,,,,,,,,,,
2026-08-03 21:53:09,421260,1.0,0.0056,65.0,4.0,0.0289,52.0,,,,,,,,,,,,,,,,,,
2026-08-03 21:53:39,421258,1.0,0.0039,78.0,3.0,0.0256,52.0,,,,,,,,,,,,,,,,,,
2026-08-03 21:53:39,421260,4.0,0.02,65.0,3.0,0.0206,52.0,,,,,,,,,,,,,,,,,,
2026-08-03 21:54:09,421258,4.0,0.0156,65.0,6.0,0.0528,49.0,,,,,,,,,,,,,,,,,,
2026-08-03 21:54:09,421260,4.0,0.0217,71.0,3.0,0.0167,65.0,,,,,,,,,,,,,,,,,,
2026-08-03 21:54:39,421258,1.0,0.0039,78.0,3.0,0.0189,60.0,,,,,,,,,,,,,,,,,,
2026-08-03 21:54:39,421260,0.0,0.0,0.0,2.0,0.0128,65.0,,,,,,,,,,,,,,,,,,
2026-08-03 21:55:09,421258,3.0,0.0139,71.0,2.0,0.0217,60.0,,,,,,,,,,,,,,,,,,
2026-08-03 21:55:09,421260,2.0,0.0106,65.0,2.0,0.0139,60.0,,,,,,,,,,,,,,,,,,
2026-08-03 21:55:39,421258,6.0,0.0239,71.0,4.0,0.03,52.0,,,,,,,,,,,,,,,,,,
2026-08-03 21:55:39,421260,3.0,0.0156,71.0,1.0,0.0067,60.0,,,,,,,,,,,,,,,,,,
2026-08-03 21:56:09,421258,2.0,0.0078,78.0,4.0,0.0256,60.0,,,,,,,,,,,,,,,,,,
2026-08-03 21:56:09,421260,2.0,0.0089,71.0,0.0,0.0,0.0,,,,,,,,,,,,,,,,,,
2026-08-03 21:56:39,421258,0.0,0.0,0.0,1.0,0.0067,52.0,,,,,,,,,,,,,,,,,,
2026-08-03 21:56:39,421260,4.0,0.0228,71.0,3.0,0.0206,56.0,,,,,,,,,,,,,,,,,,
2026-08-03 21:57:09,421258,2.0,0.0078,65.0,3.0,0.0228,56.0,,,,,,,,,,,,,,,,,,
2026-08-03 21:57:09,421260,2.0,0.0117,71.0,4.0,0.0278,60.0,,,,,,,,,,,,,,,,,,
2026-08-03 21:57:39,421258,2.0,0.0078,78.0,2.0,0.0117,60.0,,,,,,,,,,,,,,,,,,
2026-08-03 21:57:39,421260,3.0,0.0178,65.0,6.0,0.0378,60.0,,,,,,,,,,,,,,,,,,
2026-08-03 21:58:09,421258,0.0,0.0,0.0,2.0,0.0089,60.0,,,,,,,,,,,,,,,,,,
2026-08-03 21:58:09,421260,2.0,0.0106,71.0,5.0,0.0306,60.0,,,,,,,,,,,,,,,,,,
2026-08-03 21:58:39,421258,4.0,0.0178,71.0,2.0,0.015,56.0,,,,,,,,,,,,,,,,,,
2026-08-03 21:58:39,421260,2.0,0.0117,65.0,2.0,0.0189,52.0,,,,,,,,,,,,,,,,,,
2026-08-03 21:59:09,421258,2.0,0.0089,78.0,5.0,0.0356,56.0,,,,,,,,,,,,,,,,,,
2026-08-03 21:59:09,421260,0.0,0.0,0.0,3.0,0.0189,65.0,,,,,,,,,,,,,,,,,,
2026-08-03 21:59:39,421258,3.0,0.0117,78.0,5.0,0.0356,52.0,,,,,,,,,,,,,,,,,,
2026-08-03 21:59:39,421260,2.0,0.01,71.0,3.0,0.02,60.0,,,,,,,,,,,,,,,,,,
2026-08-03 22:00:09,421258,2.0,0.0089,60.0,3.0,0.0217,52.0,,,,,,,,,,,,,,,,,,
2026-08-03 22:00:09,421260,0.0,0.0,0.0,1.0,0.0067,52.0,,,,,,,,,,,,,,,,,,
2026-08-03 22:00:39,421258,1.0,0.0039,78.0,2.0,0.035,52.0,,,,,,,,,,,,,,,,,,
2026-08-03 22:00:39,421260,8.0,0.0517,60.0,7.0,0.0517,52.0,,,,,,,,,,,,,,,,,,
2026-08-03 22:01:09,421258,1.0,0.0039,78.0,4.0,0.0306,52.0,,,,,,,,,,,,,,,,,,
2026-08-03 22:01:09,421260,2.0,0.01,65.0,1.0,0.0067,56.0,,,,,,,,,,,,,,,,,,
2026-08-03 22:01:39,421258,0.0,0.0,0.0,4.0,0.03,52.0,,,,,,,,,,,,,,,,,,
2026-08-03 22:01:39,421260,1.0,0.005,71.0,5.0,0.0356,60.0,,,,,,,,,,,,,,,,,,
2026-08-03 22:02:09,421258,0.0,0.0,0.0,2.0,0.015,56.0,,,,,,,,,,,,,,,,,,
2026-08-03 22:02:09,421260,3.0,0.0178,65.0,2.0,0.0128,60.0,,,,,,,,,,,,,,,,,,
2026-08-03 22:02:39,421258,5.0,0.0267,60.0,5.0,0.0356,52.0,,,,,,,,,,,,,,,,,,
2026-08-03 22:02:39,421260,3.0,0.0156,65.0,3.0,0.0189,56.0,,,,,,,,,,,,,,,,,,
2026-08-03 22:03:09,421258,4.0,0.0156,65.0,5.0,0.0378,56.0,,,,,,,,,,,,,,,,,,
2026-08-03 22:03:09,421260,5.0,0.0278,71.0,4.0,0.0278,56.0,,,,,,,,,,,,,,,,,,
2026-08-03 22:03:39,421258,0.0,0.0,0.0,3.0,0.0189,56.0,,,,,,,,,,,,,,,,,,
2026-08-03 22:03:39,421260,4.0,0.0189,71.0,1.0,0.0067,46.0,,,,,,,,,,,,,,,,,,
2026-08-03 22:04:09,421258,2.0,0.0089,65.0,4.0,0.0339,52.0,,,,,,,,,,,,,,,,,,
2026-08-03 22:04:09,421260,0.0,0.0,0.0,1.0,0.0056,60.0,,,,,,,,,,,,,,,,,,
2026-08-03 22:04:39,421258,4.0,0.0156,78.0,5.0,0.03,60.0,,,,,,,,,,,,,,,,,,
2026-08-03 22:04:39,421260,2.0,0.0117,60.0,2.0,0.0206,42.0,,,,,,,,,,,,,,,,,,
2026-08-03 22:05:09,421258,4.0,0.0156,65.0,2.0,0.015,52.0,,,,,,,,,,,,,,,,,,
2026-08-03 22:05:09,421260,9.0,0.0556,60.0,6.0,0.0467,49.0,,,,,,,,,,,,,,,,,,
2026-08-03 22:05:39,421258,3.0,0.0117,71.0,2.0,0.0156,52.0,,,,,,,,,,,,,,,,,,
2026-08-03 22:05:39,421260,1.0,0.005,71.0,3.0,0.0206,52.0,,,,,,,,,,,,,,,,,,
2026-08-03 22:06:09,421258,0.0,0.0,0.0,1.0,0.0078,44.0,,,,,,,,,,,,,,,,,,
2026-08-03 22:06:09,421260,3.0,0.0256,65.0,4.0,0.0267,56.0,,,,,,,,,,,,,,,,,,
2026-08-03 22:06:39,421258,2.0,0.0106,60.0,2.0,0.015,52.0,,,,,,,,,,,,,,,,,,
2026-08-03 22:06:39,421260,2.0,0.0117,60.0,2.0,0.0206,56.0,,,,,,,,,,,,,,,,,,
2026-08-03 22:07:09,421258,4.0,0.0156,78.0,6.0,0.0378,60.0,,,,,,,,,,,,,,,,,,
2026-08-03 22:07:09,421260,0.0,0.0,0.0,4.0,0.0317,56.0,,,,,,,,,,,,,,,,,,
2026-08-03 22:07:39,421258,3.0,0.0117,65.0,5.0,0.0578,49.0,,,,,,,,,,,,,,,,,,
2026-08-03 22:07:39,421260,0.0,0.0,0.0,4.0,0.0278,56.0,,,,,,,,,,,,,,,,,,
2026-08-03 22:08:09,421258,4.0,0.0256,65.0,3.0,0.0439,46.0,,,,,,,,,,,,,,,,,,
2026-08-03 22:08:09,421260,2.0,0.0106,65.0,2.0,0.0139,60.0,,,,,,,,,,,,,,,,,,
2026-08-03 22:08:39,421258,2.0,0.0078,65.0,0.0,0.0,0.0,,,,,,,,,,,,,,,,,,
2026-08-03 22:08:39,421260,4.0,0.0217,65.0,6.0,0.04,60.0,,,,,,,,,,,,,,,,,,
2026-08-03 22:09:09,421258,1.0,0.0039,78.0,2.0,0.035,44.0,,,,,,,,,,,,,,,,,,
2026-08-03 22:09:09,421260,5.0,0.0256,65.0,1.0,0.0067,60.0,,,,,,,,,,,,,,,,,,
2026-08-03 22:09:39,421258,1.0,0.0039,78.0,5.0,0.0339,56.0,,,,,,,,,,,,,,,,,,
2026-08-03 22:09:39,421260,0.0,0.0,0.0,0.0,0.0,0.0,,,,,,,,,,,,,,,,,,
2026-08-03 22:10:09,421258,3.0,0.0117,78.0,3.0,0.0167,60.0,,,,,,,,,,,,,,,,,,
2026-08-03 22:10:09,421260,1.0,0.0056,56.0,4.0,0.025,52.0,,,,,,,,,,,,,,,,,,
2026-08-03 22:10:39,421258,1.0,0.0039,78.0,5.0,0.0317,60.0,,,,,,,,,,,,,,,,,,
2026-08-03 22:10:39,421260,0.0,0.0,0.0,1.0,0.0067,60.0,,,,,,,,,,,,,,,,,,
2026-08-03 22:11:09,421258,5.0,0.0217,65.0,3.0,0.0256,52.0,,,,,,,,,,,,,,,,,,
2026-08-03 22:11:09,421260,3.0,0.0178,60.0,4.0,0.025,56.0,,,,,,,,,,,,,,,,,,
2026-08-03 22:11:39,421258,0.0,0.0,0.0,1.0,0.0067,60.0,,,,,,,,,,,,,,,,,,
2026-08-03 22:11:39,421260,0.0,0.0,0.0,2.0,0.0139,52.0,,,,,,,,,,,,,,,,,,
2026-08-03 22:12:09,421258,1.0,0.0039,78.0,1.0,0.0078,60.0,,,,,,,,,,,,,,,,,,
2026-08-03 22:12:09,421260,0.0,0.0,0.0,2.0,0.0106,71.0,,,,,,,,,,,,,,,,,,
2026-08-03 22:12:39,421258,0.0,0.0,0.0,2.0,0.0317,52.0,,,,,,,,,,,,,,,,,,
2026-08-03 22:12:39,421260,3.0,0.0167,65.0,1.0,0.0067,56.0,,,,,,,,,,,,,,,,,,
2026-08-03 22:13:09,421258,2.0,0.0078,78.0,2.0,0.015,52.0,,,,,,,,,,,,,,,,,,
2026-08-03 22:13:09,421260,2.0,0.0117,71.0,7.0,0.0478,56.0,,,,,,,,,,,,,,,,,,
2026-08-03 22:13:39,421258,0.0,0.0,0.0,5.0,0.0378,52.0,,,,,,,,,,,,,,,,,,
2026-08-03 22:13:39,421260,6.0,0.035,65.0,5.0,0.055,56.0,,,,,,,,,,,,,,,,,,
2026-08-03 22:14:09,421258,0.0,0.0,0.0,3.0,0.0178,71.0,,,,,,,,,,,,,,,,,,
2026-08-03 22:14:09,421260,4.0,0.0239,60.0,5.0,0.0356,56.0,,,,,,,,,,,,,,,,,,
2026-08-03 22:14:39,421258,2.0,0.0078,65.0,1.0,0.0078,52.0,,,,,,,,,,,,,,,,,,
2026-08-03 22:14:39,421260,3.0,0.0178,65.0,4.0,0.0267,60.0,,,,,,,,,,,,,,,,,,
2026-08-03 22:15:09,421258,3.0,0.0117,71.0,4.0,0.0317,49.0,,,,,,,,,,,,,,,,,,
2026-08-03 22:15:09,421260,5.0,0.0306,60.0,6.0,0.0556,52.0,,,,,,,,,,,,,,,,,,
2026-08-03 22:15:39,421258,3.0,0.0139,65.0,8.0,0.0778,49.0,,,,,,,,,,,,,,,,,,
2026-08-03 22:15:39,421260,0.0,0.0,0.0,1.0,0.0056,71.0,,,,,,,,,,,,,,,,,,
2026-08-03 22:16:09,421258,3.0,0.0117,65.0,6.0,0.0456,52.0,,,,,,,,,,,,,,,,,,
2026-08-03 22:16:09,421260,5.0,0.0278,65.0,7.0,0.0428,60.0,,,,,,,,,,,,,,,,,,
2026-08-03 22:16:39,421258,5.0,0.02,71.0,4.0,0.0267,60.0,,,,,,,,,,,,,,,,,,
2026-08-03 22:16:39,421260,1.0,0.005,78.0,5.0,0.0378,56.0,,,,,,,,,,,,,,,,,,
2026-08-03 22:17:09,421258,3.0,0.0117,78.0,2.0,0.0139,56.0,,,,,,,,,,,,,,,,,,
2026-08-03 22:17:09,421260,0.0,0.0,0.0,0.0,0.0,0.0,,,,,,,,,,,,,,,,,,
2026-08-03 22:17:39,421258,4.0,0.0156,78.0,4.0,0.0578,52.0,,,,,,,,,,,,,,,,,,
2026-08-03 22:17:39,421260,0.0,0.0006,0.0,3.0,0.0206,56.0,,,,,,,,,,,,,,,,,,
2026-08-03 22:18:09,421258,4.0,0.0156,65.0,4.0,0.0256,60.0,,,,,,,,,,,,,,,,,,
2026-08-03 22:18:09,421260,3.0,0.0139,71.0,6.0,0.0389,60.0,,,,,,,,,,,,,,,,,,
2026-08-03 22:18:39,421258,2.0,0.0078,78.0,5.0,0.04,52.0,,,,,,,,,,,,,,,,,,
2026-08-03 22:18:39,421260,1.0,0.005,71.0,3.0,0.0206,60.0,,,,,,,,,,,,,,,,,,
2026-08-03 22:19:09,421258,0.0,0.0,0.0,0.0,0.0,0.0,,,,,,,,,,,,,,,,,,
2026-08-03 22:19:09,421260,1.0,0.01,78.0,4.0,0.0567,49.0,,,,,,,,,,,,,,,,,,
2026-08-03 22:19:39,421258,2.0,0.0078,78.0,2.0,0.015,56.0,,,,,,,,,,,,,,,,,,
2026-08-03 22:19:39,421260,3.0,0.015,65.0,2.0,0.015,56.0,,,,,,,,,,,,,,,,,,
2026-08-03 22:20:09,421258,2.0,0.0078,78.0,6.0,0.0467,52.0,,,,,,,,,,,,,,,,,,
2026-08-03 22:20:09,421260,2.0,0.0106,71.0,1.0,0.0067,52.0,,,,,,,,,,,,,,,,,,
2026-08-03 22:20:39,421258,1.0,0.0039,78.0,2.0,0.0139,56.0,,,,,,,,,,,,,,,,,,
2026-08-03 22:20:39,421260,0.0,0.0,0.0,3.0,0.0189,60.0,,,,,,,,,,,,,,,,,,
2026-08-03 22:21:09,421258,2.0,0.0078,65.0,1.0,0.0067,52.0,,,,,,,,,,,,,,,,,,
2026-08-03 22:21:09,421260,3.0,0.0156,65.0,4.0,0.0256,60.0,,,,,,,,,,,,,,,,,,
2026-08-03 22:21:39,421258,4.0,0.0189,65.0,6.0,0.0739,49.0,,,,,,,,,,,,,,,,,,
2026-08-03 22:21:39,421260,2.0,0.01,65.0,3.0,0.0178,65.0,,,,,,,,,,,,,,,,,,
2026-08-03 22:22:09,421258,0.0,0.0,0.0,1.0,0.0089,44.0,,,,,,,,,,,,,,,,,,
2026-08-03 22:22:09,421260,6.0,0.0306,71.0,6.0,0.0439,56.0,,,,,,,,,,,,,,,,,,
2026-08-03 22:22:39,421258,1.0,0.005,60.0,2.0,0.0139,60.0,,,,,,,,,,,,,,,,,,
2026-08-03 22:22:39,421260,2.0,0.0106,71.0,3.0,0.0206,56.0,,,,,,,,,,,,,,,,,,
2026-08-03 22:23:09,421258,4.0,0.0156,71.0,3.0,0.0217,56.0,,,,,,,,,,,,,,,,,,
2026-08-03 22:23:09,421260,0.0,0.0,0.0,1.0,0.0067,49.0,,,,,,,,,,,,,,,,,,
2026-08-03 22:23:39,421258,3.0,0.0117,78.0,4.0,0.0278,52.0,,,,,,,,,,,,,,,,,,
2026-08-03 22:23:39,421260,0.0,0.0,0.0,2.0,0.015,56.0,,,,,,,,,,,,,,,,,,
2026-08-03 22:24:09,421258,4.0,0.0178,71.0,7.0,0.0528,52.0,,,,,,,,,,,,,,,,,,
2026-08-03 22:24:09,421260,2.0,0.0089,78.0,2.0,0.0139,56.0,,,,,,,,,,,,,,,,,,
2026-08-03 22:24:39,421258,0.0,0.0,0.0,3.0,0.0256,52.0,,,,,,,,,,,,,,,,,,
2026-08-03 22:24:39,421260,2.0,0.0106,65.0,4.0,0.0328,52.0,,,,,,,,,,,,,,,,,,
2026-08-03 22:25:09,421258,0.0,0.0,0.0,1.0,0.0078,52.0,,,,,,,,,,,,,,,,,,
2026-08-03 22:25:09,421260,2.0,0.01,71.0,2.0,0.0128,60.0,,,,,,,,,,,,,,,,,,
2026-08-03 22:25:39,421258,2.0,0.0078,78.0,3.0,0.0267,49.0,,,,,,,,,,,,,,,,,,
2026-08-03 22:25:39,421260,3.0,0.015,65.0,2.0,0.0117,60.0,,,,,,,,,,,,,,,,,,
2026-08-03 22:26:09,421258,1.0,0.0039,78.0,2.0,0.0117,56.0,,,,,,,,,,,,,,,,,,
2026-08-03 22:26:09,421260,7.0,0.0367,71.0,3.0,0.0189,60.0,,,,,,,,,,,,,,,,,,
2026-08-03 22:26:39,421258,0.0,0.0,0.0,2.0,0.015,52.0,,,,,,,,,,,,,,,,,,
2026-08-03 22:26:39,421260,2.0,0.01,71.0,4.0,0.0306,52.0,,,,,,,,,,,,,,,,,,
2026-08-03 22:27:09,421258,3.0,0.0117,71.0,3.0,0.0467,44.0,,,,,,,,,,,,,,,,,,
2026-08-03 22:27:09,421260,0.0,0.0,0.0,2.0,0.0139,52.0,,,,,,,,,,,,,,,,,,
2026-08-03 22:27:39,421258,5.0,0.02,71.0,2.0,0.0117,60.0,,,,,,,,,,,,,,,,,,
2026-08-03 22:27:39,421260,3.0,0.0178,71.0,2.0,0.0139,56.0,,,,,,,,,,,,,,,,,,
2026-08-03 22:28:09,421258,6.0,0.0256,65.0,4.0,0.0278,52.0,,,,,,,,,,,,,,,,,,
2026-08-03 22:28:09,421260,0.0,0.0,0.0,2.0,0.0167,46.0,,,,,,,,,,,,,,,,,,
2026-08-03 22:28:39,421258,1.0,0.0039,78.0,2.0,0.0128,56.0,,,,,,,,,,,,,,,,,,
2026-08-03 22:28:39,421260,3.0,0.0139,71.0,2.0,0.015,60.0,,,,,,,,,,,,,,,,,,
2026-08-03 22:29:09,421258,2.0,0.0078,65.0,1.0,0.0067,60.0,,,,,,,,,,,,,,,,,,
2026-08-03 22:29:09,421260,4.0,0.0206,65.0,4.0,0.0267,56.0,,,,,,,,,,,,,,,,,,
2026-08-03 22:29:39,421258,2.0,0.0089,65.0,3.0,0.0256,44.0,,,,,,,,,,,,,,,,,,
2026-08-03 22:29:39,421260,0.0,0.0,0.0,2.0,0.015,52.0,,,,,,,,,,,,,,,,,,
2026-08-03 22:30:09,421258,2.0,0.0078,86.0,0.0,0.0,0.0,,,,,,,,,,,,,,,,,,
2026-08-03 22:30:09,421260,1.0,0.0056,65.0,1.0,0.0067,56.0,,,,,,,,,,,,,,,,,,
2026-08-03 22:30:39,421258,1.0,0.005,60.0,3.0,0.0278,44.0,,,,,,,,,,,,,,,,,,
2026-08-03 22:30:39,421260,5.0,0.03,65.0,5.0,0.035,56.0,,,,,,,,,,,,,,,,,,
2026-08-03 22:31:09,421258,4.0,0.0156,78.0,3.0,0.0228,56.0,,,,,,,,,,,,,,,,,,
2026-08-03 22:31:09,421260,4.0,0.0217,65.0,4.0,0.0278,56.0,,,,,,,,,,,,,,,,,,
2026-08-03 22:31:39,421258,1.0,0.0039,78.0,3.0,0.0228,52.0,,,,,,,,,,,,,,,,,,
2026-08-03 22:31:39,421260,0.0,0.0,0.0,2.0,0.0139,60.0,,,,,,,,,,,,,,,,,,
2026-08-03 22:32:09,421258,1.0,0.0039,60.0,1.0,0.0067,52.0,,,,,,,,,,,,,,,,,,
2026-08-03 22:32:09,421260,0.0,0.0,0.0,1.0,0.0128,49.0,,,,,,,,,,,,,,,,,,
2026-08-03 22:32:39,421258,6.0,0.0256,65.0,6.0,0.04,56.0,,,,,,,,,,,,,,,,,,
2026-08-03 22:32:39,421260,3.0,0.015,71.0,3.0,0.0267,49.0,,,,,,,,,,,,,,,,,,
2026-08-03 22:33:09,421258,1.0,0.0039,78.0,2.0,0.0289,44.0,,,,,,,,,,,,,,,,,,
2026-08-03 22:33:09,421260,2.0,0.0089,65.0,4.0,0.0306,46.0,,,,,,,,,,,,,,,,,,
2026-08-03 22:33:39,421258,1.0,0.0039,78.0,1.0,0.0067,52.0,,,,,,,,,,,,,,,,,,
2026-08-03 22:33:39,421260,0.0,0.0,0.0,1.0,0.0078,52.0,,,,,,,,,,,,,,,,,,
2026-08-03 22:34:09,421258,1.0,0.0039,96.0,4.0,0.0306,56.0,,,,,,,,,,,,,,,,,,
2026-08-03 22:34:09,421260,2.0,0.0106,65.0,4.0,0.0267,56.0,,,,,,,,,,,,,,,,,,
2026-08-03 22:34:39,421258,0.0,0.0,0.0,2.0,0.015,52.0,,,,,,,,,,,,,,,,,,
2026-08-03 22:34:39,421260,0.0,0.0,0.0,0.0,0.0,0.0,,,,,,,,,,,,,,,,,,
2026-08-03 22:35:09,421258,2.0,0.0078,65.0,3.0,0.0428,46.0,,,,,,,,,,,,,,,,,,
2026-08-03 22:35:09,421260,4.0,0.02,71.0,3.0,0.0178,65.0,,,,,,,,,,,,,,,,,,
2026-08-03 22:35:39,421258,3.0,0.0117,65.0,2.0,0.0417,40.0,,,,,,,,,,,,,,,,,,
2026-08-03 22:35:39,421260,3.0,0.015,78.0,2.0,0.0128,56.0,,,,,,,,,,,,,,,,,,
2026-08-03 22:36:09,421258,1.0,0.0039,60.0,3.0,0.0217,52.0,,,,,,,,,,,,,,,,,,
2026-08-03 22:36:09,421260,4.0,0.0239,65.0,3.0,0.0306,56.0,,,,,,,,,,,,,,,,,,
2026-08-03 22:36:39,421258,0.0,0.0,0.0,1.0,0.005,60.0,,,,,,,,,,,,,,,,,,
2026-08-03 22:36:39,421260,6.0,0.0339,65.0,4.0,0.025,56.0,,,,,,,,,,,,,,,,,,
2026-08-03 22:37:09,421258,3.0,0.0139,71.0,3.0,0.0217,56.0,,,,,,,,,,,,,,,,,,
2026-08-03 22:37:09,421260,2.0,0.01,71.0,2.0,0.0128,56.0,,,,,,,,,,,,,,,,,,
2026-08-03 22:37:39,421258,3.0,0.0117,78.0,3.0,0.0256,49.0,,,,,,,,,,,,,,,,,,
2026-08-03 22:37:39,421260,1.0,0.005,78.0,3.0,0.0156,60.0,,,,,,,,,,,,,,,,,,
2026-08-03 22:38:09,421258,1.0,0.005,60.0,3.0,0.0217,56.0,,,,,,,,,,,,,,,,,,
2026-08-03 22:38:09,421260,2.0,0.0106,65.0,4.0,0.0256,60.0,,,,,,,,,,,,,,,,,,
2026-08-03 22:38:39,421258,7.0,0.03,65.0,5.0,0.0439,52.0,,,,,,,,,,,,,,,,,,
2026-08-03 22:38:39,421260,4.0,0.0217,71.0,2.0,0.0128,60.0,,,,,,,,,,,,,,,,,,
2026-08-03 22:39:09,421258,2.0,0.0078,78.0,2.0,0.015,56.0,,,,,,,,,,,,,,,,,,
2026-08-03 22:39:09,421260,2.0,0.0106,71.0,2.0,0.025,56.0,,,,,,,,,,,,,,,,,,
2026-08-03 22:39:39,421258,3.0,0.0117,78.0,2.0,0.0139,56.0,,,,,,,,,,,,,,,,,,
2026-08-03 22:39:39,421260,1.0,0.0056,71.0,3.0,0.0178,65.0,,,,,,,,,,,,,,,,,,
2026-08-03 22:40:09,421258,1.0,0.0039,96.0,1.0,0.0067,60.0,,,,,,,,,,,,,,,,,,
2026-08-03 22:40:09,421260,3.0,0.015,78.0,2.0,0.0156,52.0,,,,,,,,,,,,,,,,,,
2026-08-03 22:40:39,421258,3.0,0.0117,71.0,7.0,0.0506,52.0,,,,,,,,,,,,,,,,,,
2026-08-03 22:40:39,421260,2.0,0.0106,71.0,4.0,0.03,52.0,,,,,,,,,,,,,,,,,,
2026-08-03 22:41:09,421258,1.0,0.0039,78.0,1.0,0.0167,52.0,,,,,,,,,,,,,,,,,,
2026-08-03 22:41:09,421260,4.0,0.0217,71.0,1.0,0.0128,46.0,,,,,,,,,,,,,,,,,,
2026-08-03 22:41:39,421258,2.0,0.0089,65.0,4.0,0.0267,60.0,,,,,,,,,,,,,,,,,,
2026-08-03 22:41:39,421260,2.0,0.01,71.0,1.0,0.0117,49.0,,,,,,,,,,,,,,,,,,
2026-08-03 22:42:09,421258,1.0,0.0039,96.0,1.0,0.0067,60.0,,,,,,,,,,,,,,,,,,
2026-08-03 22:42:09,421260,2.0,0.0106,71.0,2.0,0.0139,52.0,,,,,,,,,,,,,,,,,,
2026-08-03 22:42:39,421258,2.0,0.0078,78.0,4.0,0.03,56.0,,,,,,,,,,,,,,,,,,
2026-08-03 22:42:39,421260,1.0,0.005,71.0,3.0,0.0167,65.0,,,,,,,,,,,,,,,,,,
2026-08-03 22:43:09,421258,1.0,0.0039,78.0,2.0,0.0306,56.0,,,,,,,,,,,,,,,,,,
2026-08-03 22:43:09,421260,1.0,0.005,78.0,1.0,0.0067,60.0,,,,,,,,,,,,,,,,,,
2026-08-03 22:43:39,421258,3.0,0.0117,65.0,2.0,0.0217,60.0,,,,,,,,,,,,,,,,,,
2026-08-03 22:43:39,421260,1.0,0.005,78.0,0.0,0.0,0.0,,,,,,,,,,,,,,,,,,
2026-08-03 22:44:09,421258,2.0,0.0078,78.0,4.0,0.0356,49.0,,,,,,,,,,,,,,,,,,
2026-08-03 22:44:09,421260,1.0,0.005,78.0,3.0,0.0206,60.0,,,,,,,,,,,,,,,,,,
2026-08-03 22:44:39,421258,1.0,0.0039,78.0,1.0,0.005,78.0,,,,,,,,,,,,,,,,,,
2026-08-03 22:44:39,421260,1.0,0.0067,71.0,1.0,0.0056,56.0,,,,,,,,,,,,,,,,,,
2026-08-03 22:45:09,421258,0.0,0.0,0.0,1.0,0.0067,60.0,,,,,,,,,,,,,,,,,,
2026-08-03 22:45:09,421260,4.0,0.02,71.0,4.0,0.0267,52.0,,,,,,,,,,,,,,,,,,
2026-08-03 22:45:39,421258,2.0,0.0078,78.0,0.0,0.0,0.0,,,,,,,,,,,,,,,,,,
2026-08-03 22:45:39,421260,1.0,0.005,71.0,1.0,0.0378,44.0,,,,,,,,,,,,,,,,,,
2026-08-03 22:46:09,421258,0.0,0.0,0.0,3.0,0.02,56.0,,,,,,,,,,,,,,,,,,
2026-08-03 22:46:09,421260,1.0,0.005,71.0,3.0,0.015,65.0,,,,,,,,,,,,,,,,,,
2026-08-03 22:46:39,421258,2.0,0.0078,65.0,0.0,0.0,0.0,,,,,,,,,,,,,,,,,,
2026-08-03 22:46:39,421260,0.0,0.0,0.0,2.0,0.0128,60.0,,,,,,,,,,,,,,,,,,
2026-08-03 22:47:09,421258,3.0,0.0117,78.0,2.0,0.0128,52.0,,,,,,,,,,,,,,,,,,
2026-08-03 22:47:09,421260,2.0,0.01,65.0,4.0,0.025,60.0,,,,,,,,,,,,,,,,,,
2026-08-03 22:47:39,421258,1.0,0.005,60.0,1.0,0.0317,40.0,,,,,,,,,,,,,,,,,,
2026-08-03 22:47:39,421260,1.0,0.0078,52.0,3.0,0.0239,52.0,,,,,,,,,,,,,,,,,,
2026-08-03 22:48:09,421258,1.0,0.0039,78.0,3.0,0.055,49.0,,,,,,,,,,,,,,,,,,
2026-08-03 22:48:09,421260,4.0,0.0217,60.0,5.0,0.0467,56.0,,,,,,,,,,,,,,,,,,
2026-08-03 22:48:39,421258,0.0,0.0,0.0,4.0,0.0256,60.0,,,,,,,,,,,,,,,,,,
2026-08-03 22:48:39,421260,2.0,0.0106,65.0,3.0,0.0189,60.0,,,,,,,,,,,,,,,,,,
2026-08-03 22:49:09,421258,0.0,0.0,0.0,3.0,0.0217,52.0,,,,,,,,,,,,,,,,,,
2026-08-03 22:49:09,421260,1.0,0.005,71.0,3.0,0.0189,60.0,,,,,,,,,,,,,,,,,,
2026-08-03 22:49:39,421258,2.0,0.0078,60.0,2.0,0.0156,52.0,,,,,,,,,,,,,,,,,,
2026-08-03 22:49:39,421260,1.0,0.0056,65.0,4.0,0.0278,56.0,,,,,,,,,,,,,,,,,,
2026-08-03 22:50:09,421258,4.0,0.0217,60.0,5.0,0.0356,56.0,,,,,,,,,,,,,,,,,,
2026-08-03 22:50:09,421260,1.0,0.0056,65.0,2.0,0.01,71.0,,,,,,,,,,,,,,,,,,
2026-08-03 22:50:39,421258,5.0,0.02,86.0,2.0,0.0239,56.0,,,,,,,,,,,,,,,,,,
2026-08-03 22:50:39,421260,0.0,0.0,0.0,1.0,0.0056,65.0,,,,,,,,,,,,,,,,,,
2026-08-03 22:51:09,421258,1.0,0.0039,96.0,3.0,0.02,60.0,,,,,,,,,,,,,,,,,,
2026-08-03 22:51:09,421260,2.0,0.0106,71.0,2.0,0.0128,65.0,,,,,,,,,,,,,,,,,,
2026-08-03 22:51:39,421258,1.0,0.005,60.0,1.0,0.01,54.0,,,,,,,,,,,,,,,,,,
2026-08-03 22:51:39,421260,2.0,0.0106,71.0,1.0,0.0067,60.0,,,,,,,,,,,,,,,,,,
2026-08-03 22:52:09,421258,1.0,0.005,60.0,4.0,0.0228,52.0,,,,,,,,,,,,,,,,,,
2026-08-03 22:52:09,421260,3.0,0.0156,71.0,6.0,0.045,56.0,,,,,,,,,,,,,,,,,,
2026-08-03 22:52:39,421258,1.0,0.0039,78.0,1.0,0.0067,60.0,,,,,,,,,,,,,,,,,,
2026-08-03 22:52:39,421260,3.0,0.0289,65.0,7.0,0.0528,52.0,,,,,,,,,,,,,,,,,,
2026-08-03 22:53:09,421258,2.0,0.0117,78.0,1.0,0.0067,60.0,,,,,,,,,,,,,,,,,,
2026-08-03 22:53:09,421260,3.0,0.0189,65.0,3.0,0.02,52.0,,,,,,,,,,,,,,,,,,
2026-08-03 22:53:39,421258,4.0,0.0117,78.0,3.0,0.0156,65.0,,,,,,,,,,,,,,,,,,
2026-08-03 22:53:39,421260,2.0,0.0106,71.0,3.0,0.0267,49.0,,,,,,,,,,,,,,,,,,
2026-08-03 22:54:09,421258,1.0,0.0039,60.0,3.0,0.0467,52.0,,,,,,,,,,,,,,,,,,
2026-08-03 22:54:09,421260,2.0,0.0117,71.0,3.0,0.0206,56.0,,,,,,,,,,,,,,,,,,
2026-08-03 22:54:39,421258,3.0,0.0228,71.0,5.0,0.0356,56.0,,,,,,,,,,,,,,,,,,
2026-08-03 22:54:39,421260,4.0,0.0178,71.0,1.0,0.0056,65.0,,,,,,,,,,,,,,,,,,
2026-08-03 22:55:09,421258,4.0,0.0178,71.0,4.0,0.0278,52.0,,,,,,,,,,,,,,,,,,
2026-08-03 22:55:09,421260,3.0,0.015,71.0,2.0,0.0217,52.0,,,,,,,,,,,,,,,,,,
2026-08-03 22:55:39,421258,1.0,0.0039,78.0,1.0,0.0278,19.0,,,,,,,,,,,,,,,,,,
2026-08-03 22:55:39,421260,2.0,0.0106,71.0,3.0,0.0239,46.0,,,,,,,,,,,,,,,,,,
2026-08-03 22:56:09,421258,3.0,0.0139,71.0,3.0,0.0439,46.0,,,,,,,,,,,,,,,,,,
2026-08-03 22:56:09,421260,3.0,0.02,65.0,3.0,0.025,52.0,,,,,,,,,,,,,,,,,,
2026-08-03 22:56:39,421258,1.0,0.0039,78.0,6.0,0.0417,56.0,,,,,,,,,,,,,,,,,,
2026-08-03 22:56:39,421260,1.0,0.0056,65.0,0.0,0.0,0.0,,,,,,,,,,,,,,,,,,
2026-08-03 22:57:09,421258,2.0,0.0078,78.0,2.0,0.0217,56.0,,,,,,,,,,,,,,,,,,
2026-08-03 22:57:09,421260,0.0,0.0,0.0,4.0,0.03,49.0,,,,,,,,,,,,,,,,,,
2026-08-03 22:57:39,421258,0.0,0.0,0.0,2.0,0.0417,52.0,,,,,,,,,,,,,,,,,,
2026-08-03 22:57:39,421260,0.0,0.0,0.0,3.0,0.0217,56.0,,,,,,,,,,,,,,,,,,
2026-08-03 22:58:09,421258,4.0,0.0189,65.0,1.0,0.0089,44.0,,,,,,,,,,,,,,,,,,
2026-08-03 22:58:09,421260,1.0,0.005,65.0,1.0,0.0056,65.0,,,,,,,,,,,,,,,,,,
2026-08-03 22:58:39,421258,0.0,0.0,0.0,3.0,0.05,44.0,,,,,,,,,,,,,,,,,,
2026-08-03 22:58:39,421260,3.0,0.0156,65.0,2.0,0.0128,65.0,,,,,,,,,,,,,,,,,,
2026-08-03 22:59:09,421258,0.0,0.0,0.0,2.0,0.0128,60.0,,,,,,,,,,,,,,,,,,
2026-08-03 22:59:09,421260,3.0,0.0178,65.0,4.0,0.0289,52.0,,,,,,,,,,,,,,,,,,
2026-08-03 22:59:39,421258,1.0,0.005,60.0,4.0,0.03,52.0,,,,,,,,,,,,,,,,,,
2026-08-03 22:59:39,421260,2.0,0.01,86.0,2.0,0.0117,65.0,,,,,,,,,,,,,,,,,,
2026-08-03 23:00:09,421258,1.0,0.0039,60.0,1.0,0.0128,44.0,,,,,,,,,,,,,,,,,,
2026-08-03 23:00:09,421260,4.0,0.0228,65.0,2.0,0.0128,60.0,,,,,,,,,,,,,,,,,,
2026-08-03 23:00:39,421258,4.0,0.0156,78.0,2.0,0.01,60.0,,,,,,,,,,,,,,,,,,
2026-08-03 23:00:39,421260,0.0,0.0,0.0,2.0,0.0139,56.0,,,,,,,,,,,,,,,,,,
2026-08-03 23:01:09,421258,4.0,0.0178,71.0,4.0,0.03,52.0,,,,,,,,,,,,,,,,,,
2026-08-03 23:01:09,421260,0.0,0.0,0.0,3.0,0.0217,56.0,,,,,,,,,,,,,,,,,,
2026-08-03 23:01:39,421258,0.0,0.0,78.0,2.0,0.035,52.0,,,,,,,,,,,,,,,,,,
2026-08-03 23:01:39,421260,3.0,0.0178,65.0,1.0,0.0067,52.0,,,,,,,,,,,,,,,,,,
2026-08-03 23:02:09,421258,4.0,0.0178,65.0,2.0,0.015,56.0,,,,,,,,,,,,,,,,,,
2026-08-03 23:02:09,421260,2.0,0.0106,71.0,1.0,0.0078,49.0,,,,,,,,,,,,,,,,,,
2026-08-03 23:02:39,421258,0.0,0.0,0.0,2.0,0.015,52.0,,,,,,,,,,,,,,,,,,
2026-08-03 23:02:39,421260,3.0,0.0167,65.0,3.0,0.0239,49.0,,,,,,,,,,,,,,,,,,
2026-08-03 23:03:09,421258,0.0,0.0,0.0,2.0,0.015,56.0,,,,,,,,,,,,,,,,,,
2026-08-03 23:03:09,421260,1.0,0.005,78.0,1.0,0.0056,65.0,,,,,,,,,,,,,,,,,,
2026-08-03 23:03:39,421258,4.0,0.0178,65.0,3.0,0.0189,56.0,,,,,,,,,,,,,,,,,,
2026-08-03 23:03:39,421260,2.0,0.01,71.0,3.0,0.02,60.0,,,,,,,,,,,,,,,,,,
2026-08-03 23:04:09,421258,0.0,0.0,0.0,1.0,0.0078,52.0,,,,,,,,,,,,,,,,,,
2026-08-03 23:04:09,421260,2.0,0.0117,65.0,4.0,0.0278,56.0,,,,,,,,,,,,,,,,,,
2026-08-03 23:04:39,421258,3.0,0.0139,65.0,2.0,0.015,52.0,,,,,,,,,,,,,,,,,,
2026-08-03 23:04:39,421260,0.0,0.0,0.0,1.0,0.0056,65.0,,,,,,,,,,,,,,,,,,
2026-08-03 23:05:09,421258,2.0,0.0078,78.0,1.0,0.0317,40.0,,,,,,,,,,,,,,,,,,
2026-08-03 23:05:09,421260,1.0,0.005,71.0,3.0,0.0189,60.0,,,,,,,,,,,,,,,,,,
2026-08-03 23:05:39,421258,0.0,0.0,0.0,4.0,0.0278,56.0,,,,,,,,,,,,,,,,,,
2026-08-03 23:05:39,421260,2.0,0.0089,71.0,2.0,0.0139,56.0,,,,,,,,,,,,,,,,,,
2026-08-03 23:06:09,421258,3.0,0.0139,71.0,3.0,0.02,56.0,,,,,,,,,,,,,,,,,,
2026-08-03 23:06:09,421260,0.0,0.0,0.0,2.0,0.015,56.0,,,,,,,,,,,,,,,,,,
2026-08-03 23:06:39,421258,0.0,0.0,0.0,1.0,0.0078,44.0,,,,,,,,,,,,,,,,,,
2026-08-03 23:06:39,421260,0.0,0.0,0.0,2.0,0.0156,56.0,,,,,,,,,,,,,,,,,,
2026-08-03 23:07:09,421258,1.0,0.0039,78.0,3.0,0.0178,56.0,,,,,,,,,,,,,,,,,,
2026-08-03 23:07:09,421260,2.0,0.0128,65.0,2.0,0.025,56.0,,,,,,,,,,,,,,,,,,
2026-08-03 23:07:39,421258,1.0,0.0039,78.0,2.0,0.0117,56.0,,,,,,,,,,,,,,,,,,
2026-08-03 23:07:39,421260,1.0,0.0056,65.0,5.0,0.025,60.0,,,,,,,,,,,,,,,,,,
2026-08-03 23:08:09,421258,1.0,0.005,60.0,2.0,0.0156,52.0,,,,,,,,,,,,,,,,,,
2026-08-03 23:08:09,421260,2.0,0.01,78.0,0.0,0.0,0.0,,,,,,,,,,,,,,,,,,
2026-08-03 23:08:39,421258,0.0,0.0,0.0,1.0,0.0078,60.0,,,,,,,,,,,,,,,,,,
2026-08-03 23:08:39,421260,0.0,0.0,0.0,1.0,0.0067,56.0,,,,,,,,,,,,,,,,,,
2026-08-03 23:09:09,421258,1.0,0.0039,78.0,3.0,0.0456,49.0,,,,,,,,,,,,,,,,,,
2026-08-03 23:09:09,421260,1.0,0.0039,86.0,0.0,0.0,0.0,,,,,,,,,,,,,,,,,,
2026-08-03 23:09:39,421258,3.0,0.0139,78.0,5.0,0.0356,56.0,,,,,,,,,,,,,,,,,,
2026-08-03 23:09:39,421260,0.0,0.0,0.0,3.0,0.02,60.0,,,,,,,,,,,,,,,,,,
2026-08-03 23:10:09,421258,1.0,0.0039,78.0,0.0,0.0,0.0,,,,,,,,,,,,,,,,,,
2026-08-03 23:10:09,421260,0.0,0.0,0.0,2.0,0.0128,60.0,,,,,,,,,,,,,,,,,,
2026-08-03 23:10:39,421258,1.0,0.0039,78.0,1.0,0.0078,52.0,,,,,,,,,,,,,,,,,,
2026-08-03 23:10:39,421260,0.0,0.0,0.0,4.0,0.0256,60.0,,,,,,,,,,,,,,,,,,
2026-08-03 23:11:09,421258,0.0,0.0,0.0,0.0,0.0,0.0,,,,,,,,,,,,,,,,,,
2026-08-03 23:11:09,421260,1.0,0.0056,65.0,0.0,0.0,0.0,,,,,,,,,,,,,,,,,,
2026-08-03 23:11:39,421258,2.0,0.0078,78.0,2.0,0.015,52.0,,,,,,,,,,,,,,,,,,
2026-08-03 23:11:39,421260,0.0,0.0,0.0,1.0,0.0089,44.0,,,,,,,,,,,,,,,,,,
2026-08-03 23:12:09,421258,1.0,0.0039,60.0,1.0,0.0089,40.0,,,,,,,,,,,,,,,,,,
2026-08-03 23:12:09,421260,0.0,0.0,0.0,1.0,0.0078,49.0,,,,,,,,,,,,,,,,,,
2026-08-03 23:12:39,421258,0.0,0.0,0.0,3.0,0.02,56.0,,,,,,,,,,,,,,,,,,
2026-08-03 23:12:39,421260,2.0,0.0106,71.0,4.0,0.0239,65.0,,,,,,,,,,,,,,,,,,
2026-08-03 23:13:09,421258,1.0,0.005,60.0,0.0,0.0,0.0,,,,,,,,,,,,,,,,,,
2026-08-03 23:13:09,421260,0.0,0.0,0.0,2.0,0.0139,60.0,,,,,,,,,,,,,,,,,,
2026-08-03 23:13:39,421258,0.0,0.0,0.0,1.0,0.0078,44.0,,,,,,,,,,,,,,,,,,
2026-08-03 23:13:39,421260,0.0,0.0,0.0,2.0,0.0139,56.0,,,,,,,,,,,,,,,,,,
2026-08-03 23:14:09,421258,1.0,0.005,60.0,1.0,0.0078,52.0,,,,,,,,,,,,,,,,,,
2026-08-03 23:14:09,421260,2.0,0.01,78.0,2.0,0.0117,65.0,,,,,,,,,,,,,,,,,,
2026-08-03 23:14:39,421258,3.0,0.0117,71.0,2.0,0.0156,52.0,,,,,,,,,,,,,,,,,,
2026-08-03 23:14:39,421260,2.0,0.01,71.0,1.0,0.0067,60.0,,,,,,,,,,,,,,,,,,
2026-08-03 23:15:09,421258,0.0,0.0,0.0,2.0,0.015,56.0,,,,,,,,,,,,,,,,,,
2026-08-03 23:15:09,421260,2.0,0.01,71.0,4.0,0.0317,56.0,,,,,,,,,,,,,,,,,,
2026-08-03 23:15:39,421258,1.0,0.0039,78.0,2.0,0.015,56.0,,,,,,,,,,,,,,,,,,
2026-08-03 23:15:39,421260,3.0,0.0156,71.0,1.0,0.0078,52.0,,,,,,,,,,,,,,,,,,
2026-08-03 23:16:09,421258,2.0,0.0078,78.0,2.0,0.0139,60.0,,,,,,,,,,,,,,,,,,
2026-08-03 23:16:09,421260,3.0,0.0156,71.0,1.0,0.0078,52.0,,,,,,,,,,,,,,,,,,
2026-08-03 23:16:39,421258,2.0,0.0078,65.0,1.0,0.0067,60.0,,,,,,,,,,,,,,,,,,
2026-08-03 23:16:39,421260,2.0,0.0106,71.0,3.0,0.0267,49.0,,,,,,,,,,,,,,,,,,
2026-08-03 23:17:09,421258,3.0,0.0117,78.0,3.0,0.0228,56.0,,,,,,,,,,,,,,,,,,
2026-08-03 23:17:09,421260,1.0,0.0056,65.0,2.0,0.0167,46.0,,,,,,,,,,,,,,,,,,
2026-08-03 23:17:39,421258,2.0,0.0078,78.0,2.0,0.0356,49.0,,,,,,,,,,,,,,,,,,
2026-08-03 23:17:39,421260,2.0,0.01,78.0,2.0,0.0106,71.0,,,,,,,,,,,,,,,,,,
2026-08-03 23:18:09,421258,2.0,0.0089,78.0,2.0,0.015,56.0,,,,,,,,,,,,,,,,,,
2026-08-03 23:18:09,421260,2.0,0.0106,71.0,3.0,0.02,65.0,,,,,,,,,,,,,,,,,,
2026-08-03 23:18:39,421258,0.0,0.0,0.0,2.0,0.0156,52.0,,,,,,,,,,,,,,,,,,
2026-08-03 23:18:39,421260,0.0,0.0,0.0,2.0,0.0139,60.0,,,,,,,,,,,,,,,,,,
2026-08-03 23:19:09,421258,2.0,0.01,65.0,3.0,0.0467,49.0,,,,,,,,,,,,,,,,,,
2026-08-03 23:19:09,421260,2.0,0.01,78.0,0.0,0.0,0.0,,,,,,,,,,,,,,,,,,
2026-08-03 23:19:39,421258,0.0,0.0,0.0,3.0,0.0367,56.0,,,,,,,,,,,,,,,,,,
2026-08-03 23:19:39,421260,5.0,0.0256,78.0,2.0,0.0128,60.0,,,,,,,,,,,,,,,,,,
2026-08-03 23:20:09,421258,2.0,0.0089,65.0,3.0,0.02,60.0,,,,,,,,,,,,,,,,,,
2026-08-03 23:20:09,421260,1.0,0.0067,60.0,0.0,0.0,0.0,,,,,,,,,,,,,,,,,,
2026-08-03 23:20:39,421258,1.0,0.0039,78.0,1.0,0.0067,52.0,,,,,,,,,,,,,,,,,,
2026-08-03 23:20:39,421260,1.0,0.005,71.0,2.0,0.0206,40.0,,,,,,,,,,,,,,,,,,
2026-08-03 23:21:09,421258,3.0,0.0117,78.0,3.0,0.02,60.0,,,,,,,,,,,,,,,,,,
2026-08-03 23:21:09,421260,1.0,0.0056,65.0,0.0,0.0,0.0,,,,,,,,,,,,,,,,,,
2026-08-03 23:21:39,421258,1.0,0.0039,78.0,2.0,0.015,56.0,,,,,,,,,,,,,,,,,,
2026-08-03 23:21:39,421260,1.0,0.0067,60.0,3.0,0.0256,52.0,,,,,,,,,,,,,,,,,,
2026-08-03 23:22:09,421258,1.0,0.005,60.0,0.0,0.0,0.0,,,,,,,,,,,,,,,,,,
2026-08-03 23:22:09,421260,1.0,0.005,65.0,8.0,0.0617,52.0,,,,,,,,,,,,,,,,,,
2026-08-03 23:22:39,421258,0.0,0.0,0.0,1.0,0.005,60.0,,,,,,,,,,,,,,,,,,
2026-08-03 23:22:39,421260,2.0,0.0106,71.0,4.0,0.0256,60.0,,,,,,,,,,,,,,,,,,
2026-08-03 23:23:09,421258,0.0,0.0,0.0,2.0,0.0378,52.0,,,,,,,,,,,,,,,,,,
2026-08-03 23:23:09,421260,1.0,0.005,78.0,0.0,0.0,0.0,,,,,,,,,,,,,,,,,,
2026-08-03 23:23:39,421258,2.0,0.0078,78.0,1.0,0.0078,52.0,,,,,,,,,,,,,,,,,,
2026-08-03 23:23:39,421260,1.0,0.0056,65.0,1.0,0.0078,49.0,,,,,,,,,,,,,,,,,,
2026-08-03 23:24:09,421258,2.0,0.0089,60.0,2.0,0.0139,60.0,,,,,,,,,,,,,,,,,,
2026-08-03 23:24:09,421260,1.0,0.0056,71.0,2.0,0.0128,65.0,,,,,,,,,,,,,,,,,,
2026-08-03 23:24:39,421258,3.0,0.0117,65.0,7.0,0.0856,46.0,,,,,,,,,,,,,,,,,,
2026-08-03 23:24:39,421260,1.0,0.005,78.0,1.0,0.0056,60.0,,,,,,,,,,,,,,,,,,
2026-08-03 23:25:09,421258,1.0,0.0039,78.0,1.0,0.0078,52.0,,,,,,,,,,,,,,,,,,
2026-08-03 23:25:09,421260,3.0,0.0178,65.0,2.0,0.0139,56.0,,,,,,,,,,,,,,,,,,
2026-08-03 23:25:39,421258,0.0,0.0,0.0,1.0,0.0067,60.0,,,,,,,,,,,,,,,,,,
2026-08-03 23:25:39,421260,5.0,0.0256,71.0,6.0,0.0417,56.0,,,,,,,,,,,,,,,,,,
2026-08-03 23:26:09,421258,2.0,0.0089,65.0,2.0,0.0156,52.0,,,,,,,,,,,,,,,,,,
2026-08-03 23:26:09,421260,0.0,0.0,0.0,0.0,0.0,0.0,,,,,,,,,,,,,,,,,,
2026-08-03 23:26:39,421258,1.0,0.0039,78.0,1.0,0.0067,52.0,,,,,,,,,,,,,,,,,,
2026-08-03 23:26:39,421260,0.0,0.0,0.0,1.0,0.0078,49.0,,,,,,,,,,,,,,,,,,
2026-08-03 23:27:09,421258,2.0,0.0089,65.0,4.0,0.0278,49.0,,,,,,,,,,,,,,,,,,
2026-08-03 23:27:09,421260,0.0,0.0,0.0,1.0,0.0067,60.0,,,,,,,,,,,,,,,,,,
2026-08-03 23:27:39,421258,2.0,0.0078,60.0,5.0,0.0356,52.0,,,,,,,,,,,,,,,,,,
2026-08-03 23:27:39,421260,0.0,0.0,0.0,3.0,0.0228,56.0,,,,,,,,,,,,,,,,,,
2026-08-03 23:28:09,421258,0.0,0.0,0.0,1.0,0.0306,52.0,,,,,,,,,,,,,,,,,,
2026-08-03 23:28:09,421260,1.0,0.0067,65.0,3.0,0.0317,56.0,,,,,,,,,,,,,,,,,,
2026-08-03 23:28:39,421258,0.0,0.0,0.0,0.0,0.0,0.0,,,,,,,,,,,,,,,,,,
2026-08-03 23:28:39,421260,2.0,0.01,71.0,2.0,0.0217,56.0,,,,,,,,,,,,,,,,,,
2026-08-03 23:29:09,421258,1.0,0.0039,78.0,1.0,0.0089,44.0,,,,,,,,,,,,,,,,,,
2026-08-03 23:29:09,421260,0.0,0.0,0.0,4.0,0.03,56.0,,,,,,,,,,,,,,,,,,
2026-08-03 23:29:39,421258,0.0,0.0,0.0,3.0,0.0228,52.0,,,,,,,,,,,,,,,,,,
2026-08-03 23:29:39,421260,1.0,0.005,78.0,2.0,0.0106,60.0,,,,,,,,,,,,,,,,,,
2026-08-03 23:30:09,421258,1.0,0.005,60.0,2.0,0.0228,52.0,,,,,,,,,,,,,,,,,,
2026-08-03 23:30:09,421260,0.0,0.0,0.0,1.0,0.0078,49.0,,,,,,,,,,,,,,,,,,
2026-08-03 23:30:39,421258,2.0,0.0078,65.0,2.0,0.0317,52.0,,,,,,,,,,,,,,,,,,
2026-08-03 23:30:39,421260,2.0,0.0117,65.0,2.0,0.015,56.0,,,,,,,,,,,,,,,,,,
2026-08-03 23:31:09,421258,1.0,0.0039,60.0,3.0,0.0239,56.0,,,,,,,,,,,,,,,,,,
2026-08-03 23:31:09,421260,2.0,0.0117,60.0,4.0,0.0356,46.0,,,,,,,,,,,,,,,,,,
2026-08-03 23:31:39,421258,1.0,0.0039,96.0,3.0,0.02,56.0,,,,,,,,,,,,,,,,,,
2026-08-03 23:31:39,421260,3.0,0.0178,65.0,2.0,0.0206,46.0,,,,,,,,,,,,,,,,,,
2026-08-03 23:32:09,421258,0.0,0.0,0.0,0.0,0.0,0.0,,,,,,,,,,,,,,,,,,
2026-08-03 23:32:09,421260,1.0,0.0039,78.0,0.0,0.0,0.0,,,,,,,,,,,,,,,,,,
2026-08-03 23:32:39,421258,2.0,0.0089,78.0,3.0,0.0217,56.0,,,,,,,,,,,,,,,,,,
2026-08-03 23:32:39,421260,4.0,0.0217,65.0,3.0,0.04,52.0,,,,,,,,,,,,,,,,,,
2026-08-03 23:33:09,421258,1.0,0.0039,78.0,1.0,0.0078,52.0,,,,,,,,,,,,,,,,,,
2026-08-03 23:33:09,421260,0.0,0.0,0.0,2.0,0.0139,65.0,,,,,,,,,,,,,,,,,,
2026-08-03 23:33:39,421258,4.0,0.0178,60.0,5.0,0.0639,46.0,,,,,,,,,,,,,,,,,,
2026-08-03 23:33:39,421260,0.0,0.0,0.0,1.0,0.0067,60.0,,,,,,,,,,,,,,,,,,
2026-08-03 23:34:09,421258,0.0,0.0,0.0,4.0,0.0228,71.0,,,,,,,,,,,,,,,,,,
2026-08-03 23:34:09,421260,0.0,0.0,0.0,1.0,0.005,71.0,,,,,,,,,,,,,,,,,,
2026-08-03 23:34:39,421258,2.0,0.0089,65.0,1.0,0.0067,52.0,,,,,,,,,,,,,,,,,,
2026-08-03 23:34:39,421260,0.0,0.0,0.0,0.0,0.0039,0.0,,,,,,,,,,,,,,,,,,
2026-08-03 23:35:09,421258,1.0,0.005,60.0,3.0,0.04,46.0,,,,,,,,,,,,,,,,,,
2026-08-03 23:35:09,421260,1.0,0.0056,71.0,2.0,0.01,56.0,,,,,,,,,,,,,,,,,,
2026-08-03 23:35:39,421258,0.0,0.0,0.0,2.0,0.0106,78.0,,,,,,,,,,,,,,,,,,
2026-08-03 23:35:39,421260,0.0,0.0,0.0,1.0,0.0056,60.0,,,,,,,,,,,,,,,,,,
2026-08-03 23:36:09,421258,0.0,0.0,0.0,0.0,0.0,0.0,,,,,,,,,,,,,,,,,,
2026-08-03 23:36:09,421260,0.0,0.0,0.0,0.0,0.0,0.0,,,,,,,,,,,,,,,,,,
2026-08-03 23:36:39,421258,1.0,0.0039,78.0,1.0,0.0067,60.0,,,,,,,,,,,,,,,,,,
2026-08-03 23:36:39,421260,0.0,0.0,0.0,1.0,0.0039,139.0,,,,,,,,,,,,,,,,,,
2026-08-03 23:37:09,421258,0.0,0.0,0.0,0.0,0.0,0.0,,,,,,,,,,,,,,,,,,
2026-08-03 23:37:09,421260,0.0,0.0,0.0,0.0,0.0,0.0,,,,,,,,,,,,,,,,,,
2026-08-03 23:37:39,421258,0.0,0.0,0.0,2.0,0.0167,44.0,,,,,,,,,,,,,,,,,,
2026-08-03 23:37:39,421260,0.0,0.0,0.0,2.0,0.0128,56.0,,,,,,,,,,,,,,,,,,
2026-08-03 23:38:09,421258,0.0,0.0,0.0,1.0,0.0067,60.0,,,,,,,,,,,,,,,,,,
2026-08-03 23:38:09,421260,3.0,0.0189,65.0,4.0,0.035,46.0,,,,,,,,,,,,,,,,,,
2026-08-03 23:38:39,421258,0.0,0.0,0.0,0.0,0.0,0.0,,,,,,,,,,,,,,,,,,
2026-08-03 23:38:39,421260,0.0,0.0,0.0,2.0,0.01,78.0,,,,,,,,,,,,,,,,,,
2026-08-03 23:39:09,421258,0.0,0.0,0.0,0.0,0.0,0.0,,,,,,,,,,,,,,,,,,
2026-08-03 23:39:09,421260,0.0,0.0,0.0,2.0,0.0128,60.0,,,,,,,,,,,,,,,,,,
2026-08-03 23:39:39,421258,1.0,0.0039,78.0,0.0,0.0,0.0,,,,,,,,,,,,,,,,,,
2026-08-03 23:39:39,421260,1.0,0.0067,56.0,0.0,0.0,0.0,,,,,,,,,,,,,,,,,,
2026-08-03 23:40:09,421258,1.0,0.0039,78.0,5.0,0.0356,52.0,,,,,,,,,,,,,,,,,,
2026-08-03 23:40:09,421260,0.0,0.0,0.0,2.0,0.0128,65.0,,,,,,,,,,,,,,,,,,
2026-08-03 23:40:39,421258,1.0,0.0039,78.0,2.0,0.0417,44.0,,,,,,,,,,,,,,,,,,
2026-08-03 23:40:39,421260,1.0,0.0067,56.0,4.0,0.0228,60.0,,,,,,,,,,,,,,,,,,
2026-08-03 23:41:09,421258,0.0,0.0,0.0,2.0,0.0128,56.0,,,,,,,,,,,,,,,,,,
2026-08-03 23:41:09,421260,0.0,0.0,0.0,1.0,0.0056,65.0,,,,,,,,,,,,,,,,,,
2026-08-03 23:41:39,421258,0.0,0.0,0.0,0.0,0.0,0.0,,,,,,,,,,,,,,,,,,
2026-08-03 23:41:39,421260,0.0,0.0,0.0,2.0,0.0117,65.0,,,,,,,,,,,,,,,,,,
2026-08-03 23:42:09,421258,1.0,0.0039,60.0,3.0,0.0189,60.0,,,,,,,,,,,,,,,,,,
2026-08-03 23:42:09,421260,1.0,0.005,71.0,4.0,0.0306,56.0,,,,,,,,,,,,,,,,,,
2026-08-03 23:42:39,421258,3.0,0.0139,60.0,1.0,0.0078,52.0,,,,,,,,,,,,,,,,,,
2026-08-03 23:42:39,421260,0.0,0.0,0.0,2.0,0.0089,60.0,,,,,,,,,,,,,,,,,,
2026-08-03 23:43:09,421258,0.0,0.0,0.0,2.0,0.015,49.0,,,,,,,,,,,,,,,,,,
2026-08-03 23:43:09,421260,2.0,0.01,71.0,2.0,0.0117,52.0,,,,,,,,,,,,,,,,,,
2026-08-03 23:43:39,421258,1.0,0.0039,78.0,2.0,0.0117,60.0,,,,,,,,,,,,,,,,,,
2026-08-03 23:43:39,421260,1.0,0.005,96.0,0.0,0.0,0.0,,,,,,,,,,,,,,,,,,
2026-08-03 23:44:09,421258,1.0,0.0039,78.0,1.0,0.005,78.0,,,,,,,,,,,,,,,,,,
2026-08-03 23:44:09,421260,3.0,0.0156,71.0,4.0,0.0239,60.0,,,,,,,,,,,,,,,,,,
2026-08-03 23:44:39,421258,1.0,0.005,60.0,2.0,0.0228,52.0,,,,,,,,,,,,,,,,,,
2026-08-03 23:44:39,421260,0.0,0.0,0.0,1.0,0.005,60.0,,,,,,,,,,,,,,,,,,
2026-08-03 23:45:09,421258,2.0,0.0078,86.0,1.0,0.0239,22.0,,,,,,,,,,,,,,,,,,
2026-08-03 23:45:09,421260,3.0,0.015,71.0,2.0,0.015,52.0,,,,,,,,,,,,,,,,,,
2026-08-03 23:45:39,421258,1.0,0.0039,78.0,4.0,0.0256,65.0,,,,,,,,,,,,,,,,,,
2026-08-03 23:45:39,421260,0.0,0.0,0.0,0.0,0.0,0.0,,,,,,,,,,,,,,,,,,
2026-08-03 23:46:09,421258,0.0,0.0,0.0,2.0,0.0117,56.0,,,,,,,,,,,,,,,,,,
2026-08-03 23:46:09,421260,0.0,0.0,0.0,1.0,0.0056,65.0,,,,,,,,,,,,,,,,,,
2026-08-03 23:46:39,421258,1.0,0.0039,60.0,1.0,0.005,109.0,,,,,,,,,,,,,,,,,,
2026-08-03 23:46:39,421260,1.0,0.0039,86.0,3.0,0.0206,65.0,,,,,,,,,,,,,,,,,,
2026-08-03 23:47:09,421258,1.0,0.0039,78.0,2.0,0.0156,52.0,,,,,,,,,,,,,,,,,,
2026-08-03 23:47:09,421260,2.0,0.01,86.0,1.0,0.0056,65.0,,,,,,,,,,,,,,,,,,
2026-08-03 23:47:39,421258,0.0,0.0,0.0,1.0,0.0078,52.0,,,,,,,,,,,,,,,,,,
2026-08-03 23:47:39,421260,3.0,0.015,71.0,6.0,0.0389,65.0,,,,,,,,,,,,,,,,,,
2026-08-03 23:48:09,421258,0.0,0.0,0.0,2.0,0.0128,56.0,,,,,,,,,,,,,,,,,,
2026-08-03 23:48:09,421260,1.0,0.0067,60.0,1.0,0.0078,56.0,,,,,,,,,,,,,,,,,,
2026-08-03 23:48:39,421258,3.0,0.0117,78.0,1.0,0.0078,60.0,,,,,,,,,,,,,,,,,,
2026-08-03 23:48:39,421260,1.0,0.0056,65.0,0.0,0.0,0.0,,,,,,,,,,,,,,,,,,
2026-08-03 23:49:09,421258,0.0,0.0,0.0,3.0,0.0189,52.0,,,,,,,,,,,,,,,,,,
2026-08-03 23:49:09,421260,1.0,0.0056,78.0,2.0,0.0167,56.0,,,,,,,,,,,,,,,,,,
2026-08-03 23:49:39,421258,4.0,0.0156,78.0,3.0,0.0189,60.0,,,,,,,,,,,,,,,,,,
2026-08-03 23:49:39,421260,0.0,0.0,0.0,2.0,0.0139,56.0,,,,,,,,,,,,,,,,,,
2026-08-03 23:50:09,421258,0.0,0.0,0.0,1.0,0.0078,52.0,,,,,,,,,,,,,,,,,,
2026-08-03 23:50:09,421260,0.0,0.0,0.0,0.0,0.0,0.0,,,,,,,,,,,,,,,,,,
2026-08-03 23:50:39,421258,2.0,0.0089,60.0,1.0,0.0078,52.0,,,,,,,,,,,,,,,,,,
2026-08-03 23:50:39,421260,0.0,0.0,0.0,1.0,0.0078,52.0,,,,,,,,,,,,,,,,,,
2026-08-03 23:51:09,421258,0.0,0.0,0.0,2.0,0.0167,56.0,,,,,,,,,,,,,,,,,,
2026-08-03 23:51:09,421260,1.0,0.005,71.0,1.0,0.0067,52.0,,,,,,,,,,,,,,,,,,
2026-08-03 23:51:39,421258,0.0,0.0,0.0,2.0,0.0128,60.0,,,,,,,,,,,,,,,,,,
2026-08-03 23:51:39,421260,2.0,0.0117,65.0,1.0,0.0078,52.0,,,,,,,,,,,,,,,,,,
2026-08-03 23:52:09,421258,0.0,0.0,0.0,0.0,0.0,0.0,,,,,,,,,,,,,,,,,,
2026-08-03 23:52:09,421260,0.0,0.0,0.0,0.0,0.0,0.0,,,,,,,,,,,,,,,,,,
2026-08-03 23:52:39,421258,1.0,0.0039,78.0,1.0,0.0078,44.0,,,,,,,,,,,,,,,,,,
2026-08-03 23:52:39,421260,0.0,0.0,0.0,4.0,0.0267,60.0,,,,,,,,,,,,,,,,,,
2026-08-03 23:53:09,421258,0.0,0.0,0.0,0.0,0.0028,0.0,,,,,,,,,,,,,,,,,,
2026-08-03 23:53:09,421260,0.0,0.0,0.0,2.0,0.0128,56.0,,,,,,,,,,,,,,,,,,
2026-08-03 23:53:39,421258,1.0,0.0039,78.0,3.0,0.0167,56.0,,,,,,,,,,,,,,,,,,
2026-08-03 23:53:39,421260,0.0,0.0,0.0,1.0,0.0067,56.0,,,,,,,,,,,,,,,,,,
2026-08-03 23:54:09,421258,0.0,0.0,0.0,1.0,0.0067,52.0,,,,,,,,,,,,,,,,,,
2026-08-03 23:54:09,421260,0.0,0.0,0.0,1.0,0.0056,71.0,,,,,,,,,,,,,,,,,,
2026-08-03 23:54:39,421258,1.0,0.0039,78.0,3.0,0.0217,56.0,,,,,,,,,,,,,,,,,,
2026-08-03 23:54:39,421260,3.0,0.0156,65.0,1.0,0.0078,49.0,,,,,,,,,,,,,,,,,,
2026-08-03 23:55:09,421258,0.0,0.0,0.0,2.0,0.0117,56.0,,,,,,,,,,,,,,,,,,
2026-08-03 23:55:09,421260,2.0,0.0106,78.0,2.0,0.0106,65.0,,,,,,,,,,,,,,,,,,
2026-08-03 23:55:39,421258,0.0,0.0,0.0,0.0,0.0,0.0,,,,,,,,,,,,,,,,,,
2026-08-03 23:55:39,421260,2.0,0.0106,71.0,4.0,0.0239,56.0,,,,,,,,,,,,,,,,,,
2026-08-03 23:56:09,421258,1.0,0.0039,78.0,2.0,0.0156,52.0,,,,,,,,,,,,,,,,,,
2026-08-03 23:56:09,421260,0.0,0.0,0.0,3.0,0.0189,60.0,,,,,,,,,,,,,,,,,,
2026-08-03 23:56:39,421258,2.0,0.0078,78.0,1.0,0.0078,69.0,,,,,,,,,,,,,,,,,,
2026-08-03 23:56:39,421260,0.0,0.0,0.0,1.0,0.0056,65.0,,,,,,,,,,,,,,,,,,
2026-08-03 23:57:09,421258,3.0,0.0139,71.0,2.0,0.0156,52.0,,,,,,,,,,,,,,,,,,
2026-08-03 23:57:09,421260,1.0,0.0056,65.0,3.0,0.0189,65.0,,,,,,,,,,,,,,,,,,
2026-08-03 23:57:39,421258,1.0,0.0039,78.0,2.0,0.0117,60.0,,,,,,,,,,,,,,,,,,
2026-08-03 23:57:39,421260,0.0,0.0,0.0,0.0,0.0,0.0,,,,,,,,,,,,,,,,,,
2026-08-03 23:58:09,421258,0.0,0.0,0.0,3.0,0.0439,52.0,,,,,,,,,,,,,,,,,,
2026-08-03 23:58:09,421260,0.0,0.0,0.0,1.0,0.0189,52.0,,,,,,,,,,,,,,,,,,
2026-08-03 23:58:39,421258,0.0,0.0,0.0,1.0,0.005,60.0,,,,,,,,,,,,,,,,,,
2026-08-03 23:58:39,421260,1.0,0.0056,65.0,1.0,0.0089,52.0,,,,,,,,,,,,,,,,,,
2026-08-03 23:59:09,421258,2.0,0.0078,65.0,2.0,0.0128,60.0,,,,,,,,,,,,,,,,,,
2026-08-03 23:59:09,421260,0.0,0.0,0.0,3.0,0.0228,42.0,,,,,,,,,,,,,,,,,,
2026-08-03 23:59:39,421258,0.0,0.0,0.0,0.0,0.0,0.0,,,,,,,,,,,,,,,,,,
2026-08-03 23:59:39,421260,3.0,0.0156,56.0,3.0,0.0206,56.0,,,,,,,,,,,,,,,,,,
