01/06/2026 00:00:20,421258,0,0,0,1,.0067,60,,,,,,,,,,,,,,,,,,
01/06/2026 00:00:20,421260,0,0,0,1,.0067,56,,,,,,,,,,,,,,,,,,
01/06/2026 00:00:50,421258,0,0,0,1,.0067,52,,,,,,,,,,,,,,,,,,
01/06/2026 00:00:50,421260,0,0,0,4,.0356,42,,,,,,,,,,,,,,,,,,
01/06/2026 00:01:20,421258,1,.005,60,3,.0256,46,,,,,,,,,,,,,,,,,,
01/06/2026 00:01:20,421260,1,.0039,78,1,.0128,60,,,,,,,,,,,,,,,,,,
01/06/2026 00:01:50,421258,1,.0039,78,2,.0156,52,,,,,,,,,,,,,,,,,,
01/06/2026 00:01:50,421260,2,.0139,56,5,.035,49,,,,,,,,,,,,,,,,,,
01/06/2026 00:02:20,421258,0,0,0,1,.0067,52,,,,,,,,,,,,,,,,,,
01/06/2026 00:02:20,421260,2,.0106,65,2,.0167,60,,,,,,,,,,,,,,,,,,
01/06/2026 00:02:50,421258,1,.0039,78,2,.0167,49,,,,,,,,,,,,,,,,,,
01/06/2026 00:02:50,421260,0,0,0,0,0,0,,,,,,,,,,,,,,,,,,
01/06/2026 00:03:20,421258,0,0,0,1,.0067,60,,,,,,,,,,,,,,,,,,
01/06/2026 00:03:20,421260,1,.005,78,3,.0217,56,,,,,,,,,,,,,,,,,,
01/06/2026 00:03:50,421258,2,.0106,52,5,.0689,44,,,,,,,,,,,,,,,,,,
01/06/2026 00:03:50,421260,1,.0056,65,2,.0117,65,,,,,,,,,,,,,,,,,,
01/06/2026 00:04:20,421258,2,.0089,60,2,.0228,40,,,,,,,,,,,,,,,,,,
01/06/2026 00:04:20,421260,1,.005,71,2,.0106,71,,,,,,,,,,,,,,,,,,
01/06/2026 00:04:50,421258,0,0,0,0,0,0,,,,,,,,,,,,,,,,,,
01/06/2026 00:04:50,421260,1,.005,78,0,0,0,,,,,,,,,,,,,,,,,,
01/06/2026 00:05:20,421258,1,.0039,78,4,.0339,52,,,,,,,,,,,,,,,,,,
01/06/2026 00:05:20,421260,4,.02,71,2,.0167,49,,,,,,,,,,,,,,,,,,
01/06/2026 00:05:50,421258,2,.0078,78,1,.0067,60,,,,,,,,,,,,,,,,,,
01/06/2026 00:05:50,421260,1,.0067,71,3,.0267,46,,,,,,,,,,,,,,,,,,
01/06/2026 00:06:20,421258,1,.0039,78,1,.0078,52,,,,,,,,,,,,,,,,,,
01/06/2026 00:06:20,421260,0,0,0,0,0,0,,,,,,,,,,,,,,,,,,
01/06/2026 00:06:50,421258,1,.0039,78,1,.0067,60,,,,,,,,,,,,,,,,,,
01/06/2026 00:06:50,421260,0,0,0,3,.0228,44,,,,,,,,,,,,,,,,,,
01/06/2026 00:07:20,421258,2,.0089,78,2,.0356,52,,,,,,,,,,,,,,,,,,
01/06/2026 00:07:20,421260,1,.0056,65,1,.0056,65,,,,,,,,,,,,,,,,,,
01/06/2026 00:07:50,421258,0,0,0,1,.0317,40,,,,,,,,,,,,,,,,,,
01/06/2026 00:07:50,421260,0,0,0,2,.015,52,,,,,,,,,,,,,,,,,,
01/06/2026 00:08:20,421258,0,0,0,1,.0206,40,,,,,,,,,,,,,,,,,,
01/06/2026 00:08:20,421260,0,0,0,1,.0089,56,,,,,,,,,,,,,,,,,,
01/06/2026 00:08:50,421258,0,0,0,1,.0389,34,,,,,,,,,,,,,,,,,,
01/06/2026 00:08:50,421260,1,.005,78,2,.0128,65,,,,,,,,,,,,,,,,,,
01/06/2026 00:09:20,421258,1,.005,60,1,.0067,60,,,,,,,,,,,,,,,,,,
01/06/2026 00:09:20,421260,1,.005,65,3,.02,60,,,,,,,,,,,,,,,,,,
01/06/2026 00:09:50,421258,1,.005,52,1,.0089,44,,,,,,,,,,,,,,,,,,
01/06/2026 00:09:50,421260,0,0,0,0,0,0,,,,,,,,,,,,,,,,,,
01/06/2026 00:10:20,421258,2,.0078,78,1,.0089,52,,,,,,,,,,,,,,,,,,
01/06/2026 00:10:20,421260,0,0,0,2,.0117,65,,,,,,,,,,,,,,,,,,
01/06/2026 00:10:50,421258,1,.0039,60,2,.0128,56,,,,,,,,,,,,,,,,,,
01/06/2026 00:10:50,421260,0,0,0,0,0,0,,,,,,,,,,,,,,,,,,
01/06/2026 00:11:20,421258,0,0,0,2,.0128,52,,,,,,,,,,,,,,,,,,
01/06/2026 00:11:20,421260,2,.0106,65,3,.0167,71,,,,,,,,,,,,,,,,,,
01/06/2026 00:11:50,421258,0,0,0,1,.0067,60,,,,,,,,,,,,,,,,,,
01/06/2026 00:11:50,421260,1,.0056,65,0,0,0,,,,,,,,,,,,,,,,,,
01/06/2026 00:12:20,421258,1,.0039,96,1,.0067,60,,,,,,,,,,,,,,,,,,
01/06/2026 00:12:20,421260,0,0,0,0,0,0,,,,,,,,,,,,,,,,,,
01/06/2026 00:12:50,421258,1,.005,60,1,.005,78,,,,,,,,,,,,,,,,,,
01/06/2026 00:12:50,421260,1,.0067,60,2,.0128,60,,,,,,,,,,,,,,,,,,
01/06/2026 00:13:20,421258,1,.0039,78,2,.0128,60,,,,,,,,,,,,,,,,,,
01/06/2026 00:13:20,421260,1,.005,60,2,.0106,52,,,,,,,,,,,,,,,,,,
01/06/2026 00:13:50,421258,0,0,0,0,0,0,,,,,,,,,,,,,,,,,,
01/06/2026 00:13:50,421260,0,0,0,0,0,0,,,,,,,,,,,,,,,,,,
01/06/2026 00:14:20,421258,0,0,0,1,.0067,52,,,,,,,,,,,,,,,,,,
01/06/2026 00:14:20,421260,1,.0056,71,2,.0139,65,,,,,,,,,,,,,,,,,,
01/06/2026 00:14:50,421258,1,.005,52,2,.0239,52,,,,,,,,,,,,,,,,,,
01/06/2026 00:14:50,421260,1,.005,71,3,.0206,60,,,,,,,,,,,,,,,,,,
01/06/2026 00:15:20,421258,0,0,0,0,0,0,,,,,,,,,,,,,,,,,,
01/06/2026 00:15:20,421260,2,.0089,78,3,.02,60,,,,,,,,,,,,,,,,,,
01/06/2026 00:15:50,421258,1,.0039,78,1,.005,78,,,,,,,,,,,,,,,,,,
01/06/2026 00:15:50,421260,0,0,0,0,0,0,,,,,,,,,,,,,,,,,,
01/06/2026 00:16:20,421258,1,.0039,78,2,.0156,52,,,,,,,,,,,,,,,,,,
01/06/2026 00:16:20,421260,0,0,0,2,.0306,56,,,,,,,,,,,,,,,,,,
01/06/2026 00:16:50,421258,1,.0039,78,4,.0267,60,,,,,,,,,,,,,,,,,,
01/06/2026 00:16:50,421260,0,0,0,1,.0056,60,,,,,,,,,,,,,,,,,,
01/06/2026 00:17:20,421258,0,0,0,2,.015,52,,,,,,,,,,,,,,,,,,
01/06/2026 00:17:20,421260,1,.0056,71,2,.0139,60,,,,,,,,,,,,,,,,,,
01/06/2026 00:17:50,421258,0,0,0,0,0,0,,,,,,,,,,,,,,,,,,
01/06/2026 00:17:50,421260,0,0,0,2,.0128,60,,,,,,,,,,,,,,,,,,
01/06/2026 00:18:20,421258,1,.0039,60,1,.0256,52,,,,,,,,,,,,,,,,,,
01/06/2026 00:18:20,421260,1,.0056,65,3,.02,52,,,,,,,,,,,,,,,,,,
01/06/2026 00:18:50,421258,1,.0039,78,1,.0078,52,,,,,,,,,,,,,,,,,,
01/06/2026 00:18:50,421260,2,.0128,60,3,.0256,49,,,,,,,,,,,,,,,,,,
01/06/2026 00:19:20,421258,0,0,0,2,.0156,49,,,,,,,,,,,,,,,,,,
01/06/2026 00:19:20,421260,1,.0056,65,1,.005,71,,,,,,,,,,,,,,,,,,
01/06/2026 00:19:50,421258,0,0,0,2,.0156,52,,,,,,,,,,,,,,,,,,
01/06/2026 00:19:50,421260,0,0,0,2,.015,52,,,,,,,,,,,,,,,,,,
01/06/2026 00:20:20,421258,0,0,0,1,.0078,44,,,,,,,,,,,,,,,,,,
01/06/2026 00:20:20,421260,2,.01,71,2,.0139,56,,,,,,,,,,,,,,,,,,
01/06/2026 00:20:50,421258,3,.0139,65,4,.075,44,,,,,,,,,,,,,,,,,,
01/06/2026 00:20:50,421260,0,0,0,0,0,0,,,,,,,,,,,,,,,,,,
01/06/2026 00:21:20,421258,1,.0039,78,1,.0067,60,,,,,,,,,,,,,,,,,,
01/06/2026 00:21:20,421260,0,0,0,3,.0256,52,,,,,,,,,,,,,,,,,,
01/06/2026 00:21:50,421258,0,0,0,2,.015,56,,,,,,,,,,,,,,,,,,
01/06/2026 00:21:50,421260,1,.005,86,1,.005,78,,,,,,,,,,,,,,,,,,
01/06/2026 00:22:20,421258,2,.0078,65,1,.0067,60,,,,,,,,,,,,,,,,,,
01/06/2026 00:22:20,421260,0,0,0,0,0,0,,,,,,,,,,,,,,,,,,
01/06/2026 00:22:50,421258,0,0,0,1,.0078,52,,,,,,,,,,,,,,,,,,
01/06/2026 00:22:50,421260,0,0,0,0,0,0,,,,,,,,,,,,,,,,,,
01/06/2026 00:23:20,421258,1,.0039,78,4,.0378,49,,,,,,,,,,,,,,,,,,
01/06/2026 00:23:20,421260,1,.0056,71,1,.0067,60,,,,,,,,,,,,,,,,,,
01/06/2026 00:23:50,421258,0,0,0,0,0,0,,,,,,,,,,,,,,,,,,
01/06/2026 00:23:50,421260,1,.0056,78,2,.0139,60,,,,,,,,,,,,,,,,,,
01/06/2026 00:24:20,421258,0,0,0,0,0,0,,,,,,,,,,,,,,,,,,
01/06/2026 00:24:20,421260,1,.0039,65,1,.0067,60,,,,,,,,,,,,,,,,,,
01/06/2026 00:24:50,421258,1,.0039,78,0,0,0,,,,,,,,,,,,,,,,,,
01/06/2026 00:24:50,421260,0,0,0,1,.0056,65,,,,,,,,,,,,,,,,,,
01/06/2026 00:25:20,421258,1,.0039,78,3,.0217,56,,,,,,,,,,,,,,,,,,
01/06/2026 00:25:20,421260,0,0,0,1,.0067,60,,,,,,,,,,,,,,,,,,
01/06/2026 00:25:50,421258,0,0,0,1,.0067,60,,,,,,,,,,,,,,,,,,
01/06/2026 00:25:50,421260,0,0,0,0,0,0,,,,,,,,,,,,,,,,,,
01/06/2026 00:26:20,421258,0,0,0,0,0,0,,,,,,,,,,,,,,,,,,
01/06/2026 00:26:20,421260,0,0,0,0,0,0,,,,,,,,,,,,,,,,,,
01/06/2026 00:26:50,421258,0,0,0,1,.0067,52,,,,,,,,,,,,,,,,,,
01/06/2026 00:26:50,421260,0,0,0,3,.0206,52,,,,,,,,,,,,,,,,,,
01/06/2026 00:27:20,421258,0,0,0,1,.005,78,,,,,,,,,,,,,,,,,,
01/06/2026 00:27:20,421260,0,0,0,1,.0056,71,,,,,,,,,,,,,,,,,,
01/06/2026 00:27:50,421258,0,0,0,0,0,0,,,,,,,,,,,,,,,,,,
01/06/2026 00:27:50,421260,1,.005,71,1,.0067,71,,,,,,,,,,,,,,,,,,
01/06/2026 00:28:20,421258,0,0,0,1,.0067,52,,,,,,,,,,,,,,,,,,
01/06/2026 00:28:20,421260,0,0,0,1,.0039,56,,,,,,,,,,,,,,,,,,
01/06/2026 00:28:50,421258,0,0,0,1,.0067,60,,,,,,,,,,,,,,,,,,
01/06/2026 00:28:50,421260,0,0,0,1,.0056,65,,,,,,,,,,,,,,,,,,
01/06/2026 00:29:20,421258,0,0,0,1,.03,26,,,,,,,,,,,,,,,,,,
01/06/2026 00:29:20,421260,0,0,0,2,.0128,56,,,,,,,,,,,,,,,,,,
01/06/2026 00:29:50,421258,1,.0039,60,2,.015,52,,,,,,,,,,,,,,,,,,
01/06/2026 00:29:50,421260,2,.0106,71,2,.0106,65,,,,,,,,,,,,,,,,,,
01/06/2026 00:30:20,421258,0,0,0,0,0,0,,,,,,,,,,,,,,,,,,
01/06/2026 00:30:20,421260,0,0,0,3,.0256,44,,,,,,,,,,,,,,,,,,
01/06/2026 00:30:50,421258,0,0,0,1,.0067,60,,,,,,,,,,,,,,,,,,
01/06/2026 00:30:50,421260,2,.01,65,2,.0139,56,,,,,,,,,,,,,,,,,,
01/06/2026 00:31:20,421258,2,.0078,60,2,.015,49,,,,,,,,,,,,,,,,,,
01/06/2026 00:31:20,421260,0,0,0,0,0,0,,,,,,,,,,,,,,,,,,
01/06/2026 00:31:50,421258,0,0,0,2,.0117,56,,,,,,,,,,,,,,,,,,
01/06/2026 00:31:50,421260,1,.0056,78,1,.0067,56,,,,,,,,,,,,,,,,,,
01/06/2026 00:32:20,421258,0,0,0,2,.0106,60,,,,,,,,,,,,,,,,,,
01/06/2026 00:32:20,421260,0,0,0,1,.005,71,,,,,,,,,,,,,,,,,,
01/06/2026 00:32:50,421258,1,.0039,60,2,.0389,49,,,,,,,,,,,,,,,,,,
01/06/2026 00:32:50,421260,0,0,0,2,.0117,65,,,,,,,,,,,,,,,,,,
01/06/2026 00:33:20,421258,1,.0039,78,0,0,0,,,,,,,,,,,,,,,,,,
01/06/2026 00:33:20,421260,0,0,0,0,0,0,,,,,,,,,,,,,,,,,,
01/06/2026 00:33:50,421258,0,0,0,1,.0078,52,,,,,,,,,,,,,,,,,,
01/06/2026 00:33:50,421260,0,0,0,1,.0067,56,,,,,,,,,,,,,,,,,,
01/06/2026 00:34:20,421258,0,0,0,1,.005,60,,,,,,,,,,,,,,,,,,
01/06/2026 00:34:20,421260,0,0,0,1,.0067,56,,,,,,,,,,,,,,,,,,
01/06/2026 00:34:50,421258,0,0,0,2,.0128,56,,,,,,,,,,,,,,,,,,
01/06/2026 00:34:50,421260,0,0,0,1,.01,42,,,,,,,,,,,,,,,,,,
01/06/2026 00:35:20,421258,0,0,0,0,0,0,,,,,,,,,,,,,,,,,,
01/06/2026 00:35:20,421260,1,.005,65,1,.0067,49,,,,,,,,,,,,,,,,,,
01/06/2026 00:35:50,421258,0,0,0,1,.0067,60,,,,,,,,,,,,,,,,,,
01/06/2026 00:35:50,421260,0,0,0,0,0,0,,,,,,,,,,,,,,,,,,
01/06/2026 00:36:20,421258,0,0,0,1,.0089,44,,,,,,,,,,,,,,,,,,
01/06/2026 00:36:20,421260,1,.005,78,2,.0156,52,,,,,,,,,,,,,,,,,,
01/06/2026 00:36:50,421258,0,0,0,0,0,0,,,,,,,,,,,,,,,,,,
01/06/2026 00:36:50,421260,0,0,0,2,.0139,60,,,,,,,,,,,,,,,,,,
01/06/2026 00:37:20,421258,0,0,0,2,.0178,49,,,,,,,,,,,,,,,,,,
01/06/2026 00:37:20,421260,0,0,0,1,.0056,60,,,,,,,,,,,,,,,,,,
01/06/2026 00:37:50,421258,0,0,0,0,0,0,,,,,,,,,,,,,,,,,,
01/06/2026 00:37:50,421260,1,.0056,65,0,0,0,,,,,,,,,,,,,,,,,,
01/06/2026 00:38:20,421258,2,.0089,65,2,.02,42,,,,,,,,,,,,,,,,,,
01/06/2026 00:38:20,421260,0,0,0,0,0,0,,,,,,,,,,,,,,,,,,
01/06/2026 00:38:50,421258,0,0,0,1,.0078,52,,,,,,,,,,,,,,,,,,
01/06/2026 00:38:50,421260,1,.0056,65,3,.0228,46,,,,,,,,,,,,,,,,,,
01/06/2026 00:39:20,421258,1,.005,60,1,.005,78,,,,,,,,,,,,,,,,,,
01/06/2026 00:39:20,421260,1,.005,78,1,.0078,52,,,,,,,,,,,,,,,,,,
01/06/2026 00:39:50,421258,0,0,0,0,0,0,,,,,,,,,,,,,,,,,,
01/06/2026 00:39:50,421260,1,.0056,60,1,.0078,56,,,,,,,,,,,,,,,,,,
01/06/2026 00:40:20,421258,0,0,0,0,0,0,,,,,,,,,,,,,,,,,,
01/06/2026 00:40:20,421260,0,0,0,0,0,0,,,,,,,,,,,,,,,,,,
01/06/2026 00:40:50,421258,2,.0089,65,1,.0278,44,,,,,,,,,,,,,,,,,,
01/06/2026 00:40:50,421260,1,.0039,78,0,0,0,,,,,,,,,,,,,,,,,,
01/06/2026 00:41:20,421258,0,0,0,0,0,0,,,,,,,,,,,,,,,,,,
01/06/2026 00:41:20,421260,0,0,0,2,.015,56,,,,,,,,,,,,,,,,,,
01/06/2026 00:41:50,421258,1,.005,60,2,.04,42,,,,,,,,,,,,,,,,,,
01/06/2026 00:41:50,421260,0,0,0,2,.0117,60,,,,,,,,,,,,,,,,,,
01/06/2026 00:42:20,421258,0,0,0,1,.005,60,,,,,,,,,,,,,,,,,,
01/06/2026 00:42:20,421260,0,0,0,0,0,0,,,,,,,,,,,,,,,,,,
01/06/2026 00:42:50,421258,0,0,0,1,.0067,60,,,,,,,,,,,,,,,,,,
01/06/2026 00:42:50,421260,0,0,0,0,0,0,,,,,,,,,,,,,,,,,,
01/06/2026 00:43:20,421258,0,0,0,1,.0078,52,,,,,,,,,,,,,,,,,,
01/06/2026 00:43:20,421260,0,0,0,0,0,0,,,,,,,,,,,,,,,,,,
01/06/2026 00:43:50,421258,0,0,0,2,.0139,56,,,,,,,,,,,,,,,,,,
01/06/2026 00:43:50,421260,1,.005,78,2,.0117,65,,,,,,,,,,,,,,,,,,
01/06/2026 00:44:20,421258,0,0,0,0,0,0,,,,,,,,,,,,,,,,,,
01/06/2026 00:44:20,421260,0,0,0,1,.0067,60,,,,,,,,,,,,,,,,,,
01/06/2026 00:44:50,421258,0,0,0,0,0,0,,,,,,,,,,,,,,,,,,
01/06/2026 00:44:50,421260,0,0,0,4,.0339,44,,,,,,,,,,,,,,,,,,
01/06/2026 00:45:20,421258,0,0,0,0,0,0,,,,,,,,,,,,,,,,,,
01/06/2026 00:45:20,421260,0,0,0,0,0,0,,,,,,,,,,,,,,,,,,
01/06/2026 00:45:50,421258,1,.0039,60,2,.0117,65,,,,,,,,,,,,,,,,,,
01/06/2026 00:45:50,421260,0,0,0,3,.0189,56,,,,,,,,,,,,,,,,,,
01/06/2026 00:46:20,421258,0,0,0,1,.0067,60,,,,,,,,,,,,,,,,,,
01/06/2026 00:46:20,421260,0,0,0,2,.0128,60,,,,,,,,,,,,,,,,,,
01/06/2026 00:46:50,421258,0,0,0,1,.0278,40,,,,,,,,,,,,,,,,,,
01/06/2026 00:46:50,421260,1,.005,86,1,.0067,60,,,,,,,,,,,,,,,,,,
01/06/2026 00:47:20,421258,0,0,0,2,.0156,49,,,,,,,,,,,,,,,,,,
01/06/2026 00:47:20,421260,0,0,0,0,0,0,,,,,,,,,,,,,,,,,,
01/06/2026 00:47:50,421258,0,0,0,2,.0356,52,,,,,,,,,,,,,,,,,,
01/06/2026 00:47:50,421260,0,0,0,1,.0056,60,,,,,,,,,,,,,,,,,,
01/06/2026 00:48:20,421258,1,.0039,78,2,.015,56,,,,,,,,,,,,,,,,,,
01/06/2026 00:48:20,421260,0,0,0,0,0,0,,,,,,,,,,,,,,,,,,
01/06/2026 00:48:50,421258,0,0,0,0,0,0,,,,,,,,,,,,,,,,,,
01/06/2026 00:48:50,421260,0,0,0,3,.0217,56,,,,,,,,,,,,,,,,,,
01/06/2026 00:49:20,421258,0,0,0,0,0,0,,,,,,,,,,,,,,,,,,
01/06/2026 00:49:20,421260,0,0,0,0,0,0,,,,,,,,,,,,,,,,,,
01/06/2026 00:49:50,421258,0,0,0,1,.0078,44,,,,,,,,,,,,,,,,,,
01/06/2026 00:49:50,421260,1,.0056,71,3,.0228,52,,,,,,,,,,,,,,,,,,
01/06/2026 00:50:20,421258,0,0,0,1,.0078,60,,,,,,,,,,,,,,,,,,
01/06/2026 00:50:20,421260,1,.005,65,0,0,0,,,,,,,,,,,,,,,,,,
01/06/2026 00:50:50,421258,0,0,0,1,.0278,44,,,,,,,,,,,,,,,,,,
01/06/2026 00:50:50,421260,0,0,0,0,0,0,,,,,,,,,,,,,,,,,,
01/06/2026 00:51:20,421258,0,0,0,1,.005,78,,,,,,,,,,,,,,,,,,
01/06/2026 00:51:20,421260,0,0,0,0,0,0,,,,,,,,,,,,,,,,,,
01/06/2026 00:51:50,421258,2,.0078,78,0,0,0,,,,,,,,,,,,,,,,,,
01/06/2026 00:51:50,421260,1,.0056,78,0,0,0,,,,,,,,,,,,,,,,,,
01/06/2026 00:52:20,421258,0,0,0,1,.0278,52,,,,,,,,,,,,,,,,,,
01/06/2026 00:52:20,421260,0,0,0,1,.0056,60,,,,,,,,,,,,,,,,,,
01/06/2026 00:52:50,421258,0,0,0,0,0,0,,,,,,,,,,,,,,,,,,
01/06/2026 00:52:50,421260,0,0,0,1,.0078,46,,,,,,,,,,,,,,,,,,
01/06/2026 00:53:20,421258,0,0,0,0,0,0,,,,,,,,,,,,,,,,,,
01/06/2026 00:53:20,421260,0,0,0,0,0,0,,,,,,,,,,,,,,,,,,
01/06/2026 00:53:50,421258,1,.005,60,0,0,0,,,,,,,,,,,,,,,,,,
01/06/2026 00:53:50,421260,0,0,0,0,0,0,,,,,,,,,,,,,,,,,,
01/06/2026 00:54:20,421258,0,0,0,1,.0078,52,,,,,,,,,,,,,,,,,,
01/06/2026 00:54:20,421260,0,0,0,0,0,0,,,,,,,,,,,,,,,,,,
01/06/2026 00:54:50,421258,0,0,0,0,0,0,,,,,,,,,,,,,,,,,,
01/06/2026 00:54:50,421260,0,0,0,1,.0067,65,,,,,,,,,,,,,,,,,,
01/06/2026 00:55:20,421258,0,0,0,1,.0089,44,,,,,,,,,,,,,,,,,,
01/06/2026 00:55:20,421260,1,.005,78,1,.0067,60,,,,,,,,,,,,,,,,,,
01/06/2026 00:55:50,421258,0,0,0,0,0,0,,,,,,,,,,,,,,,,,,
01/06/2026 00:55:50,421260,0,0,0,3,.0228,56,,,,,,,,,,,,,,,,,,
01/06/2026 00:56:20,421258,0,0,0,1,.0078,52,,,,,,,,,,,,,,,,,,
01/06/2026 00:56:20,421260,0,0,0,1,.0078,56,,,,,,,,,,,,,,,,,,
01/06/2026 00:56:50,421258,1,.0039,78,0,0,0,,,,,,,,,,,,,,,,,,
01/06/2026 00:56:50,421260,1,.005,78,4,.0267,56,,,,,,,,,,,,,,,,,,
01/06/2026 00:57:20,421258,0,0,0,1,.0078,52,,,,,,,,,,,,,,,,,,
01/06/2026 00:57:20,421260,0,0,0,0,0,0,,,,,,,,,,,,,,,,,,
01/06/2026 00:57:50,421258,0,0,0,2,.0356,44,,,,,,,,,,,,,,,,,,
01/06/2026 00:57:50,421260,1,.0056,65,0,0,0,,,,,,,,,,,,,,,,,,
01/06/2026 00:58:20,421258,1,.0039,78,1,.0078,52,,,,,,,,,,,,,,,,,,
01/06/2026 00:58:20,421260,0,0,0,0,0,0,,,,,,,,,,,,,,,,,,
01/06/2026 00:58:50,421258,1,.0039,78,2,.0317,56,,,,,,,,,,,,,,,,,,
01/06/2026 00:58:50,421260,0,0,0,0,0,0,,,,,,,,,,,,,,,,,,
01/06/2026 00:59:20,421258,0,0,0,0,0,0,,,,,,,,,,,,,,,,,,
01/06/2026 00:59:20,421260,0,0,0,0,0,0,,,,,,,,,,,,,,,,,,
01/06/2026 00:59:50,421258,1,.0039,78,0,0,0,,,,,,,,,,,,,,,,,,
01/06/2026 00:59:50,421260,0,0,0,0,0,0,,,,,,,,,,,,,,,,,,
01/06/2026 01:00:20,421258,0,0,0,0,0,0,,,,,,,,,,,,,,,,,,
01/06/2026 01:00:20,421260,0,0,0,1,.005,78,,,,,,,,,,,,,,,,,,
01/06/2026 01:00:50,421258,0,0,0,0,0,0,,,,,,,,,,,,,,,,,,
01/06/2026 01:00:50,421260,0,0,0,0,0,0,,,,,,,,,,,,,,,,,,
01/06/2026 01:01:20,421258,0,0,0,0,0,0,,,,,,,,,,,,,,,,,,
01/06/2026 01:01:20,421260,0,0,0,1,.0328,49,,,,,,,,,,,,,,,,,,
01/06/2026 01:01:50,421258,0,0,0,0,0,0,,,,,,,,,,,,,,,,,,
01/06/2026 01:01:50,421260,0,0,0,1,.0039,78,,,,,,,,,,,,,,,,,,
01/06/2026 01:02:20,421258,0,0,0,1,.0078,44,,,,,,,,,,,,,,,,,,
01/06/2026 01:02:20,421260,0,0,0,1,.0067,60,,,,,,,,,,,,,,,,,,
01/06/2026 01:02:50,421258,0,0,0,0,0,0,,,,,,,,,,,,,,,,,,
01/06/2026 01:02:50,421260,2,.01,65,0,0,0,,,,,,,,,,,,,,,,,,
01/06/2026 01:03:20,421258,1,.0039,60,1,.0317,23,,,,,,,,,,,,,,,,,,
01/06/2026 01:03:20,421260,0,0,0,3,.0228,52,,,,,,,,,,,,,,,,,,
01/06/2026 01:03:50,421258,0,0,0,0,0,0,,,,,,,,,,,,,,,,,,
01/06/2026 01:03:50,421260,0,0,0,4,.0289,46,,,,,,,,,,,,,,,,,,
01/06/2026 01:04:20,421258,1,.0039,60,1,.0067,60,,,,,,,,,,,,,,,,,,
01/06/2026 01:04:20,421260,0,0,0,2,.0139,56,,,,,,,,,,,,,,,,,,
01/06/2026 01:04:50,421258,1,.0039,60,0,0,0,,,,,,,,,,,,,,,,,,
01/06/2026 01:04:50,421260,2,.0106,71,1,.0067,52,,,,,,,,,,,,,,,,,,
01/06/2026 01:05:20,421258,0,0,0,1,.0306,44,,,,,,,,,,,,,,,,,,
01/06/2026 01:05:20,421260,0,0,0,0,0,0,,,,,,,,,,,,,,,,,,
01/06/2026 01:05:50,421258,0,0,0,2,.0339,40,,,,,,,,,,,,,,,,,,
01/06/2026 01:05:50,421260,2,.0106,65,0,0,0,,,,,,,,,,,,,,,,,,
01/06/2026 01:06:20,421258,1,.0039,78,3,.0456,46,,,,,,,,,,,,,,,,,,
01/06/2026 01:06:20,421260,0,0,0,1,.0078,46,,,,,,,,,,,,,,,,,,
01/06/2026 01:06:50,421258,1,.0039,78,1,.005,60,,,,,,,,,,,,,,,,,,
01/06/2026 01:06:50,421260,0,0,0,0,0,0,,,,,,,,,,,,,,,,,,
01/06/2026 01:07:20,421258,0,0,0,1,.005,78,,,,,,,,,,,,,,,,,,
01/06/2026 01:07:20,421260,1,.0039,96,1,.005,65,,,,,,,,,,,,,,,,,,
01/06/2026 01:07:50,421258,1,.0039,60,1,.005,60,,,,,,,,,,,,,,,,,,
01/06/2026 01:07:50,421260,0,0,0,1,.0056,65,,,,,,,,,,,,,,,,,,
01/06/2026 01:08:20,421258,0,0,0,0,0,0,,,,,,,,,,,,,,,,,,
01/06/2026 01:08:20,421260,0,0,0,1,.0078,52,,,,,,,,,,,,,,,,,,
01/06/2026 01:08:50,421258,1,.0039,96,1,.0078,44,,,,,,,,,,,,,,,,,,
01/06/2026 01:08:50,421260,2,.01,78,0,0,0,,,,,,,,,,,,,,,,,,
01/06/2026 01:09:20,421258,0,0,0,1,.005,60,,,,,,,,,,,,,,,,,,
01/06/2026 01:09:20,421260,3,.0139,65,2,.0139,56,,,,,,,,,,,,,,,,,,
01/06/2026 01:09:50,421258,0,0,0,0,0,0,,,,,,,,,,,,,,,,,,
01/06/2026 01:09:50,421260,0,0,0,0,0,0,,,,,,,,,,,,,,,,,,
01/06/2026 01:10:20,421258,2,.0078,78,1,.0089,44,,,,,,,,,,,,,,,,,,
01/06/2026 01:10:20,421260,1,.005,86,0,0,0,,,,,,,,,,,,,,,,,,
01/06/2026 01:10:50,421258,1,.0039,96,0,0,0,,,,,,,,,,,,,,,,,,
01/06/2026 01:10:50,421260,0,0,0,0,0,0,,,,,,,,,,,,,,,,,,
01/06/2026 01:11:20,421258,0,0,0,3,.0267,52,,,,,,,,,,,,,,,,,,
01/06/2026 01:11:20,421260,0,0,0,0,0,0,,,,,,,,,,,,,,,,,,
01/06/2026 01:11:50,421258,1,.0039,78,0,0,0,,,,,,,,,,,,,,,,,,
01/06/2026 01:11:50,421260,1,.005,60,1,.0067,56,,,,,,,,,,,,,,,,,,
01/06/2026 01:12:20,421258,0,0,0,0,0,0,,,,,,,,,,,,,,,,,,
01/06/2026 01:12:20,421260,0,0,0,2,.0128,60,,,,,,,,,,,,,,,,,,
01/06/2026 01:12:50,421258,0,0,0,0,0,0,,,,,,,,,,,,,,,,,,
01/06/2026 01:12:50,421260,0,0,0,0,0,0,,,,,,,,,,,,,,,,,,
01/06/2026 01:13:20,421258,0,0,0,2,.015,52,,,,,,,,,,,,,,,,,,
01/06/2026 01:13:20,421260,0,0,0,0,0,0,,,,,,,,,,,,,,,,,,
01/06/2026 01:13:50,421258,0,0,0,1,.0039,78,,,,,,,,,,,,,,,,,,
01/06/2026 01:13:50,421260,0,0,0,1,.0089,49,,,,,,,,,,,,,,,,,,
01/06/2026 01:14:20,421258,0,0,0,1,.0067,60,,,,,,,,,,,,,,,,,,
01/06/2026 01:14:20,421260,0,0,0,1,.005,78,,,,,,,,,,,,,,,,,,
01/06/2026 01:14:50,421258,0,0,0,0,0,0,,,,,,,,,,,,,,,,,,
01/06/2026 01:14:50,421260,0,0,0,1,.0067,56,,,,,,,,,,,,,,,,,,
01/06/2026 01:15:20,421258,0,0,0,0,0,0,,,,,,,,,,,,,,,,,,
01/06/2026 01:15:20,421260,1,.0039,86,0,0,0,,,,,,,,,,,,,,,,,,
01/06/2026 01:15:50,421258,1,.0039,78,1,.0078,52,,,,,,,,,,,,,,,,,,
01/06/2026 01:15:50,421260,1,.005,86,4,.03,42,,,,,,,,,,,,,,,,,,
01/06/2026 01:16:20,421258,0,0,0,0,0,0,,,,,,,,,,,,,,,,,,
01/06/2026 01:16:20,421260,1,.0039,96,0,0,0,,,,,,,,,,,,,,,,,,
01/06/2026 01:16:50,421258,0,0,0,2,.0128,56,,,,,,,,,,,,,,,,,,
01/06/2026 01:16:50,421260,0,0,0,2,.0189,60,,,,,,,,,,,,,,,,,,
01/06/2026 01:17:20,421258,0,0,0,1,.005,78,,,,,,,,,,,,,,,,,,
01/06/2026 01:17:20,421260,0,0,0,0,0,0,,,,,,,,,,,,,,,,,,
01/06/2026 01:17:50,421258,1,.0039,96,2,.0428,44,,,,,,,,,,,,,,,,,,
01/06/2026 01:17:50,421260,0,0,0,0,0,0,,,,,,,,,,,,,,,,,,
01/06/2026 01:18:20,421258,0,0,0,0,0,0,,,,,,,,,,,,,,,,,,
01/06/2026 01:18:20,421260,0,0,0,1,.0078,49,,,,,,,,,,,,,,,,,,
01/06/2026 01:18:50,421258,0,0,0,2,.02,49,,,,,,,,,,,,,,,,,,
01/06/2026 01:18:50,421260,0,0,0,1,.005,60,,,,,,,,,,,,,,,,,,
01/06/2026 01:19:20,421258,0,0,0,0,0,0,,,,,,,,,,,,,,,,,,
01/06/2026 01:19:20,421260,0,0,0,0,0,0,,,,,,,,,,,,,,,,,,
01/06/2026 01:19:50,421258,0,0,0,0,0,0,,,,,,,,,,,,,,,,,,
01/06/2026 01:19:50,421260,0,0,0,1,.0067,52,,,,,,,,,,,,,,,,,,
01/06/2026 01:20:20,421258,0,0,0,1,.0078,44,,,,,,,,,,,,,,,,,,
01/06/2026 01:20:20,421260,0,0,0,2,.0206,46,,,,,,,,,,,,,,,,,,
01/06/2026 01:20:50,421258,0,0,0,1,.005,60,,,,,,,,,,,,,,,,,,
01/06/2026 01:20:50,421260,0,0,0,2,.0139,60,,,,,,,,,,,,,,,,,,
01/06/2026 01:21:20,421258,0,0,0,0,0,0,,,,,,,,,,,,,,,,,,
01/06/2026 01:21:20,421260,0,0,0,0,0,0,,,,,,,,,,,,,,,,,,
01/06/2026 01:21:50,421258,0,0,0,0,0,0,,,,,,,,,,,,,,,,,,
01/06/2026 01:21:50,421260,0,0,0,0,0,0,,,,,,,,,,,,,,,,,,
01/06/2026 01:22:20,421258,0,0,0,2,.035,44,,,,,,,,,,,,,,,,,,
01/06/2026 01:22:20,421260,0,0,0,1,.0067,60,,,,,,,,,,,,,,,,,,
01/06/2026 01:22:50,421258,0,0,0,2,.0128,60,,,,,,,,,,,,,,,,,,
01/06/2026 01:22:50,421260,0,0,0,0,0,0,,,,,,,,,,,,,,,,,,
01/06/2026 01:23:20,421258,0,0,0,0,0,0,,,,,,,,,,,,,,,,,,
01/06/2026 01:23:20,421260,0,0,0,0,0,0,,,,,,,,,,,,,,,,,,
01/06/2026 01:23:50,421258,0,0,0,0,0,0,,,,,,,,,,,,,,,,,,
01/06/2026 01:23:50,421260,0,0,0,0,0,0,,,,,,,,,,,,,,,,,,
01/06/2026 01:24:20,421258,0,0,0,1,.0067,60,,,,,,,,,,,,,,,,,,
01/06/2026 01:24:20,421260,0,0,0,2,.0117,65,,,,,,,,,,,,,,,,,,
01/06/2026 01:24:50,421258,0,0,0,0,0,0,,,,,,,,,,,,,,,,,,
01/06/2026 01:24:50,421260,0,0,0,0,0,0,,,,,,,,,,,,,,,,,,
01/06/2026 01:25:20,421258,0,0,0,0,0,0,,,,,,,,,,,,,,,,,,
01/06/2026 01:25:20,421260,0,0,0,1,.0228,40,,,,,,,,,,,,,,,,,,
01/06/2026 01:25:50,421258,0,0,0,2,.0139,60,,,,,,,,,,,,,,,,,,
01/06/2026 01:25:50,421260,0,0,0,0,0,0,,,,,,,,,,,,,,,,,,
01/06/2026 01:26:20,421258,0,0,0,0,0,0,,,,,,,,,,,,,,,,,,
01/06/2026 01:26:20,421260,3,.015,60,2,.0106,71,,,,,,,,,,,,,,,,,,
01/06/2026 01:26:50,421258,0,0,0,0,0,0,,,,,,,,,,,,,,,,,,
01/06/2026 01:26:50,421260,0,0,0,1,.0078,49,,,,,,,,,,,,,,,,,,
01/06/2026 01:27:20,421258,0,0,0,0,0,0,,,,,,,,,,,,,,,,,,
01/06/2026 01:27:20,421260,0,0,0,1,.0078,49,,,,,,,,,,,,,,,,,,
01/06/2026 01:27:50,421258,0,0,0,2,.03,44,,,,,,,,,,,,,,,,,,
01/06/2026 01:27:50,421260,0,0,0,1,.0067,65,,,,,,,,,,,,,,,,,,
01/06/2026 01:28:20,421258,1,.0039,78,0,0,0,,,,,,,,,,,,,,,,,,
01/06/2026 01:28:20,421260,0,0,0,0,0,0,,,,,,,,,,,,,,,,,,
01/06/2026 01:28:50,421258,1,.005,60,0,0,0,,,,,,,,,,,,,,,,,,
01/06/2026 01:28:50,421260,1,.0039,71,1,.0078,52,,,,,,,,,,,,,,,,,,
01/06/2026 01:29:20,421258,1,.0039,60,1,.0267,44,,,,,,,,,,,,,,,,,,
01/06/2026 01:29:20,421260,0,0,0,0,0,0,,,,,,,,,,,,,,,,,,
01/06/2026 01:29:50,421258,0,0,0,1,.0078,52,,,,,,,,,,,,,,,,,,
01/06/2026 01:29:50,421260,0,0,0,3,.0167,65,,,,,,,,,,,,,,,,,,
01/06/2026 01:30:20,421258,0,0,0,1,.005,60,,,,,,,,,,,,,,,,,,
01/06/2026 01:30:20,421260,0,0,0,0,0,0,,,,,,,,,,,,,,,,,,
01/06/2026 01:30:50,421258,0,0,0,1,.0067,60,,,,,,,,,,,,,,,,,,
01/06/2026 01:30:50,421260,0,0,0,1,.0106,49,,,,,,,,,,,,,,,,,,
01/06/2026 01:31:20,421258,0,0,0,1,.0228,44,,,,,,,,,,,,,,,,,,
01/06/2026 01:31:20,421260,0,0,0,0,0,0,,,,,,,,,,,,,,,,,,
01/06/2026 01:31:50,421258,0,0,0,1,.0067,52,,,,,,,,,,,,,,,,,,
01/06/2026 01:31:50,421260,0,0,0,0,0,0,,,,,,,,,,,,,,,,,,
01/06/2026 01:32:20,421258,0,0,0,0,0,0,,,,,,,,,,,,,,,,,,
01/06/2026 01:32:20,421260,0,0,0,0,0,0,,,,,,,,,,,,,,,,,,
01/06/2026 01:32:50,421258,0,0,0,1,.0278,40,,,,,,,,,,,,,,,,,,
01/06/2026 01:32:50,421260,0,0,0,0,0,0,,,,,,,,,,,,,,,,,,
01/06/2026 01:33:20,421258,0,0,0,0,0,0,,,,,,,,,,,,,,,,,,
01/06/2026 01:33:20,421260,0,0,0,1,.0089,44,,,,,,,,,,,,,,,,,,
01/06/2026 01:33:50,421258,0,0,0,0,0,0,,,,,,,,,,,,,,,,,,
01/06/2026 01:33:50,421260,0,0,0,2,.0156,52,,,,,,,,,,,,,,,,,,
01/06/2026 01:34:20,421258,0,0,0,0,0,0,,,,,,,,,,,,,,,,,,
01/06/2026 01:34:20,421260,0,0,0,1,.0056,65,,,,,,,,,,,,,,,,,,
01/06/2026 01:34:50,421258,0,0,0,0,0,0,,,,,,,,,,,,,,,,,,
01/06/2026 01:34:50,421260,0,0,0,0,0,0,,,,,,,,,,,,,,,,,,
01/06/2026 01:35:20,421258,0,0,0,0,0,0,,,,,,,,,,,,,,,,,,
01/06/2026 01:35:20,421260,0,0,0,0,0,0,,,,,,,,,,,,,,,,,,
01/06/2026 01:35:50,421258,0,0,0,2,.0378,40,,,,,,,,,,,,,,,,,,
01/06/2026 01:35:50,421260,0,0,0,1,.0156,60,,,,,,,,,,,,,,,,,,
01/06/2026 01:36:20,421258,0,0,0,1,.0067,52,,,,,,,,,,,,,,,,,,
01/06/2026 01:36:20,421260,0,0,0,0,0,0,,,,,,,,,,,,,,,,,,
01/06/2026 01:36:50,421258,0,0,0,0,0,0,,,,,,,,,,,,,,,,,,
01/06/2026 01:36:50,421260,0,0,0,3,.0178,65,,,,,,,,,,,,,,,,,,
01/06/2026 01:37:20,421258,0,0,0,0,.0117,44,,,,,,,,,,,,,,,,,,
01/06/2026 01:37:20,421260,1,.005,71,0,0,0,,,,,,,,,,,,,,,,,,
01/06/2026 01:37:50,421258,0,0,0,1,.0067,81,,,,,,,,,,,,,,,,,,
01/06/2026 01:37:50,421260,2,.0117,60,2,.015,42,,,,,,,,,,,,,,,,,,
01/06/2026 01:38:20,421258,0,0,0,2,.0128,56,,,,,,,,,,,,,,,,,,
01/06/2026 01:38:20,421260,1,.0067,60,4,.0339,49,,,,,,,,,,,,,,,,,,
01/06/2026 01:38:50,421258,1,.0039,60,1,.0067,60,,,,,,,,,,,,,,,,,,
01/06/2026 01:38:50,421260,1,.005,78,1,.0067,60,,,,,,,,,,,,,,,,,,
01/06/2026 01:39:20,421258,0,0,0,2,.0117,60,,,,,,,,,,,,,,,,,,
01/06/2026 01:39:20,421260,0,0,0,1,.0056,71,,,,,,,,,,,,,,,,,,
01/06/2026 01:39:50,421258,0,0,0,1,.03,36,,,,,,,,,,,,,,,,,,
01/06/2026 01:39:50,421260,1,.005,60,2,.015,52,,,,,,,,,,,,,,,,,,
01/06/2026 01:40:20,421258,0,0,0,2,.0189,52,,,,,,,,,,,,,,,,,,
01/06/2026 01:40:20,421260,0,0,0,0,0,0,,,,,,,,,,,,,,,,,,
01/06/2026 01:40:50,421258,1,.0039,78,2,.0706,34,,,,,,,,,,,,,,,,,,
01/06/2026 01:40:50,421260,0,0,0,0,0,0,,,,,,,,,,,,,,,,,,
01/06/2026 01:41:20,421258,0,0,0,1,.0067,60,,,,,,,,,,,,,,,,,,
01/06/2026 01:41:20,421260,0,0,0,1,.005,78,,,,,,,,,,,,,,,,,,
01/06/2026 01:41:50,421258,1,.0039,60,2,.015,52,,,,,,,,,,,,,,,,,,
01/06/2026 01:41:50,421260,0,0,0,0,0,0,,,,,,,,,,,,,,,,,,
01/06/2026 01:42:20,421258,0,0,0,0,0,0,,,,,,,,,,,,,,,,,,
01/06/2026 01:42:20,421260,0,0,0,2,.0156,40,,,,,,,,,,,,,,,,,,
01/06/2026 01:42:50,421258,0,0,0,0,0,0,,,,,,,,,,,,,,,,,,
01/06/2026 01:42:50,421260,0,0,0,0,0,0,,,,,,,,,,,,,,,,,,
01/06/2026 01:43:20,421258,0,0,0,1,.0067,60,,,,,,,,,,,,,,,,,,
01/06/2026 01:43:20,421260,0,0,0,0,0,0,,,,,,,,,,,,,,,,,,
01/06/2026 01:43:50,421258,0,0,0,0,0,0,,,,,,,,,,,,,,,,,,
01/06/2026 01:43:50,421260,0,0,0,1,.015,46,,,,,,,,,,,,,,,,,,
01/06/2026 01:44:20,421258,0,0,0,0,0,0,,,,,,,,,,,,,,,,,,
01/06/2026 01:44:20,421260,0,0,0,0,0,0,,,,,,,,,,,,,,,,,,
01/06/2026 01:44:50,421258,0,0,0,1,.03,40,,,,,,,,,,,,,,,,,,
01/06/2026 01:44:50,421260,0,0,0,0,0,0,,,,,,,,,,,,,,,,,,
01/06/2026 01:45:20,421258,0,0,0,0,0,0,,,,,,,,,,,,,,,,,,
01/06/2026 01:45:20,421260,1,.0056,65,1,.0067,60,,,,,,,,,,,,,,,,,,
01/06/2026 01:45:50,421258,0,0,0,0,0,0,,,,,,,,,,,,,,,,,,
01/06/2026 01:45:50,421260,1,.005,71,0,0,0,,,,,,,,,,,,,,,,,,
01/06/2026 01:46:20,421258,0,0,0,1,.0339,40,,,,,,,,,,,,,,,,,,
01/06/2026 01:46:20,421260,1,.0039,71,0,0,0,,,,,,,,,,,,,,,,,,
01/06/2026 01:46:50,421258,0,0,0,0,0,0,,,,,,,,,,,,,,,,,,
01/06/2026 01:46:50,421260,0,0,0,3,.0217,44,,,,,,,,,,,,,,,,,,
01/06/2026 01:47:20,421258,2,.0078,65,1,.0078,52,,,,,,,,,,,,,,,,,,
01/06/2026 01:47:20,421260,0,0,0,2,.0217,42,,,,,,,,,,,,,,,,,,
01/06/2026 01:47:50,421258,0,0,0,0,0,0,,,,,,,,,,,,,,,,,,
01/06/2026 01:47:50,421260,0,0,0,1,.0056,65,,,,,,,,,,,,,,,,,,
01/06/2026 01:48:20,421258,1,.0039,60,0,0,0,,,,,,,,,,,,,,,,,,
01/06/2026 01:48:20,421260,0,0,0,0,0,0,,,,,,,,,,,,,,,,,,
01/06/2026 01:48:50,421258,0,0,0,0,0,0,,,,,,,,,,,,,,,,,,
01/06/2026 01:48:50,421260,0,0,0,1,.0056,65,,,,,,,,,,,,,,,,,,
01/06/2026 01:49:20,421258,1,.0039,60,1,.0317,36,,,,,,,,,,,,,,,,,,
01/06/2026 01:49:20,421260,0,0,0,0,0,0,,,,,,,,,,,,,,,,,,
01/06/2026 01:49:50,421258,0,0,0,1,.0267,20,,,,,,,,,,,,,,,,,,
01/06/2026 01:49:50,421260,0,0,0,3,.03,42,,,,,,,,,,,,,,,,,,
01/06/2026 01:50:20,421258,0,0,0,1,.0078,52,,,,,,,,,,,,,,,,,,
01/06/2026 01:50:20,421260,0,0,0,0,0,0,,,,,,,,,,,,,,,,,,
01/06/2026 01:50:50,421258,0,0,0,0,0,0,,,,,,,,,,,,,,,,,,
01/06/2026 01:50:50,421260,0,0,0,0,0,0,,,,,,,,,,,,,,,,,,
01/06/2026 01:51:20,421258,0,0,0,0,0,0,,,,,,,,,,,,,,,,,,
01/06/2026 01:51:20,421260,1,.0056,60,0,0,0,,,,,,,,,,,,,,,,,,
01/06/2026 01:51:50,421258,1,.0078,52,0,0,0,,,,,,,,,,,,,,,,,,
01/06/2026 01:51:50,421260,1,.0039,71,0,0,0,,,,,,,,,,,,,,,,,,
01/06/2026 01:52:20,421258,0,0,0,1,.0267,44,,,,,,,,,,,,,,,,,,
01/06/2026 01:52:20,421260,0,0,0,0,0,0,,,,,,,,,,,,,,,,,,
01/06/2026 01:52:50,421258,0,0,0,0,0,0,,,,,,,,,,,,,,,,,,
01/06/2026 01:52:50,421260,0,0,0,0,0,0,,,,,,,,,,,,,,,,,,
01/06/2026 01:53:20,421258,1,.0039,60,1,.005,60,,,,,,,,,,,,,,,,,,
01/06/2026 01:53:20,421260,0,0,0,0,0,0,,,,,,,,,,,,,,,,,,
01/06/2026 01:53:50,421258,0,0,0,0,0,0,,,,,,,,,,,,,,,,,,
01/06/2026 01:53:50,421260,0,0,0,2,.0156,52,,,,,,,,,,,,,,,,,,
01/06/2026 01:54:20,421258,0,0,0,0,0,0,,,,,,,,,,,,,,,,,,
01/06/2026 01:54:20,421260,0,0,0,4,.0389,46,,,,,,,,,,,,,,,,,,
01/06/2026 01:54:50,421258,0,0,0,0,0,0,,,,,,,,,,,,,,,,,,
01/06/2026 01:54:50,421260,0,0,0,1,.0056,60,,,,,,,,,,,,,,,,,,
01/06/2026 01:55:20,421258,0,0,0,0,0,0,,,,,,,,,,,,,,,,,,
01/06/2026 01:55:20,421260,0,0,0,1,.0067,52,,,,,,,,,,,,,,,,,,
01/06/2026 01:55:50,421258,0,0,0,1,.0106,44,,,,,,,,,,,,,,,,,,
01/06/2026 01:55:50,421260,0,0,0,0,0,0,,,,,,,,,,,,,,,,,,
01/06/2026 01:56:20,421258,0,0,0,1,.0256,44,,,,,,,,,,,,,,,,,,
01/06/2026 01:56:20,421260,0,0,0,1,.0039,52,,,,,,,,,,,,,,,,,,
01/06/2026 01:56:50,421258,0,0,0,4,.105,38,,,,,,,,,,,,,,,,,,
01/06/2026 01:56:50,421260,0,0,0,0,0,0,,,,,,,,,,,,,,,,,,
01/06/2026 01:57:20,421258,0,0,0,1,.0078,52,,,,,,,,,,,,,,,,,,
01/06/2026 01:57:20,421260,0,0,0,0,0,0,,,,,,,,,,,,,,,,,,
01/06/2026 01:57:50,421258,0,0,0,0,0,0,,,,,,,,,,,,,,,,,,
01/06/2026 01:57:50,421260,1,.005,86,1,.0067,60,,,,,,,,,,,,,,,,,,
01/06/2026 01:58:20,421258,0,0,0,1,.0128,42,,,,,,,,,,,,,,,,,,
01/06/2026 01:58:20,421260,0,0,0,0,0,0,,,,,,,,,,,,,,,,,,
01/06/2026 01:58:50,421258,0,0,0,0,0,0,,,,,,,,,,,,,,,,,,
01/06/2026 01:58:50,421260,0,0,0,0,0,0,,,,,,,,,,,,,,,,,,
01/06/2026 01:59:20,421258,1,.0039,78,0,0,0,,,,,,,,,,,,,,,,,,
01/06/2026 01:59:20,421260,0,0,0,0,0,0,,,,,,,,,,,,,,,,,,
01/06/2026 01:59:50,421258,0,0,0,1,.0067,60,,,,,,,,,,,,,,,,,,
01/06/2026 01:59:50,421260,0,0,0,0,0,0,,,,,,,,,,,,,,,,,,
01/06/2026 02:00:20,421258,0,0,0,0,0,0,,,,,,,,,,,,,,,,,,
01/06/2026 02:00:20,421260,0,0,0,1,.0067,56,,,,,,,,,,,,,,,,,,
01/06/2026 02:00:50,421258,0,0,0,0,0,0,,,,,,,,,,,,,,,,,,
01/06/2026 02:00:50,421260,0,0,0,0,0,0,,,,,,,,,,,,,,,,,,
01/06/2026 02:01:20,421258,0,0,0,0,0,0,,,,,,,,,,,,,,,,,,
01/06/2026 02:01:20,421260,0,0,0,0,0,0,,,,,,,,,,,,,,,,,,
01/06/2026 02:01:50,421258,0,0,0,0,0,0,,,,,,,,,,,,,,,,,,
01/06/2026 02:01:50,421260,0,0,0,0,0,0,,,,,,,,,,,,,,,,,,
01/06/2026 02:02:20,421258,0,0,0,1,.0089,44,,,,,,,,,,,,,,,,,,
01/06/2026 02:02:20,421260,1,.0039,71,1,.0067,71,,,,,,,,,,,,,,,,,,
01/06/2026 02:02:50,421258,0,0,0,0,0,0,,,,,,,,,,,,,,,,,,
01/06/2026 02:02:50,421260,0,0,0,0,0,0,,,,,,,,,,,,,,,,,,
01/06/2026 02:03:20,421258,0,0,0,0,0,0,,,,,,,,,,,,,,,,,,
01/06/2026 02:03:20,421260,0,0,0,1,.0056,71,,,,,,,,,,,,,,,,,,
01/06/2026 02:03:50,421258,0,0,0,1,.0067,60,,,,,,,,,,,,,,,,,,
01/06/2026 02:03:50,421260,0,0,0,0,0,0,,,,,,,,,,,,,,,,,,
01/06/2026 02:04:20,421258,1,.0039,78,0,0,0,,,,,,,,,,,,,,,,,,
01/06/2026 02:04:20,421260,1,.005,78,0,0,0,,,,,,,,,,,,,,,,,,
01/06/2026 02:04:50,421258,0,0,0,1,.005,60,,,,,,,,,,,,,,,,,,
01/06/2026 02:04:50,421260,1,.0039,96,1,.0239,52,,,,,,,,,,,,,,,,,,
01/06/2026 02:05:20,421258,0,0,0,0,0,0,,,,,,,,,,,,,,,,,,
01/06/2026 02:05:20,421260,0,0,0,2,.015,49,,,,,,,,,,,,,,,,,,
01/06/2026 02:05:50,421258,1,.0039,78,0,0,0,,,,,,,,,,,,,,,,,,
01/06/2026 02:05:50,421260,0,0,0,0,0,0,,,,,,,,,,,,,,,,,,
01/06/2026 02:06:20,421258,0,0,0,1,.0067,78,,,,,,,,,,,,,,,,,,
01/06/2026 02:06:20,421260,0,0,0,0,0,0,,,,,,,,,,,,,,,,,,
01/06/2026 02:06:50,421258,0,0,0,1,.0206,26,,,,,,,,,,,,,,,,,,
01/06/2026 02:06:50,421260,0,0,0,0,0,0,,,,,,,,,,,,,,,,,,
01/06/2026 02:07:20,421258,0,0,0,0,0,0,,,,,,,,,,,,,,,,,,
01/06/2026 02:07:20,421260,2,.01,78,1,.005,71,,,,,,,,,,,,,,,,,,
01/06/2026 02:07:50,421258,0,0,0,1,.0267,44,,,,,,,,,,,,,,,,,,
01/06/2026 02:07:50,421260,0,0,0,0,0,0,,,,,,,,,,,,,,,,,,
01/06/2026 02:08:20,421258,0,0,0,0,0,0,,,,,,,,,,,,,,,,,,
01/06/2026 02:08:20,421260,0,0,0,0,0,0,,,,,,,,,,,,,,,,,,
01/06/2026 02:08:50,421258,2,.0078,78,0,0,0,,,,,,,,,,,,,,,,,,
01/06/2026 02:08:50,421260,0,0,0,1,.0067,56,,,,,,,,,,,,,,,,,,
01/06/2026 02:09:20,421258,0,0,0,1,.005,109,,,,,,,,,,,,,,,,,,
01/06/2026 02:09:20,421260,0,0,0,1,.0067,52,,,,,,,,,,,,,,,,,,
01/06/2026 02:09:50,421258,0,0,0,0,0,0,,,,,,,,,,,,,,,,,,
01/06/2026 02:09:50,421260,0,0,0,0,0,0,,,,,,,,,,,,,,,,,,
01/06/2026 02:10:20,421258,0,0,0,0,0,0,,,,,,,,,,,,,,,,,,
01/06/2026 02:10:20,421260,0,0,0,1,.0089,52,,,,,,,,,,,,,,,,,,
01/06/2026 02:10:50,421258,0,0,0,1,.0067,52,,,,,,,,,,,,,,,,,,
01/06/2026 02:10:50,421260,1,.0056,60,0,0,0,,,,,,,,,,,,,,,,,,
01/06/2026 02:11:20,421258,0,0,0,0,0,0,,,,,,,,,,,,,,,,,,
01/06/2026 02:11:20,421260,1,.005,49,3,.0617,46,,,,,,,,,,,,,,,,,,
01/06/2026 02:11:50,421258,0,0,0,1,.0089,44,,,,,,,,,,,,,,,,,,
01/06/2026 02:11:50,421260,0,0,0,1,.0089,44,,,,,,,,,,,,,,,,,,
01/06/2026 02:12:20,421258,0,0,0,1,.0067,60,,,,,,,,,,,,,,,,,,
01/06/2026 02:12:20,421260,0,0,0,1,.0067,56,,,,,,,,,,,,,,,,,,
01/06/2026 02:12:50,421258,0,0,0,1,.0106,40,,,,,,,,,,,,,,,,,,
01/06/2026 02:12:50,421260,0,0,0,0,0,0,,,,,,,,,,,,,,,,,,
01/06/2026 02:13:20,421258,0,0,0,1,.0267,44,,,,,,,,,,,,,,,,,,
01/06/2026 02:13:20,421260,0,0,0,0,0,0,,,,,,,,,,,,,,,,,,
01/06/2026 02:13:50,421258,1,.0317,52,2,.0306,49,,,,,,,,,,,,,,,,,,
01/06/2026 02:13:50,421260,0,0,0,6,.0467,46,,,,,,,,,,,,,,,,,,
01/06/2026 02:14:20,421258,0,0,0,1,.0078,44,,,,,,,,,,,,,,,,,,
01/06/2026 02:14:20,421260,1,.0067,60,0,0,0,,,,,,,,,,,,,,,,,,
01/06/2026 02:14:50,421258,0,0,0,0,0,0,,,,,,,,,,,,,,,,,,
01/06/2026 02:14:50,421260,0,0,0,0,0,0,,,,,,,,,,,,,,,,,,
01/06/2026 02:15:20,421258,0,0,0,0,0,0,,,,,,,,,,,,,,,,,,
01/06/2026 02:15:20,421260,1,.0056,65,2,.015,52,,,,,,,,,,,,,,,,,,
01/06/2026 02:15:50,421258,0,0,0,1,.005,60,,,,,,,,,,,,,,,,,,
01/06/2026 02:15:50,421260,0,0,0,2,.015,56,,,,,,,,,,,,,,,,,,
01/06/2026 02:16:20,421258,1,.005,60,2,.0639,40,,,,,,,,,,,,,,,,,,
01/06/2026 02:16:20,421260,0,0,0,0,0,0,,,,,,,,,,,,,,,,,,
01/06/2026 02:16:50,421258,0,0,0,0,0,0,,,,,,,,,,,,,,,,,,
01/06/2026 02:16:50,421260,0,0,0,1,.0067,56,,,,,,,,,,,,,,,,,,
01/06/2026 02:17:20,421258,0,0,0,2,.0317,52,,,,,,,,,,,,,,,,,,
01/06/2026 02:17:20,421260,1,.0039,78,0,0,0,,,,,,,,,,,,,,,,,,
01/06/2026 02:17:50,421258,0,0,0,1,.0256,44,,,,,,,,,,,,,,,,,,
01/06/2026 02:17:50,421260,0,0,0,2,.0128,60,,,,,,,,,,,,,,,,,,
01/06/2026 02:18:20,421258,0,0,0,0,0,0,,,,,,,,,,,,,,,,,,
01/06/2026 02:18:20,421260,0,0,0,1,.0067,60,,,,,,,,,,,,,,,,,,
01/06/2026 02:18:50,421258,0,0,0,1,.0078,52,,,,,,,,,,,,,,,,,,
01/06/2026 02:18:50,421260,0,0,0,2,.015,56,,,,,,,,,,,,,,,,,,
01/06/2026 02:19:20,421258,0,0,0,2,.0106,60,,,,,,,,,,,,,,,,,,
01/06/2026 02:19:20,421260,0,0,0,0,0,0,,,,,,,,,,,,,,,,,,
01/06/2026 02:19:50,421258,0,0,0,1,.0067,52,,,,,,,,,,,,,,,,,,
01/06/2026 02:19:50,421260,2,.01,71,1,.0056,78,,,,,,,,,,,,,,,,,,
01/06/2026 02:20:20,421258,0,0,0,2,.0317,56,,,,,,,,,,,,,,,,,,
01/06/2026 02:20:20,421260,0,0,0,2,.0139,56,,,,,,,,,,,,,,,,,,
01/06/2026 02:20:50,421258,0,0,0,0,0,0,,,,,,,,,,,,,,,,,,
01/06/2026 02:20:50,421260,2,.01,71,1,.01,52,,,,,,,,,,,,,,,,,,
01/06/2026 02:21:20,421258,1,.0039,78,1,.0067,60,,,,,,,,,,,,,,,,,,
01/06/2026 02:21:20,421260,0,0,0,0,0,0,,,,,,,,,,,,,,,,,,
01/06/2026 02:21:50,421258,1,.0039,78,0,0,0,,,,,,,,,,,,,,,,,,
01/06/2026 02:21:50,421260,0,0,0,0,0,0,,,,,,,,,,,,,,,,,,
01/06/2026 02:22:20,421258,1,.0039,78,1,.0278,40,,,,,,,,,,,,,,,,,,
01/06/2026 02:22:20,421260,1,.005,78,0,0,0,,,,,,,,,,,,,,,,,,
01/06/2026 02:22:50,421258,1,.0039,60,1,.0256,52,,,,,,,,,,,,,,,,,,
01/06/2026 02:22:50,421260,0,0,0,1,.005,71,,,,,,,,,,,,,,,,,,
01/06/2026 02:23:20,421258,0,0,0,0,0,0,,,,,,,,,,,,,,,,,,
01/06/2026 02:23:20,421260,0,0,0,0,0,0,,,,,,,,,,,,,,,,,,
01/06/2026 02:23:50,421258,0,0,0,0,0,0,,,,,,,,,,,,,,,,,,
01/06/2026 02:23:50,421260,0,0,0,1,.0078,52,,,,,,,,,,,,,,,,,,
01/06/2026 02:24:20,421258,1,.005,60,0,0,0,,,,,,,,,,,,,,,,,,
01/06/2026 02:24:20,421260,0,0,0,1,.0039,52,,,,,,,,,,,,,,,,,,
01/06/2026 02:24:50,421258,0,0,0,1,.0067,60,,,,,,,,,,,,,,,,,,
01/06/2026 02:24:50,421260,0,0,0,1,.0139,65,,,,,,,,,,,,,,,,,,
01/06/2026 02:25:20,421258,0,0,0,0,0,0,,,,,,,,,,,,,,,,,,
01/06/2026 02:25:20,421260,0,0,0,0,0,0,,,,,,,,,,,,,,,,,,
01/06/2026 02:25:50,421258,0,0,0,0,0,0,,,,,,,,,,,,,,,,,,
01/06/2026 02:25:50,421260,1,.0056,65,3,.0178,56,,,,,,,,,,,,,,,,,,
01/06/2026 02:26:20,421258,0,0,0,2,.0189,40,,,,,,,,,,,,,,,,,,
01/06/2026 02:26:20,421260,0,0,0,0,0,0,,,,,,,,,,,,,,,,,,
01/06/2026 02:26:50,421258,0,0,0,1,.0189,40,,,,,,,,,,,,,,,,,,
01/06/2026 02:26:50,421260,2,.01,78,3,.0206,56,,,,,,,,,,,,,,,,,,
01/06/2026 02:27:20,421258,0,0,0,0,0,0,,,,,,,,,,,,,,,,,,
01/06/2026 02:27:20,421260,0,0,0,4,.0256,49,,,,,,,,,,,,,,,,,,
01/06/2026 02:27:50,421258,1,.0039,60,1,.005,60,,,,,,,,,,,,,,,,,,
01/06/2026 02:27:50,421260,1,.005,86,0,0,0,,,,,,,,,,,,,,,,,,
01/06/2026 02:28:20,421258,1,.0039,78,1,.0239,32,,,,,,,,,,,,,,,,,,
01/06/2026 02:28:20,421260,0,0,0,1,.0056,60,,,,,,,,,,,,,,,,,,
01/06/2026 02:28:50,421258,1,.0039,78,3,.0217,56,,,,,,,,,,,,,,,,,,
01/06/2026 02:28:50,421260,1,.0067,60,0,0,0,,,,,,,,,,,,,,,,,,
01/06/2026 02:29:20,421258,2,.0078,65,1,.0317,40,,,,,,,,,,,,,,,,,,
01/06/2026 02:29:20,421260,0,0,0,0,0,0,,,,,,,,,,,,,,,,,,
01/06/2026 02:29:50,421258,0,0,0,0,0,0,,,,,,,,,,,,,,,,,,
01/06/2026 02:29:50,421260,0,0,0,0,0,0,,,,,,,,,,,,,,,,,,
01/06/2026 02:30:20,421258,0,0,0,1,.0078,52,,,,,,,,,,,,,,,,,,
01/06/2026 02:30:20,421260,0,0,0,0,0,0,,,,,,,,,,,,,,,,,,
01/06/2026 02:30:50,421258,1,.005,60,0,0,0,,,,,,,,,,,,,,,,,,
01/06/2026 02:30:50,421260,1,.005,71,1,.0056,60,,,,,,,,,,,,,,,,,,
01/06/2026 02:31:20,421258,0,0,0,0,0,0,,,,,,,,,,,,,,,,,,
01/06/2026 02:31:20,421260,0,0,0,2,.0128,60,,,,,,,,,,,,,,,,,,
01/06/2026 02:31:50,421258,0,0,0,0,0,0,,,,,,,,,,,,,,,,,,
01/06/2026 02:31:50,421260,0,0,0,1,.0039,52,,,,,,,,,,,,,,,,,,
01/06/2026 02:32:20,421258,0,0,0,1,.0078,52,,,,,,,,,,,,,,,,,,
01/06/2026 02:32:20,421260,0,0,0,0,0,0,,,,,,,,,,,,,,,,,,
01/06/2026 02:32:50,421258,0,0,0,1,.0067,52,,,,,,,,,,,,,,,,,,
01/06/2026 02:32:50,421260,0,0,0,0,0,0,,,,,,,,,,,,,,,,,,
01/06/2026 02:33:20,421258,1,.0039,78,1,.0078,44,,,,,,,,,,,,,,,,,,
01/06/2026 02:33:20,421260,0,0,0,0,0,0,,,,,,,,,,,,,,,,,,
01/06/2026 02:33:50,421258,0,0,0,1,.015,36,,,,,,,,,,,,,,,,,,
01/06/2026 02:33:50,421260,1,.005,60,1,.005,52,,,,,,,,,,,,,,,,,,
01/06/2026 02:34:20,421258,0,0,0,0,0,0,,,,,,,,,,,,,,,,,,
01/06/2026 02:34:20,421260,1,.0056,71,0,0,0,,,,,,,,,,,,,,,,,,
01/06/2026 02:34:50,421258,0,0,0,0,0,0,,,,,,,,,,,,,,,,,,
01/06/2026 02:34:50,421260,0,0,0,0,0,0,,,,,,,,,,,,,,,,,,
01/06/2026 02:35:20,421258,0,0,0,0,0,0,,,,,,,,,,,,,,,,,,
01/06/2026 02:35:20,421260,0,0,0,0,0,0,,,,,,,,,,,,,,,,,,
01/06/2026 02:35:50,421258,1,.0039,60,1,.0128,42,,,,,,,,,,,,,,,,,,
01/06/2026 02:35:50,421260,0,0,0,0,0,0,,,,,,,,,,,,,,,,,,
01/06/2026 02:36:20,421258,1,.0039,78,0,0,0,,,,,,,,,,,,,,,,,,
01/06/2026 02:36:20,421260,3,.0167,71,2,.0178,52,,,,,,,,,,,,,,,,,,
01/06/2026 02:36:50,421258,0,0,0,0,0,0,,,,,,,,,,,,,,,,,,
01/06/2026 02:36:50,421260,0,0,0,2,.0128,56,,,,,,,,,,,,,,,,,,
01/06/2026 02:37:20,421258,0,0,0,0,0,0,,,,,,,,,,,,,,,,,,
01/06/2026 02:37:20,421260,0,0,0,0,0,0,,,,,,,,,,,,,,,,,,
01/06/2026 02:37:50,421258,1,.0039,60,2,.0117,60,,,,,,,,,,,,,,,,,,
01/06/2026 02:37:50,421260,0,0,0,1,.0067,60,,,,,,,,,,,,,,,,,,
01/06/2026 02:38:20,421258,1,.0039,60,0,0,0,,,,,,,,,,,,,,,,,,
01/06/2026 02:38:20,421260,1,.0078,78,2,.0167,52,,,,,,,,,,,,,,,,,,
01/06/2026 02:38:50,421258,0,0,0,1,.0306,40,,,,,,,,,,,,,,,,,,
01/06/2026 02:38:50,421260,0,0,0,1,.0067,60,,,,,,,,,,,,,,,,,,
01/06/2026 02:39:20,421258,0,0,0,0,0,0,,,,,,,,,,,,,,,,,,
01/06/2026 02:39:20,421260,0,0,0,2,.0117,71,,,,,,,,,,,,,,,,,,
01/06/2026 02:39:50,421258,1,.0067,78,1,.0067,52,,,,,,,,,,,,,,,,,,
01/06/2026 02:39:50,421260,0,0,0,1,.01,52,,,,,,,,,,,,,,,,,,
01/06/2026 02:40:20,421258,0,0,0,1,.0267,52,,,,,,,,,,,,,,,,,,
01/06/2026 02:40:20,421260,0,0,0,2,.0128,56,,,,,,,,,,,,,,,,,,
01/06/2026 02:40:50,421258,1,.0039,78,2,.0156,52,,,,,,,,,,,,,,,,,,
01/06/2026 02:40:50,421260,0,0,0,0,0,0,,,,,,,,,,,,,,,,,,
01/06/2026 02:41:20,421258,0,0,0,0,0,0,,,,,,,,,,,,,,,,,,
01/06/2026 02:41:20,421260,0,0,0,1,.0056,71,,,,,,,,,,,,,,,,,,
01/06/2026 02:41:50,421258,0,0,0,1,.04,49,,,,,,,,,,,,,,,,,,
01/06/2026 02:41:50,421260,0,0,0,1,.0056,60,,,,,,,,,,,,,,,,,,
01/06/2026 02:42:20,421258,0,0,0,1,.0117,46,,,,,,,,,,,,,,,,,,
01/06/2026 02:42:20,421260,0,0,0,0,0,0,,,,,,,,,,,,,,,,,,
01/06/2026 02:42:50,421258,0,0,0,1,.0078,60,,,,,,,,,,,,,,,,,,
01/06/2026 02:42:50,421260,0,0,0,1,.0067,60,,,,,,,,,,,,,,,,,,
01/06/2026 02:43:20,421258,0,0,0,0,0,0,,,,,,,,,,,,,,,,,,
01/06/2026 02:43:20,421260,0,0,0,1,.0089,56,,,,,,,,,,,,,,,,,,
01/06/2026 02:43:50,421258,0,0,0,0,0,0,,,,,,,,,,,,,,,,,,
01/06/2026 02:43:50,421260,1,.005,71,2,.0089,49,,,,,,,,,,,,,,,,,,
01/06/2026 02:44:20,421258,0,0,0,0,0,0,,,,,,,,,,,,,,,,,,
01/06/2026 02:44:20,421260,0,0,0,0,0,0,,,,,,,,,,,,,,,,,,
01/06/2026 02:44:50,421258,0,0,0,1,.0067,60,,,,,,,,,,,,,,,,,,
01/06/2026 02:44:50,421260,0,0,0,0,0,0,,,,,,,,,,,,,,,,,,
01/06/2026 02:45:20,421258,1,.0039,78,0,0,0,,,,,,,,,,,,,,,,,,
01/06/2026 02:45:20,421260,0,0,0,3,.0189,52,,,,,,,,,,,,,,,,,,
01/06/2026 02:45:50,421258,0,0,0,1,.0106,44,,,,,,,,,,,,,,,,,,
01/06/2026 02:45:50,421260,1,.005,78,2,.0167,49,,,,,,,,,,,,,,,,,,
01/06/2026 02:46:20,421258,0,0,0,1,.0189,28,,,,,,,,,,,,,,,,,,
01/06/2026 02:46:20,421260,0,0,0,1,.0078,52,,,,,,,,,,,,,,,,,,
01/06/2026 02:46:50,421258,0,0,0,0,0,0,,,,,,,,,,,,,,,,,,
01/06/2026 02:46:50,421260,1,.005,65,2,.03,44,,,,,,,,,,,,,,,,,,
01/06/2026 02:47:20,421258,0,0,0,1,.0317,40,,,,,,,,,,,,,,,,,,
01/06/2026 02:47:20,421260,1,.0056,60,1,.0139,44,,,,,,,,,,,,,,,,,,
01/06/2026 02:47:50,421258,1,.0039,78,0,0,0,,,,,,,,,,,,,,,,,,
01/06/2026 02:47:50,421260,0,0,0,0,0,0,,,,,,,,,,,,,,,,,,
01/06/2026 02:48:20,421258,1,.0039,78,2,.0506,40,,,,,,,,,,,,,,,,,,
01/06/2026 02:48:20,421260,0,0,0,4,.0256,49,,,,,,,,,,,,,,,,,,
01/06/2026 02:48:50,421258,0,0,0,1,.035,40,,,,,,,,,,,,,,,,,,
01/06/2026 02:48:50,421260,0,0,0,1,.0089,60,,,,,,,,,,,,,,,,,,
01/06/2026 02:49:20,421258,0,0,0,1,.0078,52,,,,,,,,,,,,,,,,,,
01/06/2026 02:49:20,421260,2,.0117,65,2,.0178,56,,,,,,,,,,,,,,,,,,
01/06/2026 02:49:50,421258,0,0,0,1,.0356,36,,,,,,,,,,,,,,,,,,
01/06/2026 02:49:50,421260,1,.005,71,0,0,0,,,,,,,,,,,,,,,,,,
01/06/2026 02:50:20,421258,0,0,0,1,.03,40,,,,,,,,,,,,,,,,,,
01/06/2026 02:50:20,421260,0,0,0,1,.0067,56,,,,,,,,,,,,,,,,,,
01/06/2026 02:50:50,421258,1,.0039,78,2,.055,38,,,,,,,,,,,,,,,,,,
01/06/2026 02:50:50,421260,1,.0067,60,2,.0206,49,,,,,,,,,,,,,,,,,,
01/06/2026 02:51:20,421258,1,.0039,78,2,.0389,44,,,,,,,,,,,,,,,,,,
01/06/2026 02:51:20,421260,0,0,0,3,.0189,52,,,,,,,,,,,,,,,,,,
01/06/2026 02:51:50,421258,1,.0039,60,0,0,0,,,,,,,,,,,,,,,,,,
01/06/2026 02:51:50,421260,0,0,0,1,.005,78,,,,,,,,,,,,,,,,,,
01/06/2026 02:52:20,421258,0,0,0,0,0,0,,,,,,,,,,,,,,,,,,
01/06/2026 02:52:20,421260,0,0,0,2,.0139,65,,,,,,,,,,,,,,,,,,
01/06/2026 02:52:50,421258,1,.0039,60,3,.0306,49,,,,,,,,,,,,,,,,,,
01/06/2026 02:52:50,421260,0,0,0,0,0,0,,,,,,,,,,,,,,,,,,
01/06/2026 02:53:20,421258,1,.0039,78,1,.03,40,,,,,,,,,,,,,,,,,,
01/06/2026 02:53:20,421260,0,0,0,1,.005,56,,,,,,,,,,,,,,,,,,
01/06/2026 02:53:50,421258,0,0,0,1,.0078,52,,,,,,,,,,,,,,,,,,
01/06/2026 02:53:50,421260,0,0,0,0,0,0,,,,,,,,,,,,,,,,,,
01/06/2026 02:54:20,421258,0,0,0,1,.0067,60,,,,,,,,,,,,,,,,,,
01/06/2026 02:54:20,421260,0,0,0,2,.0117,52,,,,,,,,,,,,,,,,,,
01/06/2026 02:54:50,421258,0,0,0,0,0,0,,,,,,,,,,,,,,,,,,
01/06/2026 02:54:50,421260,0,0,0,0,0,0,,,,,,,,,,,,,,,,,,
01/06/2026 02:55:20,421258,0,0,0,0,0,0,,,,,,,,,,,,,,,,,,
01/06/2026 02:55:20,421260,1,.0056,65,2,.0139,56,,,,,,,,,,,,,,,,,,
01/06/2026 02:55:50,421258,0,0,0,1,.015,36,,,,,,,,,,,,,,,,,,
01/06/2026 02:55:50,421260,0,0,0,0,0,0,,,,,,,,,,,,,,,,,,
01/06/2026 02:56:20,421258,0,0,0,1,.0267,44,,,,,,,,,,,,,,,,,,
01/06/2026 02:56:20,421260,0,0,0,2,.0128,60,,,,,,,,,,,,,,,,,,
01/06/2026 02:56:50,421258,0,0,0,0,0,0,,,,,,,,,,,,,,,,,,
01/06/2026 02:56:50,421260,0,0,0,1,.0056,65,,,,,,,,,,,,,,,,,,
01/06/2026 02:57:20,421258,1,.0039,60,1,.0078,52,,,,,,,,,,,,,,,,,,
01/06/2026 02:57:20,421260,0,0,0,1,.0106,52,,,,,,,,,,,,,,,,,,
01/06/2026 02:57:50,421258,0,0,0,2,.0178,44,,,,,,,,,,,,,,,,,,
01/06/2026 02:57:50,421260,3,.015,71,0,0,0,,,,,,,,,,,,,,,,,,
01/06/2026 02:58:20,421258,0,0,0,2,.015,56,,,,,,,,,,,,,,,,,,
01/06/2026 02:58:20,421260,0,0,0,5,.0406,46,,,,,,,,,,,,,,,,,,
01/06/2026 02:58:50,421258,0,0,0,0,0,0,,,,,,,,,,,,,,,,,,
01/06/2026 02:58:50,421260,0,0,0,2,.0139,65,,,,,,,,,,,,,,,,,,
01/06/2026 02:59:20,421258,3,.0117,71,1,.0228,32,,,,,,,,,,,,,,,,,,
01/06/2026 02:59:20,421260,2,.0089,78,2,.0139,60,,,,,,,,,,,,,,,,,,
01/06/2026 02:59:50,421258,0,0,0,0,0,0,,,,,,,,,,,,,,,,,,
01/06/2026 02:59:50,421260,0,0,0,1,.0056,71,,,,,,,,,,,,,,,,,,
01/06/2026 03:00:20,421258,0,0,0,1,.0156,34,,,,,,,,,,,,,,,,,,
01/06/2026 03:00:20,421260,0,0,0,0,0,0,,,,,,,,,,,,,,,,,,
01/06/2026 03:00:50,421258,4,.0178,65,2,.0656,38,,,,,,,,,,,,,,,,,,
01/06/2026 03:00:50,421260,0,0,0,4,.035,49,,,,,,,,,,,,,,,,,,
01/06/2026 03:01:20,421258,0,0,0,3,.02,56,,,,,,,,,,,,,,,,,,
01/06/2026 03:01:20,421260,0,0,0,0,0,0,,,,,,,,,,,,,,,,,,
01/06/2026 03:01:50,421258,0,0,0,0,0,0,,,,,,,,,,,,,,,,,,
01/06/2026 03:01:50,421260,0,0,0,2,.0156,44,,,,,,,,,,,,,,,,,,
01/06/2026 03:02:20,421258,0,0,0,0,0,0,,,,,,,,,,,,,,,,,,
01/06/2026 03:02:20,421260,2,.01,71,3,.0217,49,,,,,,,,,,,,,,,,,,
01/06/2026 03:02:50,421258,0,0,0,2,.0156,56,,,,,,,,,,,,,,,,,,
01/06/2026 03:02:50,421260,0,0,0,1,.0056,60,,,,,,,,,,,,,,,,,,
01/06/2026 03:03:20,421258,0,0,0,2,.0417,40,,,,,,,,,,,,,,,,,,
01/06/2026 03:03:20,421260,0,0,0,1,.0089,46,,,,,,,,,,,,,,,,,,
01/06/2026 03:03:50,421258,1,.0039,78,0,0,0,,,,,,,,,,,,,,,,,,
01/06/2026 03:03:50,421260,1,.0056,65,2,.0217,52,,,,,,,,,,,,,,,,,,
01/06/2026 03:04:20,421258,2,.0078,78,4,.0778,44,,,,,,,,,,,,,,,,,,
01/06/2026 03:04:20,421260,0,0,0,1,.005,65,,,,,,,,,,,,,,,,,,
01/06/2026 03:04:50,421258,0,0,0,0,0,0,,,,,,,,,,,,,,,,,,
01/06/2026 03:04:50,421260,0,0,0,0,0,0,,,,,,,,,,,,,,,,,,
01/06/2026 03:05:20,421258,0,0,0,1,.0067,60,,,,,,,,,,,,,,,,,,
01/06/2026 03:05:20,421260,0,0,0,1,.0039,56,,,,,,,,,,,,,,,,,,
01/06/2026 03:05:50,421258,1,.0039,60,3,.0317,49,,,,,,,,,,,,,,,,,,
01/06/2026 03:05:50,421260,1,.005,78,0,0,0,,,,,,,,,,,,,,,,,,
01/06/2026 03:06:20,421258,0,0,0,0,0,0,,,,,,,,,,,,,,,,,,
01/06/2026 03:06:20,421260,0,0,0,0,0,0,,,,,,,,,,,,,,,,,,
01/06/2026 03:06:50,421258,0,0,0,0,0,0,,,,,,,,,,,,,,,,,,
01/06/2026 03:06:50,421260,0,0,0,0,0,0,,,,,,,,,,,,,,,,,,
01/06/2026 03:07:20,421258,1,.0039,78,2,.02,78,,,,,,,,,,,,,,,,,,
01/06/2026 03:07:20,421260,0,0,0,1,.0056,60,,,,,,,,,,,,,,,,,,
01/06/2026 03:07:50,421258,0,0,0,0,0,0,,,,,,,,,,,,,,,,,,
01/06/2026 03:07:50,421260,1,.0056,71,2,.0239,56,,,,,,,,,,,,,,,,,,
01/06/2026 03:08:20,421258,0,0,0,0,0,0,,,,,,,,,,,,,,,,,,
01/06/2026 03:08:20,421260,2,.0089,78,2,.0089,52,,,,,,,,,,,,,,,,,,
01/06/2026 03:08:50,421258,0,0,0,0,0,0,,,,,,,,,,,,,,,,,,
01/06/2026 03:08:50,421260,1,.0039,78,0,0,0,,,,,,,,,,,,,,,,,,
01/06/2026 03:09:20,421258,1,.0039,78,1,.0078,44,,,,,,,,,,,,,,,,,,
01/06/2026 03:09:20,421260,0,0,0,0,0,0,,,,,,,,,,,,,,,,,,
01/06/2026 03:09:50,421258,2,.0078,78,2,.0278,44,,,,,,,,,,,,,,,,,,
01/06/2026 03:09:50,421260,0,0,0,2,.0167,65,,,,,,,,,,,,,,,,,,
01/06/2026 03:10:20,421258,1,.0039,78,1,.015,36,,,,,,,,,,,,,,,,,,
01/06/2026 03:10:20,421260,0,0,0,1,.01,46,,,,,,,,,,,,,,,,,,
01/06/2026 03:10:50,421258,0,0,0,0,0,0,,,,,,,,,,,,,,,,,,
01/06/2026 03:10:50,421260,0,0,0,3,.0206,52,,,,,,,,,,,,,,,,,,
01/06/2026 03:11:20,421258,0,0,0,1,.0067,60,,,,,,,,,,,,,,,,,,
01/06/2026 03:11:20,421260,0,0,0,1,.0056,71,,,,,,,,,,,,,,,,,,
01/06/2026 03:11:50,421258,0,0,0,1,.0106,51,,,,,,,,,,,,,,,,,,
01/06/2026 03:11:50,421260,0,0,0,0,0,0,,,,,,,,,,,,,,,,,,
01/06/2026 03:12:20,421258,0,0,0,0,0,0,,,,,,,,,,,,,,,,,,
01/06/2026 03:12:20,421260,0,0,0,2,.015,49,,,,,,,,,,,,,,,,,,
01/06/2026 03:12:50,421258,2,.0078,65,2,.0578,44,,,,,,,,,,,,,,,,,,
01/06/2026 03:12:50,421260,0,0,0,2,.0156,49,,,,,,,,,,,,,,,,,,
01/06/2026 03:13:20,421258,0,0,0,0,0,0,,,,,,,,,,,,,,,,,,
01/06/2026 03:13:20,421260,0,0,0,0,0,0,,,,,,,,,,,,,,,,,,
01/06/2026 03:13:50,421258,0,0,0,0,0,0,,,,,,,,,,,,,,,,,,
01/06/2026 03:13:50,421260,1,.005,71,1,.0078,46,,,,,,,,,,,,,,,,,,
01/06/2026 03:14:20,421258,0,0,0,1,.03,44,,,,,,,,,,,,,,,,,,
01/06/2026 03:14:20,421260,0,0,0,0,0,0,,,,,,,,,,,,,,,,,,
01/06/2026 03:14:50,421258,0,0,0,1,.0089,44,,,,,,,,,,,,,,,,,,
01/06/2026 03:14:50,421260,1,.005,71,1,.0078,52,,,,,,,,,,,,,,,,,,
01/06/2026 03:15:20,421258,1,.0039,78,1,.0278,40,,,,,,,,,,,,,,,,,,
01/06/2026 03:15:20,421260,0,0,0,0,0,0,,,,,,,,,,,,,,,,,,
01/06/2026 03:15:50,421258,0,0,0,1,.0089,44,,,,,,,,,,,,,,,,,,
01/06/2026 03:15:50,421260,0,0,0,2,.0128,60,,,,,,,,,,,,,,,,,,
01/06/2026 03:16:20,421258,1,.0039,60,0,0,0,,,,,,,,,,,,,,,,,,
01/06/2026 03:16:20,421260,0,0,0,0,0,0,,,,,,,,,,,,,,,,,,
01/06/2026 03:16:50,421258,0,0,0,1,.0089,44,,,,,,,,,,,,,,,,,,
01/06/2026 03:16:50,421260,2,.0117,60,2,.0178,56,,,,,,,,,,,,,,,,,,
01/06/2026 03:17:20,421258,0,0,0,1,.0078,52,,,,,,,,,,,,,,,,,,
01/06/2026 03:17:20,421260,0,0,0,5,.0367,52,,,,,,,,,,,,,,,,,,
01/06/2026 03:17:50,421258,0,0,0,0,0,0,,,,,,,,,,,,,,,,,,
01/06/2026 03:17:50,421260,0,0,0,3,.0189,56,,,,,,,,,,,,,,,,,,
01/06/2026 03:18:20,421258,0,0,0,2,.0156,52,,,,,,,,,,,,,,,,,,
01/06/2026 03:18:20,421260,0,0,0,2,.0267,44,,,,,,,,,,,,,,,,,,
01/06/2026 03:18:50,421258,0,0,0,2,.0356,49,,,,,,,,,,,,,,,,,,
01/06/2026 03:18:50,421260,0,0,0,0,0,0,,,,,,,,,,,,,,,,,,
01/06/2026 03:19:20,421258,0,0,0,2,.0356,44,,,,,,,,,,,,,,,,,,
01/06/2026 03:19:20,421260,0,0,0,2,.0117,71,,,,,,,,,,,,,,,,,,
01/06/2026 03:19:50,421258,0,0,0,2,.0578,40,,,,,,,,,,,,,,,,,,
01/06/2026 03:19:50,421260,0,0,0,0,0,0,,,,,,,,,,,,,,,,,,
01/06/2026 03:20:20,421258,0,0,0,0,0,0,,,,,,,,,,,,,,,,,,
01/06/2026 03:20:20,421260,0,0,0,0,0,0,,,,,,,,,,,,,,,,,,
01/06/2026 03:20:50,421258,1,.0039,78,2,.0356,49,,,,,,,,,,,,,,,,,,
01/06/2026 03:20:50,421260,1,.005,71,1,.0106,46,,,,,,,,,,,,,,,,,,
01/06/2026 03:21:20,421258,0,0,0,0,0,0,,,,,,,,,,,,,,,,,,
01/06/2026 03:21:20,421260,1,.005,71,1,.0056,60,,,,,,,,,,,,,,,,,,
01/06/2026 03:21:50,421258,0,0,0,0,0,0,,,,,,,,,,,,,,,,,,
01/06/2026 03:21:50,421260,0,0,0,0,0,0,,,,,,,,,,,,,,,,,,
01/06/2026 03:22:20,421258,1,.0039,60,0,0,0,,,,,,,,,,,,,,,,,,
01/06/2026 03:22:20,421260,0,0,0,0,0,0,,,,,,,,,,,,,,,,,,
01/06/2026 03:22:50,421258,1,.0039,78,1,.0117,44,,,,,,,,,,,,,,,,,,
01/06/2026 03:22:50,421260,0,0,0,2,.015,60,,,,,,,,,,,,,,,,,,
01/06/2026 03:23:20,421258,0,0,0,1,.0067,60,,,,,,,,,,,,,,,,,,
01/06/2026 03:23:20,421260,0,0,0,3,.03,52,,,,,,,,,,,,,,,,,,
01/06/2026 03:23:50,421258,0,0,0,0,0,0,,,,,,,,,,,,,,,,,,
01/06/2026 03:23:50,421260,0,0,0,1,.005,71,,,,,,,,,,,,,,,,,,
01/06/2026 03:24:20,421258,0,0,0,1,.0078,52,,,,,,,,,,,,,,,,,,
01/06/2026 03:24:20,421260,1,.0056,65,1,.0067,60,,,,,,,,,,,,,,,,,,
01/06/2026 03:24:50,421258,0,0,0,0,0,0,,,,,,,,,,,,,,,,,,
01/06/2026 03:24:50,421260,0,0,0,6,.0406,52,,,,,,,,,,,,,,,,,,
01/06/2026 03:25:20,421258,0,0,0,2,.0339,49,,,,,,,,,,,,,,,,,,
01/06/2026 03:25:20,421260,0,0,0,2,.0128,46,,,,,,,,,,,,,,,,,,
01/06/2026 03:25:50,421258,2,.0078,78,2,.0167,52,,,,,,,,,,,,,,,,,,
01/06/2026 03:25:50,421260,0,0,0,1,.0056,60,,,,,,,,,,,,,,,,,,
01/06/2026 03:26:20,421258,0,0,0,0,0,0,,,,,,,,,,,,,,,,,,
01/06/2026 03:26:20,421260,0,0,0,1,.0067,56,,,,,,,,,,,,,,,,,,
01/06/2026 03:26:50,421258,0,0,0,3,.0739,42,,,,,,,,,,,,,,,,,,
01/06/2026 03:26:50,421260,1,.005,71,0,0,0,,,,,,,,,,,,,,,,,,
01/06/2026 03:27:20,421258,0,0,0,1,.0278,19,,,,,,,,,,,,,,,,,,
01/06/2026 03:27:20,421260,0,0,0,1,.005,78,,,,,,,,,,,,,,,,,,
01/06/2026 03:27:50,421258,0,0,0,3,.035,49,,,,,,,,,,,,,,,,,,
01/06/2026 03:27:50,421260,0,0,0,0,0,0,,,,,,,,,,,,,,,,,,
01/06/2026 03:28:20,421258,1,.0039,78,1,.0067,52,,,,,,,,,,,,,,,,,,
01/06/2026 03:28:20,421260,1,.005,71,2,.0156,49,,,,,,,,,,,,,,,,,,
01/06/2026 03:28:50,421258,0,0,0,1,.0067,60,,,,,,,,,,,,,,,,,,
01/06/2026 03:28:50,421260,0,0,0,0,0,0,,,,,,,,,,,,,,,,,,
01/06/2026 03:29:20,421258,0,0,0,0,0,0,,,,,,,,,,,,,,,,,,
01/06/2026 03:29:20,421260,0,0,0,1,.0056,60,,,,,,,,,,,,,,,,,,
01/06/2026 03:29:50,421258,0,0,0,1,.0067,60,,,,,,,,,,,,,,,,,,
01/06/2026 03:29:50,421260,0,0,0,2,.0228,46,,,,,,,,,,,,,,,,,,
01/06/2026 03:30:20,421258,1,.0039,60,1,.0278,44,,,,,,,,,,,,,,,,,,
01/06/2026 03:30:20,421260,1,.005,65,2,.0139,71,,,,,,,,,,,,,,,,,,
01/06/2026 03:30:50,421258,0,0,0,0,0,0,,,,,,,,,,,,,,,,,,
01/06/2026 03:30:50,421260,1,.0039,78,1,.0056,49,,,,,,,,,,,,,,,,,,
01/06/2026 03:31:20,421258,0,0,0,1,.0067,60,,,,,,,,,,,,,,,,,,
01/06/2026 03:31:20,421260,0,0,0,2,.0117,65,,,,,,,,,,,,,,,,,,
01/06/2026 03:31:50,421258,1,.0039,139,1,.0278,52,,,,,,,,,,,,,,,,,,
01/06/2026 03:31:50,421260,0,0,0,0,0,0,,,,,,,,,,,,,,,,,,
01/06/2026 03:32:20,421258,2,.0078,65,1,.0267,40,,,,,,,,,,,,,,,,,,
01/06/2026 03:32:20,421260,0,0,0,1,.0056,60,,,,,,,,,,,,,,,,,,
01/06/2026 03:32:50,421258,0,0,0,1,.0117,40,,,,,,,,,,,,,,,,,,
01/06/2026 03:32:50,421260,0,0,0,1,.0056,71,,,,,,,,,,,,,,,,,,
01/06/2026 03:33:20,421258,0,0,0,1,.0067,52,,,,,,,,,,,,,,,,,,
01/06/2026 03:33:20,421260,1,.005,71,0,0,0,,,,,,,,,,,,,,,,,,
01/06/2026 03:33:50,421258,0,0,0,0,0,0,,,,,,,,,,,,,,,,,,
01/06/2026 03:33:50,421260,0,0,0,2,.0106,65,,,,,,,,,,,,,,,,,,
01/06/2026 03:34:20,421258,0,0,0,2,.0128,52,,,,,,,,,,,,,,,,,,
01/06/2026 03:34:20,421260,1,.005,78,1,.0067,60,,,,,,,,,,,,,,,,,,
01/06/2026 03:34:50,421258,0,0,0,0,0,0,,,,,,,,,,,,,,,,,,
01/06/2026 03:34:50,421260,1,.005,65,1,.0078,49,,,,,,,,,,,,,,,,,,
01/06/2026 03:35:20,421258,1,.0039,78,1,.005,78,,,,,,,,,,,,,,,,,,
01/06/2026 03:35:20,421260,2,.01,78,1,.0056,71,,,,,,,,,,,,,,,,,,
01/06/2026 03:35:50,421258,1,.005,60,2,.0189,78,,,,,,,,,,,,,,,,,,
01/06/2026 03:35:50,421260,1,.0056,65,2,.0217,49,,,,,,,,,,,,,,,,,,
01/06/2026 03:36:20,421258,0,0,0,0,0,0,,,,,,,,,,,,,,,,,,
01/06/2026 03:36:20,421260,1,.0056,65,2,.0128,60,,,,,,,,,,,,,,,,,,
01/06/2026 03:36:50,421258,1,.0039,60,0,0,0,,,,,,,,,,,,,,,,,,
01/06/2026 03:36:50,421260,1,.0039,86,1,.0078,52,,,,,,,,,,,,,,,,,,
01/06/2026 03:37:20,421258,1,.0039,78,4,.0267,60,,,,,,,,,,,,,,,,,,
01/06/2026 03:37:20,421260,1,.0056,78,0,0,0,,,,,,,,,,,,,,,,,,
01/06/2026 03:37:50,421258,0,0,0,2,.0356,44,,,,,,,,,,,,,,,,,,
01/06/2026 03:37:50,421260,0,0,0,1,.005,78,,,,,,,,,,,,,,,,,,
01/06/2026 03:38:20,421258,2,.0078,78,2,.015,56,,,,,,,,,,,,,,,,,,
01/06/2026 03:38:20,421260,0,0,0,2,.0117,65,,,,,,,,,,,,,,,,,,
01/06/2026 03:38:50,421258,1,.0039,78,1,.0089,52,,,,,,,,,,,,,,,,,,
01/06/2026 03:38:50,421260,0,0,0,0,0,0,,,,,,,,,,,,,,,,,,
01/06/2026 03:39:20,421258,0,0,0,1,.005,60,,,,,,,,,,,,,,,,,,
01/06/2026 03:39:20,421260,0,0,0,1,.0067,65,,,,,,,,,,,,,,,,,,
01/06/2026 03:39:50,421258,0,0,0,2,.0139,60,,,,,,,,,,,,,,,,,,
01/06/2026 03:39:50,421260,2,.01,78,1,.0128,56,,,,,,,,,,,,,,,,,,
01/06/2026 03:40:20,421258,0,0,0,0,0,0,,,,,,,,,,,,,,,,,,
01/06/2026 03:40:20,421260,1,.0056,65,1,.005,60,,,,,,,,,,,,,,,,,,
01/06/2026 03:40:50,421258,0,0,0,0,0,0,,,,,,,,,,,,,,,,,,
01/06/2026 03:40:50,421260,0,0,0,2,.0078,60,,,,,,,,,,,,,,,,,,
01/06/2026 03:41:20,421258,1,.0039,60,2,.0128,56,,,,,,,,,,,,,,,,,,
01/06/2026 03:41:20,421260,1,.005,78,4,.025,60,,,,,,,,,,,,,,,,,,
01/06/2026 03:41:50,421258,0,0,0,2,.0139,60,,,,,,,,,,,,,,,,,,
01/06/2026 03:41:50,421260,3,.0178,65,4,.0217,52,,,,,,,,,,,,,,,,,,
01/06/2026 03:42:20,421258,1,.005,52,0,0,0,,,,,,,,,,,,,,,,,,
01/06/2026 03:42:20,421260,5,.0306,65,3,.0206,52,,,,,,,,,,,,,,,,,,
01/06/2026 03:42:50,421258,1,.0039,78,3,.0217,52,,,,,,,,,,,,,,,,,,
01/06/2026 03:42:50,421260,4,.0228,65,3,.0167,49,,,,,,,,,,,,,,,,,,
01/06/2026 03:43:20,421258,3,.0117,78,2,.0117,60,,,,,,,,,,,,,,,,,,
01/06/2026 03:43:20,421260,1,.0039,71,5,.0306,56,,,,,,,,,,,,,,,,,,
01/06/2026 03:43:50,421258,2,.0078,78,4,.0589,38,,,,,,,,,,,,,,,,,,
01/06/2026 03:43:50,421260,0,0,0,0,0,0,,,,,,,,,,,,,,,,,,
01/06/2026 03:44:20,421258,2,.0106,60,6,.0628,56,,,,,,,,,,,,,,,,,,
01/06/2026 03:44:20,421260,2,.0106,71,1,.0089,49,,,,,,,,,,,,,,,,,,
01/06/2026 03:44:50,421258,3,.015,65,2,.0217,52,,,,,,,,,,,,,,,,,,
01/06/2026 03:44:50,421260,1,.005,78,3,.0528,49,,,,,,,,,,,,,,,,,,
01/06/2026 03:45:20,421258,0,0,0,2,.0339,56,,,,,,,,,,,,,,,,,,
01/06/2026 03:45:20,421260,0,0,0,1,.0067,60,,,,,,,,,,,,,,,,,,
01/06/2026 03:45:50,421258,2,.0078,78,2,.0178,78,,,,,,,,,,,,,,,,,,
01/06/2026 03:45:50,421260,0,0,0,1,.0056,65,,,,,,,,,,,,,,,,,,
01/06/2026 03:46:20,421258,1,.0039,78,1,.0089,44,,,,,,,,,,,,,,,,,,
01/06/2026 03:46:20,421260,2,.0106,65,3,.0228,46,,,,,,,,,,,,,,,,,,
01/06/2026 03:46:50,421258,0,0,0,0,0,0,,,,,,,,,,,,,,,,,,
01/06/2026 03:46:50,421260,2,.0106,78,0,0,0,,,,,,,,,,,,,,,,,,
01/06/2026 03:47:20,421258,0,0,0,4,.0706,46,,,,,,,,,,,,,,,,,,
01/06/2026 03:47:20,421260,1,.005,65,4,.03,52,,,,,,,,,,,,,,,,,,
01/06/2026 03:47:50,421258,0,0,0,1,.005,78,,,,,,,,,,,,,,,,,,
01/06/2026 03:47:50,421260,0,0,0,2,.0156,56,,,,,,,,,,,,,,,,,,
01/06/2026 03:48:20,421258,2,.0078,78,2,.0156,49,,,,,,,,,,,,,,,,,,
01/06/2026 03:48:20,421260,0,0,0,0,0,0,,,,,,,,,,,,,,,,,,
01/06/2026 03:48:50,421258,1,.0039,78,1,.0267,40,,,,,,,,,,,,,,,,,,
01/06/2026 03:48:50,421260,0,0,0,2,.0117,65,,,,,,,,,,,,,,,,,,
01/06/2026 03:49:20,421258,1,.0039,78,2,.0339,49,,,,,,,,,,,,,,,,,,
01/06/2026 03:49:20,421260,1,.0039,78,3,.0189,65,,,,,,,,,,,,,,,,,,
01/06/2026 03:49:50,421258,0,0,0,1,.0089,60,,,,,,,,,,,,,,,,,,
01/06/2026 03:49:50,421260,1,.005,78,4,.0256,60,,,,,,,,,,,,,,,,,,
01/06/2026 03:50:20,421258,0,0,0,2,.0156,52,,,,,,,,,,,,,,,,,,
01/06/2026 03:50:20,421260,1,.005,86,0,0,0,,,,,,,,,,,,,,,,,,
01/06/2026 03:50:50,421258,0,0,0,3,.0217,56,,,,,,,,,,,,,,,,,,
01/06/2026 03:50:50,421260,0,0,0,3,.0289,46,,,,,,,,,,,,,,,,,,
01/06/2026 03:51:20,421258,2,.0078,78,2,.0156,56,,,,,,,,,,,,,,,,,,
01/06/2026 03:51:20,421260,2,.01,71,0,0,0,,,,,,,,,,,,,,,,,,
01/06/2026 03:51:50,421258,1,.0039,96,2,.0128,60,,,,,,,,,,,,,,,,,,
01/06/2026 03:51:50,421260,1,.0039,86,1,.0056,71,,,,,,,,,,,,,,,,,,
01/06/2026 03:52:20,421258,0,0,0,1,.0089,44,,,,,,,,,,,,,,,,,,
01/06/2026 03:52:20,421260,1,.0039,78,2,.0189,56,,,,,,,,,,,,,,,,,,
01/06/2026 03:52:50,421258,1,.0039,78,2,.0339,49,,,,,,,,,,,,,,,,,,
01/06/2026 03:52:50,421260,2,.01,78,2,.0128,60,,,,,,,,,,,,,,,,,,
01/06/2026 03:53:20,421258,1,.0039,78,3,.0428,46,,,,,,,,,,,,,,,,,,
01/06/2026 03:53:20,421260,1,.005,86,1,.0067,60,,,,,,,,,,,,,,,,,,
01/06/2026 03:53:50,421258,1,.0039,96,1,.0078,52,,,,,,,,,,,,,,,,,,
01/06/2026 03:53:50,421260,3,.0139,78,2,.0117,65,,,,,,,,,,,,,,,,,,
01/06/2026 03:54:20,421258,0,0,0,1,.0067,60,,,,,,,,,,,,,,,,,,
01/06/2026 03:54:20,421260,0,0,0,0,0,0,,,,,,,,,,,,,,,,,,
01/06/2026 03:54:50,421258,2,.0089,65,2,.0417,42,,,,,,,,,,,,,,,,,,
01/06/2026 03:54:50,421260,2,.0106,65,1,.0117,52,,,,,,,,,,,,,,,,,,
01/06/2026 03:55:20,421258,2,.0078,78,3,.0217,56,,,,,,,,,,,,,,,,,,
01/06/2026 03:55:20,421260,3,.0128,86,1,.0056,65,,,,,,,,,,,,,,,,,,
01/06/2026 03:55:50,421258,0,0,0,1,.0067,52,,,,,,,,,,,,,,,,,,
01/06/2026 03:55:50,421260,3,.0156,71,1,.0056,65,,,,,,,,,,,,,,,,,,
01/06/2026 03:56:20,421258,1,.0039,78,2,.0117,60,,,,,,,,,,,,,,,,,,
01/06/2026 03:56:20,421260,1,.005,65,2,.0156,56,,,,,,,,,,,,,,,,,,
01/06/2026 03:56:50,421258,1,.0039,78,1,.0278,36,,,,,,,,,,,,,,,,,,
01/06/2026 03:56:50,421260,0,0,0,2,.0167,56,,,,,,,,,,,,,,,,,,
01/06/2026 03:57:20,421258,1,.0039,78,3,.0217,56,,,,,,,,,,,,,,,,,,
01/06/2026 03:57:20,421260,0,0,0,0,0,0,,,,,,,,,,,,,,,,,,
01/06/2026 03:57:50,421258,1,.005,60,1,.0067,60,,,,,,,,,,,,,,,,,,
01/06/2026 03:57:50,421260,1,.0039,86,3,.0217,56,,,,,,,,,,,,,,,,,,
01/06/2026 03:58:20,421258,0,0,0,2,.0156,52,,,,,,,,,,,,,,,,,,
01/06/2026 03:58:20,421260,1,.0039,78,0,0,0,,,,,,,,,,,,,,,,,,
01/06/2026 03:58:50,421258,0,0,0,2,.0189,52,,,,,,,,,,,,,,,,,,
01/06/2026 03:58:50,421260,0,0,0,2,.0128,65,,,,,,,,,,,,,,,,,,
01/06/2026 03:59:20,421258,0,0,0,1,.005,78,,,,,,,,,,,,,,,,,,
01/06/2026 03:59:20,421260,0,0,0,0,0,0,,,,,,,,,,,,,,,,,,
01/06/2026 03:59:50,421258,1,.0039,78,2,.0306,44,,,,,,,,,,,,,,,,,,
01/06/2026 03:59:50,421260,0,0,0,1,.0067,52,,,,,,,,,,,,,,,,,,
01/06/2026 04:00:20,421258,0,0,0,1,.0078,52,,,,,,,,,,,,,,,,,,
01/06/2026 04:00:20,421260,0,0,0,1,.0078,56,,,,,,,,,,,,,,,,,,
01/06/2026 04:00:50,421258,0,0,0,1,.0078,52,,,,,,,,,,,,,,,,,,
01/06/2026 04:00:50,421260,1,.005,71,2,.0139,60,,,,,,,,,,,,,,,,,,
01/06/2026 04:01:20,421258,0,0,0,0,0,0,,,,,,,,,,,,,,,,,,
01/06/2026 04:01:20,421260,0,0,0,1,.0067,56,,,,,,,,,,,,,,,,,,
01/06/2026 04:01:50,421258,0,0,0,1,.0078,44,,,,,,,,,,,,,,,,,,
01/06/2026 04:01:50,421260,0,0,0,3,.02,60,,,,,,,,,,,,,,,,,,
01/06/2026 04:02:20,421258,1,.0039,78,1,.0089,44,,,,,,,,,,,,,,,,,,
01/06/2026 04:02:20,421260,1,.0056,78,0,0,0,,,,,,,,,,,,,,,,,,
01/06/2026 04:02:50,421258,1,.0039,78,2,.0139,52,,,,,,,,,,,,,,,,,,
01/06/2026 04:02:50,421260,2,.0106,65,4,.0328,52,,,,,,,,,,,,,,,,,,
01/06/2026 04:03:20,421258,0,0,0,2,.0156,52,,,,,,,,,,,,,,,,,,
01/06/2026 04:03:20,421260,2,.0089,78,1,.0067,65,,,,,,,,,,,,,,,,,,
01/06/2026 04:03:50,421258,1,.0039,78,2,.0156,52,,,,,,,,,,,,,,,,,,
01/06/2026 04:03:50,421260,0,0,0,1,.0067,60,,,,,,,,,,,,,,,,,,
01/06/2026 04:04:20,421258,1,.0039,78,2,.0117,78,,,,,,,,,,,,,,,,,,
01/06/2026 04:04:20,421260,1,.005,71,3,.02,49,,,,,,,,,,,,,,,,,,
01/06/2026 04:04:50,421258,1,.0039,78,2,.0356,42,,,,,,,,,,,,,,,,,,
01/06/2026 04:04:50,421260,1,.0056,65,2,.0156,44,,,,,,,,,,,,,,,,,,
01/06/2026 04:05:20,421258,1,.0039,78,1,.0067,52,,,,,,,,,,,,,,,,,,
01/06/2026 04:05:20,421260,1,.0039,71,2,.0128,65,,,,,,,,,,,,,,,,,,
01/06/2026 04:05:50,421258,1,.0039,96,0,0,0,,,,,,,,,,,,,,,,,,
01/06/2026 04:05:50,421260,1,.005,71,0,0,0,,,,,,,,,,,,,,,,,,
01/06/2026 04:06:20,421258,0,0,0,2,.04,34,,,,,,,,,,,,,,,,,,
01/06/2026 04:06:20,421260,2,.0106,71,2,.015,56,,,,,,,,,,,,,,,,,,
01/06/2026 04:06:50,421258,0,0,0,2,.0117,65,,,,,,,,,,,,,,,,,,
01/06/2026 04:06:50,421260,1,.0056,65,1,.01,49,,,,,,,,,,,,,,,,,,
01/06/2026 04:07:20,421258,2,.0078,78,2,.0389,44,,,,,,,,,,,,,,,,,,
01/06/2026 04:07:20,421260,1,.0078,52,4,.0206,46,,,,,,,,,,,,,,,,,,
01/06/2026 04:07:50,421258,1,.0039,78,1,.0067,60,,,,,,,,,,,,,,,,,,
01/06/2026 04:07:50,421260,0,0,0,1,.0056,71,,,,,,,,,,,,,,,,,,
01/06/2026 04:08:20,421258,0,0,0,2,.0156,52,,,,,,,,,,,,,,,,,,
01/06/2026 04:08:20,421260,1,.0056,71,1,.0067,56,,,,,,,,,,,,,,,,,,
01/06/2026 04:08:50,421258,1,.0039,78,2,.0228,52,,,,,,,,,,,,,,,,,,
01/06/2026 04:08:50,421260,0,0,0,2,.0217,49,,,,,,,,,,,,,,,,,,
01/06/2026 04:09:20,421258,1,.0039,78,2,.0339,44,,,,,,,,,,,,,,,,,,
01/06/2026 04:09:20,421260,1,.0067,60,0,0,0,,,,,,,,,,,,,,,,,,
01/06/2026 04:09:50,421258,0,0,0,0,0,0,,,,,,,,,,,,,,,,,,
01/06/2026 04:09:50,421260,1,.0056,65,1,.0117,49,,,,,,,,,,,,,,,,,,
01/06/2026 04:10:20,421258,0,0,0,1,.0067,52,,,,,,,,,,,,,,,,,,
01/06/2026 04:10:20,421260,1,.005,71,2,.015,56,,,,,,,,,,,,,,,,,,
01/06/2026 04:10:50,421258,0,0,0,3,.0317,46,,,,,,,,,,,,,,,,,,
01/06/2026 04:10:50,421260,1,.005,71,1,.0078,49,,,,,,,,,,,,,,,,,,
01/06/2026 04:11:20,421258,1,.005,60,0,0,0,,,,,,,,,,,,,,,,,,
01/06/2026 04:11:20,421260,3,.015,71,2,.01,60,,,,,,,,,,,,,,,,,,
01/06/2026 04:11:50,421258,1,.005,60,1,.0306,36,,,,,,,,,,,,,,,,,,
01/06/2026 04:11:50,421260,3,.0139,78,1,.0056,65,,,,,,,,,,,,,,,,,,
01/06/2026 04:12:20,421258,1,.0039,96,2,.035,44,,,,,,,,,,,,,,,,,,
01/06/2026 04:12:20,421260,0,0,0,1,.0067,56,,,,,,,,,,,,,,,,,,
01/06/2026 04:12:50,421258,2,.0078,60,2,.0128,56,,,,,,,,,,,,,,,,,,
01/06/2026 04:12:50,421260,1,.005,78,0,0,0,,,,,,,,,,,,,,,,,,
01/06/2026 04:13:20,421258,4,.0156,78,2,.0217,60,,,,,,,,,,,,,,,,,,
01/06/2026 04:13:20,421260,1,.0039,78,4,.025,60,,,,,,,,,,,,,,,,,,
01/06/2026 04:13:50,421258,0,0,0,0,0,0,,,,,,,,,,,,,,,,,,
01/06/2026 04:13:50,421260,2,.0117,60,4,.0278,56,,,,,,,,,,,,,,,,,,
01/06/2026 04:14:20,421258,1,.0039,96,2,.0306,44,,,,,,,,,,,,,,,,,,
01/06/2026 04:14:20,421260,1,.0056,71,2,.0189,56,,,,,,,,,,,,,,,,,,
01/06/2026 04:14:50,421258,0,0,0,1,.0078,52,,,,,,,,,,,,,,,,,,
01/06/2026 04:14:50,421260,1,.005,71,0,0,0,,,,,,,,,,,,,,,,,,
01/06/2026 04:15:20,421258,1,.0039,60,1,.0067,52,,,,,,,,,,,,,,,,,,
01/06/2026 04:15:20,421260,0,0,0,1,.0056,65,,,,,,,,,,,,,,,,,,
01/06/2026 04:15:50,421258,2,.0089,78,6,.09,44,,,,,,,,,,,,,,,,,,
01/06/2026 04:15:50,421260,1,.005,71,0,0,0,,,,,,,,,,,,,,,,,,
01/06/2026 04:16:20,421258,0,0,0,2,.0156,52,,,,,,,,,,,,,,,,,,
01/06/2026 04:16:20,421260,1,.005,71,2,.0106,65,,,,,,,,,,,,,,,,,,
01/06/2026 04:16:50,421258,0,0,0,1,.0067,52,,,,,,,,,,,,,,,,,,
01/06/2026 04:16:50,421260,2,.0089,60,1,.015,38,,,,,,,,,,,,,,,,,,
01/06/2026 04:17:20,421258,1,.0039,78,0,0,0,,,,,,,,,,,,,,,,,,
01/06/2026 04:17:20,421260,2,.01,71,3,.0267,56,,,,,,,,,,,,,,,,,,
01/06/2026 04:17:50,421258,0,0,0,2,.0117,65,,,,,,,,,,,,,,,,,,
01/06/2026 04:17:50,421260,2,.01,71,0,0,0,,,,,,,,,,,,,,,,,,
01/06/2026 04:18:20,421258,1,.0039,78,1,.0089,44,,,,,,,,,,,,,,,,,,
01/06/2026 04:18:20,421260,2,.0117,60,2,.015,52,,,,,,,,,,,,,,,,,,
01/06/2026 04:18:50,421258,0,0,0,1,.005,60,,,,,,,,,,,,,,,,,,
01/06/2026 04:18:50,421260,1,.0056,65,2,.0167,56,,,,,,,,,,,,,,,,,,
01/06/2026 04:19:20,421258,2,.0078,78,3,.0456,49,,,,,,,,,,,,,,,,,,
01/06/2026 04:19:20,421260,3,.0156,71,2,.0156,56,,,,,,,,,,,,,,,,,,
01/06/2026 04:19:50,421258,2,.0078,60,2,.0389,42,,,,,,,,,,,,,,,,,,
01/06/2026 04:19:50,421260,2,.01,71,2,.0178,52,,,,,,,,,,,,,,,,,,
01/06/2026 04:20:20,421258,2,.0089,60,1,.0078,44,,,,,,,,,,,,,,,,,,
01/06/2026 04:20:20,421260,3,.0178,60,4,.0328,46,,,,,,,,,,,,,,,,,,
01/06/2026 04:20:50,421258,1,.0039,78,5,.0417,49,,,,,,,,,,,,,,,,,,
01/06/2026 04:20:50,421260,0,0,0,2,.0117,60,,,,,,,,,,,,,,,,,,
01/06/2026 04:21:20,421258,1,.0039,60,1,.0117,46,,,,,,,,,,,,,,,,,,
01/06/2026 04:21:20,421260,4,.0206,65,3,.0189,52,,,,,,,,,,,,,,,,,,
01/06/2026 04:21:50,421258,2,.0078,60,4,.0378,49,,,,,,,,,,,,,,,,,,
01/06/2026 04:21:50,421260,1,.0056,71,1,.0067,60,,,,,,,,,,,,,,,,,,
01/06/2026 04:22:20,421258,1,.0039,96,2,.0339,49,,,,,,,,,,,,,,,,,,
01/06/2026 04:22:20,421260,4,.0178,71,3,.0228,56,,,,,,,,,,,,,,,,,,
01/06/2026 04:22:50,421258,1,.005,60,2,.04,40,,,,,,,,,,,,,,,,,,
01/06/2026 04:22:50,421260,0,0,0,3,.0206,60,,,,,,,,,,,,,,,,,,
01/06/2026 04:23:20,421258,4,.0156,78,1,.0078,52,,,,,,,,,,,,,,,,,,
01/06/2026 04:23:20,421260,1,.0056,65,1,.0056,65,,,,,,,,,,,,,,,,,,
01/06/2026 04:23:50,421258,3,.0117,71,2,.0306,40,,,,,,,,,,,,,,,,,,
01/06/2026 04:23:50,421260,2,.0117,65,3,.0189,60,,,,,,,,,,,,,,,,,,
01/06/2026 04:24:20,421258,2,.0078,65,3,.0439,44,,,,,,,,,,,,,,,,,,
01/06/2026 04:24:20,421260,0,0,0,0,0,0,,,,,,,,,,,,,,,,,,
01/06/2026 04:24:50,421258,1,.0039,78,1,.0078,52,,,,,,,,,,,,,,,,,,
01/06/2026 04:24:50,421260,0,0,0,1,.0056,65,,,,,,,,,,,,,,,,,,
01/06/2026 04:25:20,421258,3,.0139,65,2,.0156,49,,,,,,,,,,,,,,,,,,
01/06/2026 04:25:20,421260,1,.005,86,3,.0189,65,,,,,,,,,,,,,,,,,,
01/06/2026 04:25:50,421258,0,0,0,2,.015,56,,,,,,,,,,,,,,,,,,
01/06/2026 04:25:50,421260,2,.0089,86,1,.0067,60,,,,,,,,,,,,,,,,,,
01/06/2026 04:26:20,421258,0,0,0,0,0,0,,,,,,,,,,,,,,,,,,
01/06/2026 04:26:20,421260,1,.0056,78,2,.0128,56,,,,,,,,,,,,,,,,,,
01/06/2026 04:26:50,421258,2,.0078,78,2,.015,49,,,,,,,,,,,,,,,,,,
01/06/2026 04:26:50,421260,3,.0139,71,2,.0128,60,,,,,,,,,,,,,,,,,,
01/06/2026 04:27:20,421258,1,.0039,78,2,.015,52,,,,,,,,,,,,,,,,,,
01/06/2026 04:27:20,421260,1,.005,78,1,.005,71,,,,,,,,,,,,,,,,,,
01/06/2026 04:27:50,421258,0,0,0,1,.0089,44,,,,,,,,,,,,,,,,,,
01/06/2026 04:27:50,421260,3,.015,78,2,.015,52,,,,,,,,,,,,,,,,,,
01/06/2026 04:28:20,421258,0,0,0,3,.0178,60,,,,,,,,,,,,,,,,,,
01/06/2026 04:28:20,421260,2,.0089,71,1,.0078,56,,,,,,,,,,,,,,,,,,
01/06/2026 04:28:50,421258,2,.01,65,3,.0239,49,,,,,,,,,,,,,,,,,,
01/06/2026 04:28:50,421260,1,.005,78,1,.0067,56,,,,,,,,,,,,,,,,,,
01/06/2026 04:29:20,421258,3,.0139,71,0,0,0,,,,,,,,,,,,,,,,,,
01/06/2026 04:29:20,421260,1,.005,78,1,.0056,65,,,,,,,,,,,,,,,,,,
01/06/2026 04:29:50,421258,1,.0039,60,2,.0356,60,,,,,,,,,,,,,,,,,,
01/06/2026 04:29:50,421260,4,.02,71,0,0,0,,,,,,,,,,,,,,,,,,
01/06/2026 04:30:20,421258,1,.0039,78,1,.0278,40,,,,,,,,,,,,,,,,,,
01/06/2026 04:30:20,421260,2,.01,78,0,0,0,,,,,,,,,,,,,,,,,,
01/06/2026 04:30:50,421258,1,.0039,78,1,.0078,52,,,,,,,,,,,,,,,,,,
01/06/2026 04:30:50,421260,2,.0106,71,3,.0289,44,,,,,,,,,,,,,,,,,,
01/06/2026 04:31:20,421258,2,.0078,86,3,.0217,56,,,,,,,,,,,,,,,,,,
01/06/2026 04:31:20,421260,1,.0056,71,2,.0106,78,,,,,,,,,,,,,,,,,,
01/06/2026 04:31:50,421258,1,.0039,78,0,0,0,,,,,,,,,,,,,,,,,,
01/06/2026 04:31:50,421260,2,.01,71,1,.0117,52,,,,,,,,,,,,,,,,,,
01/06/2026 04:32:20,421258,2,.0078,78,0,0,0,,,,,,,,,,,,,,,,,,
01/06/2026 04:32:20,421260,4,.0228,71,2,.0128,56,,,,,,,,,,,,,,,,,,
01/06/2026 04:32:50,421258,1,.0039,78,2,.0117,65,,,,,,,,,,,,,,,,,,
01/06/2026 04:32:50,421260,2,.0117,71,2,.0128,60,,,,,,,,,,,,,,,,,,
01/06/2026 04:33:20,421258,2,.0106,60,3,.0806,36,,,,,,,,,,,,,,,,,,
01/06/2026 04:33:20,421260,1,.005,71,3,.0178,56,,,,,,,,,,,,,,,,,,
01/06/2026 04:33:50,421258,3,.0117,78,1,.005,78,,,,,,,,,,,,,,,,,,
01/06/2026 04:33:50,421260,1,.005,78,2,.0189,52,,,,,,,,,,,,,,,,,,
01/06/2026 04:34:20,421258,1,.005,60,5,.0556,52,,,,,,,,,,,,,,,,,,
01/06/2026 04:34:20,421260,9,.0506,65,3,.055,49,,,,,,,,,,,,,,,,,,
01/06/2026 04:34:50,421258,1,.005,60,2,.0117,60,,,,,,,,,,,,,,,,,,
01/06/2026 04:34:50,421260,2,.01,71,5,.0317,52,,,,,,,,,,,,,,,,,,
01/06/2026 04:35:20,421258,1,.0039,78,1,.0067,81,,,,,,,,,,,,,,,,,,
01/06/2026 04:35:20,421260,2,.0139,60,1,.005,71,,,,,,,,,,,,,,,,,,
01/06/2026 04:35:50,421258,2,.0078,65,4,.0906,46,,,,,,,,,,,,,,,,,,
01/06/2026 04:35:50,421260,0,0,0,3,.0167,56,,,,,,,,,,,,,,,,,,
01/06/2026 04:36:20,421258,7,.0539,65,5,.0589,49,,,,,,,,,,,,,,,,,,
01/06/2026 04:36:20,421260,4,.0217,65,4,.0289,49,,,,,,,,,,,,,,,,,,
01/06/2026 04:36:50,421258,1,.0039,78,3,.0456,52,,,,,,,,,,,,,,,,,,
01/06/2026 04:36:50,421260,3,.0156,78,3,.02,60,,,,,,,,,,,,,,,,,,
01/06/2026 04:37:20,421258,2,.0106,60,0,0,0,,,,,,,,,,,,,,,,,,
01/06/2026 04:37:20,421260,1,.005,71,3,.025,52,,,,,,,,,,,,,,,,,,
01/06/2026 04:37:50,421258,1,.0039,78,3,.0239,60,,,,,,,,,,,,,,,,,,
01/06/2026 04:37:50,421260,1,.0039,65,2,.01,49,,,,,,,,,,,,,,,,,,
01/06/2026 04:38:20,421258,2,.0078,86,6,.0456,56,,,,,,,,,,,,,,,,,,
01/06/2026 04:38:20,421260,4,.02,71,4,.0267,56,,,,,,,,,,,,,,,,,,
01/06/2026 04:38:50,421258,3,.0139,65,2,.035,52,,,,,,,,,,,,,,,,,,
01/06/2026 04:38:50,421260,1,.005,65,0,0,0,,,,,,,,,,,,,,,,,,
01/06/2026 04:39:20,421258,0,0,0,2,.0378,42,,,,,,,,,,,,,,,,,,
01/06/2026 04:39:20,421260,2,.01,78,1,.0067,52,,,,,,,,,,,,,,,,,,
01/06/2026 04:39:50,421258,2,.0078,78,5,.04,56,,,,,,,,,,,,,,,,,,
01/06/2026 04:39:50,421260,3,.015,78,1,.0067,60,,,,,,,,,,,,,,,,,,
01/06/2026 04:40:20,421258,2,.0078,65,4,.0306,49,,,,,,,,,,,,,,,,,,
01/06/2026 04:40:20,421260,3,.0178,71,1,.0067,60,,,,,,,,,,,,,,,,,,
01/06/2026 04:40:50,421258,1,.0039,78,0,0,0,,,,,,,,,,,,,,,,,,
01/06/2026 04:40:50,421260,1,.0067,65,5,.03,56,,,,,,,,,,,,,,,,,,
01/06/2026 04:41:20,421258,2,.0078,78,1,.0078,52,,,,,,,,,,,,,,,,,,
01/06/2026 04:41:20,421260,3,.0139,71,1,.0039,139,,,,,,,,,,,,,,,,,,
01/06/2026 04:41:50,421258,1,.0039,60,1,.0089,52,,,,,,,,,,,,,,,,,,
01/06/2026 04:41:50,421260,1,.0056,65,2,.0128,60,,,,,,,,,,,,,,,,,,
01/06/2026 04:42:20,421258,2,.0078,78,4,.0256,56,,,,,,,,,,,,,,,,,,
01/06/2026 04:42:20,421260,6,.0306,78,3,.02,56,,,,,,,,,,,,,,,,,,
01/06/2026 04:42:50,421258,3,.0117,78,3,.0278,60,,,,,,,,,,,,,,,,,,
01/06/2026 04:42:50,421260,2,.0128,86,4,.025,56,,,,,,,,,,,,,,,,,,
01/06/2026 04:43:20,421258,0,0,0,1,.0067,52,,,,,,,,,,,,,,,,,,
01/06/2026 04:43:20,421260,6,.0306,71,7,.0456,56,,,,,,,,,,,,,,,,,,
01/06/2026 04:43:50,421258,4,.0178,65,3,.02,56,,,,,,,,,,,,,,,,,,
01/06/2026 04:43:50,421260,3,.0156,71,3,.0217,56,,,,,,,,,,,,,,,,,,
01/06/2026 04:44:20,421258,3,.0117,78,4,.0267,56,,,,,,,,,,,,,,,,,,
01/06/2026 04:44:20,421260,2,.0106,78,2,.0139,60,,,,,,,,,,,,,,,,,,
01/06/2026 04:44:50,421258,4,.0189,65,3,.0267,60,,,,,,,,,,,,,,,,,,
01/06/2026 04:44:50,421260,3,.0139,71,2,.0139,56,,,,,,,,,,,,,,,,,,
01/06/2026 04:45:20,421258,5,.0217,65,5,.055,56,,,,,,,,,,,,,,,,,,
01/06/2026 04:45:20,421260,1,.005,78,3,.0178,60,,,,,,,,,,,,,,,,,,
01/06/2026 04:45:50,421258,2,.0078,78,3,.0428,46,,,,,,,,,,,,,,,,,,
01/06/2026 04:45:50,421260,3,.0139,71,2,.0117,52,,,,,,,,,,,,,,,,,,
01/06/2026 04:46:20,421258,3,.0117,71,2,.0306,49,,,,,,,,,,,,,,,,,,
01/06/2026 04:46:20,421260,3,.0178,65,4,.0267,60,,,,,,,,,,,,,,,,,,
01/06/2026 04:46:50,421258,1,.0039,78,4,.03,56,,,,,,,,,,,,,,,,,,
01/06/2026 04:46:50,421260,1,.0056,78,3,.025,56,,,,,,,,,,,,,,,,,,
01/06/2026 04:47:20,421258,1,.0039,78,2,.015,56,,,,,,,,,,,,,,,,,,
01/06/2026 04:47:20,421260,4,.0228,65,4,.0606,52,,,,,,,,,,,,,,,,,,
01/06/2026 04:47:50,421258,3,.0117,78,2,.0139,60,,,,,,,,,,,,,,,,,,
01/06/2026 04:47:50,421260,4,.0167,86,2,.0128,56,,,,,,,,,,,,,,,,,,
01/06/2026 04:48:20,421258,3,.0139,60,2,.0239,52,,,,,,,,,,,,,,,,,,
01/06/2026 04:48:20,421260,3,.0156,78,4,.0267,60,,,,,,,,,,,,,,,,,,
01/06/2026 04:48:50,421258,3,.015,65,2,.0156,78,,,,,,,,,,,,,,,,,,
01/06/2026 04:48:50,421260,1,.0056,71,2,.0089,78,,,,,,,,,,,,,,,,,,
01/06/2026 04:49:20,421258,4,.0178,60,4,.0239,60,,,,,,,,,,,,,,,,,,
01/06/2026 04:49:20,421260,6,.0317,71,4,.0217,71,,,,,,,,,,,,,,,,,,
01/06/2026 04:49:50,421258,3,.0139,71,5,.1056,44,,,,,,,,,,,,,,,,,,
01/06/2026 04:49:50,421260,7,.0378,71,4,.0228,60,,,,,,,,,,,,,,,,,,
01/06/2026 04:50:20,421258,3,.0117,78,3,.0189,56,,,,,,,,,,,,,,,,,,
01/06/2026 04:50:20,421260,4,.0206,71,4,.0256,60,,,,,,,,,,,,,,,,,,
01/06/2026 04:50:50,421258,4,.0178,65,3,.02,60,,,,,,,,,,,,,,,,,,
01/06/2026 04:50:50,421260,1,.0039,71,3,.0178,65,,,,,,,,,,,,,,,,,,
01/06/2026 04:51:20,421258,5,.02,78,5,.0317,60,,,,,,,,,,,,,,,,,,
01/06/2026 04:51:20,421260,0,0,0,0,0,0,,,,,,,,,,,,,,,,,,
01/06/2026 04:51:50,421258,4,.0156,78,3,.0189,65,,,,,,,,,,,,,,,,,,
01/06/2026 04:51:50,421260,2,.0117,65,2,.0139,56,,,,,,,,,,,,,,,,,,
01/06/2026 04:52:20,421258,2,.0078,65,6,.0517,46,,,,,,,,,,,,,,,,,,
01/06/2026 04:52:20,421260,9,.045,78,5,.0356,60,,,,,,,,,,,,,,,,,,
01/06/2026 04:52:50,421258,0,0,0,0,0,0,,,,,,,,,,,,,,,,,,
01/06/2026 04:52:50,421260,7,.0356,78,3,.0189,65,,,,,,,,,,,,,,,,,,
01/06/2026 04:53:20,421258,0,0,0,1,.0078,52,,,,,,,,,,,,,,,,,,
01/06/2026 04:53:20,421260,2,.01,65,2,.0256,49,,,,,,,,,,,,,,,,,,
01/06/2026 04:53:50,421258,5,.02,78,6,.0389,65,,,,,,,,,,,,,,,,,,
01/06/2026 04:53:50,421260,5,.0256,71,5,.0389,56,,,,,,,,,,,,,,,,,,
01/06/2026 04:54:20,421258,7,.0278,71,7,.0617,49,,,,,,,,,,,,,,,,,,
01/06/2026 04:54:20,421260,1,.005,60,4,.0328,65,,,,,,,,,,,,,,,,,,
01/06/2026 04:54:50,421258,1,.0039,78,3,.0189,60,,,,,,,,,,,,,,,,,,
01/06/2026 04:54:50,421260,3,.0156,78,3,.0217,52,,,,,,,,,,,,,,,,,,
01/06/2026 04:55:20,421258,4,.0156,78,3,.0467,52,,,,,,,,,,,,,,,,,,
01/06/2026 04:55:20,421260,2,.01,78,2,.0106,71,,,,,,,,,,,,,,,,,,
01/06/2026 04:55:50,421258,2,.0078,78,2,.0189,49,,,,,,,,,,,,,,,,,,
01/06/2026 04:55:50,421260,2,.0117,65,3,.0178,65,,,,,,,,,,,,,,,,,,
01/06/2026 04:56:20,421258,3,.0139,71,4,.0517,49,,,,,,,,,,,,,,,,,,
01/06/2026 04:56:20,421260,1,.005,78,1,.005,71,,,,,,,,,,,,,,,,,,
01/06/2026 04:56:50,421258,2,.0078,86,3,.0417,49,,,,,,,,,,,,,,,,,,
01/06/2026 04:56:50,421260,4,.0228,71,6,.045,52,,,,,,,,,,,,,,,,,,
01/06/2026 04:57:20,421258,0,0,0,2,.015,60,,,,,,,,,,,,,,,,,,
01/06/2026 04:57:20,421260,5,.0256,78,2,.03,60,,,,,,,,,,,,,,,,,,
01/06/2026 04:57:50,421258,3,.0139,71,3,.0178,65,,,,,,,,,,,,,,,,,,
01/06/2026 04:57:50,421260,2,.0106,71,9,.0617,60,,,,,,,,,,,,,,,,,,
01/06/2026 04:58:20,421258,1,.0039,78,2,.0128,60,,,,,,,,,,,,,,,,,,
01/06/2026 04:58:20,421260,2,.0117,65,1,.0056,65,,,,,,,,,,,,,,,,,,
01/06/2026 04:58:50,421258,5,.0217,78,5,.0378,52,,,,,,,,,,,,,,,,,,
01/06/2026 04:58:50,421260,4,.0189,71,5,.0339,56,,,,,,,,,,,,,,,,,,
01/06/2026 04:59:20,421258,3,.0106,78,3,.0639,44,,,,,,,,,,,,,,,,,,
01/06/2026 04:59:20,421260,3,.0139,71,0,0,0,,,,,,,,,,,,,,,,,,
01/06/2026 04:59:50,421258,3,.0139,65,5,.04,49,,,,,,,,,,,,,,,,,,
01/06/2026 04:59:50,421260,4,.0206,71,1,.0056,60,,,,,,,,,,,,,,,,,,
01/06/2026 05:00:20,421258,3,.015,71,4,.0267,56,,,,,,,,,,,,,,,,,,
01/06/2026 05:00:20,421260,1,.0039,78,4,.0267,60,,,,,,,,,,,,,,,,,,
01/06/2026 05:00:50,421258,1,.0039,78,2,.0117,60,,,,,,,,,,,,,,,,,,
01/06/2026 05:00:50,421260,1,.005,78,2,.0117,65,,,,,,,,,,,,,,,,,,
01/06/2026 05:01:20,421258,3,.0117,60,3,.0439,52,,,,,,,,,,,,,,,,,,
01/06/2026 05:01:20,421260,4,.0206,71,4,.0289,56,,,,,,,,,,,,,,,,,,
01/06/2026 05:01:50,421258,0,0,0,2,.0156,52,,,,,,,,,,,,,,,,,,
01/06/2026 05:01:50,421260,5,.0256,78,5,.035,60,,,,,,,,,,,,,,,,,,
01/06/2026 05:02:20,421258,3,.0139,65,4,.0306,49,,,,,,,,,,,,,,,,,,
01/06/2026 05:02:20,421260,1,.0056,71,3,.0178,60,,,,,,,,,,,,,,,,,,
01/06/2026 05:02:50,421258,3,.0139,71,1,.0039,96,,,,,,,,,,,,,,,,,,
01/06/2026 05:02:50,421260,1,.0056,65,4,.0267,60,,,,,,,,,,,,,,,,,,
01/06/2026 05:03:20,421258,2,.0078,78,7,.05,52,,,,,,,,,,,,,,,,,,
01/06/2026 05:03:20,421260,7,.0356,78,4,.025,65,,,,,,,,,,,,,,,,,,
01/06/2026 05:03:50,421258,3,.015,65,3,.0228,56,,,,,,,,,,,,,,,,,,
01/06/2026 05:03:50,421260,2,.01,78,3,.0206,56,,,,,,,,,,,,,,,,,,
01/06/2026 05:04:20,421258,1,.0056,60,4,.0267,60,,,,,,,,,,,,,,,,,,
01/06/2026 05:04:20,421260,4,.0206,71,5,.0306,60,,,,,,,,,,,,,,,,,,
01/06/2026 05:04:50,421258,4,.0167,65,7,.0428,60,,,,,,,,,,,,,,,,,,
01/06/2026 05:04:50,421260,2,.01,78,6,.065,52,,,,,,,,,,,,,,,,,,
01/06/2026 05:05:20,421258,2,.0078,78,2,.0167,52,,,,,,,,,,,,,,,,,,
01/06/2026 05:05:20,421260,3,.015,78,2,.015,60,,,,,,,,,,,,,,,,,,
01/06/2026 05:05:50,421258,3,.0117,78,6,.0617,52,,,,,,,,,,,,,,,,,,
01/06/2026 05:05:50,421260,7,.0378,71,6,.0389,56,,,,,,,,,,,,,,,,,,
01/06/2026 05:06:20,421258,1,.0078,96,3,.0339,56,,,,,,,,,,,,,,,,,,
01/06/2026 05:06:20,421260,7,.0367,71,3,.0256,56,,,,,,,,,,,,,,,,,,
01/06/2026 05:06:50,421258,4,.0128,78,3,.0656,52,,,,,,,,,,,,,,,,,,
01/06/2026 05:06:50,421260,2,.01,78,5,.0356,56,,,,,,,,,,,,,,,,,,
01/06/2026 05:07:20,421258,5,.02,71,4,.0356,49,,,,,,,,,,,,,,,,,,
01/06/2026 05:07:20,421260,3,.0167,65,2,.0128,60,,,,,,,,,,,,,,,,,,
01/06/2026 05:07:50,421258,5,.0267,65,4,.0656,46,,,,,,,,,,,,,,,,,,
01/06/2026 05:07:50,421260,2,.0117,65,2,.0289,52,,,,,,,,,,,,,,,,,,
01/06/2026 05:08:20,421258,1,.0039,139,4,.0278,52,,,,,,,,,,,,,,,,,,
01/06/2026 05:08:20,421260,2,.0106,65,3,.025,52,,,,,,,,,,,,,,,,,,
01/06/2026 05:08:50,421258,4,.0156,65,6,.0417,56,,,,,,,,,,,,,,,,,,
01/06/2026 05:08:50,421260,5,.025,71,3,.0228,56,,,,,,,,,,,,,,,,,,
01/06/2026 05:09:20,421258,2,.0089,56,1,.0078,52,,,,,,,,,,,,,,,,,,
01/06/2026 05:09:20,421260,2,.01,78,3,.02,65,,,,,,,,,,,,,,,,,,
01/06/2026 05:09:50,421258,1,.0039,78,2,.0278,52,,,,,,,,,,,,,,,,,,
01/06/2026 05:09:50,421260,5,.03,78,1,.0067,65,,,,,,,,,,,,,,,,,,
01/06/2026 05:10:20,421258,6,.0239,71,4,.03,56,,,,,,,,,,,,,,,,,,
01/06/2026 05:10:20,421260,4,.0228,71,3,.0256,52,,,,,,,,,,,,,,,,,,
01/06/2026 05:10:50,421258,2,.0078,78,3,.0417,56,,,,,,,,,,,,,,,,,,
01/06/2026 05:10:50,421260,2,.0089,78,2,.0106,71,,,,,,,,,,,,,,,,,,
01/06/2026 05:11:20,421258,1,.005,60,4,.0289,60,,,,,,,,,,,,,,,,,,
01/06/2026 05:11:20,421260,5,.0267,65,4,.0306,56,,,,,,,,,,,,,,,,,,
01/06/2026 05:11:50,421258,2,.0089,65,3,.015,65,,,,,,,,,,,,,,,,,,
01/06/2026 05:11:50,421260,5,.0239,86,1,.005,78,,,,,,,,,,,,,,,,,,
01/06/2026 05:12:20,421258,3,.0117,78,1,.0067,60,,,,,,,,,,,,,,,,,,
01/06/2026 05:12:20,421260,2,.0117,71,6,.0389,65,,,,,,,,,,,,,,,,,,
01/06/2026 05:12:50,421258,3,.0139,65,3,.0478,44,,,,,,,,,,,,,,,,,,
01/06/2026 05:12:50,421260,2,.01,78,4,.0289,60,,,,,,,,,,,,,,,,,,
01/06/2026 05:13:20,421258,6,.0267,71,4,.0256,60,,,,,,,,,,,,,,,,,,
01/06/2026 05:13:20,421260,1,.005,78,1,.0056,65,,,,,,,,,,,,,,,,,,
01/06/2026 05:13:50,421258,2,.0078,65,3,.0389,52,,,,,,,,,,,,,,,,,,
01/06/2026 05:13:50,421260,1,.0056,71,3,.0189,60,,,,,,,,,,,,,,,,,,
01/06/2026 05:14:20,421258,0,0,0,7,.0706,56,,,,,,,,,,,,,,,,,,
01/06/2026 05:14:20,421260,5,.0228,78,4,.0256,56,,,,,,,,,,,,,,,,,,
01/06/2026 05:14:50,421258,2,.0078,78,1,.0078,52,,,,,,,,,,,,,,,,,,
01/06/2026 05:14:50,421260,6,.0328,71,4,.0356,56,,,,,,,,,,,,,,,,,,
01/06/2026 05:15:20,421258,0,0,0,3,.0178,60,,,,,,,,,,,,,,,,,,
01/06/2026 05:15:20,421260,12,.0706,65,6,.0728,49,,,,,,,,,,,,,,,,,,
01/06/2026 05:15:50,421258,3,.0117,78,3,.0217,52,,,,,,,,,,,,,,,,,,
01/06/2026 05:15:50,421260,2,.0106,65,4,.0278,56,,,,,,,,,,,,,,,,,,
01/06/2026 05:16:20,421258,4,.0156,78,3,.0256,56,,,,,,,,,,,,,,,,,,
01/06/2026 05:16:20,421260,3,.0178,71,5,.0356,56,,,,,,,,,,,,,,,,,,
01/06/2026 05:16:50,421258,0,0,0,5,.0578,52,,,,,,,,,,,,,,,,,,
01/06/2026 05:16:50,421260,4,.0206,71,4,.0278,49,,,,,,,,,,,,,,,,,,
01/06/2026 05:17:20,421258,11,.0506,65,5,.0906,46,,,,,,,,,,,,,,,,,,
01/06/2026 05:17:20,421260,3,.0139,71,3,.0189,60,,,,,,,,,,,,,,,,,,
01/06/2026 05:17:50,421258,4,.0156,71,4,.0356,52,,,,,,,,,,,,,,,,,,
01/06/2026 05:17:50,421260,4,.0178,78,3,.0206,60,,,,,,,,,,,,,,,,,,
01/06/2026 05:18:20,421258,4,.0156,78,6,.0467,52,,,,,,,,,,,,,,,,,,
01/06/2026 05:18:20,421260,1,.0078,86,3,.0228,56,,,,,,,,,,,,,,,,,,
01/06/2026 05:18:50,421258,3,.0117,78,2,.015,56,,,,,,,,,,,,,,,,,,
01/06/2026 05:18:50,421260,7,.03,71,3,.0206,56,,,,,,,,,,,,,,,,,,
01/06/2026 05:19:20,421258,4,.0156,65,4,.0656,46,,,,,,,,,,,,,,,,,,
01/06/2026 05:19:20,421260,7,.0378,71,6,.0456,65,,,,,,,,,,,,,,,,,,
01/06/2026 05:19:50,421258,1,.0039,78,4,.0339,52,,,,,,,,,,,,,,,,,,
01/06/2026 05:19:50,421260,2,.01,78,3,.02,65,,,,,,,,,,,,,,,,,,
01/06/2026 05:20:20,421258,3,.0117,78,2,.0106,78,,,,,,,,,,,,,,,,,,
01/06/2026 05:20:20,421260,5,.0278,71,7,.0489,52,,,,,,,,,,,,,,,,,,
01/06/2026 05:20:50,421258,7,.03,71,6,.0539,49,,,,,,,,,,,,,,,,,,
01/06/2026 05:20:50,421260,11,.06,71,6,.0439,52,,,,,,,,,,,,,,,,,,
01/06/2026 05:21:20,421258,1,.0039,60,4,.0278,56,,,,,,,,,,,,,,,,,,
01/06/2026 05:21:20,421260,7,.04,65,3,.0278,56,,,,,,,,,,,,,,,,,,
01/06/2026 05:21:50,421258,3,.0117,71,3,.035,49,,,,,,,,,,,,,,,,,,
01/06/2026 05:21:50,421260,4,.0206,78,3,.025,52,,,,,,,,,,,,,,,,,,
01/06/2026 05:22:20,421258,6,.0239,71,5,.0578,49,,,,,,,,,,,,,,,,,,
01/06/2026 05:22:20,421260,5,.0228,78,2,.0139,52,,,,,,,,,,,,,,,,,,
01/06/2026 05:22:50,421258,9,.0406,65,7,.0767,46,,,,,,,,,,,,,,,,,,
01/06/2026 05:22:50,421260,7,.0389,65,6,.0428,60,,,,,,,,,,,,,,,,,,
01/06/2026 05:23:20,421258,5,.0228,65,4,.0556,49,,,,,,,,,,,,,,,,,,
01/06/2026 05:23:20,421260,13,.0756,65,8,.0567,56,,,,,,,,,,,,,,,,,,
01/06/2026 05:23:50,421258,2,.0078,65,4,.0528,56,,,,,,,,,,,,,,,,,,
01/06/2026 05:23:50,421260,4,.0239,65,2,.0167,52,,,,,,,,,,,,,,,,,,
01/06/2026 05:24:20,421258,5,.0228,71,6,.0667,46,,,,,,,,,,,,,,,,,,
01/06/2026 05:24:20,421260,5,.0267,71,5,.0339,56,,,,,,,,,,,,,,,,,,
01/06/2026 05:24:50,421258,6,.0256,65,2,.0156,56,,,,,,,,,,,,,,,,,,
01/06/2026 05:24:50,421260,4,.0217,78,2,.0128,65,,,,,,,,,,,,,,,,,,
01/06/2026 05:25:20,421258,10,.0428,65,8,.0817,44,,,,,,,,,,,,,,,,,,
01/06/2026 05:25:20,421260,3,.015,71,4,.0256,65,,,,,,,,,,,,,,,,,,
01/06/2026 05:25:50,421258,4,.0156,71,6,.0428,56,,,,,,,,,,,,,,,,,,
01/06/2026 05:25:50,421260,4,.0228,65,3,.0228,56,,,,,,,,,,,,,,,,,,
01/06/2026 05:26:20,421258,3,.0117,78,2,.02,60,,,,,,,,,,,,,,,,,,
01/06/2026 05:26:20,421260,5,.0289,65,6,.0517,49,,,,,,,,,,,,,,,,,,
01/06/2026 05:26:50,421258,5,.0217,78,5,.0478,44,,,,,,,,,,,,,,,,,,
01/06/2026 05:26:50,421260,6,.0378,60,7,.0528,49,,,,,,,,,,,,,,,,,,
01/06/2026 05:27:20,421258,2,.0078,60,3,.0217,60,,,,,,,,,,,,,,,,,,
01/06/2026 05:27:20,421260,4,.0228,71,6,.0467,56,,,,,,,,,,,,,,,,,,
01/06/2026 05:27:50,421258,5,.02,65,3,.0256,52,,,,,,,,,,,,,,,,,,
01/06/2026 05:27:50,421260,3,.0156,71,5,.0328,60,,,,,,,,,,,,,,,,,,
01/06/2026 05:28:20,421258,4,.0156,65,5,.055,49,,,,,,,,,,,,,,,,,,
01/06/2026 05:28:20,421260,3,.0156,71,3,.015,56,,,,,,,,,,,,,,,,,,
01/06/2026 05:28:50,421258,5,.02,71,5,.0467,44,,,,,,,,,,,,,,,,,,
01/06/2026 05:28:50,421260,8,.05,65,5,.0406,56,,,,,,,,,,,,,,,,,,
01/06/2026 05:29:20,421258,7,.0328,65,7,.0889,44,,,,,,,,,,,,,,,,,,
01/06/2026 05:29:20,421260,10,.0539,71,6,.045,56,,,,,,,,,,,,,,,,,,
01/06/2026 05:29:50,421258,2,.0078,78,2,.0256,52,,,,,,,,,,,,,,,,,,
01/06/2026 05:29:50,421260,5,.0267,71,5,.0378,52,,,,,,,,,,,,,,,,,,
01/06/2026 05:30:20,421258,4,.02,65,3,.02,65,,,,,,,,,,,,,,,,,,
01/06/2026 05:30:20,421260,9,.0528,65,7,.0667,46,,,,,,,,,,,,,,,,,,
01/06/2026 05:30:50,421258,9,.0428,60,5,.0678,46,,,,,,,,,,,,,,,,,,
01/06/2026 05:30:50,421260,9,.0456,71,7,.0439,60,,,,,,,,,,,,,,,,,,
01/06/2026 05:31:20,421258,10,.045,65,6,.0489,49,,,,,,,,,,,,,,,,,,
01/06/2026 05:31:20,421260,3,.0156,71,4,.0278,56,,,,,,,,,,,,,,,,,,
01/06/2026 05:31:50,421258,3,.015,56,5,.0456,46,,,,,,,,,,,,,,,,,,
01/06/2026 05:31:50,421260,11,.0628,65,7,.0667,56,,,,,,,,,,,,,,,,,,
01/06/2026 05:32:20,421258,13,.0567,65,6,.1056,49,,,,,,,,,,,,,,,,,,
01/06/2026 05:32:20,421260,3,.0167,65,4,.0256,60,,,,,,,,,,,,,,,,,,
01/06/2026 05:32:50,421258,9,.0389,71,7,.0856,49,,,,,,,,,,,,,,,,,,
01/06/2026 05:32:50,421260,10,.0517,71,6,.0428,60,,,,,,,,,,,,,,,,,,
01/06/2026 05:33:20,421258,6,.0239,78,5,.0306,52,,,,,,,,,,,,,,,,,,
01/06/2026 05:33:20,421260,12,.0739,65,8,.0556,56,,,,,,,,,,,,,,,,,,
01/06/2026 05:33:50,421258,8,.0339,71,5,.0378,56,,,,,,,,,,,,,,,,,,
01/06/2026 05:33:50,421260,10,.0567,65,6,.04,60,,,,,,,,,,,,,,,,,,
01/06/2026 05:34:20,421258,5,.0217,71,6,.0617,56,,,,,,,,,,,,,,,,,,
01/06/2026 05:34:20,421260,5,.0267,71,7,.0528,52,,,,,,,,,,,,,,,,,,
01/06/2026 05:34:50,421258,11,.0489,71,4,.0467,60,,,,,,,,,,,,,,,,,,
01/06/2026 05:34:50,421260,10,.0567,65,6,.0417,52,,,,,,,,,,,,,,,,,,
01/06/2026 05:35:20,421258,10,.0467,60,8,.0867,46,,,,,,,,,,,,,,,,,,
01/06/2026 05:35:20,421260,5,.0278,71,6,.0378,65,,,,,,,,,,,,,,,,,,
01/06/2026 05:35:50,421258,10,.045,65,9,.0667,52,,,,,,,,,,,,,,,,,,
01/06/2026 05:35:50,421260,5,.0256,71,5,.0306,60,,,,,,,,,,,,,,,,,,
01/06/2026 05:36:20,421258,3,.0117,71,3,.0217,56,,,,,,,,,,,,,,,,,,
01/06/2026 05:36:20,421260,6,.0306,78,4,.0267,60,,,,,,,,,,,,,,,,,,
01/06/2026 05:36:50,421258,12,.0528,65,7,.1089,44,,,,,,,,,,,,,,,,,,
01/06/2026 05:36:50,421260,10,.0539,78,7,.05,60,,,,,,,,,,,,,,,,,,
01/06/2026 05:37:20,421258,5,.02,78,6,.0656,49,,,,,,,,,,,,,,,,,,
01/06/2026 05:37:20,421260,10,.055,65,6,.045,52,,,,,,,,,,,,,,,,,,
01/06/2026 05:37:50,421258,6,.0239,78,7,.0467,56,,,,,,,,,,,,,,,,,,
01/06/2026 05:37:50,421260,13,.0767,65,9,.0639,56,,,,,,,,,,,,,,,,,,
01/06/2026 05:38:20,421258,8,.0339,78,5,.035,56,,,,,,,,,,,,,,,,,,
01/06/2026 05:38:20,421260,8,.045,65,6,.0417,60,,,,,,,,,,,,,,,,,,
01/06/2026 05:38:50,421258,7,.0278,78,6,.0517,49,,,,,,,,,,,,,,,,,,
01/06/2026 05:38:50,421260,11,.065,65,5,.0378,56,,,,,,,,,,,,,,,,,,
01/06/2026 05:39:20,421258,7,.0306,65,6,.0478,52,,,,,,,,,,,,,,,,,,
01/06/2026 05:39:20,421260,10,.0556,65,6,.0428,56,,,,,,,,,,,,,,,,,,
01/06/2026 05:39:50,421258,12,.0489,71,9,.1017,56,,,,,,,,,,,,,,,,,,
01/06/2026 05:39:50,421260,12,.0689,65,4,.0217,56,,,,,,,,,,,,,,,,,,
01/06/2026 05:40:20,421258,9,.0406,65,9,.07,52,,,,,,,,,,,,,,,,,,
01/06/2026 05:40:20,421260,7,.0439,65,9,.06,65,,,,,,,,,,,,,,,,,,
01/06/2026 05:40:50,421258,7,.03,71,6,.0517,52,,,,,,,,,,,,,,,,,,
01/06/2026 05:40:50,421260,9,.0478,71,4,.0267,56,,,,,,,,,,,,,,,,,,
01/06/2026 05:41:20,421258,11,.045,71,7,.0489,60,,,,,,,,,,,,,,,,,,
01/06/2026 05:41:20,421260,6,.0339,71,8,.0717,56,,,,,,,,,,,,,,,,,,
01/06/2026 05:41:50,421258,8,.0339,65,6,.0656,52,,,,,,,,,,,,,,,,,,
01/06/2026 05:41:50,421260,11,.06,65,6,.0389,60,,,,,,,,,,,,,,,,,,
01/06/2026 05:42:20,421258,7,.0328,65,7,.05,60,,,,,,,,,,,,,,,,,,
01/06/2026 05:42:20,421260,9,.0539,65,5,.0328,60,,,,,,,,,,,,,,,,,,
01/06/2026 05:42:50,421258,9,.0389,71,7,.0489,56,,,,,,,,,,,,,,,,,,
01/06/2026 05:42:50,421260,4,.0239,65,4,.0289,60,,,,,,,,,,,,,,,,,,
01/06/2026 05:43:20,421258,4,.0206,78,6,.0467,56,,,,,,,,,,,,,,,,,,
01/06/2026 05:43:20,421260,15,.0906,60,9,.0606,49,,,,,,,,,,,,,,,,,,
01/06/2026 05:43:50,421258,7,.0278,65,6,.0656,42,,,,,,,,,,,,,,,,,,
01/06/2026 05:43:50,421260,8,.04,78,5,.0256,71,,,,,,,,,,,,,,,,,,
01/06/2026 05:44:20,421258,7,.03,71,7,.0767,46,,,,,,,,,,,,,,,,,,
01/06/2026 05:44:20,421260,10,.0606,65,2,.0128,56,,,,,,,,,,,,,,,,,,
01/06/2026 05:44:50,421258,3,.0139,60,4,.0278,56,,,,,,,,,,,,,,,,,,
01/06/2026 05:44:50,421260,15,.095,60,5,.0389,52,,,,,,,,,,,,,,,,,,
01/06/2026 05:45:20,421258,13,.06,65,15,.1328,52,,,,,,,,,,,,,,,,,,
01/06/2026 05:45:20,421260,15,.0878,65,6,.0417,56,,,,,,,,,,,,,,,,,,
01/06/2026 05:45:50,421258,8,.035,65,3,.0389,40,,,,,,,,,,,,,,,,,,
01/06/2026 05:45:50,421260,13,.0806,60,7,.085,56,,,,,,,,,,,,,,,,,,
01/06/2026 05:46:20,421258,6,.0256,65,5,.035,56,,,,,,,,,,,,,,,,,,
01/06/2026 05:46:20,421260,16,.0939,65,7,.0439,60,,,,,,,,,,,,,,,,,,
01/06/2026 05:46:50,421258,12,.05,71,8,.0728,52,,,,,,,,,,,,,,,,,,
01/06/2026 05:46:50,421260,14,.0789,65,5,.0389,56,,,,,,,,,,,,,,,,,,
01/06/2026 05:47:20,421258,18,.08,65,7,.0578,49,,,,,,,,,,,,,,,,,,
01/06/2026 05:47:20,421260,7,.0389,65,7,.0489,56,,,,,,,,,,,,,,,,,,
01/06/2026 05:47:50,421258,9,.065,65,8,.0589,52,,,,,,,,,,,,,,,,,,
01/06/2026 05:47:50,421260,14,.0867,60,11,.075,56,,,,,,,,,,,,,,,,,,
01/06/2026 05:48:20,421258,9,.045,60,8,.0617,56,,,,,,,,,,,,,,,,,,
01/06/2026 05:48:20,421260,15,.085,71,6,.04,56,,,,,,,,,,,,,,,,,,
01/06/2026 05:48:50,421258,17,.0806,60,7,.0578,49,,,,,,,,,,,,,,,,,,
01/06/2026 05:48:50,421260,14,.0878,56,7,.0617,40,,,,,,,,,,,,,,,,,,
01/06/2026 05:49:20,421258,7,.03,65,8,.07,52,,,,,,,,,,,,,,,,,,
01/06/2026 05:49:20,421260,16,.1078,52,10,.1189,40,,,,,,,,,,,,,,,,,,
01/06/2026 05:49:50,421258,19,.0867,65,9,.075,49,,,,,,,,,,,,,,,,,,
01/06/2026 05:49:50,421260,8,.0489,65,7,.0517,56,,,,,,,,,,,,,,,,,,
01/06/2026 05:50:20,421258,5,.02,65,5,.0578,56,,,,,,,,,,,,,,,,,,
01/06/2026 05:50:20,421260,10,.0556,65,7,.0467,65,,,,,,,,,,,,,,,,,,
01/06/2026 05:50:50,421258,10,.0417,65,8,.0728,52,,,,,,,,,,,,,,,,,,
01/06/2026 05:50:50,421260,15,.0856,65,12,.08,60,,,,,,,,,,,,,,,,,,
01/06/2026 05:51:20,421258,11,.0467,65,3,.0489,38,,,,,,,,,,,,,,,,,,
01/06/2026 05:51:20,421260,6,.0339,65,5,.0356,56,,,,,,,,,,,,,,,,,,
01/06/2026 05:51:50,421258,14,.0728,60,16,.2156,40,,,,,,,,,,,,,,,,,,
01/06/2026 05:51:50,421260,15,.0956,60,10,.0867,52,,,,,,,,,,,,,,,,,,
01/06/2026 05:52:20,421258,8,.0367,65,8,.0656,56,,,,,,,,,,,,,,,,,,
01/06/2026 05:52:20,421260,17,.115,56,12,.0906,49,,,,,,,,,,,,,,,,,,
01/06/2026 05:52:50,421258,14,.0617,65,11,.0967,49,,,,,,,,,,,,,,,,,,
01/06/2026 05:52:50,421260,19,.1256,56,12,.0989,49,,,,,,,,,,,,,,,,,,
01/06/2026 05:53:20,421258,6,.0239,71,4,.0428,52,,,,,,,,,,,,,,,,,,
01/06/2026 05:53:20,421260,12,.0756,60,5,.0506,49,,,,,,,,,,,,,,,,,,
01/06/2026 05:53:50,421258,13,.0567,65,11,.1039,49,,,,,,,,,,,,,,,,,,
01/06/2026 05:53:50,421260,18,.1356,49,11,.1067,46,,,,,,,,,,,,,,,,,,
01/06/2026 05:54:20,421258,11,.0467,65,10,.0889,49,,,,,,,,,,,,,,,,,,
01/06/2026 05:54:20,421260,17,.1239,52,12,.0917,49,,,,,,,,,,,,,,,,,,
01/06/2026 05:54:50,421258,14,.0578,71,12,.1078,49,,,,,,,,,,,,,,,,,,
01/06/2026 05:54:50,421260,15,.0956,60,9,.0667,52,,,,,,,,,,,,,,,,,,
01/06/2026 05:55:20,421258,13,.0606,60,12,.1,49,,,,,,,,,,,,,,,,,,
01/06/2026 05:55:20,421260,13,.0767,65,7,.0528,49,,,,,,,,,,,,,,,,,,
01/06/2026 05:55:50,421258,12,.0617,56,5,.07,46,,,,,,,,,,,,,,,,,,
01/06/2026 05:55:50,421260,14,.0878,60,11,.0839,52,,,,,,,,,,,,,,,,,,
01/06/2026 05:56:20,421258,18,.0917,56,15,.1739,44,,,,,,,,,,,,,,,,,,
01/06/2026 05:56:20,421260,19,.1328,56,12,.0978,46,,,,,,,,,,,,,,,,,,
01/06/2026 05:56:50,421258,22,.13,52,13,.1289,46,,,,,,,,,,,,,,,,,,
01/06/2026 05:56:50,421260,15,.1078,52,14,.1167,46,,,,,,,,,,,,,,,,,,
01/06/2026 05:57:20,421258,7,.0278,71,6,.0417,56,,,,,,,,,,,,,,,,,,
01/06/2026 05:57:20,421260,16,.1078,56,12,.0939,49,,,,,,,,,,,,,,,,,,
01/06/2026 05:57:50,421258,12,.06,60,15,.16,49,,,,,,,,,,,,,,,,,,
01/06/2026 05:57:50,421260,19,.13,56,11,.0778,52,,,,,,,,,,,,,,,,,,
01/06/2026 05:58:20,421258,10,.0467,65,6,.065,49,,,,,,,,,,,,,,,,,,
01/06/2026 05:58:20,421260,13,.0778,65,7,.0506,56,,,,,,,,,,,,,,,,,,
01/06/2026 05:58:50,421258,20,.0967,60,14,.135,49,,,,,,,,,,,,,,,,,,
01/06/2026 05:58:50,421260,10,.0567,65,6,.0456,56,,,,,,,,,,,,,,,,,,
01/06/2026 05:59:20,421258,14,.0578,71,9,.0706,52,,,,,,,,,,,,,,,,,,
01/06/2026 05:59:20,421260,17,.1106,65,6,.0467,52,,,,,,,,,,,,,,,,,,
01/06/2026 05:59:50,421258,18,.0906,60,10,.09,49,,,,,,,,,,,,,,,,,,
01/06/2026 05:59:50,421260,15,.095,60,7,.0578,49,,,,,,,,,,,,,,,,,,
01/06/2026 06:00:20,421258,17,.0806,60,12,.1006,46,,,,,,,,,,,,,,,,,,
01/06/2026 06:00:20,421260,11,.08,52,7,.0567,46,,,,,,,,,,,,,,,,,,
01/06/2026 06:00:50,421258,9,.0378,71,8,.0578,52,,,,,,,,,,,,,,,,,,
01/06/2026 06:00:50,421260,16,.1206,46,16,.1456,44,,,,,,,,,,,,,,,,,,
01/06/2026 06:01:20,421258,14,.0739,65,11,.0967,49,,,,,,,,,,,,,,,,,,
01/06/2026 06:01:20,421260,10,.0656,60,7,.045,56,,,,,,,,,,,,,,,,,,
01/06/2026 06:01:50,421258,11,.0467,65,4,.03,52,,,,,,,,,,,,,,,,,,
01/06/2026 06:01:50,421260,11,.0617,65,7,.0706,52,,,,,,,,,,,,,,,,,,
01/06/2026 06:02:20,421258,14,.0606,65,8,.1056,46,,,,,,,,,,,,,,,,,,
01/06/2026 06:02:20,421260,16,.0989,60,10,.0817,52,,,,,,,,,,,,,,,,,,
01/06/2026 06:02:50,421258,7,.0278,71,9,.07,52,,,,,,,,,,,,,,,,,,
01/06/2026 06:02:50,421260,16,.1017,60,6,.0467,56,,,,,,,,,,,,,,,,,,
01/06/2026 06:03:20,421258,14,.0639,65,13,.0906,52,,,,,,,,,,,,,,,,,,
01/06/2026 06:03:20,421260,13,.0778,60,8,.0528,56,,,,,,,,,,,,,,,,,,
01/06/2026 06:03:50,421258,13,.0567,65,7,.0778,49,,,,,,,,,,,,,,,,,,
01/06/2026 06:03:50,421260,16,.1139,52,13,.1378,46,,,,,,,,,,,,,,,,,,
01/06/2026 06:04:20,421258,16,.0767,60,11,.1028,49,,,,,,,,,,,,,,,,,,
01/06/2026 06:04:20,421260,14,.0989,52,10,.0878,46,,,,,,,,,,,,,,,,,,
01/06/2026 06:04:50,421258,16,.07,65,10,.0889,52,,,,,,,,,,,,,,,,,,
01/06/2026 06:04:50,421260,18,.1467,46,11,.0967,46,,,,,,,,,,,,,,,,,,
01/06/2026 06:05:20,421258,11,.05,60,6,.0628,52,,,,,,,,,,,,,,,,,,
01/06/2026 06:05:20,421260,18,.1406,52,12,.0928,44,,,,,,,,,,,,,,,,,,
01/06/2026 06:05:50,421258,7,.0306,65,5,.0356,49,,,,,,,,,,,,,,,,,,
01/06/2026 06:05:50,421260,19,.145,49,12,.0956,46,,,,,,,,,,,,,,,,,,
01/06/2026 06:06:20,421258,12,.0528,60,13,.1406,42,,,,,,,,,,,,,,,,,,
01/06/2026 06:06:20,421260,15,.1028,52,10,.09,46,,,,,,,,,,,,,,,,,,
01/06/2026 06:06:50,421258,15,.0728,56,14,.1278,46,,,,,,,,,,,,,,,,,,
01/06/2026 06:06:50,421260,13,.0989,49,11,.1217,44,,,,,,,,,,,,,,,,,,
01/06/2026 06:07:20,421258,15,.0817,56,13,.1056,49,,,,,,,,,,,,,,,,,,
01/06/2026 06:07:20,421260,17,.135,46,15,.135,44,,,,,,,,,,,,,,,,,,
01/06/2026 06:07:50,421258,14,.0689,60,11,.1128,42,,,,,,,,,,,,,,,,,,
01/06/2026 06:07:50,421260,21,.175,46,11,.1017,46,,,,,,,,,,,,,,,,,,
01/06/2026 06:08:20,421258,19,.0967,56,12,.1217,46,,,,,,,,,,,,,,,,,,
01/06/2026 06:08:20,421260,15,.1106,52,15,.145,42,,,,,,,,,,,,,,,,,,
01/06/2026 06:08:50,421258,11,.0528,60,7,.0739,42,,,,,,,,,,,,,,,,,,
01/06/2026 06:08:50,421260,17,.1328,49,15,.1378,44,,,,,,,,,,,,,,,,,,
01/06/2026 06:09:20,421258,13,.0689,56,10,.1156,42,,,,,,,,,,,,,,,,,,
01/06/2026 06:09:20,421260,18,.1456,46,11,.12,49,,,,,,,,,,,,,,,,,,
01/06/2026 06:09:50,421258,23,.1256,56,13,.135,44,,,,,,,,,,,,,,,,,,
01/06/2026 06:09:50,421260,10,.07,52,9,.0967,46,,,,,,,,,,,,,,,,,,
01/06/2026 06:10:20,421258,21,.1178,56,13,.1317,46,,,,,,,,,,,,,,,,,,
01/06/2026 06:10:20,421260,13,.0856,56,9,.0739,49,,,,,,,,,,,,,,,,,,
01/06/2026 06:10:50,421258,11,.0506,60,13,.1167,46,,,,,,,,,,,,,,,,,,
01/06/2026 06:10:50,421260,17,.1289,49,15,.1417,42,,,,,,,,,,,,,,,,,,
01/06/2026 06:11:20,421258,13,.0689,56,16,.1517,44,,,,,,,,,,,,,,,,,,
01/06/2026 06:11:20,421260,19,.1778,42,15,.1328,46,,,,,,,,,,,,,,,,,,
01/06/2026 06:11:50,421258,19,.1028,56,14,.1828,40,,,,,,,,,,,,,,,,,,
01/06/2026 06:11:50,421260,11,.0806,52,7,.07,49,,,,,,,,,,,,,,,,,,
01/06/2026 06:12:20,421258,16,.0778,60,9,.1056,42,,,,,,,,,,,,,,,,,,
01/06/2026 06:12:20,421260,14,.1,52,9,.0928,44,,,,,,,,,,,,,,,,,,
01/06/2026 06:12:50,421258,11,.055,56,8,.11,49,,,,,,,,,,,,,,,,,,
01/06/2026 06:12:50,421260,16,.1217,49,15,.1578,42,,,,,,,,,,,,,,,,,,
01/06/2026 06:13:20,421258,15,.0728,60,11,.1017,46,,,,,,,,,,,,,,,,,,
01/06/2026 06:13:20,421260,15,.1178,49,13,.1228,46,,,,,,,,,,,,,,,,,,
01/06/2026 06:13:50,421258,14,.0756,56,14,.1239,49,,,,,,,,,,,,,,,,,,
01/06/2026 06:13:50,421260,17,.1467,49,15,.1389,42,,,,,,,,,,,,,,,,,,
01/06/2026 06:14:20,421258,13,.07,56,6,.0889,44,,,,,,,,,,,,,,,,,,
01/06/2026 06:14:20,421260,19,.1489,44,15,.1417,40,,,,,,,,,,,,,,,,,,
01/06/2026 06:14:50,421258,16,.0778,56,7,.1117,42,,,,,,,,,,,,,,,,,,
01/06/2026 06:14:50,421260,17,.1339,49,6,.05,40,,,,,,,,,,,,,,,,,,
01/06/2026 06:15:20,421258,18,.0906,56,13,.1406,44,,,,,,,,,,,,,,,,,,
01/06/2026 06:15:20,421260,13,.1017,52,12,.125,40,,,,,,,,,,,,,,,,,,
01/06/2026 06:15:50,421258,16,.0817,60,13,.1389,44,,,,,,,,,,,,,,,,,,
01/06/2026 06:15:50,421260,16,.1228,44,13,.1306,40,,,,,,,,,,,,,,,,,,
01/06/2026 06:16:20,421258,13,.065,60,13,.1228,44,,,,,,,,,,,,,,,,,,
01/06/2026 06:16:20,421260,18,.1578,44,14,.1428,42,,,,,,,,,,,,,,,,,,
01/06/2026 06:16:50,421258,19,.095,60,13,.1278,46,,,,,,,,,,,,,,,,,,
01/06/2026 06:16:50,421260,14,.1,49,10,.1089,44,,,,,,,,,,,,,,,,,,
01/06/2026 06:17:20,421258,17,.0878,56,9,.135,42,,,,,,,,,,,,,,,,,,
01/06/2026 06:17:20,421260,13,.095,52,9,.0878,46,,,,,,,,,,,,,,,,,,
01/06/2026 06:17:50,421258,6,.0278,56,9,.0928,42,,,,,,,,,,,,,,,,,,
01/06/2026 06:17:50,421260,18,.1306,52,13,.1089,49,,,,,,,,,,,,,,,,,,
01/06/2026 06:18:20,421258,10,.0628,49,14,.1517,42,,,,,,,,,,,,,,,,,,
01/06/2026 06:18:20,421260,14,.1028,52,9,.1106,42,,,,,,,,,,,,,,,,,,
01/06/2026 06:18:50,421258,20,.115,52,11,.1406,44,,,,,,,,,,,,,,,,,,
01/06/2026 06:18:50,421260,19,.1389,49,11,.1106,40,,,,,,,,,,,,,,,,,,
01/06/2026 06:19:20,421258,12,.0639,56,8,.1167,42,,,,,,,,,,,,,,,,,,
01/06/2026 06:19:20,421260,15,.1178,49,13,.125,42,,,,,,,,,,,,,,,,,,
01/06/2026 06:19:50,421258,17,.0956,52,12,.16,42,,,,,,,,,,,,,,,,,,
01/06/2026 06:19:50,421260,16,.1389,44,13,.1267,46,,,,,,,,,,,,,,,,,,
01/06/2026 06:20:20,421258,24,.1467,52,15,.1756,40,,,,,,,,,,,,,,,,,,
01/06/2026 06:20:20,421260,14,.1078,49,9,.085,40,,,,,,,,,,,,,,,,,,
01/06/2026 06:20:50,421258,12,.0567,60,6,.0628,42,,,,,,,,,,,,,,,,,,
01/06/2026 06:20:50,421260,17,.1639,40,13,.145,36,,,,,,,,,,,,,,,,,,
01/06/2026 06:21:20,421258,13,.0678,56,14,.2156,38,,,,,,,,,,,,,,,,,,
01/06/2026 06:21:20,421260,16,.13,46,14,.1439,40,,,,,,,,,,,,,,,,,,
01/06/2026 06:21:50,421258,13,.0717,56,14,.1478,44,,,,,,,,,,,,,,,,,,
01/06/2026 06:21:50,421260,15,.1189,46,12,.1228,44,,,,,,,,,,,,,,,,,,
01/06/2026 06:22:20,421258,17,.0889,56,13,.14,42,,,,,,,,,,,,,,,,,,
01/06/2026 06:22:20,421260,13,.0928,52,8,.075,44,,,,,,,,,,,,,,,,,,
01/06/2026 06:22:50,421258,18,.1028,52,6,.065,42,,,,,,,,,,,,,,,,,,
01/06/2026 06:22:50,421260,15,.1178,46,15,.1589,40,,,,,,,,,,,,,,,,,,
01/06/2026 06:23:20,421258,14,.0878,52,14,.2017,42,,,,,,,,,,,,,,,,,,
01/06/2026 06:23:20,421260,17,.1328,49,12,.1206,44,,,,,,,,,,,,,,,,,,
01/06/2026 06:23:50,421258,19,.1039,56,14,.1289,44,,,,,,,,,,,,,,,,,,
01/06/2026 06:23:50,421260,16,.1156,52,12,.1006,44,,,,,,,,,,,,,,,,,,
01/06/2026 06:24:20,421258,14,.065,60,13,.1356,44,,,,,,,,,,,,,,,,,,
01/06/2026 06:24:20,421260,16,.1328,46,10,.12,42,,,,,,,,,,,,,,,,,,
01/06/2026 06:24:50,421258,14,.0656,60,13,.1306,44,,,,,,,,,,,,,,,,,,
01/06/2026 06:24:50,421260,15,.1167,46,11,.0956,42,,,,,,,,,,,,,,,,,,
01/06/2026 06:25:20,421258,13,.07,60,15,.1439,46,,,,,,,,,,,,,,,,,,
01/06/2026 06:25:20,421260,16,.1239,49,11,.105,44,,,,,,,,,,,,,,,,,,
01/06/2026 06:25:50,421258,14,.0656,60,11,.1217,40,,,,,,,,,,,,,,,,,,
01/06/2026 06:25:50,421260,18,.1589,44,14,.1278,42,,,,,,,,,,,,,,,,,,
01/06/2026 06:26:20,421258,16,.0756,60,13,.1556,46,,,,,,,,,,,,,,,,,,
01/06/2026 06:26:20,421260,12,.0906,46,14,.1378,40,,,,,,,,,,,,,,,,,,
01/06/2026 06:26:50,421258,13,.0728,56,11,.1117,44,,,,,,,,,,,,,,,,,,
01/06/2026 06:26:50,421260,14,.1078,46,15,.1439,42,,,,,,,,,,,,,,,,,,
01/06/2026 06:27:20,421258,16,.0817,56,12,.1889,44,,,,,,,,,,,,,,,,,,
01/06/2026 06:27:20,421260,18,.1439,46,12,.1289,42,,,,,,,,,,,,,,,,,,
01/06/2026 06:27:50,421258,12,.0628,56,13,.1078,49,,,,,,,,,,,,,,,,,,
01/06/2026 06:27:50,421260,16,.1289,46,12,.1167,40,,,,,,,,,,,,,,,,,,
01/06/2026 06:28:20,421258,10,.05,56,10,.0956,46,,,,,,,,,,,,,,,,,,
01/06/2026 06:28:20,421260,16,.1289,46,12,.1289,40,,,,,,,,,,,,,,,,,,
01/06/2026 06:28:50,421258,15,.0728,56,14,.12,44,,,,,,,,,,,,,,,,,,
01/06/2026 06:28:50,421260,11,.0828,46,13,.1328,40,,,,,,,,,,,,,,,,,,
01/06/2026 06:29:20,421258,17,.0828,60,12,.1056,49,,,,,,,,,,,,,,,,,,
01/06/2026 06:29:20,421260,14,.1039,52,9,.08,40,,,,,,,,,,,,,,,,,,
01/06/2026 06:29:50,421258,15,.08,60,11,.135,44,,,,,,,,,,,,,,,,,,
01/06/2026 06:29:50,421260,12,.0867,49,15,.1428,42,,,,,,,,,,,,,,,,,,
01/06/2026 06:30:20,421258,14,.07,60,8,.0689,46,,,,,,,,,,,,,,,,,,
01/06/2026 06:30:20,421260,16,.1267,46,9,.0778,44,,,,,,,,,,,,,,,,,,
01/06/2026 06:30:50,421258,18,.0917,56,13,.1206,44,,,,,,,,,,,,,,,,,,
01/06/2026 06:30:50,421260,17,.1367,44,10,.1028,42,,,,,,,,,,,,,,,,,,
01/06/2026 06:31:20,421258,15,.0856,52,17,.1739,42,,,,,,,,,,,,,,,,,,
01/06/2026 06:31:20,421260,19,.1756,40,13,.1589,38,,,,,,,,,,,,,,,,,,
01/06/2026 06:31:50,421258,13,.0578,60,11,.145,44,,,,,,,,,,,,,,,,,,
01/06/2026 06:31:50,421260,16,.1428,40,12,.12,38,,,,,,,,,,,,,,,,,,
01/06/2026 06:32:20,421258,9,.0428,60,9,.0856,49,,,,,,,,,,,,,,,,,,
01/06/2026 06:32:20,421260,14,.1306,44,12,.1406,34,,,,,,,,,,,,,,,,,,
01/06/2026 06:32:50,421258,18,.0967,52,13,.1278,44,,,,,,,,,,,,,,,,,,
01/06/2026 06:32:50,421260,19,.1728,42,14,.1517,38,,,,,,,,,,,,,,,,,,
01/06/2026 06:33:20,421258,17,.0839,56,10,.1467,44,,,,,,,,,,,,,,,,,,
01/06/2026 06:33:20,421260,14,.1189,44,10,.1039,40,,,,,,,,,,,,,,,,,,
01/06/2026 06:33:50,421258,16,.0839,56,13,.165,44,,,,,,,,,,,,,,,,,,
01/06/2026 06:33:50,421260,17,.1656,40,16,.1756,36,,,,,,,,,,,,,,,,,,
01/06/2026 06:34:20,421258,15,.0728,60,7,.0806,44,,,,,,,,,,,,,,,,,,
01/06/2026 06:34:20,421260,12,.11,40,12,.1317,36,,,,,,,,,,,,,,,,,,
01/06/2026 06:34:50,421258,15,.0878,56,15,.135,44,,,,,,,,,,,,,,,,,,
01/06/2026 06:34:50,421260,16,.1467,42,14,.1506,38,,,,,,,,,,,,,,,,,,
01/06/2026 06:35:20,421258,15,.0839,52,11,.1056,46,,,,,,,,,,,,,,,,,,
01/06/2026 06:35:20,421260,16,.1456,40,12,.1278,40,,,,,,,,,,,,,,,,,,
01/06/2026 06:35:50,421258,14,.0728,56,12,.11,44,,,,,,,,,,,,,,,,,,
01/06/2026 06:35:50,421260,16,.1428,42,13,.135,38,,,,,,,,,,,,,,,,,,
01/06/2026 06:36:20,421258,18,.0967,56,13,.1239,46,,,,,,,,,,,,,,,,,,
01/06/2026 06:36:20,421260,18,.1706,40,13,.1789,38,,,,,,,,,,,,,,,,,,
01/06/2026 06:36:50,421258,11,.055,56,14,.1328,44,,,,,,,,,,,,,,,,,,
01/06/2026 06:36:50,421260,15,.1356,42,13,.1267,42,,,,,,,,,,,,,,,,,,
01/06/2026 06:37:20,421258,18,.0917,56,10,.0889,46,,,,,,,,,,,,,,,,,,
01/06/2026 06:37:20,421260,14,.115,46,12,.125,44,,,,,,,,,,,,,,,,,,
01/06/2026 06:37:50,421258,12,.0617,56,14,.135,46,,,,,,,,,,,,,,,,,,
01/06/2026 06:37:50,421260,15,.1139,49,9,.0828,44,,,,,,,,,,,,,,,,,,
01/06/2026 06:38:20,421258,16,.0878,56,14,.1356,42,,,,,,,,,,,,,,,,,,
01/06/2026 06:38:20,421260,14,.1128,44,12,.1117,40,,,,,,,,,,,,,,,,,,
01/06/2026 06:38:50,421258,15,.0756,56,9,.1428,42,,,,,,,,,,,,,,,,,,
01/06/2026 06:38:50,421260,14,.1039,52,14,.125,42,,,,,,,,,,,,,,,,,,
01/06/2026 06:39:20,421258,15,.0839,52,18,.19,42,,,,,,,,,,,,,,,,,,
01/06/2026 06:39:20,421260,15,.1167,49,11,.0978,46,,,,,,,,,,,,,,,,,,
01/06/2026 06:39:50,421258,13,.07,56,13,.1228,44,,,,,,,,,,,,,,,,,,
01/06/2026 06:39:50,421260,15,.1117,49,10,.1017,44,,,,,,,,,,,,,,,,,,
01/06/2026 06:40:20,421258,12,.0639,56,13,.1267,44,,,,,,,,,,,,,,,,,,
01/06/2026 06:40:20,421260,16,.1306,46,13,.1278,42,,,,,,,,,,,,,,,,,,
01/06/2026 06:40:50,421258,19,.1206,49,13,.1556,38,,,,,,,,,,,,,,,,,,
01/06/2026 06:40:50,421260,12,.0939,46,9,.0839,44,,,,,,,,,,,,,,,,,,
01/06/2026 06:41:20,421258,14,.0778,52,13,.1639,36,,,,,,,,,,,,,,,,,,
01/06/2026 06:41:20,421260,13,.1056,46,13,.1406,44,,,,,,,,,,,,,,,,,,
01/06/2026 06:41:50,421258,20,.1028,56,13,.1306,42,,,,,,,,,,,,,,,,,,
01/06/2026 06:41:50,421260,12,.0967,49,17,.1567,42,,,,,,,,,,,,,,,,,,
01/06/2026 06:42:20,421258,11,.0539,60,12,.12,46,,,,,,,,,,,,,,,,,,
01/06/2026 06:42:20,421260,12,.0978,46,11,.1189,44,,,,,,,,,,,,,,,,,,
01/06/2026 06:42:50,421258,15,.0839,52,13,.1167,46,,,,,,,,,,,,,,,,,,
01/06/2026 06:42:50,421260,13,.1056,49,12,.1117,44,,,,,,,,,,,,,,,,,,
01/06/2026 06:43:20,421258,15,.07,56,12,.1078,46,,,,,,,,,,,,,,,,,,
01/06/2026 06:43:20,421260,11,.0889,46,10,.0939,44,,,,,,,,,,,,,,,,,,
01/06/2026 06:43:50,421258,17,.0956,56,14,.17,44,,,,,,,,,,,,,,,,,,
01/06/2026 06:43:50,421260,15,.1278,46,12,.1117,40,,,,,,,,,,,,,,,,,,
01/06/2026 06:44:20,421258,9,.0389,71,10,.09,46,,,,,,,,,,,,,,,,,,
01/06/2026 06:44:20,421260,15,.1356,40,11,.125,38,,,,,,,,,,,,,,,,,,
01/06/2026 06:44:50,421258,11,.0539,56,14,.1467,42,,,,,,,,,,,,,,,,,,
01/06/2026 06:44:50,421260,16,.1439,44,13,.14,40,,,,,,,,,,,,,,,,,,
01/06/2026 06:45:20,421258,13,.0717,56,11,.0906,49,,,,,,,,,,,,,,,,,,
01/06/2026 06:45:20,421260,17,.1428,42,10,.1067,38,,,,,,,,,,,,,,,,,,
01/06/2026 06:45:50,421258,17,.085,60,11,.0867,52,,,,,,,,,,,,,,,,,,
01/06/2026 06:45:50,421260,15,.1128,49,13,.12,44,,,,,,,,,,,,,,,,,,
01/06/2026 06:46:20,421258,11,.05,60,8,.0778,46,,,,,,,,,,,,,,,,,,
01/06/2026 06:46:20,421260,13,.0967,52,10,.0928,44,,,,,,,,,,,,,,,,,,
01/06/2026 06:46:50,421258,11,.0539,60,13,.1089,49,,,,,,,,,,,,,,,,,,
01/06/2026 06:46:50,421260,13,.0967,52,16,.1478,44,,,,,,,,,,,,,,,,,,
01/06/2026 06:47:20,421258,9,.0467,60,6,.0589,46,,,,,,,,,,,,,,,,,,
01/06/2026 06:47:20,421260,15,.1378,42,11,.1089,40,,,,,,,,,,,,,,,,,,
01/06/2026 06:47:50,421258,14,.0717,56,14,.145,44,,,,,,,,,,,,,,,,,,
01/06/2026 06:47:50,421260,15,.1178,46,12,.115,44,,,,,,,,,,,,,,,,,,
01/06/2026 06:48:20,421258,18,.1006,52,10,.1089,44,,,,,,,,,,,,,,,,,,
01/06/2026 06:48:20,421260,18,.1578,42,15,.1517,40,,,,,,,,,,,,,,,,,,
01/06/2026 06:48:50,421258,17,.105,52,11,.1039,44,,,,,,,,,,,,,,,,,,
01/06/2026 06:48:50,421260,14,.1278,42,15,.1556,40,,,,,,,,,,,,,,,,,,
01/06/2026 06:49:20,421258,17,.09,52,15,.1556,44,,,,,,,,,,,,,,,,,,
01/06/2026 06:49:20,421260,18,.1628,42,12,.1217,40,,,,,,,,,,,,,,,,,,
01/06/2026 06:49:50,421258,18,.0889,60,15,.1367,44,,,,,,,,,,,,,,,,,,
01/06/2026 06:49:50,421260,17,.16,40,15,.1578,38,,,,,,,,,,,,,,,,,,
01/06/2026 06:50:20,421258,10,.0528,56,10,.1017,46,,,,,,,,,,,,,,,,,,
01/06/2026 06:50:20,421260,16,.1328,44,9,.09,40,,,,,,,,,,,,,,,,,,
01/06/2026 06:50:50,421258,18,.0967,56,14,.1167,46,,,,,,,,,,,,,,,,,,
01/06/2026 06:50:50,421260,17,.1367,44,12,.1417,40,,,,,,,,,,,,,,,,,,
01/06/2026 06:51:20,421258,11,.0578,56,17,.1517,49,,,,,,,,,,,,,,,,,,
01/06/2026 06:51:20,421260,16,.1228,49,17,.1639,42,,,,,,,,,,,,,,,,,,
01/06/2026 06:51:50,421258,15,.0806,60,12,.1156,49,,,,,,,,,,,,,,,,,,
01/06/2026 06:51:50,421260,15,.1178,49,11,.115,42,,,,,,,,,,,,,,,,,,
01/06/2026 06:52:20,421258,15,.0767,56,14,.13,46,,,,,,,,,,,,,,,,,,
01/06/2026 06:52:20,421260,16,.1489,40,12,.1089,38,,,,,,,,,,,,,,,,,,
01/06/2026 06:52:50,421258,16,.0878,56,9,.0928,44,,,,,,,,,,,,,,,,,,
01/06/2026 06:52:50,421260,12,.1417,30,10,.1078,36,,,,,,,,,,,,,,,,,,
01/06/2026 06:53:20,421258,18,.0917,52,15,.1417,44,,,,,,,,,,,,,,,,,,
01/06/2026 06:53:20,421260,15,.1506,40,14,.14,40,,,,,,,,,,,,,,,,,,
01/06/2026 06:53:50,421258,15,.0817,52,11,.1256,42,,,,,,,,,,,,,,,,,,
01/06/2026 06:53:50,421260,15,.12,44,12,.14,38,,,,,,,,,,,,,,,,,,
01/06/2026 06:54:20,421258,13,.0717,56,11,.0978,49,,,,,,,,,,,,,,,,,,
01/06/2026 06:54:20,421260,15,.1256,44,15,.16,40,,,,,,,,,,,,,,,,,,
01/06/2026 06:54:50,421258,14,.075,56,12,.1606,44,,,,,,,,,,,,,,,,,,
01/06/2026 06:54:50,421260,18,.1528,44,15,.1339,40,,,,,,,,,,,,,,,,,,
01/06/2026 06:55:20,421258,13,.0556,56,11,.1239,40,,,,,,,,,,,,,,,,,,
01/06/2026 06:55:20,421260,15,.1217,46,12,.1089,42,,,,,,,,,,,,,,,,,,
01/06/2026 06:55:50,421258,18,.0967,52,12,.1367,44,,,,,,,,,,,,,,,,,,
01/06/2026 06:55:50,421260,17,.1406,46,13,.1139,42,,,,,,,,,,,,,,,,,,
01/06/2026 06:56:20,421258,15,.0917,52,13,.155,44,,,,,,,,,,,,,,,,,,
01/06/2026 06:56:20,421260,14,.1017,49,10,.1078,42,,,,,,,,,,,,,,,,,,
01/06/2026 06:56:50,421258,14,.0806,52,14,.1367,44,,,,,,,,,,,,,,,,,,
01/06/2026 06:56:50,421260,15,.1167,46,16,.1589,40,,,,,,,,,,,,,,,,,,
01/06/2026 06:57:20,421258,18,.0906,56,12,.1567,42,,,,,,,,,,,,,,,,,,
01/06/2026 06:57:20,421260,17,.1367,46,8,.0639,44,,,,,,,,,,,,,,,,,,
01/06/2026 06:57:50,421258,14,.0756,56,14,.1278,44,,,,,,,,,,,,,,,,,,
01/06/2026 06:57:50,421260,12,.095,49,13,.1189,42,,,,,,,,,,,,,,,,,,
01/06/2026 06:58:20,421258,16,.0867,52,15,.1639,42,,,,,,,,,,,,,,,,,,
01/06/2026 06:58:20,421260,15,.125,44,14,.1389,40,,,,,,,,,,,,,,,,,,
01/06/2026 06:58:50,421258,17,.0989,52,10,.1178,36,,,,,,,,,,,,,,,,,,
01/06/2026 06:58:50,421260,17,.1617,40,12,.1517,34,,,,,,,,,,,,,,,,,,
01/06/2026 06:59:20,421258,12,.065,56,14,.14,42,,,,,,,,,,,,,,,,,,
01/06/2026 06:59:20,421260,14,.1239,44,16,.155,40,,,,,,,,,,,,,,,,,,
01/06/2026 06:59:50,421258,18,.1006,52,11,.1139,44,,,,,,,,,,,,,,,,,,
01/06/2026 06:59:50,421260,15,.125,46,13,.1328,40,,,,,,,,,,,,,,,,,,
01/06/2026 07:00:20,421258,13,.0689,56,13,.145,40,,,,,,,,,,,,,,,,,,
01/06/2026 07:00:20,421260,11,.0828,49,12,.1039,44,,,,,,,,,,,,,,,,,,
01/06/2026 07:00:50,421258,18,.105,52,16,.1956,44,,,,,,,,,,,,,,,,,,
01/06/2026 07:00:50,421260,16,.135,44,15,.145,38,,,,,,,,,,,,,,,,,,
01/06/2026 07:01:20,421258,14,.0739,60,11,.0939,46,,,,,,,,,,,,,,,,,,
01/06/2026 07:01:20,421260,13,.1239,42,15,.1678,38,,,,,,,,,,,,,,,,,,
01/06/2026 07:01:50,421258,14,.0728,56,15,.1589,44,,,,,,,,,,,,,,,,,,
01/06/2026 07:01:50,421260,18,.1889,36,14,.1817,33,,,,,,,,,,,,,,,,,,
01/06/2026 07:02:20,421258,15,.0889,56,12,.12,44,,,,,,,,,,,,,,,,,,
01/06/2026 07:02:20,421260,15,.1328,42,13,.1439,36,,,,,,,,,,,,,,,,,,
01/06/2026 07:02:50,421258,11,.0517,56,10,.1139,42,,,,,,,,,,,,,,,,,,
01/06/2026 07:02:50,421260,16,.1306,46,13,.1289,40,,,,,,,,,,,,,,,,,,
01/06/2026 07:03:20,421258,12,.0667,52,14,.1367,46,,,,,,,,,,,,,,,,,,
01/06/2026 07:03:20,421260,15,.135,44,15,.1539,38,,,,,,,,,,,,,,,,,,
01/06/2026 07:03:50,421258,19,.11,52,15,.1439,46,,,,,,,,,,,,,,,,,,
01/06/2026 07:03:50,421260,15,.1367,44,15,.1478,40,,,,,,,,,,,,,,,,,,
01/06/2026 07:04:20,421258,14,.0717,56,15,.1639,44,,,,,,,,,,,,,,,,,,
01/06/2026 07:04:20,421260,18,.1656,42,12,.1517,40,,,,,,,,,,,,,,,,,,
01/06/2026 07:04:50,421258,7,.0378,52,12,.1206,42,,,,,,,,,,,,,,,,,,
01/06/2026 07:04:50,421260,16,.14,46,11,.1067,42,,,,,,,,,,,,,,,,,,
01/06/2026 07:05:20,421258,14,.08,49,14,.1367,42,,,,,,,,,,,,,,,,,,
01/06/2026 07:05:20,421260,14,.1156,46,9,.0906,40,,,,,,,,,,,,,,,,,,
01/06/2026 07:05:50,421258,12,.0689,52,10,.13,42,,,,,,,,,,,,,,,,,,
01/06/2026 07:05:50,421260,16,.145,44,13,.1328,38,,,,,,,,,,,,,,,,,,
01/06/2026 07:06:20,421258,17,.1117,49,16,.1617,40,,,,,,,,,,,,,,,,,,
01/06/2026 07:06:20,421260,14,.105,49,14,.1278,42,,,,,,,,,,,,,,,,,,
01/06/2026 07:06:50,421258,16,.1006,49,11,.13,36,,,,,,,,,,,,,,,,,,
01/06/2026 07:06:50,421260,15,.1217,49,13,.1306,42,,,,,,,,,,,,,,,,,,
01/06/2026 07:07:20,421258,12,.065,60,11,.1206,46,,,,,,,,,,,,,,,,,,
01/06/2026 07:07:20,421260,15,.125,46,8,.0806,38,,,,,,,,,,,,,,,,,,
01/06/2026 07:07:50,421258,17,.1006,52,11,.1039,44,,,,,,,,,,,,,,,,,,
01/06/2026 07:07:50,421260,14,.1117,46,13,.1167,44,,,,,,,,,,,,,,,,,,
01/06/2026 07:08:20,421258,16,.0917,52,12,.16,38,,,,,,,,,,,,,,,,,,
01/06/2026 07:08:20,421260,12,.0939,46,14,.15,40,,,,,,,,,,,,,,,,,,
01/06/2026 07:08:50,421258,17,.1089,52,11,.1139,42,,,,,,,,,,,,,,,,,,
01/06/2026 07:08:50,421260,16,.1717,36,12,.16,36,,,,,,,,,,,,,,,,,,
01/06/2026 07:09:20,421258,16,.0939,52,12,.125,40,,,,,,,,,,,,,,,,,,
01/06/2026 07:09:20,421260,19,.1956,36,14,.1539,36,,,,,,,,,,,,,,,,,,
01/06/2026 07:09:50,421258,14,.1006,46,14,.215,34,,,,,,,,,,,,,,,,,,
01/06/2026 07:09:50,421260,13,.1556,32,14,.1567,33,,,,,,,,,,,,,,,,,,
01/06/2026 07:10:20,421258,16,.0889,52,11,.1689,40,,,,,,,,,,,,,,,,,,
01/06/2026 07:10:20,421260,11,.2667,16,11,.1578,28,,,,,,,,,,,,,,,,,,
01/06/2026 07:10:50,421258,16,.0889,49,13,.16,38,,,,,,,,,,,,,,,,,,
01/06/2026 07:10:50,421260,12,.1889,21,13,.1917,29,,,,,,,,,,,,,,,,,,
01/06/2026 07:11:20,421258,15,.0967,49,11,.1289,40,,,,,,,,,,,,,,,,,,
01/06/2026 07:11:20,421260,14,.1589,33,13,.1806,32,,,,,,,,,,,,,,,,,,
01/06/2026 07:11:50,421258,19,.1089,52,12,.12,44,,,,,,,,,,,,,,,,,,
01/06/2026 07:11:50,421260,12,.1156,40,11,.115,36,,,,,,,,,,,,,,,,,,
01/06/2026 07:12:20,421258,14,.0739,56,9,.1206,42,,,,,,,,,,,,,,,,,,
01/06/2026 07:12:20,421260,16,.17,38,13,.1567,33,,,,,,,,,,,,,,,,,,
01/06/2026 07:12:50,421258,14,.0839,52,14,.1528,42,,,,,,,,,,,,,,,,,,
01/06/2026 07:12:50,421260,14,.1328,40,16,.1539,38,,,,,,,,,,,,,,,,,,
01/06/2026 07:13:20,421258,14,.0656,60,10,.1139,49,,,,,,,,,,,,,,,,,,
01/06/2026 07:13:20,421260,14,.1417,42,14,.1356,36,,,,,,,,,,,,,,,,,,
01/06/2026 07:13:50,421258,15,.0917,52,12,.1306,42,,,,,,,,,,,,,,,,,,
01/06/2026 07:13:50,421260,17,.1639,40,14,.1589,34,,,,,,,,,,,,,,,,,,
01/06/2026 07:14:20,421258,16,.0856,56,10,.0978,44,,,,,,,,,,,,,,,,,,
01/06/2026 07:14:20,421260,14,.1517,36,12,.1539,32,,,,,,,,,,,,,,,,,,
01/06/2026 07:14:50,421258,13,.0728,56,12,.1167,44,,,,,,,,,,,,,,,,,,
01/06/2026 07:14:50,421260,17,.1989,32,11,.1639,28,,,,,,,,,,,,,,,,,,
01/06/2026 07:15:20,421258,13,.0717,56,10,.0928,49,,,,,,,,,,,,,,,,,,
01/06/2026 07:15:20,421260,16,.19,32,11,.1867,23,,,,,,,,,,,,,,,,,,
01/06/2026 07:15:50,421258,14,.0839,52,11,.1256,46,,,,,,,,,,,,,,,,,,
01/06/2026 07:15:50,421260,14,.13,40,10,.1367,33,,,,,,,,,,,,,,,,,,
01/06/2026 07:16:20,421258,14,.0767,56,14,.1467,44,,,,,,,,,,,,,,,,,,
01/06/2026 07:16:20,421260,17,.155,40,10,.1106,33,,,,,,,,,,,,,,,,,,
01/06/2026 07:16:50,421258,14,.0839,56,15,.1517,44,,,,,,,,,,,,,,,,,,
01/06/2026 07:16:50,421260,15,.1439,40,14,.1689,33,,,,,,,,,,,,,,,,,,
01/06/2026 07:17:20,421258,14,.0739,56,9,.1089,42,,,,,,,,,,,,,,,,,,
01/06/2026 07:17:20,421260,13,.1089,44,14,.1667,38,,,,,,,,,,,,,,,,,,
01/06/2026 07:17:50,421258,17,.105,52,16,.1717,42,,,,,,,,,,,,,,,,,,
01/06/2026 07:17:50,421260,13,.1156,42,13,.1228,40,,,,,,,,,,,,,,,,,,
01/06/2026 07:18:20,421258,13,.07,56,7,.075,40,,,,,,,,,,,,,,,,,,
01/06/2026 07:18:20,421260,16,.1578,40,13,.14,36,,,,,,,,,,,,,,,,,,
01/06/2026 07:18:50,421258,17,.0956,52,14,.185,36,,,,,,,,,,,,,,,,,,
01/06/2026 07:18:50,421260,17,.1556,40,13,.1328,38,,,,,,,,,,,,,,,,,,
01/06/2026 07:19:20,421258,11,.0578,56,10,.1089,38,,,,,,,,,,,,,,,,,,
01/06/2026 07:19:20,421260,14,.12,46,12,.1206,40,,,,,,,,,,,,,,,,,,
01/06/2026 07:19:50,421258,9,.0539,49,12,.1667,36,,,,,,,,,,,,,,,,,,
01/06/2026 07:19:50,421260,10,.0806,46,8,.0778,42,,,,,,,,,,,,,,,,,,
01/06/2026 07:20:20,421258,17,.1067,49,14,.1817,42,,,,,,,,,,,,,,,,,,
01/06/2026 07:20:20,421260,15,.1206,49,10,.0917,44,,,,,,,,,,,,,,,,,,
01/06/2026 07:20:50,421258,18,.13,46,14,.1506,40,,,,,,,,,,,,,,,,,,
01/06/2026 07:20:50,421260,14,.1206,44,13,.145,40,,,,,,,,,,,,,,,,,,
01/06/2026 07:21:20,421258,15,.0906,49,10,.1006,42,,,,,,,,,,,,,,,,,,
01/06/2026 07:21:20,421260,11,.0856,49,9,.0839,42,,,,,,,,,,,,,,,,,,
01/06/2026 07:21:50,421258,13,.0767,52,14,.1506,40,,,,,,,,,,,,,,,,,,
01/06/2026 07:21:50,421260,16,.1456,42,13,.1417,38,,,,,,,,,,,,,,,,,,
01/06/2026 07:22:20,421258,9,.0539,49,12,.1267,40,,,,,,,,,,,,,,,,,,
01/06/2026 07:22:20,421260,13,.1078,46,14,.14,40,,,,,,,,,,,,,,,,,,
01/06/2026 07:22:50,421258,13,.0739,52,12,.1506,40,,,,,,,,,,,,,,,,,,
01/06/2026 07:22:50,421260,18,.1678,40,16,.1589,38,,,,,,,,,,,,,,,,,,
01/06/2026 07:23:20,421258,19,.1317,46,12,.1339,40,,,,,,,,,,,,,,,,,,
01/06/2026 07:23:20,421260,16,.1439,42,9,.1239,40,,,,,,,,,,,,,,,,,,
01/06/2026 07:23:50,421258,15,.095,49,11,.1206,38,,,,,,,,,,,,,,,,,,
01/06/2026 07:23:50,421260,13,.115,42,10,.0889,42,,,,,,,,,,,,,,,,,,
01/06/2026 07:24:20,421258,16,.0839,56,11,.1067,44,,,,,,,,,,,,,,,,,,
01/06/2026 07:24:20,421260,13,.1178,42,11,.1028,42,,,,,,,,,,,,,,,,,,
01/06/2026 07:24:50,421258,13,.0656,52,14,.165,42,,,,,,,,,,,,,,,,,,
01/06/2026 07:24:50,421260,12,.1139,42,12,.1256,38,,,,,,,,,,,,,,,,,,
01/06/2026 07:25:20,421258,20,.1156,52,12,.1228,46,,,,,,,,,,,,,,,,,,
01/06/2026 07:25:20,421260,16,.1617,38,11,.11,40,,,,,,,,,,,,,,,,,,
01/06/2026 07:25:50,421258,15,.08,56,13,.1567,44,,,,,,,,,,,,,,,,,,
01/06/2026 07:25:50,421260,15,.1178,49,11,.09,46,,,,,,,,,,,,,,,,,,
01/06/2026 07:26:20,421258,12,.0606,56,10,.0767,46,,,,,,,,,,,,,,,,,,
01/06/2026 07:26:20,421260,15,.1189,49,8,.0817,44,,,,,,,,,,,,,,,,,,
01/06/2026 07:26:50,421258,14,.0806,52,7,.12,42,,,,,,,,,,,,,,,,,,
01/06/2026 07:26:50,421260,16,.1406,42,12,.1506,40,,,,,,,,,,,,,,,,,,
01/06/2026 07:27:20,421258,9,.0506,52,8,.1117,42,,,,,,,,,,,,,,,,,,
01/06/2026 07:27:20,421260,13,.1106,44,14,.1456,40,,,,,,,,,,,,,,,,,,
01/06/2026 07:27:50,421258,12,.0656,56,10,.1206,44,,,,,,,,,,,,,,,,,,
01/06/2026 07:27:50,421260,15,.1278,44,10,.0878,44,,,,,,,,,,,,,,,,,,
01/06/2026 07:28:20,421258,13,.0639,56,12,.1478,44,,,,,,,,,,,,,,,,,,
01/06/2026 07:28:20,421260,13,.1156,44,11,.1139,40,,,,,,,,,,,,,,,,,,
01/06/2026 07:28:50,421258,19,.1117,52,15,.1628,42,,,,,,,,,,,,,,,,,,
01/06/2026 07:28:50,421260,13,.0978,46,10,.1039,38,,,,,,,,,,,,,,,,,,
01/06/2026 07:29:20,421258,18,.1089,52,10,.1239,42,,,,,,,,,,,,,,,,,,
01/06/2026 07:29:20,421260,13,.105,46,14,.14,42,,,,,,,,,,,,,,,,,,
01/06/2026 07:29:50,421258,13,.0728,52,13,.1539,42,,,,,,,,,,,,,,,,,,
01/06/2026 07:29:50,421260,11,.0889,46,9,.0889,42,,,,,,,,,,,,,,,,,,
01/06/2026 07:30:20,421258,16,.095,56,9,.0828,44,,,,,,,,,,,,,,,,,,
01/06/2026 07:30:20,421260,15,.1306,44,14,.1278,40,,,,,,,,,,,,,,,,,,
01/06/2026 07:30:50,421258,14,.0717,56,11,.1178,42,,,,,,,,,,,,,,,,,,
01/06/2026 07:30:50,421260,13,.095,46,16,.15,42,,,,,,,,,,,,,,,,,,
01/06/2026 07:31:20,421258,19,.0967,56,6,.0856,38,,,,,,,,,,,,,,,,,,
01/06/2026 07:31:20,421260,15,.1189,49,12,.1017,46,,,,,,,,,,,,,,,,,,
01/06/2026 07:31:50,421258,12,.0606,56,9,.0989,44,,,,,,,,,,,,,,,,,,
01/06/2026 07:31:50,421260,13,.095,52,8,.0667,49,,,,,,,,,,,,,,,,,,
01/06/2026 07:32:20,421258,16,.0839,56,11,.1117,44,,,,,,,,,,,,,,,,,,
01/06/2026 07:32:20,421260,12,.0978,49,13,.1156,44,,,,,,,,,,,,,,,,,,
01/06/2026 07:32:50,421258,17,.0828,56,14,.1206,46,,,,,,,,,,,,,,,,,,
01/06/2026 07:32:50,421260,18,.145,46,14,.1339,42,,,,,,,,,,,,,,,,,,
01/06/2026 07:33:20,421258,15,.0778,60,14,.1328,46,,,,,,,,,,,,,,,,,,
01/06/2026 07:33:20,421260,15,.135,42,11,.0917,46,,,,,,,,,,,,,,,,,,
01/06/2026 07:33:50,421258,16,.08,56,14,.145,44,,,,,,,,,,,,,,,,,,
01/06/2026 07:33:50,421260,13,.1006,49,10,.0889,44,,,,,,,,,,,,,,,,,,
01/06/2026 07:34:20,421258,9,.0456,60,4,.035,46,,,,,,,,,,,,,,,,,,
01/06/2026 07:34:20,421260,11,.08,52,11,.1006,46,,,,,,,,,,,,,,,,,,
01/06/2026 07:34:50,421258,16,.0828,60,14,.1506,44,,,,,,,,,,,,,,,,,,
01/06/2026 07:34:50,421260,15,.1156,49,11,.09,46,,,,,,,,,,,,,,,,,,
01/06/2026 07:35:20,421258,18,.0906,60,9,.11,49,,,,,,,,,,,,,,,,,,
01/06/2026 07:35:20,421260,17,.1367,49,11,.1006,44,,,,,,,,,,,,,,,,,,
01/06/2026 07:35:50,421258,13,.0739,56,13,.1039,46,,,,,,,,,,,,,,,,,,
01/06/2026 07:35:50,421260,14,.1067,49,12,.0878,46,,,,,,,,,,,,,,,,,,
01/06/2026 07:36:20,421258,11,.0467,65,7,.09,44,,,,,,,,,,,,,,,,,,
01/06/2026 07:36:20,421260,12,.0906,46,13,.1417,42,,,,,,,,,,,,,,,,,,
01/06/2026 07:36:50,421258,16,.0928,52,10,.125,40,,,,,,,,,,,,,,,,,,
01/06/2026 07:36:50,421260,15,.1467,40,14,.1389,40,,,,,,,,,,,,,,,,,,
01/06/2026 07:37:20,421258,14,.08,52,14,.1406,42,,,,,,,,,,,,,,,,,,
01/06/2026 07:37:20,421260,14,.1089,49,14,.1267,40,,,,,,,,,,,,,,,,,,
01/06/2026 07:37:50,421258,12,.0617,60,11,.1056,44,,,,,,,,,,,,,,,,,,
01/06/2026 07:37:50,421260,15,.1228,46,16,.1728,40,,,,,,,,,,,,,,,,,,
01/06/2026 07:38:20,421258,11,.0567,52,15,.155,44,,,,,,,,,,,,,,,,,,
01/06/2026 07:38:20,421260,13,.115,44,12,.1217,44,,,,,,,,,,,,,,,,,,
01/06/2026 07:38:50,421258,11,.0528,60,16,.1517,44,,,,,,,,,,,,,,,,,,
01/06/2026 07:38:50,421260,12,.0928,49,8,.0878,42,,,,,,,,,,,,,,,,,,
01/06/2026 07:39:20,421258,15,.0778,60,11,.0917,46,,,,,,,,,,,,,,,,,,
01/06/2026 07:39:20,421260,17,.1378,49,13,.1339,40,,,,,,,,,,,,,,,,,,
01/06/2026 07:39:50,421258,15,.07,60,10,.1089,46,,,,,,,,,,,,,,,,,,
01/06/2026 07:39:50,421260,13,.1017,49,11,.0978,44,,,,,,,,,,,,,,,,,,
01/06/2026 07:40:20,421258,10,.0556,56,13,.1739,44,,,,,,,,,,,,,,,,,,
01/06/2026 07:40:20,421260,13,.0978,49,13,.1067,49,,,,,,,,,,,,,,,,,,
01/06/2026 07:40:50,421258,18,.0989,56,12,.1467,44,,,,,,,,,,,,,,,,,,
01/06/2026 07:40:50,421260,16,.1278,49,11,.0956,44,,,,,,,,,,,,,,,,,,
01/06/2026 07:41:20,421258,17,.0889,56,8,.0967,42,,,,,,,,,,,,,,,,,,
01/06/2026 07:41:20,421260,14,.1067,49,11,.105,44,,,,,,,,,,,,,,,,,,
01/06/2026 07:41:50,421258,16,.085,56,12,.1167,46,,,,,,,,,,,,,,,,,,
01/06/2026 07:41:50,421260,15,.1206,46,12,.1306,40,,,,,,,,,,,,,,,,,,
01/06/2026 07:42:20,421258,12,.06,56,12,.1156,44,,,,,,,,,,,,,,,,,,
01/06/2026 07:42:20,421260,17,.145,44,15,.1728,38,,,,,,,,,,,,,,,,,,
01/06/2026 07:42:50,421258,16,.0828,56,15,.1617,40,,,,,,,,,,,,,,,,,,
01/06/2026 07:42:50,421260,17,.14,49,13,.1139,42,,,,,,,,,,,,,,,,,,
01/06/2026 07:43:20,421258,14,.0656,60,11,.0978,46,,,,,,,,,,,,,,,,,,
01/06/2026 07:43:20,421260,14,.1006,52,9,.0828,46,,,,,,,,,,,,,,,,,,
01/06/2026 07:43:50,421258,13,.065,60,10,.0956,46,,,,,,,,,,,,,,,,,,
01/06/2026 07:43:50,421260,15,.1189,46,12,.1306,42,,,,,,,,,,,,,,,,,,
01/06/2026 07:44:20,421258,10,.0539,56,9,.0917,44,,,,,,,,,,,,,,,,,,
01/06/2026 07:44:20,421260,17,.1467,44,13,.1278,40,,,,,,,,,,,,,,,,,,
01/06/2026 07:44:50,421258,19,.1006,56,14,.1967,42,,,,,,,,,,,,,,,,,,
01/06/2026 07:44:50,421260,19,.1628,44,9,.1,40,,,,,,,,,,,,,,,,,,
01/06/2026 07:45:20,421258,17,.0967,56,13,.1267,44,,,,,,,,,,,,,,,,,,
01/06/2026 07:45:20,421260,12,.0956,49,12,.1167,44,,,,,,,,,,,,,,,,,,
01/06/2026 07:45:50,421258,13,.0739,56,9,.0967,44,,,,,,,,,,,,,,,,,,
01/06/2026 07:45:50,421260,14,.1089,49,10,.0889,44,,,,,,,,,,,,,,,,,,
01/06/2026 07:46:20,421258,17,.0839,56,15,.165,44,,,,,,,,,,,,,,,,,,
01/06/2026 07:46:20,421260,15,.1106,52,9,.0978,44,,,,,,,,,,,,,,,,,,
01/06/2026 07:46:50,421258,18,.0956,56,13,.115,46,,,,,,,,,,,,,,,,,,
01/06/2026 07:46:50,421260,16,.1228,52,11,.1039,42,,,,,,,,,,,,,,,,,,
01/06/2026 07:47:20,421258,15,.0889,56,11,.1417,44,,,,,,,,,,,,,,,,,,
01/06/2026 07:47:20,421260,18,.1317,52,12,.12,44,,,,,,,,,,,,,,,,,,
01/06/2026 07:47:50,421258,14,.0678,60,13,.1056,46,,,,,,,,,,,,,,,,,,
01/06/2026 07:47:50,421260,11,.08,49,10,.1078,44,,,,,,,,,,,,,,,,,,
01/06/2026 07:48:20,421258,16,.0878,56,10,.1117,44,,,,,,,,,,,,,,,,,,
01/06/2026 07:48:20,421260,18,.1406,46,13,.1256,42,,,,,,,,,,,,,,,,,,
01/06/2026 07:48:50,421258,9,.0467,60,10,.1256,44,,,,,,,,,,,,,,,,,,
01/06/2026 07:48:50,421260,15,.1078,52,14,.1228,46,,,,,,,,,,,,,,,,,,
01/06/2026 07:49:20,421258,17,.1028,52,12,.1439,44,,,,,,,,,,,,,,,,,,
01/06/2026 07:49:20,421260,18,.135,49,13,.1006,44,,,,,,,,,,,,,,,,,,
01/06/2026 07:49:50,421258,16,.0778,60,10,.1,40,,,,,,,,,,,,,,,,,,
01/06/2026 07:49:50,421260,16,.1128,52,14,.15,44,,,,,,,,,,,,,,,,,,
01/06/2026 07:50:20,421258,12,.055,65,12,.1317,44,,,,,,,,,,,,,,,,,,
01/06/2026 07:50:20,421260,14,.1056,56,10,.0828,49,,,,,,,,,,,,,,,,,,
01/06/2026 07:50:50,421258,17,.0867,56,13,.1317,46,,,,,,,,,,,,,,,,,,
01/06/2026 07:50:50,421260,16,.1117,52,7,.065,46,,,,,,,,,,,,,,,,,,
01/06/2026 07:51:20,421258,17,.0889,56,11,.1,46,,,,,,,,,,,,,,,,,,
01/06/2026 07:51:20,421260,13,.1028,46,12,.145,40,,,,,,,,,,,,,,,,,,
01/06/2026 07:51:50,421258,18,.0839,60,14,.1156,49,,,,,,,,,,,,,,,,,,
01/06/2026 07:51:50,421260,19,.1617,44,13,.1178,40,,,,,,,,,,,,,,,,,,
01/06/2026 07:52:20,421258,17,.09,60,10,.125,42,,,,,,,,,,,,,,,,,,
01/06/2026 07:52:20,421260,14,.1128,49,10,.1,42,,,,,,,,,,,,,,,,,,
01/06/2026 07:52:50,421258,18,.0878,60,9,.1089,44,,,,,,,,,,,,,,,,,,
01/06/2026 07:52:50,421260,15,.1239,46,15,.1539,40,,,,,,,,,,,,,,,,,,
01/06/2026 07:53:20,421258,12,.0567,65,9,.1056,44,,,,,,,,,,,,,,,,,,
01/06/2026 07:53:20,421260,14,.1089,49,14,.1239,44,,,,,,,,,,,,,,,,,,
01/06/2026 07:53:50,421258,15,.0778,56,9,.0906,42,,,,,,,,,,,,,,,,,,
01/06/2026 07:53:50,421260,14,.1039,52,8,.0667,46,,,,,,,,,,,,,,,,,,
01/06/2026 07:54:20,421258,16,.0839,56,14,.1289,46,,,,,,,,,,,,,,,,,,
01/06/2026 07:54:20,421260,12,.0917,49,8,.0839,42,,,,,,,,,,,,,,,,,,
01/06/2026 07:54:50,421258,16,.08,60,12,.1178,46,,,,,,,,,,,,,,,,,,
01/06/2026 07:54:50,421260,14,.1206,44,14,.145,38,,,,,,,,,,,,,,,,,,
01/06/2026 07:55:20,421258,11,.0528,60,8,.0928,46,,,,,,,,,,,,,,,,,,
01/06/2026 07:55:20,421260,13,.1106,46,11,.125,36,,,,,,,,,,,,,,,,,,
01/06/2026 07:55:50,421258,19,.0956,56,15,.135,46,,,,,,,,,,,,,,,,,,
01/06/2026 07:55:50,421260,16,.1428,42,12,.1267,38,,,,,,,,,,,,,,,,,,
01/06/2026 07:56:20,421258,12,.0517,60,7,.12,44,,,,,,,,,,,,,,,,,,
01/06/2026 07:56:20,421260,16,.1428,44,13,.1306,38,,,,,,,,,,,,,,,,,,
01/06/2026 07:56:50,421258,10,.0567,52,11,.1,44,,,,,,,,,,,,,,,,,,
01/06/2026 07:56:50,421260,17,.1328,46,11,.1106,40,,,,,,,,,,,,,,,,,,
01/06/2026 07:57:20,421258,12,.0606,60,12,.1467,38,,,,,,,,,,,,,,,,,,
01/06/2026 07:57:20,421260,14,.1228,42,10,.125,42,,,,,,,,,,,,,,,,,,
01/06/2026 07:57:50,421258,13,.0617,60,11,.1128,46,,,,,,,,,,,,,,,,,,
01/06/2026 07:57:50,421260,15,.1228,44,12,.1156,40,,,,,,,,,,,,,,,,,,
01/06/2026 07:58:20,421258,14,.0689,60,6,.045,49,,,,,,,,,,,,,,,,,,
01/06/2026 07:58:20,421260,13,.1139,44,12,.1578,38,,,,,,,,,,,,,,,,,,
01/06/2026 07:58:50,421258,11,.0567,60,9,.0928,44,,,,,,,,,,,,,,,,,,
01/06/2026 07:58:50,421260,16,.1228,49,11,.11,46,,,,,,,,,,,,,,,,,,
01/06/2026 07:59:20,421258,18,.0906,56,10,.1356,42,,,,,,,,,,,,,,,,,,
01/06/2026 07:59:20,421260,17,.1206,52,14,.1106,46,,,,,,,,,,,,,,,,,,
01/06/2026 07:59:50,421258,18,.1078,52,10,.1367,42,,,,,,,,,,,,,,,,,,
01/06/2026 07:59:50,421260,16,.1106,52,8,.0739,46,,,,,,,,,,,,,,,,,,
01/06/2026 08:00:20,421258,12,.0578,56,12,.1039,46,,,,,,,,,,,,,,,,,,
01/06/2026 08:00:20,421260,14,.0989,56,8,.0739,46,,,,,,,,,,,,,,,,,,
01/06/2026 08:00:50,421258,14,.0617,60,10,.1206,44,,,,,,,,,,,,,,,,,,
01/06/2026 08:00:50,421260,9,.06,56,11,.1,44,,,,,,,,,,,,,,,,,,
01/06/2026 08:01:20,421258,16,.0989,52,16,.2056,38,,,,,,,,,,,,,,,,,,
01/06/2026 08:01:20,421260,13,.1039,46,14,.1267,44,,,,,,,,,,,,,,,,,,
01/06/2026 08:01:50,421258,18,.0989,52,12,.1439,38,,,,,,,,,,,,,,,,,,
01/06/2026 08:01:50,421260,17,.1278,49,10,.1178,44,,,,,,,,,,,,,,,,,,
01/06/2026 08:02:20,421258,14,.0806,56,8,.1089,38,,,,,,,,,,,,,,,,,,
01/06/2026 08:02:20,421260,16,.1117,52,12,.0956,46,,,,,,,,,,,,,,,,,,
01/06/2026 08:02:50,421258,13,.0606,56,10,.1289,44,,,,,,,,,,,,,,,,,,
01/06/2026 08:02:50,421260,12,.0906,52,12,.1106,46,,,,,,,,,,,,,,,,,,
01/06/2026 08:03:20,421258,0,0,0,0,0,0,,,,,,,,,,,,,,,,,,
01/06/2026 08:03:20,421260,0,0,0,0,0,0,,,,,,,,,,,,,,,,,,
01/06/2026 08:03:50,421258,0,0,0,0,0,0,,,,,,,,,,,,,,,,,,
01/06/2026 08:03:50,421260,0,0,0,0,0,0,,,,,,,,,,,,,,,,,,
01/06/2026 08:04:20,421258,0,0,0,0,0,0,,,,,,,,,,,,,,,,,,
01/06/2026 08:04:20,421260,0,0,0,0,0,0,,,,,,,,,,,,,,,,,,
01/06/2026 08:04:50,421258,0,0,0,0,0,0,,,,,,,,,,,,,,,,,,
01/06/2026 08:04:50,421260,0,0,0,0,0,0,,,,,,,,,,,,,,,,,,
01/06/2026 08:05:20,421258,0,0,0,0,0,0,,,,,,,,,,,,,,,,,,
01/06/2026 08:05:20,421260,0,0,0,0,0,0,,,,,,,,,,,,,,,,,,
01/06/2026 08:05:50,421258,0,0,0,0,0,0,,,,,,,,,,,,,,,,,,
01/06/2026 08:05:50,421260,0,0,0,0,0,0,,,,,,,,,,,,,,,,,,
01/06/2026 08:06:20,421258,0,0,0,0,0,0,,,,,,,,,,,,,,,,,,
01/06/2026 08:06:20,421260,0,0,0,0,0,0,,,,,,,,,,,,,,,,,,
01/06/2026 08:06:50,421258,0,0,0,0,0,0,,,,,,,,,,,,,,,,,,
01/06/2026 08:06:50,421260,0,0,0,0,0,0,,,,,,,,,,,,,,,,,,
01/06/2026 08:07:20,421258,0,0,0,0,0,0,,,,,,,,,,,,,,,,,,
01/06/2026 08:07:20,421260,0,0,0,0,0,0,,,,,,,,,,,,,,,,,,
01/06/2026 08:07:50,421258,0,0,0,0,0,0,,,,,,,,,,,,,,,,,,
01/06/2026 08:07:50,421260,0,0,0,0,0,0,,,,,,,,,,,,,,,,,,
01/06/2026 08:08:20,421258,0,0,0,0,0,0,,,,,,,,,,,,,,,,,,
01/06/2026 08:08:20,421260,0,0,0,0,0,0,,,,,,,,,,,,,,,,,,
01/06/2026 08:08:50,421258,0,0,0,0,0,0,,,,,,,,,,,,,,,,,,
01/06/2026 08:08:50,421260,0,0,0,0,0,0,,,,,,,,,,,,,,,,,,
01/06/2026 08:09:20,421258,0,0,0,0,0,0,,,,,,,,,,,,,,,,,,
01/06/2026 08:09:20,421260,0,0,0,0,0,0,,,,,,,,,,,,,,,,,,
01/06/2026 08:09:50,421258,0,0,0,0,0,0,,,,,,,,,,,,,,,,,,
01/06/2026 08:09:50,421260,0,0,0,0,0,0,,,,,,,,,,,,,,,,,,
01/06/2026 08:10:20,421258,0,0,0,0,0,0,,,,,,,,,,,,,,,,,,
01/06/2026 08:10:20,421260,0,0,0,0,0,0,,,,,,,,,,,,,,,,,,
01/06/2026 08:10:50,421258,0,0,0,0,0,0,,,,,,,,,,,,,,,,,,
01/06/2026 08:10:50,421260,0,0,0,0,0,0,,,,,,,,,,,,,,,,,,
01/06/2026 08:11:20,421258,0,0,0,0,0,0,,,,,,,,,,,,,,,,,,
01/06/2026 08:11:20,421260,0,0,0,0,0,0,,,,,,,,,,,,,,,,,,
01/06/2026 08:11:50,421258,0,0,0,0,0,0,,,,,,,,,,,,,,,,,,
01/06/2026 08:11:50,421260,0,0,0,0,0,0,,,,,,,,,,,,,,,,,,
01/06/2026 08:12:20,421258,0,0,0,0,0,0,,,,,,,,,,,,,,,,,,
01/06/2026 08:12:20,421260,0,0,0,0,0,0,,,,,,,,,,,,,,,,,,
01/06/2026 08:12:50,421258,0,0,0,0,0,0,,,,,,,,,,,,,,,,,,
01/06/2026 08:12:50,421260,0,0,0,0,0,0,,,,,,,,,,,,,,,,,,
01/06/2026 08:13:20,421258,0,0,0,0,0,0,,,,,,,,,,,,,,,,,,
01/06/2026 08:13:20,421260,0,0,0,0,0,0,,,,,,,,,,,,,,,,,,
01/06/2026 08:13:50,421258,0,0,0,0,0,0,,,,,,,,,,,,,,,,,,
01/06/2026 08:13:50,421260,0,0,0,0,0,0,,,,,,,,,,,,,,,,,,
01/06/2026 08:14:20,421258,0,0,0,0,0,0,,,,,,,,,,,,,,,,,,
01/06/2026 08:14:20,421260,0,0,0,0,0,0,,,,,,,,,,,,,,,,,,
01/06/2026 08:14:50,421258,0,0,0,0,0,0,,,,,,,,,,,,,,,,,,
01/06/2026 08:14:50,421260,0,0,0,0,0,0,,,,,,,,,,,,,,,,,,
01/06/2026 08:15:20,421258,0,0,0,0,0,0,,,,,,,,,,,,,,,,,,
01/06/2026 08:15:20,421260,0,0,0,0,0,0,,,,,,,,,,,,,,,,,,
01/06/2026 08:15:50,421258,0,0,0,0,0,0,,,,,,,,,,,,,,,,,,
01/06/2026 08:15:50,421260,0,0,0,0,0,0,,,,,,,,,,,,,,,,,,
01/06/2026 08:16:20,421258,0,0,0,0,0,0,,,,,,,,,,,,,,,,,,
01/06/2026 08:16:20,421260,0,0,0,0,0,0,,,,,,,,,,,,,,,,,,
01/06/2026 08:16:50,421258,0,0,0,0,0,0,,,,,,,,,,,,,,,,,,
01/06/2026 08:16:50,421260,0,0,0,0,0,0,,,,,,,,,,,,,,,,,,
01/06/2026 08:17:20,421258,0,0,0,0,0,0,,,,,,,,,,,,,,,,,,
01/06/2026 08:17:20,421260,0,0,0,0,0,0,,,,,,,,,,,,,,,,,,
01/06/2026 08:17:50,421258,0,0,0,0,0,0,,,,,,,,,,,,,,,,,,
01/06/2026 08:17:50,421260,0,0,0,0,0,0,,,,,,,,,,,,,,,,,,
01/06/2026 08:18:20,421258,0,0,0,0,0,0,,,,,,,,,,,,,,,,,,
01/06/2026 08:18:20,421260,0,0,0,0,0,0,,,,,,,,,,,,,,,,,,
01/06/2026 08:18:50,421258,0,0,0,0,0,0,,,,,,,,,,,,,,,,,,
01/06/2026 08:18:50,421260,0,0,0,0,0,0,,,,,,,,,,,,,,,,,,
01/06/2026 08:19:20,421258,0,0,0,0,0,0,,,,,,,,,,,,,,,,,,
01/06/2026 08:19:20,421260,0,0,0,0,0,0,,,,,,,,,,,,,,,,,,
01/06/2026 08:19:50,421258,0,0,0,0,0,0,,,,,,,,,,,,,,,,,,
01/06/2026 08:19:50,421260,0,0,0,0,0,0,,,,,,,,,,,,,,,,,,
01/06/2026 08:20:20,421258,0,0,0,0,0,0,,,,,,,,,,,,,,,,,,
01/06/2026 08:20:20,421260,0,0,0,0,0,0,,,,,,,,,,,,,,,,,,
01/06/2026 08:20:50,421258,0,0,0,0,0,0,,,,,,,,,,,,,,,,,,
01/06/2026 08:20:50,421260,0,0,0,0,0,0,,,,,,,,,,,,,,,,,,
01/06/2026 08:21:20,421258,0,0,0,0,0,0,,,,,,,,,,,,,,,,,,
01/06/2026 08:21:20,421260,0,0,0,0,0,0,,,,,,,,,,,,,,,,,,
01/06/2026 08:21:50,421258,0,0,0,0,0,0,,,,,,,,,,,,,,,,,,
01/06/2026 08:21:50,421260,0,0,0,0,0,0,,,,,,,,,,,,,,,,,,
01/06/2026 08:22:20,421258,0,0,0,0,0,0,,,,,,,,,,,,,,,,,,
01/06/2026 08:22:20,421260,0,0,0,0,0,0,,,,,,,,,,,,,,,,,,
01/06/2026 08:22:50,421258,0,0,0,0,0,0,,,,,,,,,,,,,,,,,,
01/06/2026 08:22:50,421260,0,0,0,0,0,0,,,,,,,,,,,,,,,,,,
01/06/2026 08:23:20,421258,0,0,0,0,0,0,,,,,,,,,,,,,,,,,,
01/06/2026 08:23:20,421260,0,0,0,0,0,0,,,,,,,,,,,,,,,,,,
01/06/2026 08:23:50,421258,0,0,0,0,0,0,,,,,,,,,,,,,,,,,,
01/06/2026 08:23:50,421260,0,0,0,0,0,0,,,,,,,,,,,,,,,,,,
01/06/2026 08:24:20,421258,0,0,0,0,0,0,,,,,,,,,,,,,,,,,,
01/06/2026 08:24:20,421260,0,0,0,0,0,0,,,,,,,,,,,,,,,,,,
01/06/2026 08:24:50,421258,0,0,0,0,0,0,,,,,,,,,,,,,,,,,,
01/06/2026 08:24:50,421260,0,0,0,0,0,0,,,,,,,,,,,,,,,,,,
01/06/2026 08:25:20,421258,0,0,0,0,0,0,,,,,,,,,,,,,,,,,,
01/06/2026 08:25:20,421260,0,0,0,0,0,0,,,,,,,,,,,,,,,,,,
01/06/2026 08:25:50,421258,0,0,0,0,0,0,,,,,,,,,,,,,,,,,,
01/06/2026 08:25:50,421260,0,0,0,0,0,0,,,,,,,,,,,,,,,,,,
01/06/2026 08:26:20,421258,0,0,0,0,0,0,,,,,,,,,,,,,,,,,,
01/06/2026 08:26:20,421260,0,0,0,0,0,0,,,,,,,,,,,,,,,,,,
01/06/2026 08:26:50,421258,0,0,0,0,0,0,,,,,,,,,,,,,,,,,,
01/06/2026 08:26:50,421260,0,0,0,0,0,0,,,,,,,,,,,,,,,,,,
01/06/2026 08:27:20,421258,0,0,0,0,0,0,,,,,,,,,,,,,,,,,,
01/06/2026 08:27:20,421260,0,0,0,0,0,0,,,,,,,,,,,,,,,,,,
01/06/2026 08:27:50,421258,0,0,0,0,0,0,,,,,,,,,,,,,,,,,,
01/06/2026 08:27:50,421260,0,0,0,0,0,0,,,,,,,,,,,,,,,,,,
01/06/2026 08:28:20,421258,0,0,0,0,0,0,,,,,,,,,,,,,,,,,,
01/06/2026 08:28:20,421260,0,0,0,0,0,0,,,,,,,,,,,,,,,,,,
01/06/2026 08:28:50,421258,0,0,0,0,0,0,,,,,,,,,,,,,,,,,,
01/06/2026 08:28:50,421260,0,0,0,0,0,0,,,,,,,,,,,,,,,,,,
01/06/2026 08:29:20,421258,0,0,0,0,0,0,,,,,,,,,,,,,,,,,,
01/06/2026 08:29:20,421260,0,0,0,0,0,0,,,,,,,,,,,,,,,,,,
01/06/2026 08:29:50,421258,0,0,0,0,0,0,,,,,,,,,,,,,,,,,,
01/06/2026 08:29:50,421260,0,0,0,0,0,0,,,,,,,,,,,,,,,,,,
01/06/2026 08:30:20,421258,0,0,0,0,0,0,,,,,,,,,,,,,,,,,,
01/06/2026 08:30:20,421260,0,0,0,0,0,0,,,,,,,,,,,,,,,,,,
01/06/2026 08:30:50,421258,0,0,0,0,0,0,,,,,,,,,,,,,,,,,,
01/06/2026 08:30:50,421260,0,0,0,0,0,0,,,,,,,,,,,,,,,,,,
01/06/2026 08:31:20,421258,0,0,0,0,0,0,,,,,,,,,,,,,,,,,,
01/06/2026 08:31:20,421260,0,0,0,0,0,0,,,,,,,,,,,,,,,,,,
01/06/2026 08:31:50,421258,0,0,0,0,0,0,,,,,,,,,,,,,,,,,,
01/06/2026 08:31:50,421260,0,0,0,0,0,0,,,,,,,,,,,,,,,,,,
01/06/2026 08:32:20,421258,0,0,0,0,0,0,,,,,,,,,,,,,,,,,,
01/06/2026 08:32:20,421260,0,0,0,0,0,0,,,,,,,,,,,,,,,,,,
01/06/2026 08:32:50,421258,0,0,0,0,0,0,,,,,,,,,,,,,,,,,,
01/06/2026 08:32:50,421260,0,0,0,0,0,0,,,,,,,,,,,,,,,,,,
01/06/2026 08:33:20,421258,0,0,0,0,0,0,,,,,,,,,,,,,,,,,,
01/06/2026 08:33:20,421260,0,0,0,0,0,0,,,,,,,,,,,,,,,,,,
01/06/2026 08:33:50,421258,0,0,0,0,0,0,,,,,,,,,,,,,,,,,,
01/06/2026 08:33:50,421260,0,0,0,0,0,0,,,,,,,,,,,,,,,,,,
01/06/2026 08:34:20,421258,0,0,0,0,0,0,,,,,,,,,,,,,,,,,,
01/06/2026 08:34:20,421260,0,0,0,0,0,0,,,,,,,,,,,,,,,,,,
01/06/2026 08:34:50,421258,0,0,0,0,0,0,,,,,,,,,,,,,,,,,,
01/06/2026 08:34:50,421260,0,0,0,0,0,0,,,,,,,,,,,,,,,,,,
01/06/2026 08:35:20,421258,0,0,0,0,0,0,,,,,,,,,,,,,,,,,,
01/06/2026 08:35:20,421260,0,0,0,0,0,0,,,,,,,,,,,,,,,,,,
01/06/2026 08:35:50,421258,0,0,0,0,0,0,,,,,,,,,,,,,,,,,,
01/06/2026 08:35:50,421260,0,0,0,0,0,0,,,,,,,,,,,,,,,,,,
01/06/2026 08:36:20,421258,0,0,0,0,0,0,,,,,,,,,,,,,,,,,,
01/06/2026 08:36:20,421260,0,0,0,0,0,0,,,,,,,,,,,,,,,,,,
01/06/2026 08:36:50,421258,0,0,0,0,0,0,,,,,,,,,,,,,,,,,,
01/06/2026 08:36:50,421260,0,0,0,0,0,0,,,,,,,,,,,,,,,,,,
01/06/2026 08:37:20,421258,0,0,0,0,0,0,,,,,,,,,,,,,,,,,,
01/06/2026 08:37:20,421260,0,0,0,0,0,0,,,,,,,,,,,,,,,,,,
01/06/2026 08:37:50,421258,0,0,0,0,0,0,,,,,,,,,,,,,,,,,,
01/06/2026 08:37:50,421260,0,0,0,0,0,0,,,,,,,,,,,,,,,,,,
01/06/2026 08:38:20,421258,0,0,0,0,0,0,,,,,,,,,,,,,,,,,,
01/06/2026 08:38:20,421260,0,0,0,0,0,0,,,,,,,,,,,,,,,,,,
01/06/2026 08:38:50,421258,0,0,0,0,0,0,,,,,,,,,,,,,,,,,,
01/06/2026 08:38:50,421260,0,0,0,0,0,0,,,,,,,,,,,,,,,,,,
01/06/2026 08:39:20,421258,0,0,0,0,0,0,,,,,,,,,,,,,,,,,,
01/06/2026 08:39:20,421260,0,0,0,0,0,0,,,,,,,,,,,,,,,,,,
01/06/2026 08:39:50,421258,0,0,0,0,0,0,,,,,,,,,,,,,,,,,,
01/06/2026 08:39:50,421260,0,0,0,0,0,0,,,,,,,,,,,,,,,,,,
01/06/2026 08:40:20,421258,0,0,0,0,0,0,,,,,,,,,,,,,,,,,,
01/06/2026 08:40:20,421260,0,0,0,0,0,0,,,,,,,,,,,,,,,,,,
01/06/2026 08:40:50,421258,0,0,0,0,0,0,,,,,,,,,,,,,,,,,,
01/06/2026 08:40:50,421260,0,0,0,0,0,0,,,,,,,,,,,,,,,,,,
01/06/2026 08:41:20,421258,0,0,0,0,0,0,,,,,,,,,,,,,,,,,,
01/06/2026 08:41:20,421260,0,0,0,0,0,0,,,,,,,,,,,,,,,,,,
01/06/2026 08:41:50,421258,0,0,0,0,0,0,,,,,,,,,,,,,,,,,,
01/06/2026 08:41:50,421260,0,0,0,0,0,0,,,,,,,,,,,,,,,,,,
01/06/2026 08:42:20,421258,0,0,0,0,0,0,,,,,,,,,,,,,,,,,,
01/06/2026 08:42:20,421260,0,0,0,0,0,0,,,,,,,,,,,,,,,,,,
01/06/2026 08:42:50,421258,0,0,0,0,0,0,,,,,,,,,,,,,,,,,,
01/06/2026 08:42:50,421260,0,0,0,0,0,0,,,,,,,,,,,,,,,,,,
01/06/2026 08:43:20,421258,0,0,0,0,0,0,,,,,,,,,,,,,,,,,,
01/06/2026 08:43:20,421260,0,0,0,0,0,0,,,,,,,,,,,,,,,,,,
01/06/2026 08:43:50,421258,0,0,0,0,0,0,,,,,,,,,,,,,,,,,,
01/06/2026 08:43:50,421260,0,0,0,0,0,0,,,,,,,,,,,,,,,,,,
01/06/2026 08:44:20,421258,0,0,0,0,0,0,,,,,,,,,,,,,,,,,,
01/06/2026 08:44:20,421260,0,0,0,0,0,0,,,,,,,,,,,,,,,,,,
01/06/2026 08:44:50,421258,0,0,0,0,0,0,,,,,,,,,,,,,,,,,,
01/06/2026 08:44:50,421260,0,0,0,0,0,0,,,,,,,,,,,,,,,,,,
01/06/2026 08:45:20,421258,0,0,0,0,0,0,,,,,,,,,,,,,,,,,,
01/06/2026 08:45:20,421260,0,0,0,0,0,0,,,,,,,,,,,,,,,,,,
01/06/2026 08:45:50,421258,0,0,0,0,0,0,,,,,,,,,,,,,,,,,,
01/06/2026 08:45:50,421260,0,0,0,0,0,0,,,,,,,,,,,,,,,,,,
01/06/2026 08:46:20,421258,0,0,0,0,0,0,,,,,,,,,,,,,,,,,,
01/06/2026 08:46:20,421260,0,0,0,0,0,0,,,,,,,,,,,,,,,,,,
01/06/2026 08:46:50,421258,0,0,0,0,0,0,,,,,,,,,,,,,,,,,,
01/06/2026 08:46:50,421260,0,0,0,0,0,0,,,,,,,,,,,,,,,,,,
01/06/2026 08:47:20,421258,0,0,0,0,0,0,,,,,,,,,,,,,,,,,,
01/06/2026 08:47:20,421260,0,0,0,0,0,0,,,,,,,,,,,,,,,,,,
01/06/2026 08:47:50,421258,0,0,0,0,0,0,,,,,,,,,,,,,,,,,,
01/06/2026 08:47:50,421260,0,0,0,0,0,0,,,,,,,,,,,,,,,,,,
01/06/2026 08:48:20,421258,0,0,0,0,0,0,,,,,,,,,,,,,,,,,,
01/06/2026 08:48:20,421260,0,0,0,0,0,0,,,,,,,,,,,,,,,,,,
01/06/2026 08:48:50,421258,0,0,0,0,0,0,,,,,,,,,,,,,,,,,,
01/06/2026 08:48:50,421260,0,0,0,0,0,0,,,,,,,,,,,,,,,,,,
01/06/2026 08:49:20,421258,0,0,0,0,0,0,,,,,,,,,,,,,,,,,,
01/06/2026 08:49:20,421260,0,0,0,0,0,0,,,,,,,,,,,,,,,,,,
01/06/2026 08:49:50,421258,0,0,0,0,0,0,,,,,,,,,,,,,,,,,,
01/06/2026 08:49:50,421260,0,0,0,0,0,0,,,,,,,,,,,,,,,,,,
01/06/2026 08:50:20,421258,0,0,0,0,0,0,,,,,,,,,,,,,,,,,,
01/06/2026 08:50:20,421260,0,0,0,0,0,0,,,,,,,,,,,,,,,,,,
01/06/2026 08:50:50,421258,0,0,0,0,0,0,,,,,,,,,,,,,,,,,,
01/06/2026 08:50:50,421260,0,0,0,0,0,0,,,,,,,,,,,,,,,,,,
01/06/2026 08:51:20,421258,0,0,0,0,0,0,,,,,,,,,,,,,,,,,,
01/06/2026 08:51:20,421260,0,0,0,0,0,0,,,,,,,,,,,,,,,,,,
01/06/2026 08:51:50,421258,0,0,0,0,0,0,,,,,,,,,,,,,,,,,,
01/06/2026 08:51:50,421260,0,0,0,0,0,0,,,,,,,,,,,,,,,,,,
01/06/2026 08:52:20,421258,0,0,0,0,0,0,,,,,,,,,,,,,,,,,,
01/06/2026 08:52:20,421260,0,0,0,0,0,0,,,,,,,,,,,,,,,,,,
01/06/2026 08:52:50,421258,0,0,0,0,0,0,,,,,,,,,,,,,,,,,,
01/06/2026 08:52:50,421260,0,0,0,0,0,0,,,,,,,,,,,,,,,,,,
01/06/2026 08:53:20,421258,0,0,0,0,0,0,,,,,,,,,,,,,,,,,,
01/06/2026 08:53:20,421260,0,0,0,0,0,0,,,,,,,,,,,,,,,,,,
01/06/2026 08:53:50,421258,0,0,0,0,0,0,,,,,,,,,,,,,,,,,,
01/06/2026 08:53:50,421260,0,0,0,0,0,0,,,,,,,,,,,,,,,,,,
01/06/2026 08:54:20,421258,0,0,0,0,0,0,,,,,,,,,,,,,,,,,,
01/06/2026 08:54:20,421260,0,0,0,0,0,0,,,,,,,,,,,,,,,,,,
01/06/2026 08:54:50,421258,0,0,0,0,0,0,,,,,,,,,,,,,,,,,,
01/06/2026 08:54:50,421260,0,0,0,0,0,0,,,,,,,,,,,,,,,,,,
01/06/2026 08:55:20,421258,0,0,0,0,0,0,,,,,,,,,,,,,,,,,,
01/06/2026 08:55:20,421260,0,0,0,0,0,0,,,,,,,,,,,,,,,,,,
01/06/2026 08:55:50,421258,0,0,0,0,0,0,,,,,,,,,,,,,,,,,,
01/06/2026 08:55:50,421260,0,0,0,0,0,0,,,,,,,,,,,,,,,,,,
01/06/2026 08:56:20,421258,0,0,0,0,0,0,,,,,,,,,,,,,,,,,,
01/06/2026 08:56:20,421260,0,0,0,0,0,0,,,,,,,,,,,,,,,,,,
01/06/2026 08:56:50,421258,0,0,0,0,0,0,,,,,,,,,,,,,,,,,,
01/06/2026 08:56:50,421260,0,0,0,0,0,0,,,,,,,,,,,,,,,,,,
01/06/2026 08:57:20,421258,0,0,0,0,0,0,,,,,,,,,,,,,,,,,,
01/06/2026 08:57:20,421260,0,0,0,0,0,0,,,,,,,,,,,,,,,,,,
01/06/2026 08:57:50,421258,0,0,0,0,0,0,,,,,,,,,,,,,,,,,,
01/06/2026 08:57:50,421260,0,0,0,0,0,0,,,,,,,,,,,,,,,,,,
01/06/2026 08:58:20,421258,0,0,0,0,0,0,,,,,,,,,,,,,,,,,,
01/06/2026 08:58:20,421260,0,0,0,0,0,0,,,,,,,,,,,,,,,,,,
01/06/2026 08:58:50,421258,0,0,0,0,0,0,,,,,,,,,,,,,,,,,,
01/06/2026 08:58:50,421260,0,0,0,0,0,0,,,,,,,,,,,,,,,,,,
01/06/2026 08:59:20,421258,0,0,0,0,0,0,,,,,,,,,,,,,,,,,,
01/06/2026 08:59:20,421260,0,0,0,0,0,0,,,,,,,,,,,,,,,,,,
01/06/2026 08:59:50,421258,0,0,0,0,0,0,,,,,,,,,,,,,,,,,,
01/06/2026 08:59:50,421260,0,0,0,0,0,0,,,,,,,,,,,,,,,,,,
01/06/2026 09:00:20,421258,0,0,0,0,0,0,,,,,,,,,,,,,,,,,,
01/06/2026 09:00:20,421260,0,0,0,0,0,0,,,,,,,,,,,,,,,,,,
01/06/2026 09:00:50,421258,0,0,0,0,0,0,,,,,,,,,,,,,,,,,,
01/06/2026 09:00:50,421260,0,0,0,0,0,0,,,,,,,,,,,,,,,,,,
01/06/2026 09:01:20,421258,0,0,0,0,0,0,,,,,,,,,,,,,,,,,,
01/06/2026 09:01:20,421260,0,0,0,0,0,0,,,,,,,,,,,,,,,,,,
01/06/2026 09:01:50,421258,0,0,0,0,0,0,,,,,,,,,,,,,,,,,,
01/06/2026 09:01:50,421260,0,0,0,0,0,0,,,,,,,,,,,,,,,,,,
01/06/2026 09:02:20,421258,0,0,0,0,0,0,,,,,,,,,,,,,,,,,,
01/06/2026 09:02:20,421260,0,0,0,0,0,0,,,,,,,,,,,,,,,,,,
01/06/2026 09:02:50,421258,0,0,0,0,0,0,,,,,,,,,,,,,,,,,,
01/06/2026 09:02:50,421260,0,0,0,0,0,0,,,,,,,,,,,,,,,,,,
01/06/2026 09:03:20,421258,0,0,0,0,0,0,,,,,,,,,,,,,,,,,,
01/06/2026 09:03:20,421260,0,0,0,0,0,0,,,,,,,,,,,,,,,,,,
01/06/2026 09:03:50,421258,0,0,0,0,0,0,,,,,,,,,,,,,,,,,,
01/06/2026 09:03:50,421260,0,0,0,0,0,0,,,,,,,,,,,,,,,,,,
01/06/2026 09:04:20,421258,0,0,0,0,0,0,,,,,,,,,,,,,,,,,,
01/06/2026 09:04:20,421260,0,0,0,0,0,0,,,,,,,,,,,,,,,,,,
01/06/2026 09:04:50,421258,0,0,0,0,0,0,,,,,,,,,,,,,,,,,,
01/06/2026 09:04:50,421260,0,0,0,0,0,0,,,,,,,,,,,,,,,,,,
01/06/2026 09:05:20,421258,0,0,0,0,0,0,,,,,,,,,,,,,,,,,,
01/06/2026 09:05:20,421260,0,0,0,0,0,0,,,,,,,,,,,,,,,,,,
01/06/2026 09:05:50,421258,0,0,0,0,0,0,,,,,,,,,,,,,,,,,,
01/06/2026 09:05:50,421260,0,0,0,0,0,0,,,,,,,,,,,,,,,,,,
01/06/2026 09:06:20,421258,0,0,0,0,0,0,,,,,,,,,,,,,,,,,,
01/06/2026 09:06:20,421260,0,0,0,0,0,0,,,,,,,,,,,,,,,,,,
01/06/2026 09:06:50,421258,0,0,0,0,0,0,,,,,,,,,,,,,,,,,,
01/06/2026 09:06:50,421260,0,0,0,0,0,0,,,,,,,,,,,,,,,,,,
01/06/2026 09:07:20,421258,0,0,0,0,0,0,,,,,,,,,,,,,,,,,,
01/06/2026 09:07:20,421260,0,0,0,0,0,0,,,,,,,,,,,,,,,,,,
01/06/2026 09:07:50,421258,0,0,0,0,0,0,,,,,,,,,,,,,,,,,,
01/06/2026 09:07:50,421260,0,0,0,0,0,0,,,,,,,,,,,,,,,,,,
01/06/2026 09:08:20,421258,0,0,0,0,0,0,,,,,,,,,,,,,,,,,,
01/06/2026 09:08:20,421260,0,0,0,0,0,0,,,,,,,,,,,,,,,,,,
01/06/2026 09:08:50,421258,0,0,0,0,0,0,,,,,,,,,,,,,,,,,,
01/06/2026 09:08:50,421260,0,0,0,0,0,0,,,,,,,,,,,,,,,,,,
01/06/2026 09:09:20,421258,0,0,0,0,0,0,,,,,,,,,,,,,,,,,,
01/06/2026 09:09:20,421260,0,0,0,0,0,0,,,,,,,,,,,,,,,,,,
01/06/2026 09:09:50,421258,0,0,0,0,0,0,,,,,,,,,,,,,,,,,,
01/06/2026 09:09:50,421260,0,0,0,0,0,0,,,,,,,,,,,,,,,,,,
01/06/2026 09:10:20,421258,0,0,0,0,0,0,,,,,,,,,,,,,,,,,,
01/06/2026 09:10:20,421260,0,0,0,0,0,0,,,,,,,,,,,,,,,,,,
01/06/2026 09:10:50,421258,0,0,0,0,0,0,,,,,,,,,,,,,,,,,,
01/06/2026 09:10:50,421260,0,0,0,0,0,0,,,,,,,,,,,,,,,,,,
01/06/2026 09:11:20,421258,0,0,0,0,0,0,,,,,,,,,,,,,,,,,,
01/06/2026 09:11:20,421260,0,0,0,0,0,0,,,,,,,,,,,,,,,,,,
01/06/2026 09:11:50,421258,0,0,0,0,0,0,,,,,,,,,,,,,,,,,,
01/06/2026 09:11:50,421260,0,0,0,0,0,0,,,,,,,,,,,,,,,,,,
01/06/2026 09:12:20,421258,0,0,0,0,0,0,,,,,,,,,,,,,,,,,,
01/06/2026 09:12:20,421260,0,0,0,0,0,0,,,,,,,,,,,,,,,,,,
01/06/2026 09:12:50,421258,0,0,0,0,0,0,,,,,,,,,,,,,,,,,,
01/06/2026 09:12:50,421260,0,0,0,0,0,0,,,,,,,,,,,,,,,,,,
01/06/2026 09:13:20,421258,0,0,0,0,0,0,,,,,,,,,,,,,,,,,,
01/06/2026 09:13:20,421260,0,0,0,0,0,0,,,,,,,,,,,,,,,,,,
01/06/2026 09:13:50,421258,0,0,0,0,0,0,,,,,,,,,,,,,,,,,,
01/06/2026 09:13:50,421260,0,0,0,0,0,0,,,,,,,,,,,,,,,,,,
01/06/2026 09:14:20,421258,0,0,0,0,0,0,,,,,,,,,,,,,,,,,,
01/06/2026 09:14:20,421260,0,0,0,0,0,0,,,,,,,,,,,,,,,,,,
01/06/2026 09:14:50,421258,0,0,0,0,0,0,,,,,,,,,,,,,,,,,,
01/06/2026 09:14:50,421260,0,0,0,0,0,0,,,,,,,,,,,,,,,,,,
01/06/2026 09:15:20,421258,0,0,0,0,0,0,,,,,,,,,,,,,,,,,,
01/06/2026 09:15:20,421260,0,0,0,0,0,0,,,,,,,,,,,,,,,,,,
01/06/2026 09:15:50,421258,0,0,0,0,0,0,,,,,,,,,,,,,,,,,,
01/06/2026 09:15:50,421260,0,0,0,0,0,0,,,,,,,,,,,,,,,,,,
01/06/2026 09:16:20,421258,0,0,0,0,0,0,,,,,,,,,,,,,,,,,,
01/06/2026 09:16:20,421260,0,0,0,0,0,0,,,,,,,,,,,,,,,,,,
01/06/2026 09:16:50,421258,0,0,0,0,0,0,,,,,,,,,,,,,,,,,,
01/06/2026 09:16:50,421260,0,0,0,0,0,0,,,,,,,,,,,,,,,,,,
01/06/2026 09:17:20,421258,0,0,0,0,0,0,,,,,,,,,,,,,,,,,,
01/06/2026 09:17:20,421260,0,0,0,0,0,0,,,,,,,,,,,,,,,,,,
01/06/2026 09:17:50,421258,0,0,0,0,0,0,,,,,,,,,,,,,,,,,,
01/06/2026 09:17:50,421260,0,0,0,0,0,0,,,,,,,,,,,,,,,,,,
01/06/2026 09:18:20,421258,0,0,0,0,0,0,,,,,,,,,,,,,,,,,,
01/06/2026 09:18:20,421260,0,0,0,0,0,0,,,,,,,,,,,,,,,,,,
01/06/2026 09:18:50,421258,0,0,0,0,0,0,,,,,,,,,,,,,,,,,,
01/06/2026 09:18:50,421260,0,0,0,0,0,0,,,,,,,,,,,,,,,,,,
01/06/2026 09:19:20,421258,0,0,0,0,0,0,,,,,,,,,,,,,,,,,,
01/06/2026 09:19:20,421260,0,0,0,0,0,0,,,,,,,,,,,,,,,,,,
01/06/2026 09:19:50,421258,0,0,0,0,0,0,,,,,,,,,,,,,,,,,,
01/06/2026 09:19:50,421260,0,0,0,0,0,0,,,,,,,,,,,,,,,,,,
01/06/2026 09:20:20,421258,0,0,0,0,0,0,,,,,,,,,,,,,,,,,,
01/06/2026 09:20:20,421260,0,0,0,0,0,0,,,,,,,,,,,,,,,,,,
01/06/2026 09:20:50,421258,0,0,0,0,0,0,,,,,,,,,,,,,,,,,,
01/06/2026 09:20:50,421260,0,0,0,0,0,0,,,,,,,,,,,,,,,,,,
01/06/2026 09:21:20,421258,0,0,0,0,0,0,,,,,,,,,,,,,,,,,,
01/06/2026 09:21:20,421260,0,0,0,0,0,0,,,,,,,,,,,,,,,,,,
01/06/2026 09:21:50,421258,0,0,0,0,0,0,,,,,,,,,,,,,,,,,,
01/06/2026 09:21:50,421260,0,0,0,0,0,0,,,,,,,,,,,,,,,,,,
01/06/2026 09:22:20,421258,0,0,0,0,0,0,,,,,,,,,,,,,,,,,,
01/06/2026 09:22:20,421260,0,0,0,0,0,0,,,,,,,,,,,,,,,,,,
01/06/2026 09:22:50,421258,0,0,0,0,0,0,,,,,,,,,,,,,,,,,,
01/06/2026 09:22:50,421260,0,0,0,0,0,0,,,,,,,,,,,,,,,,,,
01/06/2026 09:23:20,421258,0,0,0,0,0,0,,,,,,,,,,,,,,,,,,
01/06/2026 09:23:20,421260,0,0,0,0,0,0,,,,,,,,,,,,,,,,,,
01/06/2026 09:23:50,421258,0,0,0,0,0,0,,,,,,,,,,,,,,,,,,
01/06/2026 09:23:50,421260,0,0,0,0,0,0,,,,,,,,,,,,,,,,,,
01/06/2026 09:24:20,421258,0,0,0,0,0,0,,,,,,,,,,,,,,,,,,
01/06/2026 09:24:20,421260,0,0,0,0,0,0,,,,,,,,,,,,,,,,,,
01/06/2026 09:24:50,421258,0,0,0,0,0,0,,,,,,,,,,,,,,,,,,
01/06/2026 09:24:50,421260,0,0,0,0,0,0,,,,,,,,,,,,,,,,,,
01/06/2026 09:25:20,421258,0,0,0,0,0,0,,,,,,,,,,,,,,,,,,
01/06/2026 09:25:20,421260,0,0,0,0,0,0,,,,,,,,,,,,,,,,,,
01/06/2026 09:25:50,421258,0,0,0,0,0,0,,,,,,,,,,,,,,,,,,
01/06/2026 09:25:50,421260,0,0,0,0,0,0,,,,,,,,,,,,,,,,,,
01/06/2026 09:26:20,421258,0,0,0,0,0,0,,,,,,,,,,,,,,,,,,
01/06/2026 09:26:20,421260,0,0,0,0,0,0,,,,,,,,,,,,,,,,,,
01/06/2026 09:26:50,421258,0,0,0,0,0,0,,,,,,,,,,,,,,,,,,
01/06/2026 09:26:50,421260,0,0,0,0,0,0,,,,,,,,,,,,,,,,,,
01/06/2026 09:27:20,421258,0,0,0,0,0,0,,,,,,,,,,,,,,,,,,
01/06/2026 09:27:20,421260,0,0,0,0,0,0,,,,,,,,,,,,,,,,,,
01/06/2026 09:27:50,421258,0,0,0,0,0,0,,,,,,,,,,,,,,,,,,
01/06/2026 09:27:50,421260,0,0,0,0,0,0,,,,,,,,,,,,,,,,,,
01/06/2026 09:28:20,421258,0,0,0,0,0,0,,,,,,,,,,,,,,,,,,
01/06/2026 09:28:20,421260,0,0,0,0,0,0,,,,,,,,,,,,,,,,,,
01/06/2026 09:28:50,421258,0,0,0,0,0,0,,,,,,,,,,,,,,,,,,
01/06/2026 09:28:50,421260,0,0,0,0,0,0,,,,,,,,,,,,,,,,,,
01/06/2026 09:29:20,421258,0,0,0,0,0,0,,,,,,,,,,,,,,,,,,
01/06/2026 09:29:20,421260,0,0,0,0,0,0,,,,,,,,,,,,,,,,,,
01/06/2026 09:29:50,421258,0,0,0,0,0,0,,,,,,,,,,,,,,,,,,
01/06/2026 09:29:50,421260,0,0,0,0,0,0,,,,,,,,,,,,,,,,,,
01/06/2026 09:30:20,421258,0,0,0,0,0,0,,,,,,,,,,,,,,,,,,
01/06/2026 09:30:20,421260,0,0,0,0,0,0,,,,,,,,,,,,,,,,,,
01/06/2026 09:30:50,421258,0,0,0,0,0,0,,,,,,,,,,,,,,,,,,
01/06/2026 09:30:50,421260,0,0,0,0,0,0,,,,,,,,,,,,,,,,,,
01/06/2026 09:31:20,421258,0,0,0,0,0,0,,,,,,,,,,,,,,,,,,
01/06/2026 09:31:20,421260,0,0,0,0,0,0,,,,,,,,,,,,,,,,,,
01/06/2026 09:31:50,421258,0,0,0,0,0,0,,,,,,,,,,,,,,,,,,
01/06/2026 09:31:50,421260,0,0,0,0,0,0,,,,,,,,,,,,,,,,,,
01/06/2026 09:32:20,421258,0,0,0,0,0,0,,,,,,,,,,,,,,,,,,
01/06/2026 09:32:20,421260,0,0,0,0,0,0,,,,,,,,,,,,,,,,,,
01/06/2026 09:32:50,421258,0,0,0,0,0,0,,,,,,,,,,,,,,,,,,
01/06/2026 09:32:50,421260,0,0,0,0,0,0,,,,,,,,,,,,,,,,,,
01/06/2026 09:33:20,421258,0,0,0,0,0,0,,,,,,,,,,,,,,,,,,
01/06/2026 09:33:20,421260,0,0,0,0,0,0,,,,,,,,,,,,,,,,,,
01/06/2026 09:33:50,421258,0,0,0,0,0,0,,,,,,,,,,,,,,,,,,
01/06/2026 09:33:50,421260,0,0,0,0,0,0,,,,,,,,,,,,,,,,,,
01/06/2026 09:34:20,421258,0,0,0,0,0,0,,,,,,,,,,,,,,,,,,
01/06/2026 09:34:20,421260,0,0,0,0,0,0,,,,,,,,,,,,,,,,,,
01/06/2026 09:34:50,421258,0,0,0,0,0,0,,,,,,,,,,,,,,,,,,
01/06/2026 09:34:50,421260,0,0,0,0,0,0,,,,,,,,,,,,,,,,,,
01/06/2026 09:35:20,421258,0,0,0,0,0,0,,,,,,,,,,,,,,,,,,
01/06/2026 09:35:20,421260,0,0,0,0,0,0,,,,,,,,,,,,,,,,,,
01/06/2026 09:35:50,421258,0,0,0,0,0,0,,,,,,,,,,,,,,,,,,
01/06/2026 09:35:50,421260,0,0,0,0,0,0,,,,,,,,,,,,,,,,,,
01/06/2026 09:36:20,421258,0,0,0,0,0,0,,,,,,,,,,,,,,,,,,
01/06/2026 09:36:20,421260,0,0,0,0,0,0,,,,,,,,,,,,,,,,,,
01/06/2026 09:36:50,421258,0,0,0,0,0,0,,,,,,,,,,,,,,,,,,
01/06/2026 09:36:50,421260,0,0,0,0,0,0,,,,,,,,,,,,,,,,,,
01/06/2026 09:37:20,421258,0,0,0,0,0,0,,,,,,,,,,,,,,,,,,
01/06/2026 09:37:20,421260,0,0,0,0,0,0,,,,,,,,,,,,,,,,,,
01/06/2026 09:37:50,421258,0,0,0,0,0,0,,,,,,,,,,,,,,,,,,
01/06/2026 09:37:50,421260,0,0,0,0,0,0,,,,,,,,,,,,,,,,,,
01/06/2026 09:38:20,421258,0,0,0,0,0,0,,,,,,,,,,,,,,,,,,
01/06/2026 09:38:20,421260,0,0,0,0,0,0,,,,,,,,,,,,,,,,,,
01/06/2026 09:38:50,421258,0,0,0,0,0,0,,,,,,,,,,,,,,,,,,
01/06/2026 09:38:50,421260,0,0,0,0,0,0,,,,,,,,,,,,,,,,,,
01/06/2026 09:39:20,421258,0,0,0,0,0,0,,,,,,,,,,,,,,,,,,
01/06/2026 09:39:20,421260,0,0,0,0,0,0,,,,,,,,,,,,,,,,,,
01/06/2026 09:39:50,421258,0,0,0,0,0,0,,,,,,,,,,,,,,,,,,
01/06/2026 09:39:50,421260,0,0,0,0,0,0,,,,,,,,,,,,,,,,,,
01/06/2026 09:40:20,421258,0,0,0,0,0,0,,,,,,,,,,,,,,,,,,
01/06/2026 09:40:20,421260,0,0,0,0,0,0,,,,,,,,,,,,,,,,,,
01/06/2026 09:40:50,421258,0,0,0,0,0,0,,,,,,,,,,,,,,,,,,
01/06/2026 09:40:50,421260,0,0,0,0,0,0,,,,,,,,,,,,,,,,,,
01/06/2026 09:41:20,421258,0,0,0,0,0,0,,,,,,,,,,,,,,,,,,
01/06/2026 09:41:20,421260,0,0,0,0,0,0,,,,,,,,,,,,,,,,,,
01/06/2026 09:41:50,421258,0,0,0,0,0,0,,,,,,,,,,,,,,,,,,
01/06/2026 09:41:50,421260,0,0,0,0,0,0,,,,,,,,,,,,,,,,,,
01/06/2026 09:42:20,421258,0,0,0,0,0,0,,,,,,,,,,,,,,,,,,
01/06/2026 09:42:20,421260,0,0,0,0,0,0,,,,,,,,,,,,,,,,,,
01/06/2026 09:42:50,421258,0,0,0,0,0,0,,,,,,,,,,,,,,,,,,
01/06/2026 09:42:50,421260,0,0,0,0,0,0,,,,,,,,,,,,,,,,,,
01/06/2026 09:43:20,421258,0,0,0,0,0,0,,,,,,,,,,,,,,,,,,
01/06/2026 09:43:20,421260,0,0,0,0,0,0,,,,,,,,,,,,,,,,,,
01/06/2026 09:43:50,421258,0,0,0,0,0,0,,,,,,,,,,,,,,,,,,
01/06/2026 09:43:50,421260,0,0,0,0,0,0,,,,,,,,,,,,,,,,,,
01/06/2026 09:44:20,421258,0,0,0,0,0,0,,,,,,,,,,,,,,,,,,
01/06/2026 09:44:20,421260,0,0,0,0,0,0,,,,,,,,,,,,,,,,,,
01/06/2026 09:44:50,421258,0,0,0,0,0,0,,,,,,,,,,,,,,,,,,
01/06/2026 09:44:50,421260,0,0,0,0,0,0,,,,,,,,,,,,,,,,,,
01/06/2026 09:45:20,421258,0,0,0,0,0,0,,,,,,,,,,,,,,,,,,
01/06/2026 09:45:20,421260,0,0,0,0,0,0,,,,,,,,,,,,,,,,,,
01/06/2026 09:45:50,421258,0,0,0,0,0,0,,,,,,,,,,,,,,,,,,
01/06/2026 09:45:50,421260,0,0,0,0,0,0,,,,,,,,,,,,,,,,,,
01/06/2026 09:46:20,421258,0,0,0,0,0,0,,,,,,,,,,,,,,,,,,
01/06/2026 09:46:20,421260,0,0,0,0,0,0,,,,,,,,,,,,,,,,,,
01/06/2026 09:46:50,421258,0,0,0,0,0,0,,,,,,,,,,,,,,,,,,
01/06/2026 09:46:50,421260,0,0,0,0,0,0,,,,,,,,,,,,,,,,,,
01/06/2026 09:47:20,421258,0,0,0,0,0,0,,,,,,,,,,,,,,,,,,
01/06/2026 09:47:20,421260,0,0,0,0,0,0,,,,,,,,,,,,,,,,,,
01/06/2026 09:47:50,421258,0,0,0,0,0,0,,,,,,,,,,,,,,,,,,
01/06/2026 09:47:50,421260,0,0,0,0,0,0,,,,,,,,,,,,,,,,,,
01/06/2026 09:48:20,421258,0,0,0,0,0,0,,,,,,,,,,,,,,,,,,
01/06/2026 09:48:20,421260,0,0,0,0,0,0,,,,,,,,,,,,,,,,,,
01/06/2026 09:48:50,421258,0,0,0,0,0,0,,,,,,,,,,,,,,,,,,
01/06/2026 09:48:50,421260,0,0,0,0,0,0,,,,,,,,,,,,,,,,,,
01/06/2026 09:49:20,421258,0,0,0,0,0,0,,,,,,,,,,,,,,,,,,
01/06/2026 09:49:20,421260,0,0,0,0,0,0,,,,,,,,,,,,,,,,,,
01/06/2026 09:49:50,421258,0,0,0,0,0,0,,,,,,,,,,,,,,,,,,
01/06/2026 09:49:50,421260,0,0,0,0,0,0,,,,,,,,,,,,,,,,,,
01/06/2026 09:50:20,421258,0,0,0,0,0,0,,,,,,,,,,,,,,,,,,
01/06/2026 09:50:20,421260,0,0,0,0,0,0,,,,,,,,,,,,,,,,,,
01/06/2026 09:50:50,421258,0,0,0,0,0,0,,,,,,,,,,,,,,,,,,
01/06/2026 09:50:50,421260,0,0,0,0,0,0,,,,,,,,,,,,,,,,,,
01/06/2026 09:51:20,421258,0,0,0,0,0,0,,,,,,,,,,,,,,,,,,
01/06/2026 09:51:20,421260,0,0,0,0,0,0,,,,,,,,,,,,,,,,,,
01/06/2026 09:51:50,421258,0,0,0,0,0,0,,,,,,,,,,,,,,,,,,
01/06/2026 09:51:50,421260,0,0,0,0,0,0,,,,,,,,,,,,,,,,,,
01/06/2026 09:52:20,421258,0,0,0,0,0,0,,,,,,,,,,,,,,,,,,
01/06/2026 09:52:20,421260,0,0,0,0,0,0,,,,,,,,,,,,,,,,,,
01/06/2026 09:52:50,421258,0,0,0,0,0,0,,,,,,,,,,,,,,,,,,
01/06/2026 09:52:50,421260,0,0,0,0,0,0,,,,,,,,,,,,,,,,,,
01/06/2026 09:53:20,421258,0,0,0,0,0,0,,,,,,,,,,,,,,,,,,
01/06/2026 09:53:20,421260,0,0,0,0,0,0,,,,,,,,,,,,,,,,,,
01/06/2026 09:53:50,421258,0,0,0,0,0,0,,,,,,,,,,,,,,,,,,
01/06/2026 09:53:50,421260,0,0,0,0,0,0,,,,,,,,,,,,,,,,,,
01/06/2026 09:54:20,421258,0,0,0,0,0,0,,,,,,,,,,,,,,,,,,
01/06/2026 09:54:20,421260,0,0,0,0,0,0,,,,,,,,,,,,,,,,,,
01/06/2026 09:54:50,421258,0,0,0,0,0,0,,,,,,,,,,,,,,,,,,
01/06/2026 09:54:50,421260,0,0,0,0,0,0,,,,,,,,,,,,,,,,,,
01/06/2026 09:55:20,421258,0,0,0,0,0,0,,,,,,,,,,,,,,,,,,
01/06/2026 09:55:20,421260,0,0,0,0,0,0,,,,,,,,,,,,,,,,,,
01/06/2026 09:55:50,421258,0,0,0,0,0,0,,,,,,,,,,,,,,,,,,
01/06/2026 09:55:50,421260,0,0,0,0,0,0,,,,,,,,,,,,,,,,,,
01/06/2026 09:56:20,421258,0,0,0,0,0,0,,,,,,,,,,,,,,,,,,
01/06/2026 09:56:20,421260,0,0,0,0,0,0,,,,,,,,,,,,,,,,,,
01/06/2026 09:56:50,421258,0,0,0,0,0,0,,,,,,,,,,,,,,,,,,
01/06/2026 09:56:50,421260,0,0,0,0,0,0,,,,,,,,,,,,,,,,,,
01/06/2026 09:57:20,421258,0,0,0,0,0,0,,,,,,,,,,,,,,,,,,
01/06/2026 09:57:20,421260,0,0,0,0,0,0,,,,,,,,,,,,,,,,,,
01/06/2026 09:57:50,421258,0,0,0,0,0,0,,,,,,,,,,,,,,,,,,
01/06/2026 09:57:50,421260,0,0,0,0,0,0,,,,,,,,,,,,,,,,,,
01/06/2026 09:58:20,421258,0,0,0,0,0,0,,,,,,,,,,,,,,,,,,
01/06/2026 09:58:20,421260,0,0,0,0,0,0,,,,,,,,,,,,,,,,,,
01/06/2026 09:58:50,421258,0,0,0,0,0,0,,,,,,,,,,,,,,,,,,
01/06/2026 09:58:50,421260,0,0,0,0,0,0,,,,,,,,,,,,,,,,,,
01/06/2026 09:59:20,421258,0,0,0,0,0,0,,,,,,,,,,,,,,,,,,
01/06/2026 09:59:20,421260,0,0,0,0,0,0,,,,,,,,,,,,,,,,,,
01/06/2026 09:59:50,421258,0,0,0,0,0,0,,,,,,,,,,,,,,,,,,
01/06/2026 09:59:50,421260,0,0,0,0,0,0,,,,,,,,,,,,,,,,,,
01/06/2026 10:00:20,421258,7,.0278,71,5,.0378,56,,,,,,,,,,,,,,,,,,
01/06/2026 10:00:20,421260,3,.0189,65,8,.0539,52,,,,,,,,,,,,,,,,,,
01/06/2026 10:00:50,421258,9,.0406,71,6,.075,49,,,,,,,,,,,,,,,,,,
01/06/2026 10:00:50,421260,10,.0539,65,8,.0578,56,,,,,,,,,,,,,,,,,,
01/06/2026 10:01:20,421258,8,.035,60,9,.1178,44,,,,,,,,,,,,,,,,,,
01/06/2026 10:01:20,421260,18,.1106,60,11,.0989,56,,,,,,,,,,,,,,,,,,
01/06/2026 10:01:50,421258,7,.035,65,3,.0267,52,,,,,,,,,,,,,,,,,,
01/06/2026 10:01:50,421260,7,.0367,65,11,.0817,56,,,,,,,,,,,,,,,,,,
01/06/2026 10:02:20,421258,10,.0456,60,9,.1256,44,,,,,,,,,,,,,,,,,,
01/06/2026 10:02:20,421260,15,.0917,60,10,.0917,46,,,,,,,,,,,,,,,,,,
01/06/2026 10:02:50,421258,10,.045,65,8,.065,52,,,,,,,,,,,,,,,,,,
01/06/2026 10:02:50,421260,6,.0289,78,7,.05,60,,,,,,,,,,,,,,,,,,
01/06/2026 10:03:20,421258,17,.075,60,10,.0939,52,,,,,,,,,,,,,,,,,,
01/06/2026 10:03:20,421260,5,.0239,78,10,.0628,65,,,,,,,,,,,,,,,,,,
01/06/2026 10:03:50,421258,5,.0267,65,8,.105,36,,,,,,,,,,,,,,,,,,
01/06/2026 10:03:50,421260,5,.025,71,6,.0356,65,,,,,,,,,,,,,,,,,,
01/06/2026 10:04:20,421258,14,.0606,60,11,.1239,38,,,,,,,,,,,,,,,,,,
01/06/2026 10:04:20,421260,13,.0728,65,9,.0767,60,,,,,,,,,,,,,,,,,,
01/06/2026 10:04:50,421258,6,.0239,71,12,.1156,46,,,,,,,,,,,,,,,,,,
01/06/2026 10:04:50,421260,13,.0739,65,9,.0656,56,,,,,,,,,,,,,,,,,,
01/06/2026 10:05:20,421258,7,.0278,78,6,.0417,60,,,,,,,,,,,,,,,,,,
01/06/2026 10:05:20,421260,7,.04,71,4,.0228,65,,,,,,,,,,,,,,,,,,
01/06/2026 10:05:50,421258,4,.0156,71,10,.0739,52,,,,,,,,,,,,,,,,,,
01/06/2026 10:05:50,421260,7,.0356,71,7,.0506,60,,,,,,,,,,,,,,,,,,
01/06/2026 10:06:20,421258,16,.0678,65,11,.0939,52,,,,,,,,,,,,,,,,,,
01/06/2026 10:06:20,421260,7,.0417,65,6,.0417,60,,,,,,,,,,,,,,,,,,
01/06/2026 10:06:50,421258,7,.0328,65,7,.0467,56,,,,,,,,,,,,,,,,,,
01/06/2026 10:06:50,421260,6,.03,71,6,.0478,56,,,,,,,,,,,,,,,,,,
01/06/2026 10:07:20,421258,8,.0339,65,4,.0339,56,,,,,,,,,,,,,,,,,,
01/06/2026 10:07:20,421260,4,.02,71,7,.0539,60,,,,,,,,,,,,,,,,,,
01/06/2026 10:07:50,421258,4,.0178,65,6,.0617,49,,,,,,,,,,,,,,,,,,
01/06/2026 10:07:50,421260,1,.0056,71,4,.0239,65,,,,,,,,,,,,,,,,,,
01/06/2026 10:08:20,421258,6,.0267,65,6,.0617,56,,,,,,,,,,,,,,,,,,
01/06/2026 10:08:20,421260,6,.035,65,8,.0617,52,,,,,,,,,,,,,,,,,,
01/06/2026 10:08:50,421258,11,.045,71,5,.0539,49,,,,,,,,,,,,,,,,,,
01/06/2026 10:08:50,421260,11,.0628,65,7,.06,56,,,,,,,,,,,,,,,,,,
01/06/2026 10:09:20,421258,3,.0139,65,5,.0456,52,,,,,,,,,,,,,,,,,,
01/06/2026 10:09:20,421260,11,.0789,65,11,.0789,56,,,,,,,,,,,,,,,,,,
01/06/2026 10:09:50,421258,0,0,0,3,.0217,56,,,,,,,,,,,,,,,,,,
01/06/2026 10:09:50,421260,9,.0628,56,7,.0567,52,,,,,,,,,,,,,,,,,,
01/06/2026 10:10:20,421258,5,.0228,71,4,.0317,52,,,,,,,,,,,,,,,,,,
01/06/2026 10:10:20,421260,9,.0556,60,7,.0628,49,,,,,,,,,,,,,,,,,,
01/06/2026 10:10:50,421258,9,.0428,60,8,.105,42,,,,,,,,,,,,,,,,,,
01/06/2026 10:10:50,421260,15,.0906,60,13,.1417,46,,,,,,,,,,,,,,,,,,
01/06/2026 10:11:20,421258,18,.0967,65,12,.155,46,,,,,,,,,,,,,,,,,,
01/06/2026 10:11:20,421260,6,.0339,65,11,.0889,52,,,,,,,,,,,,,,,,,,
01/06/2026 10:11:50,421258,10,.045,65,5,.0589,52,,,,,,,,,,,,,,,,,,
01/06/2026 10:11:50,421260,7,.0417,65,5,.0606,52,,,,,,,,,,,,,,,,,,
01/06/2026 10:12:20,421258,5,.0228,65,7,.0856,44,,,,,,,,,,,,,,,,,,
01/06/2026 10:12:20,421260,5,.0267,65,6,.0389,56,,,,,,,,,,,,,,,,,,
01/06/2026 10:12:50,421258,11,.0489,71,4,.055,30,,,,,,,,,,,,,,,,,,
01/06/2026 10:12:50,421260,8,.0467,65,8,.0517,56,,,,,,,,,,,,,,,,,,
01/06/2026 10:13:20,421258,11,.0556,60,11,.1906,36,,,,,,,,,,,,,,,,,,
01/06/2026 10:13:20,421260,13,.0756,60,9,.065,56,,,,,,,,,,,,,,,,,,
01/06/2026 10:13:50,421258,8,.035,60,8,.1,40,,,,,,,,,,,,,,,,,,
01/06/2026 10:13:50,421260,15,.0878,65,8,.065,52,,,,,,,,,,,,,,,,,,
01/06/2026 10:14:20,421258,8,.0339,65,7,.0628,46,,,,,,,,,,,,,,,,,,
01/06/2026 10:14:20,421260,3,.0167,65,5,.0489,60,,,,,,,,,,,,,,,,,,
01/06/2026 10:14:50,421258,5,.025,60,6,.0656,44,,,,,,,,,,,,,,,,,,
01/06/2026 10:14:50,421260,6,.0367,65,8,.0606,56,,,,,,,,,,,,,,,,,,
01/06/2026 10:15:20,421258,13,.06,60,11,.1117,46,,,,,,,,,,,,,,,,,,
01/06/2026 10:15:20,421260,11,.0589,65,7,.0467,60,,,,,,,,,,,,,,,,,,
01/06/2026 10:15:50,421258,11,.0467,71,9,.07,56,,,,,,,,,,,,,,,,,,
01/06/2026 10:15:50,421260,9,.0489,71,4,.0328,56,,,,,,,,,,,,,,,,,,
01/06/2026 10:16:20,421258,8,.0356,65,4,.0456,56,,,,,,,,,,,,,,,,,,
01/06/2026 10:16:20,421260,13,.0739,65,11,.095,52,,,,,,,,,,,,,,,,,,
01/06/2026 10:16:50,421258,10,.045,65,8,.0828,52,,,,,,,,,,,,,,,,,,
01/06/2026 10:16:50,421260,7,.0389,65,9,.0639,60,,,,,,,,,,,,,,,,,,
01/06/2026 10:17:20,421258,7,.0256,71,8,.0606,56,,,,,,,,,,,,,,,,,,
01/06/2026 10:17:20,421260,10,.0539,65,9,.0628,60,,,,,,,,,,,,,,,,,,
01/06/2026 10:17:50,421258,9,.0378,71,6,.0528,49,,,,,,,,,,,,,,,,,,
01/06/2026 10:17:50,421260,10,.06,65,8,.0717,49,,,,,,,,,,,,,,,,,,
01/06/2026 10:18:20,421258,8,.0328,71,6,.1017,34,,,,,,,,,,,,,,,,,,
01/06/2026 10:18:20,421260,17,.1156,60,9,.0739,52,,,,,,,,,,,,,,,,,,
01/06/2026 10:18:50,421258,13,.0539,71,9,.1078,44,,,,,,,,,,,,,,,,,,
01/06/2026 10:18:50,421260,12,.07,65,10,.0717,56,,,,,,,,,,,,,,,,,,
01/06/2026 10:19:20,421258,11,.0489,60,7,.0567,56,,,,,,,,,,,,,,,,,,
01/06/2026 10:19:20,421260,11,.0606,71,7,.0439,60,,,,,,,,,,,,,,,,,,
01/06/2026 10:19:50,421258,8,.0339,65,7,.0689,52,,,,,,,,,,,,,,,,,,
01/06/2026 10:19:50,421260,9,.0506,71,8,.0639,56,,,,,,,,,,,,,,,,,,
01/06/2026 10:20:20,421258,10,.0417,71,6,.0889,49,,,,,,,,,,,,,,,,,,
01/06/2026 10:20:20,421260,12,.0678,65,10,.1089,56,,,,,,,,,,,,,,,,,,
01/06/2026 10:20:50,421258,22,.115,60,12,.1278,44,,,,,,,,,,,,,,,,,,
01/06/2026 10:20:50,421260,13,.0756,65,12,.0817,56,,,,,,,,,,,,,,,,,,
01/06/2026 10:21:20,421258,10,.0406,71,7,.0539,52,,,,,,,,,,,,,,,,,,
01/06/2026 10:21:20,421260,15,.0867,71,7,.0467,60,,,,,,,,,,,,,,,,,,
01/06/2026 10:21:50,421258,7,.0306,71,7,.065,49,,,,,,,,,,,,,,,,,,
01/06/2026 10:21:50,421260,15,.085,65,15,.11,56,,,,,,,,,,,,,,,,,,
01/06/2026 10:22:20,421258,10,.0456,65,9,.1256,36,,,,,,,,,,,,,,,,,,
01/06/2026 10:22:20,421260,8,.04,71,3,.02,60,,,,,,,,,,,,,,,,,,
01/06/2026 10:22:50,421258,12,.0517,60,12,.1217,49,,,,,,,,,,,,,,,,,,
01/06/2026 10:22:50,421260,5,.0267,71,4,.0256,60,,,,,,,,,,,,,,,,,,
01/06/2026 10:23:20,421258,16,.0728,65,13,.1089,49,,,,,,,,,,,,,,,,,,
01/06/2026 10:23:20,421260,10,.0506,71,3,.025,52,,,,,,,,,,,,,,,,,,
01/06/2026 10:23:50,421258,13,.06,65,12,.0928,52,,,,,,,,,,,,,,,,,,
01/06/2026 10:23:50,421260,8,.0467,65,7,.065,49,,,,,,,,,,,,,,,,,,
01/06/2026 10:24:20,421258,3,.0117,71,4,.0317,49,,,,,,,,,,,,,,,,,,
01/06/2026 10:24:20,421260,9,.05,71,10,.0656,60,,,,,,,,,,,,,,,,,,
01/06/2026 10:24:50,421258,7,.0278,65,8,.0628,52,,,,,,,,,,,,,,,,,,
01/06/2026 10:24:50,421260,1,.0039,71,6,.0406,56,,,,,,,,,,,,,,,,,,
01/06/2026 10:25:20,421258,5,.0217,71,2,.015,60,,,,,,,,,,,,,,,,,,
01/06/2026 10:25:20,421260,9,.05,65,9,.0678,60,,,,,,,,,,,,,,,,,,
01/06/2026 10:25:50,421258,8,.0339,65,6,.07,49,,,,,,,,,,,,,,,,,,
01/06/2026 10:25:50,421260,11,.0689,60,9,.0578,52,,,,,,,,,,,,,,,,,,
01/06/2026 10:26:20,421258,9,.0406,60,6,.0906,40,,,,,,,,,,,,,,,,,,
01/06/2026 10:26:20,421260,10,.0567,65,7,.0478,56,,,,,,,,,,,,,,,,,,
01/06/2026 10:26:50,421258,6,.0278,65,11,.1039,42,,,,,,,,,,,,,,,,,,
01/06/2026 10:26:50,421260,9,.0517,71,5,.0339,60,,,,,,,,,,,,,,,,,,
01/06/2026 10:27:20,421258,5,.02,71,7,.0589,49,,,,,,,,,,,,,,,,,,
01/06/2026 10:27:20,421260,12,.0678,65,10,.0878,52,,,,,,,,,,,,,,,,,,
01/06/2026 10:27:50,421258,13,.06,65,8,.1078,46,,,,,,,,,,,,,,,,,,
01/06/2026 10:27:50,421260,8,.0417,71,8,.0478,65,,,,,,,,,,,,,,,,,,
01/06/2026 10:28:20,421258,13,.06,65,6,.0689,49,,,,,,,,,,,,,,,,,,
01/06/2026 10:28:20,421260,10,.055,65,7,.0539,56,,,,,,,,,,,,,,,,,,
01/06/2026 10:28:50,421258,6,.0239,78,9,.0628,52,,,,,,,,,,,,,,,,,,
01/06/2026 10:28:50,421260,5,.0256,71,10,.0728,56,,,,,,,,,,,,,,,,,,
01/06/2026 10:29:20,421258,11,.0489,71,7,.0828,49,,,,,,,,,,,,,,,,,,
01/06/2026 10:29:20,421260,9,.0506,71,8,.065,56,,,,,,,,,,,,,,,,,,
01/06/2026 10:29:50,421258,14,.065,65,8,.0856,44,,,,,,,,,,,,,,,,,,
01/06/2026 10:29:50,421260,15,.0856,71,10,.0628,60,,,,,,,,,,,,,,,,,,
01/06/2026 10:30:20,421258,2,.0078,60,7,.0628,46,,,,,,,,,,,,,,,,,,
01/06/2026 10:30:20,421260,7,.0356,71,6,.0406,60,,,,,,,,,,,,,,,,,,
01/06/2026 10:30:50,421258,11,.0467,60,8,.0889,46,,,,,,,,,,,,,,,,,,
01/06/2026 10:30:50,421260,7,.0417,65,8,.0778,49,,,,,,,,,,,,,,,,,,
01/06/2026 10:31:20,421258,5,.0217,78,5,.0439,52,,,,,,,,,,,,,,,,,,
01/06/2026 10:31:20,421260,15,.0917,65,10,.1006,52,,,,,,,,,,,,,,,,,,
01/06/2026 10:31:50,421258,9,.045,65,11,.105,44,,,,,,,,,,,,,,,,,,
01/06/2026 10:31:50,421260,8,.0467,71,8,.0567,60,,,,,,,,,,,,,,,,,,
01/06/2026 10:32:20,421258,14,.0728,56,9,.0839,46,,,,,,,,,,,,,,,,,,
01/06/2026 10:32:20,421260,6,.03,71,6,.0428,60,,,,,,,,,,,,,,,,,,
01/06/2026 10:32:50,421258,5,.02,71,5,.0589,49,,,,,,,,,,,,,,,,,,
01/06/2026 10:32:50,421260,6,.0339,71,7,.045,56,,,,,,,,,,,,,,,,,,
01/06/2026 10:33:20,421258,17,.0789,65,12,.1517,49,,,,,,,,,,,,,,,,,,
01/06/2026 10:33:20,421260,7,.0389,71,4,.0256,65,,,,,,,,,,,,,,,,,,
01/06/2026 10:33:50,421258,6,.0256,71,8,.07,52,,,,,,,,,,,,,,,,,,
01/06/2026 10:33:50,421260,10,.0556,65,7,.0528,56,,,,,,,,,,,,,,,,,,
01/06/2026 10:34:20,421258,6,.0256,65,5,.0428,49,,,,,,,,,,,,,,,,,,
01/06/2026 10:34:20,421260,13,.075,65,7,.0539,56,,,,,,,,,,,,,,,,,,
01/06/2026 10:34:50,421258,7,.0328,65,9,.0817,56,,,,,,,,,,,,,,,,,,
01/06/2026 10:34:50,421260,5,.0267,71,3,.0228,52,,,,,,,,,,,,,,,,,,
01/06/2026 10:35:20,421258,4,.0156,78,3,.02,60,,,,,,,,,,,,,,,,,,
01/06/2026 10:35:20,421260,13,.0739,65,9,.0667,49,,,,,,,,,,,,,,,,,,
01/06/2026 10:35:50,421258,9,.04,71,9,.07,49,,,,,,,,,,,,,,,,,,
01/06/2026 10:35:50,421260,7,.0339,71,4,.0278,60,,,,,,,,,,,,,,,,,,
01/06/2026 10:36:20,421258,10,.0428,65,6,.0689,49,,,,,,,,,,,,,,,,,,
01/06/2026 10:36:20,421260,7,.0428,60,9,.0717,46,,,,,,,,,,,,,,,,,,
01/06/2026 10:36:50,421258,10,.045,60,6,.0706,49,,,,,,,,,,,,,,,,,,
01/06/2026 10:36:50,421260,16,.0989,60,9,.0728,49,,,,,,,,,,,,,,,,,,
01/06/2026 10:37:20,421258,10,.0417,71,6,.07,49,,,,,,,,,,,,,,,,,,
01/06/2026 10:37:20,421260,9,.0539,65,12,.0828,56,,,,,,,,,,,,,,,,,,
01/06/2026 10:37:50,421258,4,.0178,60,7,.0689,49,,,,,,,,,,,,,,,,,,
01/06/2026 10:37:50,421260,4,.02,78,6,.0478,56,,,,,,,,,,,,,,,,,,
01/06/2026 10:38:20,421258,1,.005,60,2,.0156,49,,,,,,,,,,,,,,,,,,
01/06/2026 10:38:20,421260,4,.0217,71,6,.0439,56,,,,,,,,,,,,,,,,,,
01/06/2026 10:38:50,421258,18,.0917,60,12,.1428,44,,,,,,,,,,,,,,,,,,
01/06/2026 10:38:50,421260,9,.0567,65,9,.0617,56,,,,,,,,,,,,,,,,,,
01/06/2026 10:39:20,421258,11,.0528,60,13,.1367,44,,,,,,,,,,,,,,,,,,
01/06/2026 10:39:20,421260,14,.0767,65,11,.1089,52,,,,,,,,,,,,,,,,,,
01/06/2026 10:39:50,421258,5,.0217,65,7,.0728,46,,,,,,,,,,,,,,,,,,
01/06/2026 10:39:50,421260,10,.0517,71,8,.0528,52,,,,,,,,,,,,,,,,,,
01/06/2026 10:40:20,421258,3,.0156,71,5,.0417,49,,,,,,,,,,,,,,,,,,
01/06/2026 10:40:20,421260,11,.0628,71,7,.0406,65,,,,,,,,,,,,,,,,,,
01/06/2026 10:40:50,421258,14,.06,65,11,.0928,49,,,,,,,,,,,,,,,,,,
01/06/2026 10:40:50,421260,5,.025,71,5,.0406,60,,,,,,,,,,,,,,,,,,
01/06/2026 10:41:20,421258,10,.0428,65,6,.1017,49,,,,,,,,,,,,,,,,,,
01/06/2026 10:41:20,421260,10,.0578,65,7,.0528,56,,,,,,,,,,,,,,,,,,
01/06/2026 10:41:50,421258,12,.0539,65,11,.1167,52,,,,,,,,,,,,,,,,,,
01/06/2026 10:41:50,421260,9,.05,65,10,.08,56,,,,,,,,,,,,,,,,,,
01/06/2026 10:42:20,421258,5,.0239,56,8,.0567,56,,,,,,,,,,,,,,,,,,
01/06/2026 10:42:20,421260,9,.0489,65,10,.0689,56,,,,,,,,,,,,,,,,,,
01/06/2026 10:42:50,421258,6,.03,65,5,.0439,52,,,,,,,,,,,,,,,,,,
01/06/2026 10:42:50,421260,6,.03,71,7,.0539,60,,,,,,,,,,,,,,,,,,
01/06/2026 10:43:20,421258,8,.0328,71,5,.0417,49,,,,,,,,,,,,,,,,,,
01/06/2026 10:43:20,421260,14,.0806,65,6,.0406,60,,,,,,,,,,,,,,,,,,
01/06/2026 10:43:50,421258,9,.0406,65,9,.0706,52,,,,,,,,,,,,,,,,,,
01/06/2026 10:43:50,421260,14,.0778,65,13,.1228,52,,,,,,,,,,,,,,,,,,
01/06/2026 10:44:20,421258,8,.0367,65,11,.1017,46,,,,,,,,,,,,,,,,,,
01/06/2026 10:44:20,421260,5,.0306,65,9,.0656,52,,,,,,,,,,,,,,,,,,
01/06/2026 10:44:50,421258,10,.0417,71,7,.0606,52,,,,,,,,,,,,,,,,,,
01/06/2026 10:44:50,421260,11,.06,71,9,.0656,60,,,,,,,,,,,,,,,,,,
01/06/2026 10:45:20,421258,10,.0428,71,8,.0978,49,,,,,,,,,,,,,,,,,,
01/06/2026 10:45:20,421260,9,.0439,71,10,.0656,56,,,,,,,,,,,,,,,,,,
01/06/2026 10:45:50,421258,6,.0378,65,8,.0928,46,,,,,,,,,,,,,,,,,,
01/06/2026 10:45:50,421260,3,.0128,78,2,.0106,71,,,,,,,,,,,,,,,,,,
01/06/2026 10:46:20,421258,10,.0528,56,12,.14,44,,,,,,,,,,,,,,,,,,
01/06/2026 10:46:20,421260,6,.0328,71,7,.05,60,,,,,,,,,,,,,,,,,,
01/06/2026 10:46:50,421258,15,.0739,60,10,.11,46,,,,,,,,,,,,,,,,,,
01/06/2026 10:46:50,421260,7,.0428,71,6,.0389,60,,,,,,,,,,,,,,,,,,
01/06/2026 10:47:20,421258,5,.02,71,4,.03,52,,,,,,,,,,,,,,,,,,
01/06/2026 10:47:20,421260,10,.0517,71,8,.0606,56,,,,,,,,,,,,,,,,,,
01/06/2026 10:47:50,421258,4,.0156,78,6,.055,52,,,,,,,,,,,,,,,,,,
01/06/2026 10:47:50,421260,9,.0456,78,6,.0389,65,,,,,,,,,,,,,,,,,,
01/06/2026 10:48:20,421258,8,.0339,71,7,.0567,49,,,,,,,,,,,,,,,,,,
01/06/2026 10:48:20,421260,10,.055,71,7,.065,56,,,,,,,,,,,,,,,,,,
01/06/2026 10:48:50,421258,3,.0117,78,5,.0489,52,,,,,,,,,,,,,,,,,,
01/06/2026 10:48:50,421260,11,.06,65,13,.0889,56,,,,,,,,,,,,,,,,,,
01/06/2026 10:49:20,421258,13,.0606,65,8,.07,49,,,,,,,,,,,,,,,,,,
01/06/2026 10:49:20,421260,6,.0278,78,7,.0428,65,,,,,,,,,,,,,,,,,,
01/06/2026 10:49:50,421258,9,.0428,65,9,.0617,56,,,,,,,,,,,,,,,,,,
01/06/2026 10:49:50,421260,11,.06,65,13,.0889,60,,,,,,,,,,,,,,,,,,
01/06/2026 10:50:20,421258,4,.0156,65,4,.0467,49,,,,,,,,,,,,,,,,,,
01/06/2026 10:50:20,421260,2,.0089,78,4,.0289,65,,,,,,,,,,,,,,,,,,
01/06/2026 10:50:50,421258,16,.0656,65,12,.1256,44,,,,,,,,,,,,,,,,,,
01/06/2026 10:50:50,421260,13,.0739,65,11,.0778,52,,,,,,,,,,,,,,,,,,
01/06/2026 10:51:20,421258,5,.02,71,9,.0739,49,,,,,,,,,,,,,,,,,,
01/06/2026 10:51:20,421260,8,.0406,78,3,.0239,65,,,,,,,,,,,,,,,,,,
01/06/2026 10:51:50,421258,8,.035,71,12,.0956,52,,,,,,,,,,,,,,,,,,
01/06/2026 10:51:50,421260,7,.04,71,9,.0578,52,,,,,,,,,,,,,,,,,,
01/06/2026 10:52:20,421258,2,.0089,60,6,.0428,56,,,,,,,,,,,,,,,,,,
01/06/2026 10:52:20,421260,5,.0289,65,8,.0517,52,,,,,,,,,,,,,,,,,,
01/06/2026 10:52:50,421258,12,.0539,65,7,.0867,46,,,,,,,,,,,,,,,,,,
01/06/2026 10:52:50,421260,14,.0806,65,11,.0878,56,,,,,,,,,,,,,,,,,,
01/06/2026 10:53:20,421258,7,.0306,71,9,.0706,49,,,,,,,,,,,,,,,,,,
01/06/2026 10:53:20,421260,18,.1117,60,12,.0867,52,,,,,,,,,,,,,,,,,,
01/06/2026 10:53:50,421258,1,.0039,60,2,.0117,60,,,,,,,,,,,,,,,,,,
01/06/2026 10:53:50,421260,7,.0378,65,6,.0639,46,,,,,,,,,,,,,,,,,,
01/06/2026 10:54:20,421258,5,.0217,71,9,.1628,42,,,,,,,,,,,,,,,,,,
01/06/2026 10:54:20,421260,9,.0567,60,7,.0606,49,,,,,,,,,,,,,,,,,,
01/06/2026 10:54:50,421258,17,.0917,60,14,.1278,49,,,,,,,,,,,,,,,,,,
01/06/2026 10:54:50,421260,10,.0539,71,12,.0906,52,,,,,,,,,,,,,,,,,,
01/06/2026 10:55:20,421258,11,.0489,71,5,.0506,52,,,,,,,,,,,,,,,,,,
01/06/2026 10:55:20,421260,15,.0828,65,6,.0567,49,,,,,,,,,,,,,,,,,,
01/06/2026 10:55:50,421258,10,.0439,65,8,.0656,49,,,,,,,,,,,,,,,,,,
01/06/2026 10:55:50,421260,5,.0317,60,4,.0328,52,,,,,,,,,,,,,,,,,,
01/06/2026 10:56:20,421258,11,.0528,60,11,.1439,42,,,,,,,,,,,,,,,,,,
01/06/2026 10:56:20,421260,12,.0689,65,9,.0689,49,,,,,,,,,,,,,,,,,,
01/06/2026 10:56:50,421258,6,.0278,65,7,.0928,40,,,,,,,,,,,,,,,,,,
01/06/2026 10:56:50,421260,11,.06,65,7,.055,56,,,,,,,,,,,,,,,,,,
01/06/2026 10:57:20,421258,13,.0556,65,10,.0889,52,,,,,,,,,,,,,,,,,,
01/06/2026 10:57:20,421260,9,.0539,65,11,.1128,52,,,,,,,,,,,,,,,,,,
01/06/2026 10:57:50,421258,4,.0156,65,6,.0767,46,,,,,,,,,,,,,,,,,,
01/06/2026 10:57:50,421260,11,.0639,65,7,.0578,56,,,,,,,,,,,,,,,,,,
01/06/2026 10:58:20,421258,10,.045,65,6,.0739,44,,,,,,,,,,,,,,,,,,
01/06/2026 10:58:20,421260,12,.0756,60,6,.0517,52,,,,,,,,,,,,,,,,,,
01/06/2026 10:58:50,421258,12,.0606,65,12,.1689,42,,,,,,,,,,,,,,,,,,
01/06/2026 10:58:50,421260,10,.055,71,8,.055,60,,,,,,,,,,,,,,,,,,
01/06/2026 10:59:20,421258,9,.0406,60,6,.0906,44,,,,,,,,,,,,,,,,,,
01/06/2026 10:59:20,421260,8,.0439,71,7,.0456,60,,,,,,,,,,,,,,,,,,
01/06/2026 10:59:50,421258,11,.055,60,6,.0767,46,,,,,,,,,,,,,,,,,,
01/06/2026 10:59:50,421260,12,.0617,71,7,.055,56,,,,,,,,,,,,,,,,,,
01/06/2026 11:00:20,421258,10,.0428,71,5,.0817,52,,,,,,,,,,,,,,,,,,
01/06/2026 11:00:20,421260,10,.0528,71,4,.0267,60,,,,,,,,,,,,,,,,,,
01/06/2026 11:00:50,421258,13,.065,60,11,.1406,44,,,,,,,,,,,,,,,,,,
01/06/2026 11:00:50,421260,6,.0339,71,7,.0417,65,,,,,,,,,,,,,,,,,,
01/06/2026 11:01:20,421258,11,.0467,65,8,.0706,49,,,,,,,,,,,,,,,,,,
01/06/2026 11:01:20,421260,10,.0506,71,6,.0367,60,,,,,,,,,,,,,,,,,,
01/06/2026 11:01:50,421258,7,.0278,71,7,.0628,49,,,,,,,,,,,,,,,,,,
01/06/2026 11:01:50,421260,6,.0278,78,3,.0178,60,,,,,,,,,,,,,,,,,,
01/06/2026 11:02:20,421258,9,.0367,71,7,.0528,52,,,,,,,,,,,,,,,,,,
01/06/2026 11:02:20,421260,7,.0356,71,13,.1,56,,,,,,,,,,,,,,,,,,
01/06/2026 11:02:50,421258,10,.0406,71,6,.0428,56,,,,,,,,,,,,,,,,,,
01/06/2026 11:02:50,421260,6,.0428,65,5,.0389,60,,,,,,,,,,,,,,,,,,
01/06/2026 11:03:20,421258,6,.0239,71,4,.03,60,,,,,,,,,,,,,,,,,,
01/06/2026 11:03:20,421260,6,.0289,86,6,.0256,65,,,,,,,,,,,,,,,,,,
01/06/2026 11:03:50,421258,5,.02,71,5,.035,52,,,,,,,,,,,,,,,,,,
01/06/2026 11:03:50,421260,7,.0489,56,10,.0867,46,,,,,,,,,,,,,,,,,,
01/06/2026 11:04:20,421258,7,.0389,71,11,.1256,49,,,,,,,,,,,,,,,,,,
01/06/2026 11:04:20,421260,12,.0706,60,9,.08,49,,,,,,,,,,,,,,,,,,
01/06/2026 11:04:50,421258,7,.035,65,5,.05,56,,,,,,,,,,,,,,,,,,
01/06/2026 11:04:50,421260,9,.0478,71,10,.0817,56,,,,,,,,,,,,,,,,,,
01/06/2026 11:05:20,421258,1,.005,60,4,.0339,56,,,,,,,,,,,,,,,,,,
01/06/2026 11:05:20,421260,13,.0867,60,10,.0906,56,,,,,,,,,,,,,,,,,,
01/06/2026 11:05:50,421258,2,.0078,78,5,.0506,60,,,,,,,,,,,,,,,,,,
01/06/2026 11:05:50,421260,5,.0256,71,11,.1039,49,,,,,,,,,,,,,,,,,,
01/06/2026 11:06:20,421258,16,.09,52,11,.1289,42,,,,,,,,,,,,,,,,,,
01/06/2026 11:06:20,421260,8,.0389,71,5,.0417,49,,,,,,,,,,,,,,,,,,
01/06/2026 11:06:50,421258,11,.0539,60,12,.1389,42,,,,,,,,,,,,,,,,,,
01/06/2026 11:06:50,421260,4,.0206,71,7,.04,65,,,,,,,,,,,,,,,,,,
01/06/2026 11:07:20,421258,10,.0528,65,8,.0906,44,,,,,,,,,,,,,,,,,,
01/06/2026 11:07:20,421260,3,.015,71,5,.03,65,,,,,,,,,,,,,,,,,,
01/06/2026 11:07:50,421258,6,.0239,71,8,.0967,44,,,,,,,,,,,,,,,,,,
01/06/2026 11:07:50,421260,9,.0489,71,7,.055,60,,,,,,,,,,,,,,,,,,
01/06/2026 11:08:20,421258,11,.0506,65,11,.1128,44,,,,,,,,,,,,,,,,,,
01/06/2026 11:08:20,421260,13,.0767,65,13,.0939,56,,,,,,,,,,,,,,,,,,
01/06/2026 11:08:50,421258,3,.0117,65,7,.0589,56,,,,,,,,,,,,,,,,,,
01/06/2026 11:08:50,421260,6,.0278,71,6,.035,65,,,,,,,,,,,,,,,,,,
01/06/2026 11:09:20,421258,6,.0256,71,5,.035,56,,,,,,,,,,,,,,,,,,
01/06/2026 11:09:20,421260,12,.0639,65,9,.0856,49,,,,,,,,,,,,,,,,,,
01/06/2026 11:09:50,421258,10,.0417,71,7,.0806,49,,,,,,,,,,,,,,,,,,
01/06/2026 11:09:50,421260,8,.0467,65,4,.0267,49,,,,,,,,,,,,,,,,,,
01/06/2026 11:10:20,421258,13,.0617,65,7,.0767,44,,,,,,,,,,,,,,,,,,
01/06/2026 11:10:20,421260,6,.0367,60,9,.085,49,,,,,,,,,,,,,,,,,,
01/06/2026 11:10:50,421258,6,.0239,71,6,.04,56,,,,,,,,,,,,,,,,,,
01/06/2026 11:10:50,421260,4,.02,71,4,.0267,60,,,,,,,,,,,,,,,,,,
01/06/2026 11:11:20,421258,3,.0117,78,8,.0989,49,,,,,,,,,,,,,,,,,,
01/06/2026 11:11:20,421260,8,.0478,65,8,.0828,56,,,,,,,,,,,,,,,,,,
01/06/2026 11:11:50,421258,9,.045,60,8,.1167,42,,,,,,,,,,,,,,,,,,
01/06/2026 11:11:50,421260,16,.0867,65,9,.065,56,,,,,,,,,,,,,,,,,,
01/06/2026 11:12:20,421258,4,.0156,71,4,.04,46,,,,,,,,,,,,,,,,,,
01/06/2026 11:12:20,421260,9,.0467,71,7,.0478,56,,,,,,,,,,,,,,,,,,
01/06/2026 11:12:50,421258,13,.06,65,4,.0928,18,,,,,,,,,,,,,,,,,,
01/06/2026 11:12:50,421260,8,.04,71,11,.0878,52,,,,,,,,,,,,,,,,,,
01/06/2026 11:13:20,421258,1,.0039,78,2,.0167,52,,,,,,,,,,,,,,,,,,
01/06/2026 11:13:20,421260,5,.0239,71,4,.0256,60,,,,,,,,,,,,,,,,,,
01/06/2026 11:13:50,421258,19,.0867,65,9,.1306,42,,,,,,,,,,,,,,,,,,
01/06/2026 11:13:50,421260,5,.03,65,13,.0939,52,,,,,,,,,,,,,,,,,,
01/06/2026 11:14:20,421258,12,.0639,56,12,.0989,46,,,,,,,,,,,,,,,,,,
01/06/2026 11:14:20,421260,3,.0167,65,8,.0567,60,,,,,,,,,,,,,,,,,,
01/06/2026 11:14:50,421258,7,.03,71,7,.075,46,,,,,,,,,,,,,,,,,,
01/06/2026 11:14:50,421260,9,.0539,65,9,.0628,52,,,,,,,,,,,,,,,,,,
01/06/2026 11:15:20,421258,2,.0078,65,5,.04,49,,,,,,,,,,,,,,,,,,
01/06/2026 11:15:20,421260,8,.0489,65,6,.0467,56,,,,,,,,,,,,,,,,,,
01/06/2026 11:15:50,421258,6,.0267,65,9,.0906,44,,,,,,,,,,,,,,,,,,
01/06/2026 11:15:50,421260,7,.0378,65,9,.0556,60,,,,,,,,,,,,,,,,,,
01/06/2026 11:16:20,421258,5,.02,71,11,.1167,42,,,,,,,,,,,,,,,,,,
01/06/2026 11:16:20,421260,5,.0289,65,2,.015,56,,,,,,,,,,,,,,,,,,
01/06/2026 11:16:50,421258,5,.0256,65,6,.0717,49,,,,,,,,,,,,,,,,,,
01/06/2026 11:16:50,421260,5,.0267,65,7,.0539,56,,,,,,,,,,,,,,,,,,
01/06/2026 11:17:20,421258,10,.045,65,13,.1178,49,,,,,,,,,,,,,,,,,,
01/06/2026 11:17:20,421260,8,.0406,65,7,.04,65,,,,,,,,,,,,,,,,,,
01/06/2026 11:17:50,421258,3,.0139,60,8,.0628,52,,,,,,,,,,,,,,,,,,
01/06/2026 11:17:50,421260,5,.0289,65,7,.0456,60,,,,,,,,,,,,,,,,,,
01/06/2026 11:18:20,421258,4,.0178,65,3,.025,52,,,,,,,,,,,,,,,,,,
01/06/2026 11:18:20,421260,16,.0906,65,8,.0689,56,,,,,,,,,,,,,,,,,,
01/06/2026 11:18:50,421258,6,.0256,65,6,.0739,46,,,,,,,,,,,,,,,,,,
01/06/2026 11:18:50,421260,8,.0489,65,12,.0867,56,,,,,,,,,,,,,,,,,,
01/06/2026 11:19:20,421258,8,.0339,65,9,.0656,52,,,,,,,,,,,,,,,,,,
01/06/2026 11:19:20,421260,18,.1139,60,13,.1167,46,,,,,,,,,,,,,,,,,,
01/06/2026 11:19:50,421258,8,.0317,71,9,.085,52,,,,,,,,,,,,,,,,,,
01/06/2026 11:19:50,421260,11,.0617,71,7,.0506,56,,,,,,,,,,,,,,,,,,
01/06/2026 11:20:20,421258,12,.0556,65,11,.0889,52,,,,,,,,,,,,,,,,,,
01/06/2026 11:20:20,421260,4,.0217,71,6,.0489,56,,,,,,,,,,,,,,,,,,
01/06/2026 11:20:50,421258,9,.0378,71,10,.0817,52,,,,,,,,,,,,,,,,,,
01/06/2026 11:20:50,421260,4,.0217,71,5,.0328,60,,,,,,,,,,,,,,,,,,
01/06/2026 11:21:20,421258,14,.0606,65,10,.1117,49,,,,,,,,,,,,,,,,,,
01/06/2026 11:21:20,421260,11,.0578,65,7,.0467,52,,,,,,,,,,,,,,,,,,
01/06/2026 11:21:50,421258,9,.0389,65,10,.09,46,,,,,,,,,,,,,,,,,,
01/06/2026 11:21:50,421260,7,.0389,71,9,.0589,60,,,,,,,,,,,,,,,,,,
01/06/2026 11:22:20,421258,3,.0117,71,3,.0478,46,,,,,,,,,,,,,,,,,,
01/06/2026 11:22:20,421260,10,.0556,71,5,.0328,65,,,,,,,,,,,,,,,,,,
01/06/2026 11:22:50,421258,3,.0117,65,8,.0628,49,,,,,,,,,,,,,,,,,,
01/06/2026 11:22:50,421260,9,.0489,71,11,.0789,56,,,,,,,,,,,,,,,,,,
01/06/2026 11:23:20,421258,8,.035,65,9,.0767,52,,,,,,,,,,,,,,,,,,
01/06/2026 11:23:20,421260,6,.0306,71,4,.0256,56,,,,,,,,,,,,,,,,,,
01/06/2026 11:23:50,421258,11,.0478,71,9,.075,52,,,,,,,,,,,,,,,,,,
01/06/2026 11:23:50,421260,8,.0489,60,9,.0789,56,,,,,,,,,,,,,,,,,,
01/06/2026 11:24:20,421258,10,.0406,71,5,.0289,60,,,,,,,,,,,,,,,,,,
01/06/2026 11:24:20,421260,2,.0106,71,5,.0317,60,,,,,,,,,,,,,,,,,,
01/06/2026 11:24:50,421258,8,.0378,65,10,.0778,52,,,,,,,,,,,,,,,,,,
01/06/2026 11:24:50,421260,4,.02,78,7,.0606,49,,,,,,,,,,,,,,,,,,
01/06/2026 11:25:20,421258,3,.0117,71,4,.0389,56,,,,,,,,,,,,,,,,,,
01/06/2026 11:25:20,421260,1,.005,65,5,.0317,65,,,,,,,,,,,,,,,,,,
01/06/2026 11:25:50,421258,7,.0278,71,7,.065,56,,,,,,,,,,,,,,,,,,
01/06/2026 11:25:50,421260,3,.0189,65,8,.055,49,,,,,,,,,,,,,,,,,,
01/06/2026 11:26:20,421258,2,.0089,65,7,.0567,49,,,,,,,,,,,,,,,,,,
01/06/2026 11:26:20,421260,7,.0317,71,6,.0389,60,,,,,,,,,,,,,,,,,,
01/06/2026 11:26:50,421258,2,.0078,78,6,.0478,52,,,,,,,,,,,,,,,,,,
01/06/2026 11:26:50,421260,8,.0589,65,4,.0256,60,,,,,,,,,,,,,,,,,,
01/06/2026 11:27:20,421258,3,.0117,78,7,.075,49,,,,,,,,,,,,,,,,,,
01/06/2026 11:27:20,421260,16,.1,60,15,.1228,49,,,,,,,,,,,,,,,,,,
01/06/2026 11:27:50,421258,2,.0089,65,8,.0778,49,,,,,,,,,,,,,,,,,,
01/06/2026 11:27:50,421260,11,.0656,65,7,.0589,46,,,,,,,,,,,,,,,,,,
01/06/2026 11:28:20,421258,5,.0228,65,8,.0617,52,,,,,,,,,,,,,,,,,,
01/06/2026 11:28:20,421260,9,.0528,65,9,.0967,49,,,,,,,,,,,,,,,,,,
01/06/2026 11:28:50,421258,9,.0467,65,6,.0417,56,,,,,,,,,,,,,,,,,,
01/06/2026 11:28:50,421260,16,.1,65,8,.0689,52,,,,,,,,,,,,,,,,,,
01/06/2026 11:29:20,421258,12,.0517,65,7,.0706,49,,,,,,,,,,,,,,,,,,
01/06/2026 11:29:20,421260,8,.0417,71,5,.03,65,,,,,,,,,,,,,,,,,,
01/06/2026 11:29:50,421258,8,.0328,78,10,.1156,44,,,,,,,,,,,,,,,,,,
01/06/2026 11:29:50,421260,4,.0228,65,5,.05,49,,,,,,,,,,,,,,,,,,
01/06/2026 11:30:20,421258,9,.045,60,11,.1417,44,,,,,,,,,,,,,,,,,,
01/06/2026 11:30:20,421260,13,.0739,65,10,.0706,52,,,,,,,,,,,,,,,,,,
01/06/2026 11:30:50,421258,18,.0839,65,12,.1439,44,,,,,,,,,,,,,,,,,,
01/06/2026 11:30:50,421260,9,.0489,71,7,.04,60,,,,,,,,,,,,,,,,,,
01/06/2026 11:31:20,421258,4,.0189,65,7,.065,46,,,,,,,,,,,,,,,,,,
01/06/2026 11:31:20,421260,1,.0106,60,6,.0478,52,,,,,,,,,,,,,,,,,,
01/06/2026 11:31:50,421258,3,.0139,71,5,.04,49,,,,,,,,,,,,,,,,,,
01/06/2026 11:31:50,421260,8,.0378,65,8,.0556,60,,,,,,,,,,,,,,,,,,
01/06/2026 11:32:20,421258,16,.0739,65,9,.1,44,,,,,,,,,,,,,,,,,,
01/06/2026 11:32:20,421260,4,.02,71,4,.035,52,,,,,,,,,,,,,,,,,,
01/06/2026 11:32:50,421258,4,.0189,60,8,.095,49,,,,,,,,,,,,,,,,,,
01/06/2026 11:32:50,421260,10,.06,65,9,.0628,56,,,,,,,,,,,,,,,,,,
01/06/2026 11:33:20,421258,6,.0278,65,8,.0628,52,,,,,,,,,,,,,,,,,,
01/06/2026 11:33:20,421260,3,.0189,60,9,.06,52,,,,,,,,,,,,,,,,,,
01/06/2026 11:33:50,421258,5,.02,65,3,.0256,49,,,,,,,,,,,,,,,,,,
01/06/2026 11:33:50,421260,7,.04,65,6,.0439,60,,,,,,,,,,,,,,,,,,
01/06/2026 11:34:20,421258,3,.0117,65,6,.0706,52,,,,,,,,,,,,,,,,,,
01/06/2026 11:34:20,421260,6,.035,65,6,.0489,60,,,,,,,,,,,,,,,,,,
01/06/2026 11:34:50,421258,6,.0278,65,7,.0489,56,,,,,,,,,,,,,,,,,,
01/06/2026 11:34:50,421260,12,.0717,60,13,.105,52,,,,,,,,,,,,,,,,,,
01/06/2026 11:35:20,421258,8,.0378,60,8,.0778,52,,,,,,,,,,,,,,,,,,
01/06/2026 11:35:20,421260,4,.0267,71,9,.0606,60,,,,,,,,,,,,,,,,,,
01/06/2026 11:35:50,421258,3,.0139,60,5,.0467,49,,,,,,,,,,,,,,,,,,
01/06/2026 11:35:50,421260,16,.0839,65,8,.0589,60,,,,,,,,,,,,,,,,,,
01/06/2026 11:36:20,421258,13,.0639,60,6,.1106,42,,,,,,,,,,,,,,,,,,
01/06/2026 11:36:20,421260,4,.0206,71,4,.0256,60,,,,,,,,,,,,,,,,,,
01/06/2026 11:36:50,421258,2,.0078,65,5,.0628,49,,,,,,,,,,,,,,,,,,
01/06/2026 11:36:50,421260,6,.0328,71,5,.0378,56,,,,,,,,,,,,,,,,,,
01/06/2026 11:37:20,421258,19,.0956,56,15,.1556,44,,,,,,,,,,,,,,,,,,
01/06/2026 11:37:20,421260,6,.03,71,9,.0628,56,,,,,,,,,,,,,,,,,,
01/06/2026 11:37:50,421258,6,.0239,78,7,.0589,49,,,,,,,,,,,,,,,,,,
01/06/2026 11:37:50,421260,4,.0228,65,7,.0489,56,,,,,,,,,,,,,,,,,,
01/06/2026 11:38:20,421258,5,.0228,65,7,.0456,56,,,,,,,,,,,,,,,,,,
01/06/2026 11:38:20,421260,2,.01,71,6,.0406,60,,,,,,,,,,,,,,,,,,
01/06/2026 11:38:50,421258,4,.0178,65,4,.0589,44,,,,,,,,,,,,,,,,,,
01/06/2026 11:38:50,421260,11,.0717,56,4,.0328,52,,,,,,,,,,,,,,,,,,
01/06/2026 11:39:20,421258,9,.0389,65,8,.0606,52,,,,,,,,,,,,,,,,,,
01/06/2026 11:39:20,421260,14,.0828,60,10,.0717,52,,,,,,,,,,,,,,,,,,
01/06/2026 11:39:50,421258,2,.0089,60,8,.0628,56,,,,,,,,,,,,,,,,,,
01/06/2026 11:39:50,421260,7,.04,65,8,.0628,52,,,,,,,,,,,,,,,,,,
01/06/2026 11:40:20,421258,5,.02,65,5,.0339,56,,,,,,,,,,,,,,,,,,
01/06/2026 11:40:20,421260,11,.0739,60,9,.0678,52,,,,,,,,,,,,,,,,,,
01/06/2026 11:40:50,421258,6,.0239,71,8,.0967,49,,,,,,,,,,,,,,,,,,
01/06/2026 11:40:50,421260,3,.0178,65,8,.0617,56,,,,,,,,,,,,,,,,,,
01/06/2026 11:41:20,421258,6,.0256,71,9,.0739,52,,,,,,,,,,,,,,,,,,
01/06/2026 11:41:20,421260,10,.08,52,9,.0717,46,,,,,,,,,,,,,,,,,,
01/06/2026 11:41:50,421258,4,.0156,65,5,.0378,56,,,,,,,,,,,,,,,,,,
01/06/2026 11:41:50,421260,9,.0528,65,3,.02,52,,,,,,,,,,,,,,,,,,
01/06/2026 11:42:20,421258,13,.0656,56,14,.1428,46,,,,,,,,,,,,,,,,,,
01/06/2026 11:42:20,421260,9,.0478,71,9,.0728,56,,,,,,,,,,,,,,,,,,
01/06/2026 11:42:50,421258,2,.0078,65,10,.1006,44,,,,,,,,,,,,,,,,,,
01/06/2026 11:42:50,421260,7,.0367,71,4,.03,56,,,,,,,,,,,,,,,,,,
01/06/2026 11:43:20,421258,3,.0117,65,1,.0156,52,,,,,,,,,,,,,,,,,,
01/06/2026 11:43:20,421260,16,.0928,65,5,.0556,56,,,,,,,,,,,,,,,,,,
01/06/2026 11:43:50,421258,18,.0917,56,11,.0928,46,,,,,,,,,,,,,,,,,,
01/06/2026 11:43:50,421260,7,.04,65,8,.0517,60,,,,,,,,,,,,,,,,,,
01/06/2026 11:44:20,421258,10,.0456,65,12,.1239,46,,,,,,,,,,,,,,,,,,
01/06/2026 11:44:20,421260,11,.0617,65,8,.0528,60,,,,,,,,,,,,,,,,,,
01/06/2026 11:44:50,421258,2,.0078,78,6,.0489,52,,,,,,,,,,,,,,,,,,
01/06/2026 11:44:50,421260,9,.0456,71,5,.0678,52,,,,,,,,,,,,,,,,,,
01/06/2026 11:45:20,421258,16,.0656,65,4,.0656,49,,,,,,,,,,,,,,,,,,
01/06/2026 11:45:20,421260,3,.02,60,8,.0589,56,,,,,,,,,,,,,,,,,,
01/06/2026 11:45:50,421258,14,.06,71,12,.1,49,,,,,,,,,,,,,,,,,,
01/06/2026 11:45:50,421260,11,.0589,65,8,.0606,56,,,,,,,,,,,,,,,,,,
01/06/2026 11:46:20,421258,7,.0278,71,4,.0267,60,,,,,,,,,,,,,,,,,,
01/06/2026 11:46:20,421260,14,.0828,65,10,.0856,49,,,,,,,,,,,,,,,,,,
01/06/2026 11:46:50,421258,2,.01,65,4,.0656,52,,,,,,,,,,,,,,,,,,
01/06/2026 11:46:50,421260,14,.0839,65,9,.0706,52,,,,,,,,,,,,,,,,,,
01/06/2026 11:47:20,421258,3,.0117,65,8,.0689,49,,,,,,,,,,,,,,,,,,
01/06/2026 11:47:20,421260,9,.0478,71,5,.0439,52,,,,,,,,,,,,,,,,,,
01/06/2026 11:47:50,421258,10,.0456,60,11,.09,49,,,,,,,,,,,,,,,,,,
01/06/2026 11:47:50,421260,8,.0417,65,6,.045,49,,,,,,,,,,,,,,,,,,
01/06/2026 11:48:20,421258,9,.0367,71,10,.1017,49,,,,,,,,,,,,,,,,,,
01/06/2026 11:48:20,421260,10,.0539,71,7,.0578,52,,,,,,,,,,,,,,,,,,
01/06/2026 11:48:50,421258,11,.05,65,9,.0889,46,,,,,,,,,,,,,,,,,,
01/06/2026 11:48:50,421260,10,.0567,65,11,.1,49,,,,,,,,,,,,,,,,,,
01/06/2026 11:49:20,421258,10,.0478,65,9,.1006,46,,,,,,,,,,,,,,,,,,
01/06/2026 11:49:20,421260,8,.0428,65,8,.0628,52,,,,,,,,,,,,,,,,,,
01/06/2026 11:49:50,421258,1,.0006,78,4,.0567,49,,,,,,,,,,,,,,,,,,
01/06/2026 11:49:50,421260,8,.0506,65,6,.0489,52,,,,,,,,,,,,,,,,,,
01/06/2026 11:50:20,421258,14,.0656,65,11,.1256,44,,,,,,,,,,,,,,,,,,
01/06/2026 11:50:20,421260,10,.0639,60,10,.0889,49,,,,,,,,,,,,,,,,,,
01/06/2026 11:50:50,421258,3,.015,60,6,.0856,44,,,,,,,,,,,,,,,,,,
01/06/2026 11:50:50,421260,9,.0506,65,6,.04,56,,,,,,,,,,,,,,,,,,
01/06/2026 11:51:20,421258,10,.0456,60,10,.1017,46,,,,,,,,,,,,,,,,,,
01/06/2026 11:51:20,421260,7,.0367,71,6,.0389,56,,,,,,,,,,,,,,,,,,
01/06/2026 11:51:50,421258,9,.0389,71,4,.0656,44,,,,,,,,,,,,,,,,,,
01/06/2026 11:51:50,421260,9,.0467,71,7,.0528,60,,,,,,,,,,,,,,,,,,
01/06/2026 11:52:20,421258,8,.0339,65,6,.0767,44,,,,,,,,,,,,,,,,,,
01/06/2026 11:52:20,421260,6,.0339,65,5,.0456,52,,,,,,,,,,,,,,,,,,
01/06/2026 11:52:50,421258,15,.0739,60,13,.1317,46,,,,,,,,,,,,,,,,,,
01/06/2026 11:52:50,421260,4,.025,71,3,.0228,60,,,,,,,,,,,,,,,,,,
01/06/2026 11:53:20,421258,8,.0328,60,3,.0317,52,,,,,,,,,,,,,,,,,,
01/06/2026 11:53:20,421260,10,.0617,60,10,.0889,49,,,,,,,,,,,,,,,,,,
01/06/2026 11:53:50,421258,6,.0256,71,6,.0656,49,,,,,,,,,,,,,,,,,,
01/06/2026 11:53:50,421260,7,.0539,52,8,.07,49,,,,,,,,,,,,,,,,,,
01/06/2026 11:54:20,421258,4,.0178,65,4,.0378,49,,,,,,,,,,,,,,,,,,
01/06/2026 11:54:20,421260,4,.02,71,6,.0417,56,,,,,,,,,,,,,,,,,,
01/06/2026 11:54:50,421258,7,.035,60,8,.0778,49,,,,,,,,,,,,,,,,,,
01/06/2026 11:54:50,421260,3,.015,71,3,.0178,65,,,,,,,,,,,,,,,,,,
01/06/2026 11:55:20,421258,7,.035,65,4,.0539,46,,,,,,,,,,,,,,,,,,
01/06/2026 11:55:20,421260,10,.0539,71,9,.0667,56,,,,,,,,,,,,,,,,,,
01/06/2026 11:55:50,421258,5,.0228,65,6,.0578,44,,,,,,,,,,,,,,,,,,
01/06/2026 11:55:50,421260,5,.0278,71,6,.0478,56,,,,,,,,,,,,,,,,,,
01/06/2026 11:56:20,421258,5,.0217,65,9,.1078,46,,,,,,,,,,,,,,,,,,
01/06/2026 11:56:20,421260,9,.0506,65,11,.0928,52,,,,,,,,,,,,,,,,,,
01/06/2026 11:56:50,421258,5,.0217,71,7,.0489,56,,,,,,,,,,,,,,,,,,
01/06/2026 11:56:50,421260,14,.085,65,9,.0606,56,,,,,,,,,,,,,,,,,,
01/06/2026 11:57:20,421258,9,.0378,71,6,.0478,52,,,,,,,,,,,,,,,,,,
01/06/2026 11:57:20,421260,14,.0828,60,12,.0939,52,,,,,,,,,,,,,,,,,,
01/06/2026 11:57:50,421258,0,0,0,7,.0617,49,,,,,,,,,,,,,,,,,,
01/06/2026 11:57:50,421260,9,.0506,71,5,.0378,60,,,,,,,,,,,,,,,,,,
01/06/2026 11:58:20,421258,11,.0517,60,8,.0739,44,,,,,,,,,,,,,,,,,,
01/06/2026 11:58:20,421260,6,.035,65,4,.0267,60,,,,,,,,,,,,,,,,,,
01/06/2026 11:58:50,421258,15,.0789,56,15,.1439,46,,,,,,,,,,,,,,,,,,
01/06/2026 11:58:50,421260,9,.0767,52,11,.0789,52,,,,,,,,,,,,,,,,,,
01/06/2026 11:59:20,421258,13,.0578,65,7,.1328,44,,,,,,,,,,,,,,,,,,
01/06/2026 11:59:20,421260,6,.0328,71,6,.0606,52,,,,,,,,,,,,,,,,,,
01/06/2026 11:59:50,421258,9,.0406,65,9,.075,52,,,,,,,,,,,,,,,,,,
01/06/2026 11:59:50,421260,3,.0167,71,9,.0578,56,,,,,,,,,,,,,,,,,,
01/06/2026 12:00:20,421258,1,.0039,78,0,.005,0,,,,,,,,,,,,,,,,,,
01/06/2026 12:00:20,421260,8,.0456,65,5,.0567,56,,,,,,,,,,,,,,,,,,
01/06/2026 12:00:50,421258,1,.0039,78,9,.1089,46,,,,,,,,,,,,,,,,,,
01/06/2026 12:00:50,421260,5,.0278,65,10,.0739,52,,,,,,,,,,,,,,,,,,
01/06/2026 12:01:20,421258,12,.0717,56,13,.1239,46,,,,,,,,,,,,,,,,,,
01/06/2026 12:01:20,421260,14,.0889,60,11,.1006,49,,,,,,,,,,,,,,,,,,
01/06/2026 12:01:50,421258,6,.0256,71,7,.1,46,,,,,,,,,,,,,,,,,,
01/06/2026 12:01:50,421260,8,.0556,65,13,.1006,52,,,,,,,,,,,,,,,,,,
01/06/2026 12:02:20,421258,3,.0117,78,8,.0806,46,,,,,,,,,,,,,,,,,,
01/06/2026 12:02:20,421260,7,.0356,71,4,.0306,60,,,,,,,,,,,,,,,,,,
01/06/2026 12:02:50,421258,5,.0228,65,8,.1139,49,,,,,,,,,,,,,,,,,,
01/06/2026 12:02:50,421260,7,.0367,71,9,.065,56,,,,,,,,,,,,,,,,,,
01/06/2026 12:03:20,421258,12,.0556,65,5,.0889,32,,,,,,,,,,,,,,,,,,
01/06/2026 12:03:20,421260,11,.0639,71,8,.0656,56,,,,,,,,,,,,,,,,,,
01/06/2026 12:03:50,421258,12,.0528,71,11,.1367,40,,,,,,,,,,,,,,,,,,
01/06/2026 12:03:50,421260,8,.05,65,6,.0478,52,,,,,,,,,,,,,,,,,,
01/06/2026 12:04:20,421258,4,.0156,71,5,.0428,46,,,,,,,,,,,,,,,,,,
01/06/2026 12:04:20,421260,12,.0639,71,8,.05,65,,,,,,,,,,,,,,,,,,
01/06/2026 12:04:50,421258,9,.0378,71,12,.1089,52,,,,,,,,,,,,,,,,,,
01/06/2026 12:04:50,421260,8,.0428,65,5,.06,56,,,,,,,,,,,,,,,,,,
01/06/2026 12:05:20,421258,6,.0267,71,8,.095,49,,,,,,,,,,,,,,,,,,
01/06/2026 12:05:20,421260,9,.0506,65,9,.0728,49,,,,,,,,,,,,,,,,,,
01/06/2026 12:05:50,421258,11,.0456,71,8,.0628,52,,,,,,,,,,,,,,,,,,
01/06/2026 12:05:50,421260,2,.0089,78,3,.0267,60,,,,,,,,,,,,,,,,,,
01/06/2026 12:06:20,421258,8,.0367,65,6,.0467,52,,,,,,,,,,,,,,,,,,
01/06/2026 12:06:20,421260,6,.0328,71,8,.0506,65,,,,,,,,,,,,,,,,,,
01/06/2026 12:06:50,421258,6,.0256,71,6,.0778,52,,,,,,,,,,,,,,,,,,
01/06/2026 12:06:50,421260,8,.0417,71,12,.085,52,,,,,,,,,,,,,,,,,,
01/06/2026 12:07:20,421258,5,.02,71,5,.0939,49,,,,,,,,,,,,,,,,,,
01/06/2026 12:07:20,421260,14,.0856,60,7,.0656,46,,,,,,,,,,,,,,,,,,
01/06/2026 12:07:50,421258,6,.0256,71,8,.0728,52,,,,,,,,,,,,,,,,,,
01/06/2026 12:07:50,421260,8,.0489,65,9,.0639,56,,,,,,,,,,,,,,,,,,
01/06/2026 12:08:20,421258,3,.0139,71,7,.0617,52,,,,,,,,,,,,,,,,,,
01/06/2026 12:08:20,421260,8,.045,71,7,.0478,60,,,,,,,,,,,,,,,,,,
01/06/2026 12:08:50,421258,6,.0239,65,6,.0689,46,,,,,,,,,,,,,,,,,,
01/06/2026 12:08:50,421260,8,.0428,65,5,.0489,56,,,,,,,,,,,,,,,,,,
01/06/2026 12:09:20,421258,14,.0656,65,8,.095,44,,,,,,,,,,,,,,,,,,
01/06/2026 12:09:20,421260,9,.0456,71,8,.05,65,,,,,,,,,,,,,,,,,,
01/06/2026 12:09:50,421258,11,.0517,60,13,.155,44,,,,,,,,,,,,,,,,,,
01/06/2026 12:09:50,421260,6,.0306,71,8,.0506,60,,,,,,,,,,,,,,,,,,
01/06/2026 12:10:20,421258,5,.02,71,6,.0589,56,,,,,,,,,,,,,,,,,,
01/06/2026 12:10:20,421260,5,.0256,71,7,.0506,56,,,,,,,,,,,,,,,,,,
01/06/2026 12:10:50,421258,8,.0367,65,7,.0706,49,,,,,,,,,,,,,,,,,,
01/06/2026 12:10:50,421260,12,.0617,71,9,.0689,60,,,,,,,,,,,,,,,,,,
01/06/2026 12:11:20,421258,12,.0506,71,6,.0417,56,,,,,,,,,,,,,,,,,,
01/06/2026 12:11:20,421260,12,.0639,71,6,.0406,56,,,,,,,,,,,,,,,,,,
01/06/2026 12:11:50,421258,2,.0078,65,6,.0456,49,,,,,,,,,,,,,,,,,,
01/06/2026 12:11:50,421260,4,.0217,71,10,.0667,60,,,,,,,,,,,,,,,,,,
01/06/2026 12:12:20,421258,7,.03,65,9,.0706,56,,,,,,,,,,,,,,,,,,
01/06/2026 12:12:20,421260,7,.0389,71,5,.0339,60,,,,,,,,,,,,,,,,,,
01/06/2026 12:12:50,421258,12,.0528,71,13,.1089,52,,,,,,,,,,,,,,,,,,
01/06/2026 12:12:50,421260,9,.0528,65,6,.0428,56,,,,,,,,,,,,,,,,,,
01/06/2026 12:13:20,421258,6,.0289,65,6,.0439,56,,,,,,,,,,,,,,,,,,
01/06/2026 12:13:20,421260,15,.0828,65,13,.0967,52,,,,,,,,,,,,,,,,,,
01/06/2026 12:13:50,421258,11,.0456,71,8,.0628,49,,,,,,,,,,,,,,,,,,
01/06/2026 12:13:50,421260,4,.0206,78,9,.0567,65,,,,,,,,,,,,,,,,,,
01/06/2026 12:14:20,421258,0,0,0,5,.0378,56,,,,,,,,,,,,,,,,,,
01/06/2026 12:14:20,421260,4,.0217,71,7,.05,60,,,,,,,,,,,,,,,,,,
01/06/2026 12:14:50,421258,8,.0389,60,6,.0467,52,,,,,,,,,,,,,,,,,,
01/06/2026 12:14:50,421260,8,.0456,65,7,.0506,60,,,,,,,,,,,,,,,,,,
01/06/2026 12:15:20,421258,18,.08,60,13,.155,46,,,,,,,,,,,,,,,,,,
01/06/2026 12:15:20,421260,7,.0367,71,7,.0567,56,,,,,,,,,,,,,,,,,,
01/06/2026 12:15:50,421258,4,.0156,60,9,.0689,56,,,,,,,,,,,,,,,,,,
01/06/2026 12:15:50,421260,9,.0556,60,9,.08,49,,,,,,,,,,,,,,,,,,
01/06/2026 12:16:20,421258,7,.03,65,4,.0478,56,,,,,,,,,,,,,,,,,,
01/06/2026 12:16:20,421260,3,.0167,65,7,.0528,52,,,,,,,,,,,,,,,,,,
01/06/2026 12:16:50,421258,5,.02,71,6,.0617,56,,,,,,,,,,,,,,,,,,
01/06/2026 12:16:50,421260,19,.1256,56,8,.09,52,,,,,,,,,,,,,,,,,,
01/06/2026 12:17:20,421258,10,.05,60,5,.0517,46,,,,,,,,,,,,,,,,,,
01/06/2026 12:17:20,421260,9,.0478,65,5,.0356,60,,,,,,,,,,,,,,,,,,
01/06/2026 12:17:50,421258,7,.035,60,5,.0556,52,,,,,,,,,,,,,,,,,,
01/06/2026 12:17:50,421260,7,.04,65,6,.0439,46,,,,,,,,,,,,,,,,,,
01/06/2026 12:18:20,421258,10,.0428,65,10,.1339,44,,,,,,,,,,,,,,,,,,
01/06/2026 12:18:20,421260,8,.045,65,8,.0717,49,,,,,,,,,,,,,,,,,,
01/06/2026 12:18:50,421258,13,.0739,71,5,.0606,49,,,,,,,,,,,,,,,,,,
01/06/2026 12:18:50,421260,9,.055,65,5,.0539,60,,,,,,,,,,,,,,,,,,
01/06/2026 12:19:20,421258,9,.0378,65,6,.0778,46,,,,,,,,,,,,,,,,,,
01/06/2026 12:19:20,421260,6,.03,71,6,.0417,60,,,,,,,,,,,,,,,,,,
01/06/2026 12:19:50,421258,2,.0078,60,6,.0439,52,,,,,,,,,,,,,,,,,,
01/06/2026 12:19:50,421260,7,.0389,65,8,.0639,52,,,,,,,,,,,,,,,,,,
01/06/2026 12:20:20,421258,9,.0417,65,7,.1306,44,,,,,,,,,,,,,,,,,,
01/06/2026 12:20:20,421260,13,.0728,65,3,.0228,56,,,,,,,,,,,,,,,,,,
01/06/2026 12:20:50,421258,10,.0489,60,11,.1378,44,,,,,,,,,,,,,,,,,,
01/06/2026 12:20:50,421260,6,.035,65,4,.0339,52,,,,,,,,,,,,,,,,,,
01/06/2026 12:21:20,421258,6,.025,78,5,.0389,56,,,,,,,,,,,,,,,,,,
01/06/2026 12:21:20,421260,6,.035,65,6,.0406,60,,,,,,,,,,,,,,,,,,
01/06/2026 12:21:50,421258,6,.0267,65,8,.0817,49,,,,,,,,,,,,,,,,,,
01/06/2026 12:21:50,421260,8,.0489,60,5,.035,52,,,,,,,,,,,,,,,,,,
01/06/2026 12:22:20,421258,8,.0339,71,4,.0317,49,,,,,,,,,,,,,,,,,,
01/06/2026 12:22:20,421260,8,.0506,56,4,.03,49,,,,,,,,,,,,,,,,,,
01/06/2026 12:22:50,421258,8,.0367,71,10,.085,49,,,,,,,,,,,,,,,,,,
01/06/2026 12:22:50,421260,10,.0806,49,5,.0428,44,,,,,,,,,,,,,,,,,,
01/06/2026 12:23:20,421258,3,.0117,71,6,.0417,60,,,,,,,,,,,,,,,,,,
01/06/2026 12:23:20,421260,17,.1656,36,1,.0456,15,,,,,,,,,,,,,,,,,,
01/06/2026 12:23:50,421258,5,.02,71,6,.065,52,,,,,,,,,,,,,,,,,,
01/06/2026 12:23:50,421260,12,.1417,33,9,.1178,32,,,,,,,,,,,,,,,,,,
01/06/2026 12:24:20,421258,3,.0117,65,7,.0539,52,,,,,,,,,,,,,,,,,,
01/06/2026 12:24:20,421260,10,.175,20,2,.0456,15,,,,,,,,,,,,,,,,,,
01/06/2026 12:24:50,421258,4,.0178,65,4,.035,49,,,,,,,,,,,,,,,,,,
01/06/2026 12:24:50,421260,11,.3167,20,6,.1156,23,,,,,,,,,,,,,,,,,,
01/06/2026 12:25:20,421258,11,.0539,65,11,.0967,46,,,,,,,,,,,,,,,,,,
01/06/2026 12:25:20,421260,10,.1889,18,7,.1628,16,,,,,,,,,,,,,,,,,,
01/06/2026 12:25:50,421258,6,.0256,71,3,.02,56,,,,,,,,,,,,,,,,,,
01/06/2026 12:25:50,421260,8,.0639,46,7,.1128,29,,,,,,,,,,,,,,,,,,
01/06/2026 12:26:20,421258,10,.0428,65,6,.07,52,,,,,,,,,,,,,,,,,,
01/06/2026 12:26:20,421260,14,.0839,60,10,.0917,44,,,,,,,,,,,,,,,,,,
01/06/2026 12:26:50,421258,3,.0139,71,5,.0506,46,,,,,,,,,,,,,,,,,,
01/06/2026 12:26:50,421260,7,.0367,71,8,.0628,52,,,,,,,,,,,,,,,,,,
01/06/2026 12:27:20,421258,6,.0239,71,5,.0339,56,,,,,,,,,,,,,,,,,,
01/06/2026 12:27:20,421260,6,.0356,65,10,.0656,60,,,,,,,,,,,,,,,,,,
01/06/2026 12:27:50,421258,8,.0339,65,5,.0606,49,,,,,,,,,,,,,,,,,,
01/06/2026 12:27:50,421260,7,.0389,65,7,.05,60,,,,,,,,,,,,,,,,,,
01/06/2026 12:28:20,421258,1,.005,60,6,.065,49,,,,,,,,,,,,,,,,,,
01/06/2026 12:28:20,421260,5,.0267,71,5,.0317,60,,,,,,,,,,,,,,,,,,
01/06/2026 12:28:50,421258,7,.03,65,4,.0306,49,,,,,,,,,,,,,,,,,,
01/06/2026 12:28:50,421260,15,.0906,65,8,.065,52,,,,,,,,,,,,,,,,,,
01/06/2026 12:29:20,421258,4,.0189,60,1,.0089,44,,,,,,,,,,,,,,,,,,
01/06/2026 12:29:20,421260,11,.0606,65,12,.0878,56,,,,,,,,,,,,,,,,,,
01/06/2026 12:29:50,421258,9,.0489,60,10,.125,44,,,,,,,,,,,,,,,,,,
01/06/2026 12:29:50,421260,5,.0306,71,5,.0367,52,,,,,,,,,,,,,,,,,,
01/06/2026 12:30:20,421258,4,.0156,65,4,.055,49,,,,,,,,,,,,,,,,,,
01/06/2026 12:30:20,421260,3,.0167,65,6,.04,60,,,,,,,,,,,,,,,,,,
01/06/2026 12:30:50,421258,6,.03,65,8,.075,44,,,,,,,,,,,,,,,,,,
01/06/2026 12:30:50,421260,7,.0378,71,11,.0756,60,,,,,,,,,,,,,,,,,,
01/06/2026 12:31:20,421258,6,.0306,60,4,.0306,52,,,,,,,,,,,,,,,,,,
01/06/2026 12:31:20,421260,7,.0406,65,9,.0667,60,,,,,,,,,,,,,,,,,,
01/06/2026 12:31:50,421258,8,.0378,60,6,.0406,52,,,,,,,,,,,,,,,,,,
01/06/2026 12:31:50,421260,14,.0828,60,11,.0778,49,,,,,,,,,,,,,,,,,,
01/06/2026 12:32:20,421258,6,.0339,60,8,.0767,44,,,,,,,,,,,,,,,,,,
01/06/2026 12:32:20,421260,9,.0467,71,6,.0478,56,,,,,,,,,,,,,,,,,,
01/06/2026 12:32:50,421258,10,.0628,44,3,.0228,52,,,,,,,,,,,,,,,,,,
01/06/2026 12:32:50,421260,10,.0606,65,13,.1117,52,,,,,,,,,,,,,,,,,,
01/06/2026 12:33:20,421258,13,.1517,28,8,.1928,18,,,,,,,,,,,,,,,,,,
01/06/2026 12:33:20,421260,13,.0778,65,11,.085,52,,,,,,,,,,,,,,,,,,
01/06/2026 12:33:50,421258,14,.1828,27,10,.1967,22,,,,,,,,,,,,,,,,,,
01/06/2026 12:33:50,421260,9,.0517,65,10,.075,52,,,,,,,,,,,,,,,,,,
01/06/2026 12:34:20,421258,13,.1517,27,6,.18,22,,,,,,,,,,,,,,,,,,
01/06/2026 12:34:20,421260,13,.0839,60,11,.0906,56,,,,,,,,,,,,,,,,,,
01/06/2026 12:34:50,421258,12,.21,23,12,.2967,18,,,,,,,,,,,,,,,,,,
01/06/2026 12:34:50,421260,9,.0478,65,8,.0717,49,,,,,,,,,,,,,,,,,,
01/06/2026 12:35:20,421258,14,.225,20,8,.3217,15,,,,,,,,,,,,,,,,,,
01/06/2026 12:35:20,421260,7,.0417,65,6,.0467,49,,,,,,,,,,,,,,,,,,
01/06/2026 12:35:50,421258,14,.2378,20,11,.3228,19,,,,,,,,,,,,,,,,,,
01/06/2026 12:35:50,421260,8,.0489,60,11,.1028,46,,,,,,,,,,,,,,,,,,
01/06/2026 12:36:20,421258,15,.2256,22,12,.255,20,,,,,,,,,,,,,,,,,,
01/06/2026 12:36:20,421260,7,.0428,65,7,.0628,56,,,,,,,,,,,,,,,,,,
01/06/2026 12:36:50,421258,14,.1978,24,10,.2317,21,,,,,,,,,,,,,,,,,,
01/06/2026 12:36:50,421260,9,.0506,65,10,.0728,52,,,,,,,,,,,,,,,,,,
01/06/2026 12:37:20,421258,13,.1578,29,8,.3028,16,,,,,,,,,,,,,,,,,,
01/06/2026 12:37:20,421260,6,.035,65,5,.0389,52,,,,,,,,,,,,,,,,,,
01/06/2026 12:37:50,421258,13,.14,27,9,.1867,25,,,,,,,,,,,,,,,,,,
01/06/2026 12:37:50,421260,16,.1,56,10,.0839,46,,,,,,,,,,,,,,,,,,
01/06/2026 12:38:20,421258,8,.2617,19,8,.2156,19,,,,,,,,,,,,,,,,,,
01/06/2026 12:38:20,421260,10,.055,71,5,.0406,52,,,,,,,,,,,,,,,,,,
01/06/2026 12:38:50,421258,7,.1889,14,10,.3806,15,,,,,,,,,,,,,,,,,,
01/06/2026 12:38:50,421260,6,.035,65,6,.0389,65,,,,,,,,,,,,,,,,,,
01/06/2026 12:39:20,421258,12,.305,14,7,.4128,11,,,,,,,,,,,,,,,,,,
01/06/2026 12:39:20,421260,9,.0489,65,6,.0489,52,,,,,,,,,,,,,,,,,,
01/06/2026 12:39:50,421258,11,.2778,16,8,.355,12,,,,,,,,,,,,,,,,,,
01/06/2026 12:39:50,421260,7,.035,71,5,.0317,65,,,,,,,,,,,,,,,,,,
01/06/2026 12:40:20,421258,8,.2856,10,7,.425,9,,,,,,,,,,,,,,,,,,
01/06/2026 12:40:20,421260,9,.0489,65,8,.0506,60,,,,,,,,,,,,,,,,,,
01/06/2026 12:40:50,421258,9,.1889,16,7,.4328,9,,,,,,,,,,,,,,,,,,
01/06/2026 12:40:50,421260,9,.0489,65,9,.0767,52,,,,,,,,,,,,,,,,,,
01/06/2026 12:41:20,421258,10,.2256,15,9,.5017,8,,,,,,,,,,,,,,,,,,
01/06/2026 12:41:20,421260,12,.0689,65,8,.0839,52,,,,,,,,,,,,,,,,,,
01/06/2026 12:41:50,421258,11,.2356,16,7,.27,13,,,,,,,,,,,,,,,,,,
01/06/2026 12:41:50,421260,5,.0267,71,8,.0517,56,,,,,,,,,,,,,,,,,,
01/06/2026 12:42:20,421258,12,.1939,21,8,.22,19,,,,,,,,,,,,,,,,,,
01/06/2026 12:42:20,421260,5,.0367,60,8,.055,56,,,,,,,,,,,,,,,,,,
01/06/2026 12:42:50,421258,9,.1117,26,10,.2106,20,,,,,,,,,,,,,,,,,,
01/06/2026 12:42:50,421260,9,.0578,60,9,.0728,52,,,,,,,,,,,,,,,,,,
01/06/2026 12:43:20,421258,12,.1767,23,7,.1717,23,,,,,,,,,,,,,,,,,,
01/06/2026 12:43:20,421260,12,.065,65,9,.0706,56,,,,,,,,,,,,,,,,,,
01/06/2026 12:43:50,421258,8,.2128,15,8,.28,18,,,,,,,,,,,,,,,,,,
01/06/2026 12:43:50,421260,6,.0339,71,5,.0339,60,,,,,,,,,,,,,,,,,,
01/06/2026 12:44:20,421258,5,.0489,28,5,.0839,30,,,,,,,,,,,,,,,,,,
01/06/2026 12:44:20,421260,4,.0306,71,8,.0617,60,,,,,,,,,,,,,,,,,,
01/06/2026 12:44:50,421258,7,.0539,49,5,.0478,42,,,,,,,,,,,,,,,,,,
01/06/2026 12:44:50,421260,6,.0328,65,7,.0478,56,,,,,,,,,,,,,,,,,,
01/06/2026 12:45:20,421258,13,.0628,60,12,.125,46,,,,,,,,,,,,,,,,,,
01/06/2026 12:45:20,421260,11,.0589,71,9,.0628,60,,,,,,,,,,,,,,,,,,
01/06/2026 12:45:50,421258,9,.0517,60,9,.1006,46,,,,,,,,,,,,,,,,,,
01/06/2026 12:45:50,421260,7,.0356,71,6,.0439,60,,,,,,,,,,,,,,,,,,
01/06/2026 12:46:20,421258,4,.0178,65,5,.0428,49,,,,,,,,,,,,,,,,,,
01/06/2026 12:46:20,421260,7,.0406,71,7,.0439,60,,,,,,,,,,,,,,,,,,
01/06/2026 12:46:50,421258,7,.0278,71,5,.0517,49,,,,,,,,,,,,,,,,,,
01/06/2026 12:46:50,421260,7,.0317,71,8,.0556,52,,,,,,,,,,,,,,,,,,
01/06/2026 12:47:20,421258,11,.05,60,10,.085,49,,,,,,,,,,,,,,,,,,
01/06/2026 12:47:20,421260,12,.0689,65,11,.0978,49,,,,,,,,,,,,,,,,,,
01/06/2026 12:47:50,421258,7,.0289,65,7,.0578,49,,,,,,,,,,,,,,,,,,
01/06/2026 12:47:50,421260,8,.0417,65,9,.0689,56,,,,,,,,,,,,,,,,,,
01/06/2026 12:48:20,421258,5,.02,78,7,.0567,52,,,,,,,,,,,,,,,,,,
01/06/2026 12:48:20,421260,11,.0639,65,6,.0417,56,,,,,,,,,,,,,,,,,,
01/06/2026 12:48:50,421258,7,.0278,71,10,.085,49,,,,,,,,,,,,,,,,,,
01/06/2026 12:48:50,421260,7,.0356,71,5,.0356,56,,,,,,,,,,,,,,,,,,
01/06/2026 12:49:20,421258,6,.0256,65,9,.0956,49,,,,,,,,,,,,,,,,,,
01/06/2026 12:49:20,421260,8,.0456,65,8,.0578,52,,,,,,,,,,,,,,,,,,
01/06/2026 12:49:50,421258,11,.0539,65,11,.1017,49,,,,,,,,,,,,,,,,,,
01/06/2026 12:49:50,421260,10,.0617,71,9,.0628,56,,,,,,,,,,,,,,,,,,
01/06/2026 12:50:20,421258,12,.0528,65,8,.0617,52,,,,,,,,,,,,,,,,,,
01/06/2026 12:50:20,421260,7,.035,71,7,.0478,56,,,,,,,,,,,,,,,,,,
01/06/2026 12:50:50,421258,4,.0178,65,6,.07,49,,,,,,,,,,,,,,,,,,
01/06/2026 12:50:50,421260,2,.0089,78,11,.0789,56,,,,,,,,,,,,,,,,,,
01/06/2026 12:51:20,421258,7,.035,65,10,.0839,49,,,,,,,,,,,,,,,,,,
01/06/2026 12:51:20,421260,7,.0378,71,8,.0506,60,,,,,,,,,,,,,,,,,,
01/06/2026 12:51:50,421258,9,.0389,71,8,.0689,49,,,,,,,,,,,,,,,,,,
01/06/2026 12:51:50,421260,7,.04,71,8,.0567,65,,,,,,,,,,,,,,,,,,
01/06/2026 12:52:20,421258,5,.02,78,6,.0639,49,,,,,,,,,,,,,,,,,,
01/06/2026 12:52:20,421260,4,.0189,71,8,.0456,65,,,,,,,,,,,,,,,,,,
01/06/2026 12:52:50,421258,3,.015,60,13,.1406,49,,,,,,,,,,,,,,,,,,
01/06/2026 12:52:50,421260,8,.0467,71,5,.0317,65,,,,,,,,,,,,,,,,,,
01/06/2026 12:53:20,421258,9,.0406,65,10,.09,49,,,,,,,,,,,,,,,,,,
01/06/2026 12:53:20,421260,2,.0106,71,6,.0417,56,,,,,,,,,,,,,,,,,,
01/06/2026 12:53:50,421258,7,.0289,71,7,.0489,56,,,,,,,,,,,,,,,,,,
01/06/2026 12:53:50,421260,9,.0478,71,8,.08,60,,,,,,,,,,,,,,,,,,
01/06/2026 12:54:20,421258,4,.0189,65,3,.0267,60,,,,,,,,,,,,,,,,,,
01/06/2026 12:54:20,421260,9,.05,71,8,.0539,60,,,,,,,,,,,,,,,,,,
01/06/2026 12:54:50,421258,5,.0239,65,5,.0428,56,,,,,,,,,,,,,,,,,,
01/06/2026 12:54:50,421260,4,.0217,71,8,.0539,56,,,,,,,,,,,,,,,,,,
01/06/2026 12:55:20,421258,9,.0378,65,6,.0506,56,,,,,,,,,,,,,,,,,,
01/06/2026 12:55:20,421260,4,.0217,65,7,.0478,56,,,,,,,,,,,,,,,,,,
01/06/2026 12:55:50,421258,9,.0378,65,8,.0856,52,,,,,,,,,,,,,,,,,,
01/06/2026 12:55:50,421260,4,.0217,71,5,.0328,56,,,,,,,,,,,,,,,,,,
01/06/2026 12:56:20,421258,6,.0256,71,8,.0656,49,,,,,,,,,,,,,,,,,,
01/06/2026 12:56:20,421260,8,.0456,65,9,.0678,56,,,,,,,,,,,,,,,,,,
01/06/2026 12:56:50,421258,2,.0128,60,8,.0706,49,,,,,,,,,,,,,,,,,,
01/06/2026 12:56:50,421260,16,.1039,65,7,.0528,52,,,,,,,,,,,,,,,,,,
01/06/2026 12:57:20,421258,7,.0278,71,4,.0339,44,,,,,,,,,,,,,,,,,,
01/06/2026 12:57:20,421260,10,.0556,65,7,.0539,52,,,,,,,,,,,,,,,,,,
01/06/2026 12:57:50,421258,5,.0239,71,6,.0656,56,,,,,,,,,,,,,,,,,,
01/06/2026 12:57:50,421260,9,.0539,65,4,.035,56,,,,,,,,,,,,,,,,,,
01/06/2026 12:58:20,421258,11,.0556,71,5,.0578,49,,,,,,,,,,,,,,,,,,
01/06/2026 12:58:20,421260,11,.0578,71,7,.0456,60,,,,,,,,,,,,,,,,,,
01/06/2026 12:58:50,421258,11,.0506,65,9,.0939,49,,,,,,,,,,,,,,,,,,
01/06/2026 12:58:50,421260,12,.0639,71,7,.0439,60,,,,,,,,,,,,,,,,,,
01/06/2026 12:59:20,421258,5,.02,60,7,.0706,52,,,,,,,,,,,,,,,,,,
01/06/2026 12:59:20,421260,3,.015,71,6,.0389,65,,,,,,,,,,,,,,,,,,
01/06/2026 12:59:50,421258,11,.0456,65,11,.1056,46,,,,,,,,,,,,,,,,,,
01/06/2026 12:59:50,421260,2,.0089,78,5,.0289,65,,,,,,,,,,,,,,,,,,
01/06/2026 13:00:20,421258,5,.02,78,10,.085,56,,,,,,,,,,,,,,,,,,
01/06/2026 13:00:20,421260,12,.065,71,8,.05,65,,,,,,,,,,,,,,,,,,
01/06/2026 13:00:50,421258,9,.0378,78,7,.0567,52,,,,,,,,,,,,,,,,,,
01/06/2026 13:00:50,421260,9,.045,78,6,.0406,65,,,,,,,,,,,,,,,,,,
01/06/2026 13:01:20,421258,2,.0078,78,6,.0378,65,,,,,,,,,,,,,,,,,,
01/06/2026 13:01:20,421260,10,.06,65,10,.0878,49,,,,,,,,,,,,,,,,,,
01/06/2026 13:01:50,421258,8,.0378,65,6,.0378,60,,,,,,,,,,,,,,,,,,
01/06/2026 13:01:50,421260,6,.0328,71,9,.08,49,,,,,,,,,,,,,,,,,,
01/06/2026 13:02:20,421258,9,.0378,65,7,.0456,60,,,,,,,,,,,,,,,,,,
01/06/2026 13:02:20,421260,5,.0278,71,7,.0528,52,,,,,,,,,,,,,,,,,,
01/06/2026 13:02:50,421258,7,.0306,78,7,.065,52,,,,,,,,,,,,,,,,,,
01/06/2026 13:02:50,421260,10,.055,71,6,.05,56,,,,,,,,,,,,,,,,,,
01/06/2026 13:03:20,421258,8,.0328,78,4,.03,52,,,,,,,,,,,,,,,,,,
01/06/2026 13:03:20,421260,8,.0489,65,6,.0639,52,,,,,,,,,,,,,,,,,,
01/06/2026 13:03:50,421258,7,.0306,65,6,.11,42,,,,,,,,,,,,,,,,,,
01/06/2026 13:03:50,421260,13,.0756,65,13,.1067,49,,,,,,,,,,,,,,,,,,
01/06/2026 13:04:20,421258,13,.0578,65,10,.1017,49,,,,,,,,,,,,,,,,,,
01/06/2026 13:04:20,421260,1,.005,71,5,.0328,60,,,,,,,,,,,,,,,,,,
01/06/2026 13:04:50,421258,3,.015,65,4,.04,49,,,,,,,,,,,,,,,,,,
01/06/2026 13:04:50,421260,7,.0356,71,8,.0628,60,,,,,,,,,,,,,,,,,,
01/06/2026 13:05:20,421258,9,.0367,71,8,.055,60,,,,,,,,,,,,,,,,,,
01/06/2026 13:05:20,421260,5,.0267,71,7,.0428,60,,,,,,,,,,,,,,,,,,
01/06/2026 13:05:50,421258,6,.0256,65,6,.08,49,,,,,,,,,,,,,,,,,,
01/06/2026 13:05:50,421260,3,.015,78,2,.0117,60,,,,,,,,,,,,,,,,,,
01/06/2026 13:06:20,421258,7,.0306,65,14,.1378,44,,,,,,,,,,,,,,,,,,
01/06/2026 13:06:20,421260,8,.04,71,5,.0428,60,,,,,,,,,,,,,,,,,,
01/06/2026 13:06:50,421258,6,.0267,71,8,.0728,49,,,,,,,,,,,,,,,,,,
01/06/2026 13:06:50,421260,5,.03,65,4,.0306,56,,,,,,,,,,,,,,,,,,
01/06/2026 13:07:20,421258,3,.0117,71,7,.0528,52,,,,,,,,,,,,,,,,,,
01/06/2026 13:07:20,421260,9,.0456,71,6,.0439,60,,,,,,,,,,,,,,,,,,
01/06/2026 13:07:50,421258,6,.0256,71,4,.0278,52,,,,,,,,,,,,,,,,,,
01/06/2026 13:07:50,421260,11,.07,60,12,.1,52,,,,,,,,,,,,,,,,,,
01/06/2026 13:08:20,421258,5,.02,78,4,.05,44,,,,,,,,,,,,,,,,,,
01/06/2026 13:08:20,421260,4,.0239,60,3,.0256,56,,,,,,,,,,,,,,,,,,
01/06/2026 13:08:50,421258,7,.0339,60,6,.0667,49,,,,,,,,,,,,,,,,,,
01/06/2026 13:08:50,421260,6,.0339,71,4,.03,46,,,,,,,,,,,,,,,,,,
01/06/2026 13:09:20,421258,5,.02,71,5,.0628,56,,,,,,,,,,,,,,,,,,
01/06/2026 13:09:20,421260,9,.0478,65,5,.0467,56,,,,,,,,,,,,,,,,,,
01/06/2026 13:09:50,421258,9,.0378,71,6,.0656,56,,,,,,,,,,,,,,,,,,
01/06/2026 13:09:50,421260,6,.0306,71,3,.0206,52,,,,,,,,,,,,,,,,,,
01/06/2026 13:10:20,421258,3,.0156,60,5,.0617,40,,,,,,,,,,,,,,,,,,
01/06/2026 13:10:20,421260,12,.0656,65,7,.0539,56,,,,,,,,,,,,,,,,,,
01/06/2026 13:10:50,421258,4,.0156,71,4,.055,46,,,,,,,,,,,,,,,,,,
01/06/2026 13:10:50,421260,5,.0256,71,9,.07,56,,,,,,,,,,,,,,,,,,
01/06/2026 13:11:20,421258,8,.0339,65,8,.0739,49,,,,,,,,,,,,,,,,,,
01/06/2026 13:11:20,421260,8,.04,78,6,.05,60,,,,,,,,,,,,,,,,,,
01/06/2026 13:12:20,421258,13,.0556,65,6,.055,46,,,,,,,,,,,,,,,,,,
01/06/2026 13:12:20,421260,5,.0278,65,6,.0406,56,,,,,,,,,,,,,,,,,,
01/06/2026 13:12:50,421258,13,.0539,71,8,.065,56,,,,,,,,,,,,,,,,,,
01/06/2026 13:12:50,421260,9,.0478,65,7,.0467,60,,,,,,,,,,,,,,,,,,
01/06/2026 13:13:20,421258,3,.0117,78,6,.0567,56,,,,,,,,,,,,,,,,,,
01/06/2026 13:13:20,421260,6,.0367,65,8,.0617,52,,,,,,,,,,,,,,,,,,
01/06/2026 13:13:50,421258,8,.035,65,5,.0767,49,,,,,,,,,,,,,,,,,,
01/06/2026 13:13:50,421260,14,.0828,60,7,.0578,56,,,,,,,,,,,,,,,,,,
01/06/2026 13:14:20,421258,10,.0467,65,5,.0356,56,,,,,,,,,,,,,,,,,,
01/06/2026 13:14:20,421260,11,.0606,65,12,.0867,56,,,,,,,,,,,,,,,,,,
01/06/2026 13:14:50,421258,7,.025,78,7,.0539,56,,,,,,,,,,,,,,,,,,
01/06/2026 13:14:50,421260,7,.035,78,9,.0539,65,,,,,,,,,,,,,,,,,,
01/06/2026 13:15:20,421258,3,.0117,65,8,.0589,52,,,,,,,,,,,,,,,,,,
01/06/2026 13:15:20,421260,8,.0439,71,9,.0756,56,,,,,,,,,,,,,,,,,,
01/06/2026 13:15:50,421258,12,.0539,65,12,.1328,44,,,,,,,,,,,,,,,,,,
01/06/2026 13:15:50,421260,4,.0189,78,8,.0456,71,,,,,,,,,,,,,,,,,,
01/06/2026 13:16:20,421258,15,.0689,65,13,.105,52,,,,,,,,,,,,,,,,,,
01/06/2026 13:16:20,421260,2,.0128,65,9,.0617,56,,,,,,,,,,,,,,,,,,
01/06/2026 13:16:50,421258,8,.035,78,5,.0417,52,,,,,,,,,,,,,,,,,,
01/06/2026 13:16:50,421260,3,.015,78,6,.0439,60,,,,,,,,,,,,,,,,,,
01/06/2026 13:17:20,421258,8,.0339,71,7,.0739,52,,,,,,,,,,,,,,,,,,
01/06/2026 13:17:20,421260,12,.0689,65,7,.0717,56,,,,,,,,,,,,,,,,,,
01/06/2026 13:17:50,421258,3,.0139,65,5,.0378,56,,,,,,,,,,,,,,,,,,
01/06/2026 13:17:50,421260,8,.0417,71,5,.0328,60,,,,,,,,,,,,,,,,,,
01/06/2026 13:18:20,421258,5,.0217,71,7,.055,52,,,,,,,,,,,,,,,,,,
01/06/2026 13:18:20,421260,5,.0256,71,6,.0406,60,,,,,,,,,,,,,,,,,,
01/06/2026 13:18:50,421258,9,.0389,65,7,.0539,56,,,,,,,,,,,,,,,,,,
01/06/2026 13:18:50,421260,10,.0528,71,5,.0389,56,,,,,,,,,,,,,,,,,,
01/06/2026 13:19:20,421258,9,.0378,71,3,.0439,44,,,,,,,,,,,,,,,,,,
01/06/2026 13:19:20,421260,3,.0156,71,3,.0267,60,,,,,,,,,,,,,,,,,,
01/06/2026 13:19:50,421258,9,.0389,65,9,.0889,42,,,,,,,,,,,,,,,,,,
01/06/2026 13:19:50,421260,4,.0239,65,10,.0917,52,,,,,,,,,,,,,,,,,,
01/06/2026 13:20:20,421258,4,.0156,65,5,.0389,52,,,,,,,,,,,,,,,,,,
01/06/2026 13:20:20,421260,12,.0767,60,13,.1117,52,,,,,,,,,,,,,,,,,,
01/06/2026 13:20:50,421258,6,.0256,65,7,.0578,52,,,,,,,,,,,,,,,,,,
01/06/2026 13:20:50,421260,8,.0389,71,3,.0239,60,,,,,,,,,,,,,,,,,,
01/06/2026 13:21:20,421258,1,.0039,60,4,.0389,46,,,,,,,,,,,,,,,,,,
01/06/2026 13:21:20,421260,9,.0478,71,7,.0578,52,,,,,,,,,,,,,,,,,,
01/06/2026 13:21:50,421258,2,.0078,60,6,.0467,52,,,,,,,,,,,,,,,,,,
01/06/2026 13:21:50,421260,9,.0506,65,7,.0567,60,,,,,,,,,,,,,,,,,,
01/06/2026 13:22:20,421258,14,.07,60,10,.12,44,,,,,,,,,,,,,,,,,,
01/06/2026 13:22:20,421260,7,.0378,71,7,.045,60,,,,,,,,,,,,,,,,,,
01/06/2026 13:22:50,421258,9,.045,60,7,.0928,44,,,,,,,,,,,,,,,,,,
01/06/2026 13:22:50,421260,8,.0428,65,7,.0489,60,,,,,,,,,,,,,,,,,,
01/06/2026 13:23:20,421258,10,.0467,65,9,.0956,49,,,,,,,,,,,,,,,,,,
01/06/2026 13:23:20,421260,7,.035,71,10,.0739,52,,,,,,,,,,,,,,,,,,
01/06/2026 13:23:50,421258,9,.04,65,10,.0839,52,,,,,,,,,,,,,,,,,,
01/06/2026 13:23:50,421260,5,.0278,71,6,.0439,65,,,,,,,,,,,,,,,,,,
01/06/2026 13:24:20,421258,6,.0239,78,7,.0628,52,,,,,,,,,,,,,,,,,,
01/06/2026 13:24:20,421260,13,.0728,71,9,.0528,56,,,,,,,,,,,,,,,,,,
01/06/2026 13:24:50,421258,7,.0278,65,5,.055,52,,,,,,,,,,,,,,,,,,
01/06/2026 13:24:50,421260,10,.0517,71,9,.0739,52,,,,,,,,,,,,,,,,,,
01/06/2026 13:25:20,421258,11,.05,65,7,.0578,52,,,,,,,,,,,,,,,,,,
01/06/2026 13:25:20,421260,9,.0478,71,5,.04,56,,,,,,,,,,,,,,,,,,
01/06/2026 13:25:50,421258,7,.035,56,5,.0439,44,,,,,,,,,,,,,,,,,,
01/06/2026 13:25:50,421260,7,.0339,78,6,.0478,60,,,,,,,,,,,,,,,,,,
01/06/2026 13:26:20,421258,10,.0489,56,6,.0689,46,,,,,,,,,,,,,,,,,,
01/06/2026 13:26:20,421260,6,.03,71,6,.0406,60,,,,,,,,,,,,,,,,,,
01/06/2026 13:26:50,421258,6,.03,56,8,.0867,49,,,,,,,,,,,,,,,,,,
01/06/2026 13:26:50,421260,11,.06,71,7,.0578,56,,,,,,,,,,,,,,,,,,
01/06/2026 13:27:20,421258,9,.0406,65,6,.0567,56,,,,,,,,,,,,,,,,,,
01/06/2026 13:27:20,421260,4,.02,71,6,.0417,60,,,,,,,,,,,,,,,,,,
01/06/2026 13:27:50,421258,7,.03,71,9,.0756,46,,,,,,,,,,,,,,,,,,
01/06/2026 13:27:50,421260,6,.0317,71,2,.0117,65,,,,,,,,,,,,,,,,,,
01/06/2026 13:28:20,421258,8,.0328,71,9,.0589,56,,,,,,,,,,,,,,,,,,
01/06/2026 13:28:20,421260,9,.055,60,4,.0239,52,,,,,,,,,,,,,,,,,,
01/06/2026 13:28:50,421258,3,.0117,71,6,.0728,49,,,,,,,,,,,,,,,,,,
01/06/2026 13:28:50,421260,5,.0278,65,8,.0578,56,,,,,,,,,,,,,,,,,,
01/06/2026 13:29:20,421258,6,.0239,78,6,.0417,56,,,,,,,,,,,,,,,,,,
01/06/2026 13:29:20,421260,9,.0456,78,6,.0339,65,,,,,,,,,,,,,,,,,,
01/06/2026 13:29:50,421258,2,.0078,78,6,.045,56,,,,,,,,,,,,,,,,,,
01/06/2026 13:29:50,421260,11,.065,65,7,.0489,52,,,,,,,,,,,,,,,,,,
01/06/2026 13:30:20,421258,5,.0217,65,4,.0378,56,,,,,,,,,,,,,,,,,,
01/06/2026 13:30:20,421260,13,.09,52,13,.1278,40,,,,,,,,,,,,,,,,,,
01/06/2026 13:30:50,421258,9,.0428,65,8,.0656,52,,,,,,,,,,,,,,,,,,
01/06/2026 13:30:50,421260,2,.01,78,6,.0428,52,,,,,,,,,,,,,,,,,,
01/06/2026 13:31:20,421258,5,.02,71,7,.0506,52,,,,,,,,,,,,,,,,,,
01/06/2026 13:31:20,421260,12,.0656,71,8,.0539,56,,,,,,,,,,,,,,,,,,
01/06/2026 13:31:50,421258,10,.045,65,9,.0956,49,,,,,,,,,,,,,,,,,,
01/06/2026 13:31:50,421260,15,.1028,56,10,.0828,52,,,,,,,,,,,,,,,,,,
01/06/2026 13:32:20,421258,5,.0228,65,6,.0439,56,,,,,,,,,,,,,,,,,,
01/06/2026 13:32:20,421260,6,.0389,65,4,.035,52,,,,,,,,,,,,,,,,,,
01/06/2026 13:32:50,421258,8,.0406,65,10,.13,42,,,,,,,,,,,,,,,,,,
01/06/2026 13:32:50,421260,10,.0539,60,6,.0517,52,,,,,,,,,,,,,,,,,,
01/06/2026 13:33:20,421258,12,.0578,60,10,.0839,46,,,,,,,,,,,,,,,,,,
01/06/2026 13:33:20,421260,2,.01,86,5,.0317,60,,,,,,,,,,,,,,,,,,
01/06/2026 13:33:50,421258,10,.045,65,8,.0706,49,,,,,,,,,,,,,,,,,,
01/06/2026 13:33:50,421260,5,.0278,71,6,.0389,60,,,,,,,,,,,,,,,,,,
01/06/2026 13:34:20,421258,7,.0328,65,7,.0917,46,,,,,,,,,,,,,,,,,,
01/06/2026 13:34:20,421260,14,.0806,65,10,.0967,52,,,,,,,,,,,,,,,,,,
01/06/2026 13:34:50,421258,7,.03,65,6,.0467,46,,,,,,,,,,,,,,,,,,
01/06/2026 13:34:50,421260,12,.0739,65,9,.0706,56,,,,,,,,,,,,,,,,,,
01/06/2026 13:35:20,421258,6,.0256,71,8,.0878,46,,,,,,,,,,,,,,,,,,
01/06/2026 13:35:20,421260,6,.0317,71,9,.08,56,,,,,,,,,,,,,,,,,,
01/06/2026 13:35:50,421258,6,.0267,71,8,.0728,56,,,,,,,,,,,,,,,,,,
01/06/2026 13:35:50,421260,6,.0339,71,6,.04,60,,,,,,,,,,,,,,,,,,
01/06/2026 13:36:20,421258,11,.05,65,9,.0856,52,,,,,,,,,,,,,,,,,,
01/06/2026 13:36:20,421260,10,.0556,65,4,.0628,52,,,,,,,,,,,,,,,,,,
01/06/2026 13:36:50,421258,7,.035,60,8,.0689,52,,,,,,,,,,,,,,,,,,
01/06/2026 13:36:50,421260,10,.0539,71,12,.1006,56,,,,,,,,,,,,,,,,,,
01/06/2026 13:37:20,421258,9,.0389,65,5,.1128,26,,,,,,,,,,,,,,,,,,
01/06/2026 13:37:20,421260,13,.0739,65,10,.0706,56,,,,,,,,,,,,,,,,,,
01/06/2026 13:37:50,421258,4,.0156,71,5,.05,49,,,,,,,,,,,,,,,,,,
01/06/2026 13:37:50,421260,4,.0206,65,7,.0417,60,,,,,,,,,,,,,,,,,,
01/06/2026 13:38:20,421258,12,.0528,65,6,.0806,46,,,,,,,,,,,,,,,,,,
01/06/2026 13:38:20,421260,11,.065,60,6,.0478,49,,,,,,,,,,,,,,,,,,
01/06/2026 13:38:50,421258,13,.0617,60,13,.1289,49,,,,,,,,,,,,,,,,,,
01/06/2026 13:38:50,421260,9,.0517,65,10,.0706,56,,,,,,,,,,,,,,,,,,
01/06/2026 13:39:20,421258,8,.0339,71,11,.0856,52,,,,,,,,,,,,,,,,,,
01/06/2026 13:39:20,421260,14,.0867,60,8,.0589,56,,,,,,,,,,,,,,,,,,
01/06/2026 13:39:50,421258,6,.0256,65,6,.05,56,,,,,,,,,,,,,,,,,,
01/06/2026 13:39:50,421260,10,.0556,71,6,.0467,56,,,,,,,,,,,,,,,,,,
01/06/2026 13:40:20,421258,12,.05,71,5,.0478,49,,,,,,,,,,,,,,,,,,
01/06/2026 13:40:20,421260,8,.0378,71,5,.0339,60,,,,,,,,,,,,,,,,,,
01/06/2026 13:40:50,421258,5,.0217,65,7,.075,49,,,,,,,,,,,,,,,,,,
01/06/2026 13:40:50,421260,17,.1,60,9,.0989,46,,,,,,,,,,,,,,,,,,
01/06/2026 13:41:20,421258,16,.0728,65,14,.125,46,,,,,,,,,,,,,,,,,,
01/06/2026 13:41:20,421260,18,.1089,60,13,.1056,52,,,,,,,,,,,,,,,,,,
01/06/2026 13:41:50,421258,9,.0378,71,7,.1006,42,,,,,,,,,,,,,,,,,,
01/06/2026 13:41:50,421260,7,.035,71,8,.0628,56,,,,,,,,,,,,,,,,,,
01/06/2026 13:42:20,421258,4,.0156,78,6,.0789,52,,,,,,,,,,,,,,,,,,
01/06/2026 13:42:20,421260,12,.0639,71,7,.0467,60,,,,,,,,,,,,,,,,,,
01/06/2026 13:42:50,421258,12,.0539,65,10,.0928,52,,,,,,,,,,,,,,,,,,
01/06/2026 13:42:50,421260,7,.0367,71,8,.0528,60,,,,,,,,,,,,,,,,,,
01/06/2026 13:43:20,421258,13,.0567,71,13,.1406,46,,,,,,,,,,,,,,,,,,
01/06/2026 13:43:20,421260,12,.0706,71,12,.0856,52,,,,,,,,,,,,,,,,,,
01/06/2026 13:43:50,421258,9,.0378,71,11,.095,46,,,,,,,,,,,,,,,,,,
01/06/2026 13:43:50,421260,5,.0217,78,4,.0378,56,,,,,,,,,,,,,,,,,,
01/06/2026 13:44:20,421258,11,.0489,65,8,.075,46,,,,,,,,,,,,,,,,,,
01/06/2026 13:44:20,421260,12,.0728,60,10,.0806,49,,,,,,,,,,,,,,,,,,
01/06/2026 13:44:50,421258,11,.0456,71,6,.0706,49,,,,,,,,,,,,,,,,,,
01/06/2026 13:44:50,421260,9,.05,71,5,.0489,52,,,,,,,,,,,,,,,,,,
01/06/2026 13:45:20,421258,9,.045,60,9,.0656,52,,,,,,,,,,,,,,,,,,
01/06/2026 13:45:20,421260,4,.0228,71,5,.0356,56,,,,,,,,,,,,,,,,,,
01/06/2026 13:45:50,421258,5,.02,78,5,.0339,60,,,,,,,,,,,,,,,,,,
01/06/2026 13:45:50,421260,12,.0617,71,11,.0817,56,,,,,,,,,,,,,,,,,,
01/06/2026 13:46:20,421258,11,.0489,71,6,.0789,46,,,,,,,,,,,,,,,,,,
01/06/2026 13:46:20,421260,7,.0406,65,10,.0656,60,,,,,,,,,,,,,,,,,,
01/06/2026 13:46:50,421258,9,.0378,60,10,.1017,46,,,,,,,,,,,,,,,,,,
01/06/2026 13:46:50,421260,11,.065,65,8,.0617,56,,,,,,,,,,,,,,,,,,
01/06/2026 13:47:20,421258,6,.0256,71,8,.0589,56,,,,,,,,,,,,,,,,,,
01/06/2026 13:47:20,421260,13,.0717,71,8,.0517,60,,,,,,,,,,,,,,,,,,
01/06/2026 13:47:50,421258,7,.0289,65,8,.085,49,,,,,,,,,,,,,,,,,,
01/06/2026 13:47:50,421260,6,.0317,71,8,.0767,56,,,,,,,,,,,,,,,,,,
01/06/2026 13:48:20,421258,13,.0606,65,11,.0778,52,,,,,,,,,,,,,,,,,,
01/06/2026 13:48:20,421260,13,.0656,71,5,.0278,71,,,,,,,,,,,,,,,,,,
01/06/2026 13:48:50,421258,9,.0406,65,6,.0839,46,,,,,,,,,,,,,,,,,,
01/06/2026 13:48:50,421260,6,.0339,71,10,.0678,56,,,,,,,,,,,,,,,,,,
01/06/2026 13:49:20,421258,12,.0539,65,7,.0467,52,,,,,,,,,,,,,,,,,,
01/06/2026 13:49:20,421260,8,.0506,60,10,.0906,49,,,,,,,,,,,,,,,,,,
01/06/2026 13:49:50,421258,11,.0489,65,6,.0739,46,,,,,,,,,,,,,,,,,,
01/06/2026 13:49:50,421260,8,.045,65,4,.035,65,,,,,,,,,,,,,,,,,,
01/06/2026 13:50:20,421258,9,.0378,71,6,.0606,52,,,,,,,,,,,,,,,,,,
01/06/2026 13:50:20,421260,17,.0939,71,12,.0756,60,,,,,,,,,,,,,,,,,,
01/06/2026 13:50:50,421258,9,.0378,65,7,.0528,52,,,,,,,,,,,,,,,,,,
01/06/2026 13:50:50,421260,9,.0506,65,5,.0506,56,,,,,,,,,,,,,,,,,,
01/06/2026 13:51:20,421258,3,.0117,71,7,.0706,49,,,,,,,,,,,,,,,,,,
01/06/2026 13:51:20,421260,8,.0406,71,10,.1039,52,,,,,,,,,,,,,,,,,,
01/06/2026 13:51:50,421258,13,.0578,65,12,.1056,52,,,,,,,,,,,,,,,,,,
01/06/2026 13:51:50,421260,2,.0106,71,5,.0306,65,,,,,,,,,,,,,,,,,,
01/06/2026 13:52:20,421258,9,.0378,46,14,.1128,52,,,,,,,,,,,,,,,,,,
01/06/2026 13:52:20,421260,6,.035,65,6,.0389,60,,,,,,,,,,,,,,,,,,
01/06/2026 13:52:50,421258,8,.0328,78,6,.0606,52,,,,,,,,,,,,,,,,,,
01/06/2026 13:52:50,421260,8,.0478,60,7,.0567,52,,,,,,,,,,,,,,,,,,
01/06/2026 13:53:20,421258,1,.015,60,4,.05,44,,,,,,,,,,,,,,,,,,
01/06/2026 13:53:20,421260,2,.01,71,6,.0467,60,,,,,,,,,,,,,,,,,,
01/06/2026 13:53:50,421258,6,.0256,65,10,.0856,46,,,,,,,,,,,,,,,,,,
01/06/2026 13:53:50,421260,9,.045,71,6,.045,56,,,,,,,,,,,,,,,,,,
01/06/2026 13:54:20,421258,4,.0156,78,5,.0428,49,,,,,,,,,,,,,,,,,,
01/06/2026 13:54:20,421260,9,.0456,71,5,.0328,60,,,,,,,,,,,,,,,,,,
01/06/2026 13:54:50,421258,5,.0228,71,6,.0567,46,,,,,,,,,,,,,,,,,,
01/06/2026 13:54:50,421260,12,.0656,65,8,.055,56,,,,,,,,,,,,,,,,,,
01/06/2026 13:55:20,421258,6,.0239,65,7,.0817,46,,,,,,,,,,,,,,,,,,
01/06/2026 13:55:20,421260,8,.0528,78,8,.045,65,,,,,,,,,,,,,,,,,,
01/06/2026 13:55:50,421258,10,.0428,65,8,.0656,49,,,,,,,,,,,,,,,,,,
01/06/2026 13:55:50,421260,17,.09,71,7,.0506,56,,,,,,,,,,,,,,,,,,
01/06/2026 13:56:20,421258,13,.0578,65,8,.0817,52,,,,,,,,,,,,,,,,,,
01/06/2026 13:56:20,421260,6,.0306,71,6,.0378,56,,,,,,,,,,,,,,,,,,
01/06/2026 13:56:50,421258,8,.0339,71,7,.0528,52,,,,,,,,,,,,,,,,,,
01/06/2026 13:56:50,421260,10,.0589,65,10,.0756,52,,,,,,,,,,,,,,,,,,
01/06/2026 13:57:20,421258,10,.0539,71,6,.0439,56,,,,,,,,,,,,,,,,,,
01/06/2026 13:57:20,421260,10,.0617,65,13,.0878,56,,,,,,,,,,,,,,,,,,
01/06/2026 13:57:50,421258,8,.0317,71,9,.0656,56,,,,,,,,,,,,,,,,,,
01/06/2026 13:57:50,421260,9,.0489,65,11,.0706,60,,,,,,,,,,,,,,,,,,
01/06/2026 13:58:20,421258,10,.0417,71,7,.0567,49,,,,,,,,,,,,,,,,,,
01/06/2026 13:58:20,421260,2,.0106,71,7,.0628,56,,,,,,,,,,,,,,,,,,
01/06/2026 13:58:50,421258,7,.0306,65,5,.0378,52,,,,,,,,,,,,,,,,,,
01/06/2026 13:58:50,421260,8,.0428,71,7,.0506,56,,,,,,,,,,,,,,,,,,
01/06/2026 13:59:20,421258,13,.0706,60,12,.1239,42,,,,,,,,,,,,,,,,,,
01/06/2026 13:59:20,421260,3,.0139,78,5,.03,56,,,,,,,,,,,,,,,,,,
01/06/2026 13:59:50,421258,12,.0528,60,12,.1078,46,,,,,,,,,,,,,,,,,,
01/06/2026 13:59:50,421260,6,.0339,65,7,.0539,52,,,,,,,,,,,,,,,,,,
01/06/2026 14:00:20,421258,4,.0156,78,6,.0689,52,,,,,,,,,,,,,,,,,,
01/06/2026 14:00:20,421260,9,.0478,65,9,.0739,56,,,,,,,,,,,,,,,,,,
01/06/2026 14:00:50,421258,5,.0228,71,7,.045,56,,,,,,,,,,,,,,,,,,
01/06/2026 14:00:50,421260,10,.055,71,9,.0878,49,,,,,,,,,,,,,,,,,,
01/06/2026 14:01:20,421258,2,.0089,56,3,.0239,56,,,,,,,,,,,,,,,,,,
01/06/2026 14:01:20,421260,8,.045,65,7,.06,60,,,,,,,,,,,,,,,,,,
01/06/2026 14:01:50,421258,11,.05,71,8,.0667,49,,,,,,,,,,,,,,,,,,
01/06/2026 14:01:50,421260,5,.0239,71,2,.0228,56,,,,,,,,,,,,,,,,,,
01/06/2026 14:02:20,421258,7,.0306,71,9,.0817,49,,,,,,,,,,,,,,,,,,
01/06/2026 14:02:20,421260,15,.1128,56,8,.1089,46,,,,,,,,,,,,,,,,,,
01/06/2026 14:02:50,421258,5,.02,78,5,.0578,40,,,,,,,,,,,,,,,,,,
01/06/2026 14:02:50,421260,6,.0406,65,5,.05,60,,,,,,,,,,,,,,,,,,
01/06/2026 14:03:20,421258,12,.0556,60,11,.1256,44,,,,,,,,,,,,,,,,,,
01/06/2026 14:03:20,421260,7,.04,65,7,.05,56,,,,,,,,,,,,,,,,,,
01/06/2026 14:03:50,421258,4,.0206,65,5,.0417,52,,,,,,,,,,,,,,,,,,
01/06/2026 14:03:50,421260,15,.0928,60,6,.065,56,,,,,,,,,,,,,,,,,,
01/06/2026 14:04:20,421258,8,.0356,71,7,.0939,46,,,,,,,,,,,,,,,,,,
01/06/2026 14:04:20,421260,12,.07,65,9,.0656,52,,,,,,,,,,,,,,,,,,
01/06/2026 14:04:50,421258,9,.0539,60,5,.0656,42,,,,,,,,,,,,,,,,,,
01/06/2026 14:04:50,421260,3,.0228,65,6,.0539,60,,,,,,,,,,,,,,,,,,
01/06/2026 14:05:20,421258,5,.0217,71,8,.0656,49,,,,,,,,,,,,,,,,,,
01/06/2026 14:05:20,421260,10,.0578,65,6,.105,49,,,,,,,,,,,,,,,,,,
01/06/2026 14:05:50,421258,7,.0367,60,8,.0689,46,,,,,,,,,,,,,,,,,,
01/06/2026 14:05:50,421260,14,.0878,60,6,.0567,52,,,,,,,,,,,,,,,,,,
01/06/2026 14:06:20,421258,14,.0678,60,11,.1056,52,,,,,,,,,,,,,,,,,,
01/06/2026 14:06:20,421260,6,.0306,71,6,.0489,56,,,,,,,,,,,,,,,,,,
01/06/2026 14:06:50,421258,5,.0217,71,8,.0856,49,,,,,,,,,,,,,,,,,,
01/06/2026 14:06:50,421260,4,.02,71,8,.055,60,,,,,,,,,,,,,,,,,,
01/06/2026 14:07:20,421258,6,.0256,65,4,.08,38,,,,,,,,,,,,,,,,,,
01/06/2026 14:07:20,421260,7,.0367,71,7,.0589,60,,,,,,,,,,,,,,,,,,
01/06/2026 14:07:50,421258,15,.0728,60,14,.1578,44,,,,,,,,,,,,,,,,,,
01/06/2026 14:07:50,421260,8,.045,65,5,.0306,52,,,,,,,,,,,,,,,,,,
01/06/2026 14:08:20,421258,6,.0239,71,6,.0606,49,,,,,,,,,,,,,,,,,,
01/06/2026 14:08:20,421260,6,.0306,78,5,.0317,65,,,,,,,,,,,,,,,,,,
01/06/2026 14:08:50,421258,3,.0117,78,4,.0278,56,,,,,,,,,,,,,,,,,,
01/06/2026 14:08:50,421260,2,.0128,60,3,.0317,56,,,,,,,,,,,,,,,,,,
01/06/2026 14:09:20,421258,11,.0506,65,7,.085,46,,,,,,,,,,,,,,,,,,
01/06/2026 14:09:20,421260,4,.0206,71,7,.0439,56,,,,,,,,,,,,,,,,,,
01/06/2026 14:09:50,421258,7,.0328,71,7,.0817,46,,,,,,,,,,,,,,,,,,
01/06/2026 14:09:50,421260,5,.0278,78,6,.0356,65,,,,,,,,,,,,,,,,,,
01/06/2026 14:10:20,421258,2,.01,78,4,.03,60,,,,,,,,,,,,,,,,,,
01/06/2026 14:10:20,421260,3,.0106,65,2,.0167,60,,,,,,,,,,,,,,,,,,
01/06/2026 14:10:50,421258,1,.0039,78,4,.0239,65,,,,,,,,,,,,,,,,,,
01/06/2026 14:10:50,421260,8,.05,56,8,.0628,56,,,,,,,,,,,,,,,,,,
01/06/2026 14:11:20,421258,6,.0239,71,9,.0778,49,,,,,,,,,,,,,,,,,,
01/06/2026 14:11:20,421260,6,.0367,65,4,.035,56,,,,,,,,,,,,,,,,,,
01/06/2026 14:11:50,421258,2,.0078,78,4,.0256,60,,,,,,,,,,,,,,,,,,
01/06/2026 14:11:50,421260,5,.0278,65,5,.0389,56,,,,,,,,,,,,,,,,,,
01/06/2026 14:12:20,421258,5,.02,78,3,.0256,56,,,,,,,,,,,,,,,,,,
01/06/2026 14:12:20,421260,4,.0217,65,8,.0556,56,,,,,,,,,,,,,,,,,,
01/06/2026 14:12:50,421258,5,.0217,65,8,.0589,56,,,,,,,,,,,,,,,,,,
01/06/2026 14:12:50,421260,13,.0728,65,5,.0456,52,,,,,,,,,,,,,,,,,,
01/06/2026 14:13:20,421258,4,.0178,65,5,.0478,49,,,,,,,,,,,,,,,,,,
01/06/2026 14:13:20,421260,14,.0767,65,7,.0428,60,,,,,,,,,,,,,,,,,,
01/06/2026 14:13:50,421258,3,.0139,65,4,.03,52,,,,,,,,,,,,,,,,,,
01/06/2026 14:13:50,421260,4,.0217,71,8,.0567,56,,,,,,,,,,,,,,,,,,
01/06/2026 14:14:20,421258,7,.0306,65,3,.0239,49,,,,,,,,,,,,,,,,,,
01/06/2026 14:14:20,421260,13,.0706,65,10,.0789,52,,,,,,,,,,,,,,,,,,
01/06/2026 14:14:50,421258,14,.0689,65,9,.0789,46,,,,,,,,,,,,,,,,,,
01/06/2026 14:14:50,421260,11,.065,65,9,.0567,60,,,,,,,,,,,,,,,,,,
01/06/2026 14:15:20,421258,12,.0567,60,9,.0889,46,,,,,,,,,,,,,,,,,,
01/06/2026 14:15:20,421260,11,.06,71,5,.0517,56,,,,,,,,,,,,,,,,,,
01/06/2026 14:15:50,421258,5,.0217,71,6,.0517,52,,,,,,,,,,,,,,,,,,
01/06/2026 14:15:50,421260,11,.0667,65,7,.0567,49,,,,,,,,,,,,,,,,,,
01/06/2026 14:16:20,421258,12,.0506,65,8,.075,46,,,,,,,,,,,,,,,,,,
01/06/2026 14:16:20,421260,6,.03,78,3,.0317,56,,,,,,,,,,,,,,,,,,
01/06/2026 14:16:50,421258,11,.0506,65,12,.0939,49,,,,,,,,,,,,,,,,,,
01/06/2026 14:16:50,421260,12,.0656,71,6,.0478,56,,,,,,,,,,,,,,,,,,
01/06/2026 14:17:20,421258,12,.0556,65,5,.0517,46,,,,,,,,,,,,,,,,,,
01/06/2026 14:17:20,421260,5,.0256,65,4,.03,56,,,,,,,,,,,,,,,,,,
01/06/2026 14:17:50,421258,7,.0306,71,5,.0578,42,,,,,,,,,,,,,,,,,,
01/06/2026 14:17:50,421260,7,.0389,65,6,.0406,60,,,,,,,,,,,,,,,,,,
01/06/2026 14:18:20,421258,5,.0239,60,8,.0978,49,,,,,,,,,,,,,,,,,,
01/06/2026 14:18:20,421260,14,.075,71,7,.0478,56,,,,,,,,,,,,,,,,,,
01/06/2026 14:18:50,421258,6,.0256,71,8,.0689,52,,,,,,,,,,,,,,,,,,
01/06/2026 14:18:50,421260,4,.0217,65,7,.0489,56,,,,,,,,,,,,,,,,,,
01/06/2026 14:19:20,421258,4,.0178,65,8,.07,49,,,,,,,,,,,,,,,,,,
01/06/2026 14:19:20,421260,7,.0328,78,4,.0267,60,,,,,,,,,,,,,,,,,,
01/06/2026 14:19:50,421258,10,.0406,65,7,.0567,52,,,,,,,,,,,,,,,,,,
01/06/2026 14:19:50,421260,8,.04,71,7,.0439,60,,,,,,,,,,,,,,,,,,
01/06/2026 14:20:20,421258,7,.0328,65,7,.0789,49,,,,,,,,,,,,,,,,,,
01/06/2026 14:20:20,421260,11,.0606,65,8,.0517,60,,,,,,,,,,,,,,,,,,
01/06/2026 14:20:50,421258,3,.0117,71,6,.05,49,,,,,,,,,,,,,,,,,,
01/06/2026 14:20:50,421260,6,.0306,78,3,.0228,60,,,,,,,,,,,,,,,,,,
01/06/2026 14:21:20,421258,8,.0328,65,8,.0567,52,,,,,,,,,,,,,,,,,,
01/06/2026 14:21:20,421260,11,.0578,65,4,.0467,46,,,,,,,,,,,,,,,,,,
01/06/2026 14:21:50,421258,14,.06,71,8,.0667,49,,,,,,,,,,,,,,,,,,
01/06/2026 14:21:50,421260,12,.0717,65,13,.1256,46,,,,,,,,,,,,,,,,,,
01/06/2026 14:22:20,421258,6,.0256,71,4,.0278,60,,,,,,,,,,,,,,,,,,
01/06/2026 14:22:20,421260,5,.0306,65,5,.0428,56,,,,,,,,,,,,,,,,,,
01/06/2026 14:22:50,421258,3,.0117,71,3,.0256,60,,,,,,,,,,,,,,,,,,
01/06/2026 14:22:50,421260,10,.0578,65,8,.055,56,,,,,,,,,,,,,,,,,,
01/06/2026 14:23:20,421258,6,.0239,71,7,.055,52,,,,,,,,,,,,,,,,,,
01/06/2026 14:23:20,421260,6,.0306,71,5,.03,65,,,,,,,,,,,,,,,,,,
01/06/2026 14:23:50,421258,11,.0506,65,6,.09,34,,,,,,,,,,,,,,,,,,
01/06/2026 14:23:50,421260,11,.0639,65,9,.0617,60,,,,,,,,,,,,,,,,,,
01/06/2026 14:24:20,421258,9,.0417,60,9,.1178,42,,,,,,,,,,,,,,,,,,
01/06/2026 14:24:20,421260,5,.0239,78,5,.0306,60,,,,,,,,,,,,,,,,,,
01/06/2026 14:24:50,421258,12,.0539,65,7,.0778,49,,,,,,,,,,,,,,,,,,
01/06/2026 14:24:50,421260,4,.0217,65,5,.0356,60,,,,,,,,,,,,,,,,,,
01/06/2026 14:25:20,421258,9,.0367,71,6,.0406,56,,,,,,,,,,,,,,,,,,
01/06/2026 14:25:20,421260,5,.0228,71,5,.0328,60,,,,,,,,,,,,,,,,,,
01/06/2026 14:25:50,421258,11,.0467,71,8,.09,46,,,,,,,,,,,,,,,,,,
01/06/2026 14:25:50,421260,9,.05,71,13,.0928,56,,,,,,,,,,,,,,,,,,
01/06/2026 14:26:20,421258,1,.0039,60,6,.0428,56,,,,,,,,,,,,,,,,,,
01/06/2026 14:26:20,421260,5,.025,78,5,.0317,60,,,,,,,,,,,,,,,,,,
01/06/2026 14:26:50,421258,6,.0256,71,3,.0217,56,,,,,,,,,,,,,,,,,,
01/06/2026 14:26:50,421260,5,.0267,71,4,.0256,60,,,,,,,,,,,,,,,,,,
01/06/2026 14:27:20,421258,3,.0117,78,4,.03,56,,,,,,,,,,,,,,,,,,
01/06/2026 14:27:20,421260,12,.065,71,11,.08,56,,,,,,,,,,,,,,,,,,
01/06/2026 14:27:50,421258,11,.0528,60,10,.0806,49,,,,,,,,,,,,,,,,,,
01/06/2026 14:27:50,421260,16,.0989,65,12,.085,56,,,,,,,,,,,,,,,,,,
01/06/2026 14:28:20,421258,2,.0078,78,7,.0589,46,,,,,,,,,,,,,,,,,,
01/06/2026 14:28:20,421260,8,.0356,71,5,.0328,60,,,,,,,,,,,,,,,,,,
01/06/2026 14:28:50,421258,8,.0339,65,7,.0456,56,,,,,,,,,,,,,,,,,,
01/06/2026 14:28:50,421260,4,.0189,78,4,.0228,60,,,,,,,,,,,,,,,,,,
01/06/2026 14:29:20,421258,11,.0478,65,5,.0706,52,,,,,,,,,,,,,,,,,,
01/06/2026 14:29:20,421260,10,.0567,65,7,.0589,49,,,,,,,,,,,,,,,,,,
01/06/2026 14:29:50,421258,19,.0967,60,13,.125,46,,,,,,,,,,,,,,,,,,
01/06/2026 14:29:50,421260,4,.02,78,6,.0356,65,,,,,,,,,,,,,,,,,,
01/06/2026 14:30:20,421258,6,.025,71,7,.0589,52,,,,,,,,,,,,,,,,,,
01/06/2026 14:30:20,421260,9,.0478,71,3,.0206,60,,,,,,,,,,,,,,,,,,
01/06/2026 14:30:50,421258,3,.0117,78,5,.0517,52,,,,,,,,,,,,,,,,,,
01/06/2026 14:30:50,421260,15,.0867,65,10,.0678,60,,,,,,,,,,,,,,,,,,
01/06/2026 14:31:20,421258,7,.03,71,8,.0867,49,,,,,,,,,,,,,,,,,,
01/06/2026 14:31:20,421260,10,.0506,71,6,.0367,65,,,,,,,,,,,,,,,,,,
01/06/2026 14:31:50,421258,7,.0306,65,10,.0728,52,,,,,,,,,,,,,,,,,,
01/06/2026 14:31:50,421260,10,.0589,65,10,.0639,56,,,,,,,,,,,,,,,,,,
01/06/2026 14:32:20,421258,6,.0256,65,5,.0478,52,,,,,,,,,,,,,,,,,,
01/06/2026 14:32:20,421260,6,.03,71,6,.0356,65,,,,,,,,,,,,,,,,,,
01/06/2026 14:32:50,421258,13,.0656,60,9,.0917,46,,,,,,,,,,,,,,,,,,
01/06/2026 14:32:50,421260,10,.0478,78,5,.0289,65,,,,,,,,,,,,,,,,,,
01/06/2026 14:33:20,421258,10,.045,71,8,.0567,52,,,,,,,,,,,,,,,,,,
01/06/2026 14:33:20,421260,5,.0239,71,2,.0117,60,,,,,,,,,,,,,,,,,,
01/06/2026 14:33:50,421258,10,.0456,65,8,.07,49,,,,,,,,,,,,,,,,,,
01/06/2026 14:33:50,421260,2,.01,71,5,.0339,60,,,,,,,,,,,,,,,,,,
01/06/2026 14:34:20,421258,11,.045,71,8,.0539,56,,,,,,,,,,,,,,,,,,
01/06/2026 14:34:20,421260,10,.0567,65,4,.0289,52,,,,,,,,,,,,,,,,,,
01/06/2026 14:34:50,421258,3,.0117,78,4,.0267,60,,,,,,,,,,,,,,,,,,
01/06/2026 14:34:50,421260,11,.0617,65,5,.0439,52,,,,,,,,,,,,,,,,,,
01/06/2026 14:35:20,421258,1,.0039,78,4,.03,56,,,,,,,,,,,,,,,,,,
01/06/2026 14:35:20,421260,8,.0456,65,6,.0428,56,,,,,,,,,,,,,,,,,,
01/06/2026 14:35:50,421258,2,.0078,65,3,.02,52,,,,,,,,,,,,,,,,,,
01/06/2026 14:35:50,421260,6,.0317,71,7,.0467,52,,,,,,,,,,,,,,,,,,
01/06/2026 14:36:20,421258,9,.0428,65,9,.0767,49,,,,,,,,,,,,,,,,,,
01/06/2026 14:36:20,421260,9,.0539,65,7,.05,56,,,,,,,,,,,,,,,,,,
01/06/2026 14:36:50,421258,10,.0467,60,8,.0889,49,,,,,,,,,,,,,,,,,,
01/06/2026 14:36:50,421260,6,.035,71,7,.0478,60,,,,,,,,,,,,,,,,,,
01/06/2026 14:37:20,421258,4,.0156,65,7,.0578,52,,,,,,,,,,,,,,,,,,
01/06/2026 14:37:20,421260,13,.075,60,10,.07,52,,,,,,,,,,,,,,,,,,
01/06/2026 14:37:50,421258,8,.035,71,4,.0378,49,,,,,,,,,,,,,,,,,,
01/06/2026 14:37:50,421260,8,.0428,71,7,.0489,56,,,,,,,,,,,,,,,,,,
01/06/2026 14:38:20,421258,10,.0467,65,11,.0939,46,,,,,,,,,,,,,,,,,,
01/06/2026 14:38:20,421260,7,.0367,71,5,.0289,60,,,,,,,,,,,,,,,,,,
01/06/2026 14:38:50,421258,9,.0367,78,4,.0339,52,,,,,,,,,,,,,,,,,,
01/06/2026 14:38:50,421260,13,.0728,65,9,.0617,52,,,,,,,,,,,,,,,,,,
01/06/2026 14:39:20,421258,11,.0489,65,9,.0828,46,,,,,,,,,,,,,,,,,,
01/06/2026 14:39:20,421260,6,.0317,71,4,.0306,56,,,,,,,,,,,,,,,,,,
01/06/2026 14:39:50,421258,5,.02,71,8,.0817,49,,,,,,,,,,,,,,,,,,
01/06/2026 14:39:50,421260,4,.02,71,7,.0506,60,,,,,,,,,,,,,,,,,,
01/06/2026 14:40:20,421258,6,.0239,78,8,.0617,49,,,,,,,,,,,,,,,,,,
01/06/2026 14:40:20,421260,10,.0528,65,10,.0828,56,,,,,,,,,,,,,,,,,,
01/06/2026 14:40:50,421258,9,.0389,60,8,.0767,49,,,,,,,,,,,,,,,,,,
01/06/2026 14:40:50,421260,8,.0417,71,6,.0367,65,,,,,,,,,,,,,,,,,,
01/06/2026 14:41:20,421258,5,.0217,65,7,.0667,52,,,,,,,,,,,,,,,,,,
01/06/2026 14:41:20,421260,6,.03,78,10,.0656,60,,,,,,,,,,,,,,,,,,
01/06/2026 14:41:50,421258,4,.0156,65,3,.0378,56,,,,,,,,,,,,,,,,,,
01/06/2026 14:41:50,421260,10,.0639,65,7,.0406,60,,,,,,,,,,,,,,,,,,
01/06/2026 14:42:20,421258,15,.0617,65,8,.0956,49,,,,,,,,,,,,,,,,,,
01/06/2026 14:42:20,421260,7,.0378,71,8,.05,65,,,,,,,,,,,,,,,,,,
01/06/2026 14:42:50,421258,6,.0256,71,6,.0606,56,,,,,,,,,,,,,,,,,,
01/06/2026 14:42:50,421260,11,.0639,65,6,.0367,65,,,,,,,,,,,,,,,,,,
01/06/2026 14:43:20,421258,4,.0239,65,9,.0728,49,,,,,,,,,,,,,,,,,,
01/06/2026 14:43:20,421260,7,.04,65,5,.0317,52,,,,,,,,,,,,,,,,,,
01/06/2026 14:43:50,421258,13,.0606,65,8,.065,56,,,,,,,,,,,,,,,,,,
01/06/2026 14:43:50,421260,2,.0089,78,4,.025,60,,,,,,,,,,,,,,,,,,
01/06/2026 14:44:20,421258,2,.0078,65,7,.0489,56,,,,,,,,,,,,,,,,,,
01/06/2026 14:44:20,421260,5,.0239,78,6,.0667,65,,,,,,,,,,,,,,,,,,
01/06/2026 14:44:50,421258,13,.0567,71,7,.0528,56,,,,,,,,,,,,,,,,,,
01/06/2026 14:44:50,421260,9,.0489,71,7,.0956,56,,,,,,,,,,,,,,,,,,
01/06/2026 14:45:20,421258,4,.0156,78,7,.0628,49,,,,,,,,,,,,,,,,,,
01/06/2026 14:45:20,421260,12,.0656,71,7,.0439,56,,,,,,,,,,,,,,,,,,
01/06/2026 14:45:50,421258,3,.0139,71,7,.0506,56,,,,,,,,,,,,,,,,,,
01/06/2026 14:45:50,421260,10,.055,65,6,.045,56,,,,,,,,,,,,,,,,,,
01/06/2026 14:46:20,421258,4,.0156,78,5,.0589,60,,,,,,,,,,,,,,,,,,
01/06/2026 14:46:20,421260,9,.0467,71,5,.03,60,,,,,,,,,,,,,,,,,,
01/06/2026 14:46:50,421258,13,.0567,65,6,.0939,49,,,,,,,,,,,,,,,,,,
01/06/2026 14:46:50,421260,8,.0478,65,11,.0756,56,,,,,,,,,,,,,,,,,,
01/06/2026 14:47:20,421258,6,.0256,65,6,.0378,56,,,,,,,,,,,,,,,,,,
01/06/2026 14:47:20,421260,5,.0256,78,5,.0328,60,,,,,,,,,,,,,,,,,,
01/06/2026 14:47:50,421258,13,.0617,60,7,.0817,52,,,,,,,,,,,,,,,,,,
01/06/2026 14:47:50,421260,8,.0389,71,8,.0539,56,,,,,,,,,,,,,,,,,,
01/06/2026 14:48:20,421258,10,.045,65,9,.0628,56,,,,,,,,,,,,,,,,,,
01/06/2026 14:48:20,421260,12,.06,71,8,.0517,60,,,,,,,,,,,,,,,,,,
01/06/2026 14:48:50,421258,6,.0239,78,7,.0578,52,,,,,,,,,,,,,,,,,,
01/06/2026 14:48:50,421260,2,.0167,65,8,.065,56,,,,,,,,,,,,,,,,,,
01/06/2026 14:49:20,421258,2,.0078,60,5,.0378,56,,,,,,,,,,,,,,,,,,
01/06/2026 14:49:20,421260,4,.0206,78,5,.0378,52,,,,,,,,,,,,,,,,,,
01/06/2026 14:49:50,421258,15,.0617,71,7,.0506,56,,,,,,,,,,,,,,,,,,
01/06/2026 14:49:50,421260,7,.0356,71,7,.0456,60,,,,,,,,,,,,,,,,,,
01/06/2026 14:50:20,421258,4,.0156,71,7,.0706,49,,,,,,,,,,,,,,,,,,
01/06/2026 14:50:20,421260,7,.045,60,7,.0428,60,,,,,,,,,,,,,,,,,,
01/06/2026 14:50:50,421258,2,.0078,78,6,.0489,56,,,,,,,,,,,,,,,,,,
01/06/2026 14:50:50,421260,9,.0467,71,9,.0567,65,,,,,,,,,,,,,,,,,,
01/06/2026 14:51:20,421258,5,.02,71,6,.095,33,,,,,,,,,,,,,,,,,,
01/06/2026 14:51:20,421260,6,.0306,78,5,.0328,60,,,,,,,,,,,,,,,,,,
01/06/2026 14:51:50,421258,5,.02,71,7,.0528,52,,,,,,,,,,,,,,,,,,
01/06/2026 14:51:50,421260,13,.0706,71,6,.04,60,,,,,,,,,,,,,,,,,,
01/06/2026 14:52:20,421258,11,.05,71,7,.0528,56,,,,,,,,,,,,,,,,,,
01/06/2026 14:52:20,421260,9,.0467,71,11,.09,60,,,,,,,,,,,,,,,,,,
01/06/2026 14:52:50,421258,9,.0378,71,6,.04,56,,,,,,,,,,,,,,,,,,
01/06/2026 14:52:50,421260,3,.0156,71,4,.02,65,,,,,,,,,,,,,,,,,,
01/06/2026 14:53:20,421258,7,.0306,65,6,.0478,49,,,,,,,,,,,,,,,,,,
01/06/2026 14:53:20,421260,2,.01,78,6,.0339,71,,,,,,,,,,,,,,,,,,
01/06/2026 14:53:50,421258,15,.0656,65,8,.0617,52,,,,,,,,,,,,,,,,,,
01/06/2026 14:53:50,421260,7,.0378,71,4,.0256,60,,,,,,,,,,,,,,,,,,
01/06/2026 14:54:20,421258,5,.0217,71,9,.0856,49,,,,,,,,,,,,,,,,,,
01/06/2026 14:54:20,421260,11,.0578,71,6,.0406,60,,,,,,,,,,,,,,,,,,
01/06/2026 14:54:50,421258,2,.0078,78,5,.0317,60,,,,,,,,,,,,,,,,,,
01/06/2026 14:54:50,421260,16,.0956,56,9,.065,56,,,,,,,,,,,,,,,,,,
01/06/2026 14:55:20,421258,2,.0078,78,3,.0189,56,,,,,,,,,,,,,,,,,,
01/06/2026 14:55:20,421260,4,.0217,65,8,.0539,60,,,,,,,,,,,,,,,,,,
01/06/2026 14:55:50,421258,10,.0428,71,7,.0456,56,,,,,,,,,,,,,,,,,,
01/06/2026 14:55:50,421260,11,.0578,71,10,.0756,56,,,,,,,,,,,,,,,,,,
01/06/2026 14:56:20,421258,8,.0328,65,6,.045,56,,,,,,,,,,,,,,,,,,
01/06/2026 14:56:20,421260,8,.0456,65,9,.0606,56,,,,,,,,,,,,,,,,,,
01/06/2026 14:56:50,421258,8,.0317,65,5,.055,49,,,,,,,,,,,,,,,,,,
01/06/2026 14:56:50,421260,7,.0367,65,6,.0378,65,,,,,,,,,,,,,,,,,,
01/06/2026 14:57:20,421258,14,.0639,65,15,.1167,52,,,,,,,,,,,,,,,,,,
01/06/2026 14:57:20,421260,7,.035,71,6,.0389,56,,,,,,,,,,,,,,,,,,
01/06/2026 14:57:50,421258,7,.0306,65,4,.0578,49,,,,,,,,,,,,,,,,,,
01/06/2026 14:57:50,421260,10,.0539,65,7,.0467,56,,,,,,,,,,,,,,,,,,
01/06/2026 14:58:20,421258,10,.05,65,9,.0778,46,,,,,,,,,,,,,,,,,,
01/06/2026 14:58:20,421260,10,.0539,65,8,.0656,52,,,,,,,,,,,,,,,,,,
01/06/2026 14:58:50,421258,6,.0256,60,9,.07,52,,,,,,,,,,,,,,,,,,
01/06/2026 14:58:50,421260,6,.03,71,4,.0267,56,,,,,,,,,,,,,,,,,,
01/06/2026 14:59:20,421258,6,.0256,71,5,.0317,52,,,,,,,,,,,,,,,,,,
01/06/2026 14:59:20,421260,6,.0306,71,7,.0478,56,,,,,,,,,,,,,,,,,,
01/06/2026 14:59:50,421258,11,.0489,60,7,.0839,46,,,,,,,,,,,,,,,,,,
01/06/2026 14:59:50,421260,15,.0878,65,11,.08,52,,,,,,,,,,,,,,,,,,
01/06/2026 15:00:20,421258,4,.0189,60,10,.0917,46,,,,,,,,,,,,,,,,,,
01/06/2026 15:00:20,421260,9,.0478,65,8,.055,52,,,,,,,,,,,,,,,,,,
01/06/2026 15:00:50,421258,6,.0267,65,6,.0456,60,,,,,,,,,,,,,,,,,,
01/06/2026 15:00:50,421260,9,.0439,78,7,.0478,60,,,,,,,,,,,,,,,,,,
01/06/2026 15:01:20,421258,10,.0539,60,10,.085,49,,,,,,,,,,,,,,,,,,
01/06/2026 15:01:20,421260,5,.0267,71,7,.0439,60,,,,,,,,,,,,,,,,,,
01/06/2026 15:01:50,421258,9,.04,71,6,.0456,49,,,,,,,,,,,,,,,,,,
01/06/2026 15:01:50,421260,4,.02,71,7,.0456,60,,,,,,,,,,,,,,,,,,
01/06/2026 15:02:20,421258,8,.035,60,9,.0767,46,,,,,,,,,,,,,,,,,,
01/06/2026 15:02:20,421260,12,.0639,71,10,.0639,60,,,,,,,,,,,,,,,,,,
01/06/2026 15:02:50,421258,10,.045,60,11,.0956,52,,,,,,,,,,,,,,,,,,
01/06/2026 15:02:50,421260,13,.07,71,8,.0589,60,,,,,,,,,,,,,,,,,,
01/06/2026 15:03:20,421258,1,.0039,78,7,.0506,52,,,,,,,,,,,,,,,,,,
01/06/2026 15:03:20,421260,6,.0289,78,4,.0328,60,,,,,,,,,,,,,,,,,,
01/06/2026 15:03:50,421258,10,.0406,65,11,.085,52,,,,,,,,,,,,,,,,,,
01/06/2026 15:03:50,421260,3,.0167,78,5,.03,65,,,,,,,,,,,,,,,,,,
01/06/2026 15:04:20,421258,8,.0328,71,10,.0817,49,,,,,,,,,,,,,,,,,,
01/06/2026 15:04:20,421260,11,.0606,71,10,.075,60,,,,,,,,,,,,,,,,,,
01/06/2026 15:04:50,421258,10,.0456,65,10,.0917,52,,,,,,,,,,,,,,,,,,
01/06/2026 15:04:50,421260,11,.055,71,9,.0567,65,,,,,,,,,,,,,,,,,,
01/06/2026 15:05:20,421258,1,.0078,78,5,.0356,56,,,,,,,,,,,,,,,,,,
01/06/2026 15:05:20,421260,5,.0267,71,4,.0289,56,,,,,,,,,,,,,,,,,,
01/06/2026 15:05:50,421258,6,.0217,78,5,.0428,52,,,,,,,,,,,,,,,,,,
01/06/2026 15:05:50,421260,5,.0239,78,6,.0367,65,,,,,,,,,,,,,,,,,,
01/06/2026 15:06:20,421258,12,.0489,65,12,.09,52,,,,,,,,,,,,,,,,,,
01/06/2026 15:06:20,421260,7,.0367,65,5,.0367,60,,,,,,,,,,,,,,,,,,
01/06/2026 15:06:50,421258,4,.0178,65,7,.0506,52,,,,,,,,,,,,,,,,,,
01/06/2026 15:06:50,421260,11,.0589,71,6,.0439,56,,,,,,,,,,,,,,,,,,
01/06/2026 15:07:20,421258,5,.02,71,4,.0306,49,,,,,,,,,,,,,,,,,,
01/06/2026 15:07:20,421260,8,.0428,71,7,.0489,60,,,,,,,,,,,,,,,,,,
01/06/2026 15:07:50,421258,8,.0367,60,5,.0617,49,,,,,,,,,,,,,,,,,,
01/06/2026 15:07:50,421260,7,.0328,71,5,.0406,60,,,,,,,,,,,,,,,,,,
01/06/2026 15:08:20,421258,9,.0378,71,4,.0578,56,,,,,,,,,,,,,,,,,,
01/06/2026 15:08:20,421260,9,.0467,71,8,.0578,56,,,,,,,,,,,,,,,,,,
01/06/2026 15:08:50,421258,8,.0339,71,11,.0928,49,,,,,,,,,,,,,,,,,,
01/06/2026 15:08:50,421260,10,.06,60,9,.0589,56,,,,,,,,,,,,,,,,,,
01/06/2026 15:09:20,421258,4,.0178,71,3,.0267,60,,,,,,,,,,,,,,,,,,
01/06/2026 15:09:20,421260,10,.0556,65,9,.06,60,,,,,,,,,,,,,,,,,,
01/06/2026 15:09:50,421258,7,.0306,71,7,.0578,52,,,,,,,,,,,,,,,,,,
01/06/2026 15:09:50,421260,9,.0506,71,10,.0606,60,,,,,,,,,,,,,,,,,,
01/06/2026 15:10:20,421258,8,.035,65,10,.085,49,,,,,,,,,,,,,,,,,,
01/06/2026 15:10:20,421260,10,.045,78,6,.0406,65,,,,,,,,,,,,,,,,,,
01/06/2026 15:10:50,421258,9,.0389,65,7,.0528,52,,,,,,,,,,,,,,,,,,
01/06/2026 15:10:50,421260,5,.025,71,6,.04,56,,,,,,,,,,,,,,,,,,
01/06/2026 15:11:20,421258,11,.0489,65,13,.1,52,,,,,,,,,,,,,,,,,,
01/06/2026 15:11:20,421260,3,.0167,71,2,.0117,65,,,,,,,,,,,,,,,,,,
01/06/2026 15:11:50,421258,13,.0589,65,10,.0739,52,,,,,,,,,,,,,,,,,,
01/06/2026 15:11:50,421260,10,.0578,65,9,.0617,60,,,,,,,,,,,,,,,,,,
01/06/2026 15:12:20,421258,4,.0189,65,4,.0528,52,,,,,,,,,,,,,,,,,,
01/06/2026 15:12:20,421260,5,.0267,71,9,.0617,56,,,,,,,,,,,,,,,,,,
01/06/2026 15:12:50,421258,5,.0189,71,5,.0339,60,,,,,,,,,,,,,,,,,,
01/06/2026 15:12:50,421260,6,.0306,71,7,.0428,60,,,,,,,,,,,,,,,,,,
01/06/2026 15:13:20,421258,3,.0117,78,3,.02,56,,,,,,,,,,,,,,,,,,
01/06/2026 15:13:20,421260,3,.0156,78,4,.0517,60,,,,,,,,,,,,,,,,,,
01/06/2026 15:13:50,421258,10,.0428,71,9,.0667,56,,,,,,,,,,,,,,,,,,
01/06/2026 15:13:50,421260,3,.0117,78,3,.0189,65,,,,,,,,,,,,,,,,,,
01/06/2026 15:14:20,421258,9,.0389,65,10,.0817,49,,,,,,,,,,,,,,,,,,
01/06/2026 15:14:20,421260,6,.0306,71,8,.0556,56,,,,,,,,,,,,,,,,,,
01/06/2026 15:14:50,421258,3,.0117,78,4,.0317,49,,,,,,,,,,,,,,,,,,
01/06/2026 15:14:50,421260,11,.0617,71,8,.0528,60,,,,,,,,,,,,,,,,,,
01/06/2026 15:15:20,421258,2,.0078,78,4,.0417,60,,,,,,,,,,,,,,,,,,
01/06/2026 15:15:20,421260,2,.0106,71,5,.0328,60,,,,,,,,,,,,,,,,,,
01/06/2026 15:15:50,421258,3,.0117,78,6,.0539,56,,,,,,,,,,,,,,,,,,
01/06/2026 15:15:50,421260,6,.0317,71,6,.0406,56,,,,,,,,,,,,,,,,,,
01/06/2026 15:16:20,421258,8,.0339,65,9,.07,52,,,,,,,,,,,,,,,,,,
01/06/2026 15:16:20,421260,5,.0256,78,4,.0306,56,,,,,,,,,,,,,,,,,,
01/06/2026 15:16:50,421258,6,.0267,65,9,.0728,49,,,,,,,,,,,,,,,,,,
01/06/2026 15:16:50,421260,7,.0367,71,9,.0578,60,,,,,,,,,,,,,,,,,,
01/06/2026 15:17:20,421258,3,.0117,71,6,.0428,56,,,,,,,,,,,,,,,,,,
01/06/2026 15:17:20,421260,7,.0356,71,8,.045,71,,,,,,,,,,,,,,,,,,
01/06/2026 15:17:50,421258,2,.0078,78,7,.0528,52,,,,,,,,,,,,,,,,,,
01/06/2026 15:17:50,421260,9,.0456,71,4,.03,60,,,,,,,,,,,,,,,,,,
01/06/2026 15:18:20,421258,5,.0256,60,5,.0378,52,,,,,,,,,,,,,,,,,,
01/06/2026 15:18:20,421260,6,.0306,71,10,.0589,65,,,,,,,,,,,,,,,,,,
01/06/2026 15:18:50,421258,10,.0489,60,12,.0978,46,,,,,,,,,,,,,,,,,,
01/06/2026 15:18:50,421260,3,.0156,71,3,.0189,65,,,,,,,,,,,,,,,,,,
01/06/2026 15:19:20,421258,10,.0406,71,5,.0339,65,,,,,,,,,,,,,,,,,,
01/06/2026 15:19:20,421260,6,.0317,71,6,.035,65,,,,,,,,,,,,,,,,,,
01/06/2026 15:19:50,421258,7,.03,71,5,.0356,60,,,,,,,,,,,,,,,,,,
01/06/2026 15:19:50,421260,12,.0628,71,11,.0689,60,,,,,,,,,,,,,,,,,,
01/06/2026 15:20:20,421258,3,.0139,71,5,.04,52,,,,,,,,,,,,,,,,,,
01/06/2026 15:20:20,421260,12,.0678,65,14,.0889,60,,,,,,,,,,,,,,,,,,
01/06/2026 15:20:50,421258,5,.0217,71,8,.0506,56,,,,,,,,,,,,,,,,,,
01/06/2026 15:20:50,421260,7,.0406,65,7,.0489,56,,,,,,,,,,,,,,,,,,
01/06/2026 15:21:20,421258,11,.045,71,8,.0589,56,,,,,,,,,,,,,,,,,,
01/06/2026 15:21:20,421260,6,.0317,71,5,.045,56,,,,,,,,,,,,,,,,,,
01/06/2026 15:21:50,421258,6,.0239,71,9,.0656,56,,,,,,,,,,,,,,,,,,
01/06/2026 15:21:50,421260,12,.0589,71,7,.0506,56,,,,,,,,,,,,,,,,,,
01/06/2026 15:22:20,421258,12,.0556,65,10,.0706,56,,,,,,,,,,,,,,,,,,
01/06/2026 15:22:20,421260,5,.0278,71,5,.0367,56,,,,,,,,,,,,,,,,,,
01/06/2026 15:22:50,421258,8,.0328,78,5,.0339,56,,,,,,,,,,,,,,,,,,
01/06/2026 15:22:50,421260,12,.065,71,10,.0756,56,,,,,,,,,,,,,,,,,,
01/06/2026 15:23:20,421258,9,.0389,71,7,.0617,52,,,,,,,,,,,,,,,,,,
01/06/2026 15:23:20,421260,2,.01,65,7,.0428,60,,,,,,,,,,,,,,,,,,
01/06/2026 15:23:50,421258,6,.0256,65,7,.0578,49,,,,,,,,,,,,,,,,,,
01/06/2026 15:23:50,421260,8,.045,65,5,.0717,46,,,,,,,,,,,,,,,,,,
01/06/2026 15:24:20,421258,10,.045,71,6,.0528,52,,,,,,,,,,,,,,,,,,
01/06/2026 15:24:20,421260,8,.0406,71,5,.0328,56,,,,,,,,,,,,,,,,,,
01/06/2026 15:24:50,421258,5,.02,71,4,.0306,52,,,,,,,,,,,,,,,,,,
01/06/2026 15:24:50,421260,9,.0478,71,11,.0789,56,,,,,,,,,,,,,,,,,,
01/06/2026 15:25:20,421258,9,.0389,65,10,.0856,46,,,,,,,,,,,,,,,,,,
01/06/2026 15:25:20,421260,8,.0439,71,3,.0206,60,,,,,,,,,,,,,,,,,,
01/06/2026 15:25:50,421258,9,.0367,65,2,.0389,56,,,,,,,,,,,,,,,,,,
01/06/2026 15:25:50,421260,11,.0628,65,12,.0828,56,,,,,,,,,,,,,,,,,,
01/06/2026 15:26:20,421258,12,.0528,65,8,.0778,49,,,,,,,,,,,,,,,,,,
01/06/2026 15:26:20,421260,8,.0439,71,6,.0439,56,,,,,,,,,,,,,,,,,,
01/06/2026 15:26:50,421258,7,.0278,78,8,.065,52,,,,,,,,,,,,,,,,,,
01/06/2026 15:26:50,421260,13,.0778,65,8,.0539,56,,,,,,,,,,,,,,,,,,
01/06/2026 15:27:20,421258,9,.0378,71,7,.055,49,,,,,,,,,,,,,,,,,,
01/06/2026 15:27:20,421260,11,.065,71,7,.05,56,,,,,,,,,,,,,,,,,,
01/06/2026 15:27:50,421258,9,.0406,65,7,.065,49,,,,,,,,,,,,,,,,,,
01/06/2026 15:27:50,421260,8,.035,71,6,.0378,60,,,,,,,,,,,,,,,,,,
01/06/2026 15:28:20,421258,9,.0367,71,6,.0456,52,,,,,,,,,,,,,,,,,,
01/06/2026 15:28:20,421260,10,.0578,65,10,.065,60,,,,,,,,,,,,,,,,,,
01/06/2026 15:28:50,421258,7,.0306,71,7,.0506,56,,,,,,,,,,,,,,,,,,
01/06/2026 15:28:50,421260,3,.0178,71,6,.0356,65,,,,,,,,,,,,,,,,,,
01/06/2026 15:29:20,421258,15,.0728,60,11,.1056,46,,,,,,,,,,,,,,,,,,
01/06/2026 15:29:20,421260,8,.0406,71,8,.0578,60,,,,,,,,,,,,,,,,,,
01/06/2026 15:29:50,421258,5,.02,78,8,.0606,52,,,,,,,,,,,,,,,,,,
01/06/2026 15:29:50,421260,11,.0606,71,14,.09,60,,,,,,,,,,,,,,,,,,
01/06/2026 15:30:20,421258,7,.0306,71,7,.0539,52,,,,,,,,,,,,,,,,,,
01/06/2026 15:30:20,421260,7,.0339,78,3,.0167,71,,,,,,,,,,,,,,,,,,
01/06/2026 15:30:50,421258,8,.035,65,6,.0428,56,,,,,,,,,,,,,,,,,,
01/06/2026 15:30:50,421260,7,.0367,71,7,.0439,65,,,,,,,,,,,,,,,,,,
01/06/2026 15:31:20,421258,8,.0339,65,6,.05,49,,,,,,,,,,,,,,,,,,
01/06/2026 15:31:20,421260,1,.0056,78,7,.0439,65,,,,,,,,,,,,,,,,,,
01/06/2026 15:31:50,421258,17,.075,65,13,.1056,49,,,,,,,,,,,,,,,,,,
01/06/2026 15:31:50,421260,8,.04,71,4,.03,56,,,,,,,,,,,,,,,,,,
01/06/2026 15:32:20,421258,5,.02,71,5,.035,60,,,,,,,,,,,,,,,,,,
01/06/2026 15:32:20,421260,10,.0517,71,8,.0478,60,,,,,,,,,,,,,,,,,,
01/06/2026 15:32:50,421258,2,.0078,78,9,.0667,52,,,,,,,,,,,,,,,,,,
01/06/2026 15:32:50,421260,10,.0567,71,8,.06,60,,,,,,,,,,,,,,,,,,
01/06/2026 15:33:20,421258,2,.0078,78,2,.0128,60,,,,,,,,,,,,,,,,,,
01/06/2026 15:33:20,421260,6,.0328,71,5,.0378,60,,,,,,,,,,,,,,,,,,
01/06/2026 15:33:50,421258,11,.0489,65,6,.0567,60,,,,,,,,,,,,,,,,,,
01/06/2026 15:33:50,421260,5,.0239,78,8,.05,65,,,,,,,,,,,,,,,,,,
01/06/2026 15:34:20,421258,4,.0178,65,8,.0806,49,,,,,,,,,,,,,,,,,,
01/06/2026 15:34:20,421260,7,.0406,65,7,.0489,56,,,,,,,,,,,,,,,,,,
01/06/2026 15:34:50,421258,8,.0378,60,13,.1006,52,,,,,,,,,,,,,,,,,,
01/06/2026 15:34:50,421260,5,.0267,71,9,.065,56,,,,,,,,,,,,,,,,,,
01/06/2026 15:35:20,421258,6,.0256,65,7,.0578,49,,,,,,,,,,,,,,,,,,
01/06/2026 15:35:20,421260,1,.005,78,4,.0439,60,,,,,,,,,,,,,,,,,,
01/06/2026 15:35:50,421258,4,.0156,78,5,.0356,56,,,,,,,,,,,,,,,,,,
01/06/2026 15:35:50,421260,5,.0289,65,8,.06,49,,,,,,,,,,,,,,,,,,
01/06/2026 15:36:20,421258,4,.0189,65,5,.04,49,,,,,,,,,,,,,,,,,,
01/06/2026 15:36:20,421260,3,.0206,71,8,.0467,60,,,,,,,,,,,,,,,,,,
01/06/2026 15:36:50,421258,4,.0189,65,11,.0889,49,,,,,,,,,,,,,,,,,,
01/06/2026 15:36:50,421260,8,.0428,71,5,.03,60,,,,,,,,,,,,,,,,,,
01/06/2026 15:37:20,421258,1,.0039,78,2,.035,49,,,,,,,,,,,,,,,,,,
01/06/2026 15:37:20,421260,5,.0239,71,5,.0278,65,,,,,,,,,,,,,,,,,,
01/06/2026 15:37:50,421258,9,.0467,60,6,.0767,44,,,,,,,,,,,,,,,,,,
01/06/2026 15:37:50,421260,5,.025,71,2,.0356,60,,,,,,,,,,,,,,,,,,
01/06/2026 15:38:20,421258,7,.0406,60,6,.0578,49,,,,,,,,,,,,,,,,,,
01/06/2026 15:38:20,421260,10,.075,65,10,.095,49,,,,,,,,,,,,,,,,,,
01/06/2026 15:38:50,421258,7,.0306,65,9,.0578,56,,,,,,,,,,,,,,,,,,
01/06/2026 15:38:50,421260,15,.0817,65,10,.0678,56,,,,,,,,,,,,,,,,,,
01/06/2026 15:39:20,421258,4,.0156,78,4,.0228,56,,,,,,,,,,,,,,,,,,
01/06/2026 15:39:20,421260,10,.0506,71,10,.0728,56,,,,,,,,,,,,,,,,,,
01/06/2026 15:39:50,421258,5,.02,65,4,.0656,52,,,,,,,,,,,,,,,,,,
01/06/2026 15:39:50,421260,6,.0289,78,4,.0317,56,,,,,,,,,,,,,,,,,,
01/06/2026 15:40:20,421258,7,.0306,71,4,.05,49,,,,,,,,,,,,,,,,,,
01/06/2026 15:40:20,421260,7,.0339,78,7,.0478,60,,,,,,,,,,,,,,,,,,
01/06/2026 15:40:50,421258,9,.0417,60,10,.0939,46,,,,,,,,,,,,,,,,,,
01/06/2026 15:40:50,421260,10,.0517,71,8,.0567,56,,,,,,,,,,,,,,,,,,
01/06/2026 15:41:20,421258,17,.0767,65,14,.1239,46,,,,,,,,,,,,,,,,,,
01/06/2026 15:41:20,421260,10,.0539,65,8,.0478,60,,,,,,,,,,,,,,,,,,
01/06/2026 15:41:50,421258,5,.02,71,4,.0467,52,,,,,,,,,,,,,,,,,,
01/06/2026 15:41:50,421260,10,.0506,71,7,.0439,60,,,,,,,,,,,,,,,,,,
01/06/2026 15:42:20,421258,7,.0306,65,6,.0467,52,,,,,,,,,,,,,,,,,,
01/06/2026 15:42:20,421260,6,.0289,78,5,.0278,65,,,,,,,,,,,,,,,,,,
01/06/2026 15:42:50,421258,7,.0289,71,10,.0817,52,,,,,,,,,,,,,,,,,,
01/06/2026 15:42:50,421260,10,.0539,71,8,.0628,60,,,,,,,,,,,,,,,,,,
01/06/2026 15:43:20,421258,16,.0678,65,8,.0628,56,,,,,,,,,,,,,,,,,,
01/06/2026 15:43:20,421260,12,.0706,65,7,.0417,56,,,,,,,,,,,,,,,,,,
01/06/2026 15:43:50,421258,8,.0339,71,10,.0667,60,,,,,,,,,,,,,,,,,,
01/06/2026 15:43:50,421260,10,.0606,60,10,.0667,60,,,,,,,,,,,,,,,,,,
01/06/2026 15:44:20,421258,1,.0039,78,5,.0506,52,,,,,,,,,,,,,,,,,,
01/06/2026 15:44:20,421260,7,.0356,71,5,.0328,60,,,,,,,,,,,,,,,,,,
01/06/2026 15:44:50,421258,13,.0539,71,10,.0739,60,,,,,,,,,,,,,,,,,,
01/06/2026 15:44:50,421260,10,.0528,71,4,.0267,60,,,,,,,,,,,,,,,,,,
01/06/2026 15:45:20,421258,5,.0228,71,8,.0817,49,,,,,,,,,,,,,,,,,,
01/06/2026 15:45:20,421260,7,.0378,71,8,.055,56,,,,,,,,,,,,,,,,,,
01/06/2026 15:45:50,421258,16,.0717,60,8,.085,49,,,,,,,,,,,,,,,,,,
01/06/2026 15:45:50,421260,5,.0228,78,7,.0428,60,,,,,,,,,,,,,,,,,,
01/06/2026 15:46:20,421258,7,.03,71,3,.02,56,,,,,,,,,,,,,,,,,,
01/06/2026 15:46:20,421260,17,.105,60,10,.1039,49,,,,,,,,,,,,,,,,,,
01/06/2026 15:46:50,421258,5,.02,71,7,.0506,65,,,,,,,,,,,,,,,,,,
01/06/2026 15:46:50,421260,13,.075,60,9,.0617,56,,,,,,,,,,,,,,,,,,
01/06/2026 15:47:20,421258,7,.03,65,8,.065,49,,,,,,,,,,,,,,,,,,
01/06/2026 15:47:20,421260,8,.0478,65,7,.0456,56,,,,,,,,,,,,,,,,,,
01/06/2026 15:47:50,421258,8,.0339,71,9,.0656,56,,,,,,,,,,,,,,,,,,
01/06/2026 15:47:50,421260,5,.0256,71,10,.0606,65,,,,,,,,,,,,,,,,,,
01/06/2026 15:48:20,421258,8,.0339,71,5,.0778,42,,,,,,,,,,,,,,,,,,
01/06/2026 15:48:20,421260,5,.0256,78,3,.0156,71,,,,,,,,,,,,,,,,,,
01/06/2026 15:48:50,421258,22,.1039,60,11,.1139,46,,,,,,,,,,,,,,,,,,
01/06/2026 15:48:50,421260,9,.0478,71,8,.0539,56,,,,,,,,,,,,,,,,,,
01/06/2026 15:49:20,421258,7,.0328,71,8,.0506,56,,,,,,,,,,,,,,,,,,
01/06/2026 15:49:20,421260,3,.015,71,5,.0489,60,,,,,,,,,,,,,,,,,,
01/06/2026 15:49:50,421258,6,.0239,71,7,.0567,52,,,,,,,,,,,,,,,,,,
01/06/2026 15:49:50,421260,5,.0256,78,4,.0339,65,,,,,,,,,,,,,,,,,,
01/06/2026 15:50:20,421258,4,.0189,78,5,.0289,56,,,,,,,,,,,,,,,,,,
01/06/2026 15:50:20,421260,9,.0439,78,5,.0306,65,,,,,,,,,,,,,,,,,,
01/06/2026 15:50:50,421258,5,.0178,65,6,.045,56,,,,,,,,,,,,,,,,,,
01/06/2026 15:50:50,421260,7,.0356,71,7,.0428,56,,,,,,,,,,,,,,,,,,
01/06/2026 15:51:20,421258,4,.0156,71,6,.0617,56,,,,,,,,,,,,,,,,,,
01/06/2026 15:51:20,421260,8,.0428,71,5,.0328,60,,,,,,,,,,,,,,,,,,
01/06/2026 15:51:50,421258,8,.0328,78,7,.0606,56,,,,,,,,,,,,,,,,,,
01/06/2026 15:51:50,421260,5,.0267,78,8,.0489,65,,,,,,,,,,,,,,,,,,
01/06/2026 15:52:20,421258,8,.0328,71,5,.035,60,,,,,,,,,,,,,,,,,,
01/06/2026 15:52:20,421260,6,.0267,78,6,.0317,71,,,,,,,,,,,,,,,,,,
01/06/2026 15:52:50,421258,7,.0306,65,6,.0506,60,,,,,,,,,,,,,,,,,,
01/06/2026 15:52:50,421260,2,.0089,78,3,.0178,65,,,,,,,,,,,,,,,,,,
01/06/2026 15:53:20,421258,6,.0239,78,5,.035,56,,,,,,,,,,,,,,,,,,
01/06/2026 15:53:20,421260,16,.0917,65,11,.0817,52,,,,,,,,,,,,,,,,,,
01/06/2026 15:53:50,421258,10,.0428,71,5,.04,52,,,,,,,,,,,,,,,,,,
01/06/2026 15:53:50,421260,11,.0628,71,9,.0656,56,,,,,,,,,,,,,,,,,,
01/06/2026 15:54:20,421258,2,.0078,65,5,.0378,52,,,,,,,,,,,,,,,,,,
01/06/2026 15:54:20,421260,4,.02,78,7,.0417,65,,,,,,,,,,,,,,,,,,
01/06/2026 15:54:50,421258,4,.0156,78,4,.0239,60,,,,,,,,,,,,,,,,,,
01/06/2026 15:54:50,421260,8,.0417,71,5,.0306,65,,,,,,,,,,,,,,,,,,
01/06/2026 15:55:20,421258,13,.0556,65,9,.0739,46,,,,,,,,,,,,,,,,,,
01/06/2026 15:55:20,421260,9,.0517,71,7,.0467,60,,,,,,,,,,,,,,,,,,
01/06/2026 15:55:50,421258,12,.0578,65,10,.0917,49,,,,,,,,,,,,,,,,,,
01/06/2026 15:55:50,421260,7,.0317,78,4,.0267,60,,,,,,,,,,,,,,,,,,
01/06/2026 15:56:20,421258,5,.0217,65,6,.0406,56,,,,,,,,,,,,,,,,,,
01/06/2026 15:56:20,421260,6,.0306,71,4,.0267,56,,,,,,,,,,,,,,,,,,
01/06/2026 15:56:50,421258,9,.0378,71,4,.03,52,,,,,,,,,,,,,,,,,,
01/06/2026 15:56:50,421260,11,.0639,65,7,.0506,56,,,,,,,,,,,,,,,,,,
01/06/2026 15:57:20,421258,10,.045,71,6,.045,52,,,,,,,,,,,,,,,,,,
01/06/2026 15:57:20,421260,10,.0567,65,10,.0617,60,,,,,,,,,,,,,,,,,,
01/06/2026 15:57:50,421258,4,.0156,71,3,.0256,52,,,,,,,,,,,,,,,,,,
01/06/2026 15:57:50,421260,13,.065,78,7,.0639,60,,,,,,,,,,,,,,,,,,
01/06/2026 15:58:20,421258,5,.02,65,6,.0528,52,,,,,,,,,,,,,,,,,,
01/06/2026 15:58:20,421260,8,.0406,71,7,.0456,60,,,,,,,,,,,,,,,,,,
01/06/2026 15:58:50,421258,9,.0389,71,8,.0578,52,,,,,,,,,,,,,,,,,,
01/06/2026 15:58:50,421260,8,.0406,78,7,.0517,60,,,,,,,,,,,,,,,,,,
01/06/2026 15:59:20,421258,14,.0617,65,13,.0967,49,,,,,,,,,,,,,,,,,,
01/06/2026 15:59:20,421260,4,.02,78,3,.0206,60,,,,,,,,,,,,,,,,,,
01/06/2026 15:59:50,421258,3,.0117,78,9,.0917,52,,,,,,,,,,,,,,,,,,
01/06/2026 15:59:50,421260,4,.0217,71,5,.035,60,,,,,,,,,,,,,,,,,,
01/06/2026 16:00:20,421258,12,.0489,71,6,.0428,60,,,,,,,,,,,,,,,,,,
01/06/2026 16:00:20,421260,10,.0606,65,10,.0667,56,,,,,,,,,,,,,,,,,,
01/06/2026 16:00:50,421258,4,.0156,78,5,.0417,52,,,,,,,,,,,,,,,,,,
01/06/2026 16:00:50,421260,8,.0406,71,6,.0378,65,,,,,,,,,,,,,,,,,,
01/06/2026 16:01:20,421258,1,.0039,78,4,.0339,52,,,,,,,,,,,,,,,,,,
01/06/2026 16:01:20,421260,4,.0206,78,5,.0328,56,,,,,,,,,,,,,,,,,,
01/06/2026 16:01:50,421258,3,.0117,78,5,.035,60,,,,,,,,,,,,,,,,,,
01/06/2026 16:01:50,421260,7,.0356,71,4,.025,60,,,,,,,,,,,,,,,,,,
01/06/2026 16:02:20,421258,17,.0767,65,11,.0956,49,,,,,,,,,,,,,,,,,,
01/06/2026 16:02:20,421260,6,.0339,65,6,.045,56,,,,,,,,,,,,,,,,,,
01/06/2026 16:02:50,421258,3,.0117,78,6,.04,56,,,,,,,,,,,,,,,,,,
01/06/2026 16:02:50,421260,9,.0456,71,6,.0417,60,,,,,,,,,,,,,,,,,,
01/06/2026 16:03:20,421258,6,.0239,65,3,.0228,52,,,,,,,,,,,,,,,,,,
01/06/2026 16:03:20,421260,9,.0456,71,7,.04,65,,,,,,,,,,,,,,,,,,
01/06/2026 16:03:50,421258,3,.015,65,4,.0306,52,,,,,,,,,,,,,,,,,,
01/06/2026 16:03:50,421260,6,.0328,71,9,.0617,65,,,,,,,,,,,,,,,,,,
01/06/2026 16:04:20,421258,11,.05,65,9,.07,52,,,,,,,,,,,,,,,,,,
01/06/2026 16:04:20,421260,10,.0528,71,6,.0367,65,,,,,,,,,,,,,,,,,,
01/06/2026 16:04:50,421258,9,.0367,71,7,.0506,52,,,,,,,,,,,,,,,,,,
01/06/2026 16:04:50,421260,6,.0317,78,5,.0289,71,,,,,,,,,,,,,,,,,,
01/06/2026 16:05:20,421258,9,.0367,78,7,.0578,56,,,,,,,,,,,,,,,,,,
01/06/2026 16:05:20,421260,10,.0556,71,6,.0339,65,,,,,,,,,,,,,,,,,,
01/06/2026 16:05:50,421258,5,.0228,71,9,.0617,56,,,,,,,,,,,,,,,,,,
01/06/2026 16:05:50,421260,4,.025,65,8,.0578,56,,,,,,,,,,,,,,,,,,
01/06/2026 16:06:20,421258,8,.0339,71,8,.0528,60,,,,,,,,,,,,,,,,,,
01/06/2026 16:06:20,421260,2,.01,71,3,.0228,60,,,,,,,,,,,,,,,,,,
01/06/2026 16:06:50,421258,8,.0339,71,4,.0239,65,,,,,,,,,,,,,,,,,,
01/06/2026 16:06:50,421260,9,.045,71,4,.0356,56,,,,,,,,,,,,,,,,,,
01/06/2026 16:07:20,421258,4,.0178,65,3,.02,56,,,,,,,,,,,,,,,,,,
01/06/2026 16:07:20,421260,11,.0739,56,11,.085,49,,,,,,,,,,,,,,,,,,
01/06/2026 16:07:50,421258,3,.0139,65,4,.0267,60,,,,,,,,,,,,,,,,,,
01/06/2026 16:07:50,421260,3,.015,78,2,.0128,65,,,,,,,,,,,,,,,,,,
01/06/2026 16:08:20,421258,5,.0217,71,6,.0656,46,,,,,,,,,,,,,,,,,,
01/06/2026 16:08:20,421260,12,.0717,65,7,.055,52,,,,,,,,,,,,,,,,,,
01/06/2026 16:08:50,421258,4,.0189,65,5,.05,49,,,,,,,,,,,,,,,,,,
01/06/2026 16:08:50,421260,12,.0756,60,10,.0756,52,,,,,,,,,,,,,,,,,,
01/06/2026 16:09:20,421258,14,.0639,65,11,.1,49,,,,,,,,,,,,,,,,,,
01/06/2026 16:09:20,421260,14,.075,71,6,.04,71,,,,,,,,,,,,,,,,,,
01/06/2026 16:09:50,421258,4,.0178,78,3,.0217,56,,,,,,,,,,,,,,,,,,
01/06/2026 16:09:50,421260,8,.0456,65,7,.0517,52,,,,,,,,,,,,,,,,,,
01/06/2026 16:10:20,421258,9,.0367,71,6,.0467,52,,,,,,,,,,,,,,,,,,
01/06/2026 16:10:20,421260,11,.055,78,6,.0378,65,,,,,,,,,,,,,,,,,,
01/06/2026 16:10:50,421258,11,.0528,60,9,.0889,44,,,,,,,,,,,,,,,,,,
01/06/2026 16:10:50,421260,8,.0428,78,6,.0378,60,,,,,,,,,,,,,,,,,,
01/06/2026 16:11:20,421258,15,.08,56,13,.1267,44,,,,,,,,,,,,,,,,,,
01/06/2026 16:11:20,421260,6,.0317,71,5,.0289,60,,,,,,,,,,,,,,,,,,
01/06/2026 16:11:50,421258,11,.045,71,8,.07,49,,,,,,,,,,,,,,,,,,
01/06/2026 16:11:50,421260,8,.0428,71,7,.0456,65,,,,,,,,,,,,,,,,,,
01/06/2026 16:12:20,421258,9,.0389,71,8,.0656,56,,,,,,,,,,,,,,,,,,
01/06/2026 16:12:20,421260,4,.0217,65,5,.0317,60,,,,,,,,,,,,,,,,,,
01/06/2026 16:12:50,421258,4,.0156,71,4,.04,40,,,,,,,,,,,,,,,,,,
01/06/2026 16:12:50,421260,9,.0478,71,6,.04,60,,,,,,,,,,,,,,,,,,
01/06/2026 16:13:20,421258,9,.0378,71,6,.0439,56,,,,,,,,,,,,,,,,,,
01/06/2026 16:13:20,421260,6,.0289,78,8,.0489,65,,,,,,,,,,,,,,,,,,
01/06/2026 16:13:50,421258,2,.0078,65,5,.0317,60,,,,,,,,,,,,,,,,,,
01/06/2026 16:13:50,421260,8,.0417,71,5,.0656,60,,,,,,,,,,,,,,,,,,
01/06/2026 16:14:20,421258,6,.0239,71,11,.0839,56,,,,,,,,,,,,,,,,,,
01/06/2026 16:14:20,421260,13,.075,65,8,.055,56,,,,,,,,,,,,,,,,,,
01/06/2026 16:14:50,421258,5,.0217,71,9,.0628,56,,,,,,,,,,,,,,,,,,
01/06/2026 16:14:50,421260,3,.0156,71,9,.0617,56,,,,,,,,,,,,,,,,,,
01/06/2026 16:15:20,421258,3,.0117,78,6,.0389,56,,,,,,,,,,,,,,,,,,
01/06/2026 16:15:20,421260,7,.0328,71,5,.0306,60,,,,,,,,,,,,,,,,,,
01/06/2026 16:15:50,421258,7,.0278,71,6,.0667,60,,,,,,,,,,,,,,,,,,
01/06/2026 16:15:50,421260,7,.04,65,7,.0456,60,,,,,,,,,,,,,,,,,,
01/06/2026 16:16:20,421258,10,.0417,71,8,.0628,52,,,,,,,,,,,,,,,,,,
01/06/2026 16:16:20,421260,7,.04,71,8,.05,65,,,,,,,,,,,,,,,,,,
01/06/2026 16:16:50,421258,5,.02,71,9,.0667,52,,,,,,,,,,,,,,,,,,
01/06/2026 16:16:50,421260,5,.0339,65,8,.0517,56,,,,,,,,,,,,,,,,,,
01/06/2026 16:17:20,421258,5,.0217,78,7,.0506,52,,,,,,,,,,,,,,,,,,
01/06/2026 16:17:20,421260,9,.0489,65,8,.0556,56,,,,,,,,,,,,,,,,,,
01/06/2026 16:17:50,421258,7,.03,71,6,.05,49,,,,,,,,,,,,,,,,,,
01/06/2026 16:17:50,421260,10,.05,71,9,.0567,65,,,,,,,,,,,,,,,,,,
01/06/2026 16:18:20,421258,4,.0178,65,8,.06,56,,,,,,,,,,,,,,,,,,
01/06/2026 16:18:20,421260,8,.0406,71,3,.0428,60,,,,,,,,,,,,,,,,,,
01/06/2026 16:18:50,421258,7,.03,65,9,.0756,52,,,,,,,,,,,,,,,,,,
01/06/2026 16:18:50,421260,6,.03,71,3,.0228,60,,,,,,,,,,,,,,,,,,
01/06/2026 16:19:20,421258,13,.0578,65,10,.0817,52,,,,,,,,,,,,,,,,,,
01/06/2026 16:19:20,421260,5,.025,71,6,.04,60,,,,,,,,,,,,,,,,,,
01/06/2026 16:19:50,421258,10,.0417,71,6,.0439,56,,,,,,,,,,,,,,,,,,
01/06/2026 16:19:50,421260,6,.0317,71,8,.0517,60,,,,,,,,,,,,,,,,,,
01/06/2026 16:20:20,421258,3,.0117,78,4,.05,60,,,,,,,,,,,,,,,,,,
01/06/2026 16:20:20,421260,9,.0506,65,8,.0578,52,,,,,,,,,,,,,,,,,,
01/06/2026 16:20:50,421258,3,.0117,71,4,.0317,49,,,,,,,,,,,,,,,,,,
01/06/2026 16:20:50,421260,5,.0278,65,5,.0306,60,,,,,,,,,,,,,,,,,,
01/06/2026 16:21:20,421258,6,.0256,65,6,.0467,52,,,,,,,,,,,,,,,,,,
01/06/2026 16:21:20,421260,9,.045,78,7,.0567,60,,,,,,,,,,,,,,,,,,
01/06/2026 16:21:50,421258,5,.02,78,7,.0578,49,,,,,,,,,,,,,,,,,,
01/06/2026 16:21:50,421260,6,.0328,71,4,.0267,65,,,,,,,,,,,,,,,,,,
01/06/2026 16:22:20,421258,9,.0389,65,9,.0739,46,,,,,,,,,,,,,,,,,,
01/06/2026 16:22:20,421260,11,.0578,65,8,.0617,56,,,,,,,,,,,,,,,,,,
01/06/2026 16:22:50,421258,4,.0178,71,4,.0267,56,,,,,,,,,,,,,,,,,,
01/06/2026 16:22:50,421260,3,.0167,65,9,.08,52,,,,,,,,,,,,,,,,,,
01/06/2026 16:23:20,421258,10,.0406,71,7,.0667,49,,,,,,,,,,,,,,,,,,
01/06/2026 16:23:20,421260,8,.0478,65,5,.0289,65,,,,,,,,,,,,,,,,,,
01/06/2026 16:23:50,421258,7,.03,65,3,.0217,44,,,,,,,,,,,,,,,,,,
01/06/2026 16:23:50,421260,12,.0606,65,8,.055,56,,,,,,,,,,,,,,,,,,
01/06/2026 16:24:20,421258,4,.02,60,7,.065,49,,,,,,,,,,,,,,,,,,
01/06/2026 16:24:20,421260,10,.0489,78,7,.0456,60,,,,,,,,,,,,,,,,,,
01/06/2026 16:24:50,421258,6,.0267,65,9,.1117,49,,,,,,,,,,,,,,,,,,
01/06/2026 16:24:50,421260,9,.0478,71,8,.0528,60,,,,,,,,,,,,,,,,,,
01/06/2026 16:25:20,421258,8,.0378,65,8,.0578,56,,,,,,,,,,,,,,,,,,
01/06/2026 16:25:20,421260,6,.0328,71,5,.0406,52,,,,,,,,,,,,,,,,,,
01/06/2026 16:25:50,421258,10,.0406,71,10,.0806,46,,,,,,,,,,,,,,,,,,
01/06/2026 16:25:50,421260,7,.0367,71,11,.0789,56,,,,,,,,,,,,,,,,,,
01/06/2026 16:26:20,421258,10,.0456,65,10,.0778,52,,,,,,,,,,,,,,,,,,
01/06/2026 16:26:20,421260,7,.0367,71,4,.0256,60,,,,,,,,,,,,,,,,,,
01/06/2026 16:26:50,421258,4,.0156,78,6,.0517,52,,,,,,,,,,,,,,,,,,
01/06/2026 16:26:50,421260,8,.0478,71,11,.07,60,,,,,,,,,,,,,,,,,,
01/06/2026 16:27:20,421258,6,.0239,71,7,.0739,49,,,,,,,,,,,,,,,,,,
01/06/2026 16:27:20,421260,10,.0489,71,12,.0789,60,,,,,,,,,,,,,,,,,,
01/06/2026 16:27:50,421258,8,.0339,71,9,.0928,52,,,,,,,,,,,,,,,,,,
01/06/2026 16:27:50,421260,8,.0439,71,6,.035,56,,,,,,,,,,,,,,,,,,
01/06/2026 16:28:20,421258,5,.0217,65,3,.0217,56,,,,,,,,,,,,,,,,,,
01/06/2026 16:28:20,421260,8,.0389,78,7,.05,65,,,,,,,,,,,,,,,,,,
01/06/2026 16:28:50,421258,14,.0578,65,13,.1006,52,,,,,,,,,,,,,,,,,,
01/06/2026 16:28:50,421260,3,.0156,71,4,.0267,60,,,,,,,,,,,,,,,,,,
01/06/2026 16:29:20,421258,7,.03,71,8,.0539,60,,,,,,,,,,,,,,,,,,
01/06/2026 16:29:20,421260,6,.0306,71,5,.0356,56,,,,,,,,,,,,,,,,,,
01/06/2026 16:29:50,421258,6,.0239,78,4,.0256,60,,,,,,,,,,,,,,,,,,
01/06/2026 16:29:50,421260,8,.0378,78,6,.0417,56,,,,,,,,,,,,,,,,,,
01/06/2026 16:30:20,421258,8,.0339,65,4,.0689,46,,,,,,,,,,,,,,,,,,
01/06/2026 16:30:20,421260,9,.0428,78,3,.0217,71,,,,,,,,,,,,,,,,,,
01/06/2026 16:30:50,421258,6,.0267,65,5,.0356,56,,,,,,,,,,,,,,,,,,
01/06/2026 16:30:50,421260,7,.0356,71,5,.0267,60,,,,,,,,,,,,,,,,,,
01/06/2026 16:31:20,421258,7,.0289,78,3,.0239,52,,,,,,,,,,,,,,,,,,
01/06/2026 16:31:20,421260,11,.06,71,7,.05,56,,,,,,,,,,,,,,,,,,
01/06/2026 16:31:50,421258,12,.05,65,7,.055,52,,,,,,,,,,,,,,,,,,
01/06/2026 16:31:50,421260,2,.0106,71,5,.0389,60,,,,,,,,,,,,,,,,,,
01/06/2026 16:32:20,421258,1,.0039,78,2,.02,52,,,,,,,,,,,,,,,,,,
01/06/2026 16:32:20,421260,4,.02,78,7,.0456,60,,,,,,,,,,,,,,,,,,
01/06/2026 16:32:50,421258,15,.0639,71,6,.04,56,,,,,,,,,,,,,,,,,,
01/06/2026 16:32:50,421260,9,.0467,71,5,.045,56,,,,,,,,,,,,,,,,,,
01/06/2026 16:33:20,421258,1,.0039,60,6,.0528,49,,,,,,,,,,,,,,,,,,
01/06/2026 16:33:20,421260,12,.0639,71,6,.0389,65,,,,,,,,,,,,,,,,,,
01/06/2026 16:33:50,421258,5,.02,71,7,.055,56,,,,,,,,,,,,,,,,,,
01/06/2026 16:33:50,421260,9,.0478,71,8,.05,60,,,,,,,,,,,,,,,,,,
01/06/2026 16:34:20,421258,7,.03,71,3,.0267,52,,,,,,,,,,,,,,,,,,
01/06/2026 16:34:20,421260,8,.045,65,8,.0489,65,,,,,,,,,,,,,,,,,,
01/06/2026 16:34:50,421258,10,.045,71,7,.0578,52,,,,,,,,,,,,,,,,,,
01/06/2026 16:34:50,421260,5,.025,71,5,.0306,60,,,,,,,,,,,,,,,,,,
01/06/2026 16:35:20,421258,8,.0367,65,5,.05,46,,,,,,,,,,,,,,,,,,
01/06/2026 16:35:20,421260,14,.0756,71,9,.065,56,,,,,,,,,,,,,,,,,,
01/06/2026 16:35:50,421258,11,.0467,65,11,.0889,56,,,,,,,,,,,,,,,,,,
01/06/2026 16:35:50,421260,3,.0156,71,5,.0406,56,,,,,,,,,,,,,,,,,,
01/06/2026 16:36:20,421258,5,.0217,65,4,.0228,56,,,,,,,,,,,,,,,,,,
01/06/2026 16:36:20,421260,19,.12,60,10,.0739,52,,,,,,,,,,,,,,,,,,
01/06/2026 16:36:50,421258,9,.0406,60,11,.085,52,,,,,,,,,,,,,,,,,,
01/06/2026 16:36:50,421260,14,.0767,71,6,.0389,60,,,,,,,,,,,,,,,,,,
01/06/2026 16:37:20,421258,8,.0339,65,7,.075,49,,,,,,,,,,,,,,,,,,
01/06/2026 16:37:20,421260,5,.03,65,9,.0578,60,,,,,,,,,,,,,,,,,,
01/06/2026 16:37:50,421258,1,.0039,78,3,.0217,56,,,,,,,,,,,,,,,,,,
01/06/2026 16:37:50,421260,9,.0456,71,7,.0417,65,,,,,,,,,,,,,,,,,,
01/06/2026 16:38:20,421258,14,.0639,60,8,.0817,44,,,,,,,,,,,,,,,,,,
01/06/2026 16:38:20,421260,11,.0567,71,7,.0406,71,,,,,,,,,,,,,,,,,,
01/06/2026 16:38:50,421258,13,.07,56,16,.1528,44,,,,,,,,,,,,,,,,,,
01/06/2026 16:38:50,421260,6,.03,71,5,.0289,65,,,,,,,,,,,,,,,,,,
01/06/2026 16:39:20,421258,16,.0728,65,11,.0939,46,,,,,,,,,,,,,,,,,,
01/06/2026 16:39:20,421260,4,.0189,71,6,.035,65,,,,,,,,,,,,,,,,,,
01/06/2026 16:39:50,421258,11,.0478,71,5,.0417,52,,,,,,,,,,,,,,,,,,
01/06/2026 16:39:50,421260,12,.075,65,8,.0639,56,,,,,,,,,,,,,,,,,,
01/06/2026 16:40:20,421258,6,.0267,71,7,.0456,60,,,,,,,,,,,,,,,,,,
01/06/2026 16:40:20,421260,11,.0567,71,6,.04,65,,,,,,,,,,,,,,,,,,
01/06/2026 16:40:50,421258,4,.0117,65,3,.0228,56,,,,,,,,,,,,,,,,,,
01/06/2026 16:40:50,421260,5,.025,78,5,.0356,65,,,,,,,,,,,,,,,,,,
01/06/2026 16:41:20,421258,5,.0228,71,5,.0489,52,,,,,,,,,,,,,,,,,,
01/06/2026 16:41:20,421260,11,.0606,65,12,.0756,60,,,,,,,,,,,,,,,,,,
01/06/2026 16:41:50,421258,11,.05,65,8,.0739,49,,,,,,,,,,,,,,,,,,
01/06/2026 16:41:50,421260,3,.0156,71,3,.02,60,,,,,,,,,,,,,,,,,,
01/06/2026 16:42:20,421258,9,.0378,71,4,.0389,49,,,,,,,,,,,,,,,,,,
01/06/2026 16:42:20,421260,7,.035,86,5,.0306,60,,,,,,,,,,,,,,,,,,
01/06/2026 16:42:50,421258,9,.0378,78,8,.0589,56,,,,,,,,,,,,,,,,,,
01/06/2026 16:42:50,421260,7,.0378,78,5,.0317,60,,,,,,,,,,,,,,,,,,
01/06/2026 16:43:20,421258,4,.0156,71,5,.0478,60,,,,,,,,,,,,,,,,,,
01/06/2026 16:43:20,421260,8,.0378,71,6,.0378,65,,,,,,,,,,,,,,,,,,
01/06/2026 16:43:50,421258,7,.0306,71,6,.0439,56,,,,,,,,,,,,,,,,,,
01/06/2026 16:43:50,421260,8,.0428,65,4,.0278,60,,,,,,,,,,,,,,,,,,
01/06/2026 16:44:20,421258,5,.0217,71,6,.04,52,,,,,,,,,,,,,,,,,,
01/06/2026 16:44:20,421260,11,.0656,65,9,.0567,60,,,,,,,,,,,,,,,,,,
01/06/2026 16:44:50,421258,6,.0239,78,7,.05,56,,,,,,,,,,,,,,,,,,
01/06/2026 16:44:50,421260,10,.0589,60,7,.0478,60,,,,,,,,,,,,,,,,,,
01/06/2026 16:45:20,421258,5,.0228,65,6,.05,49,,,,,,,,,,,,,,,,,,
01/06/2026 16:45:20,421260,7,.0367,71,3,.0306,46,,,,,,,,,,,,,,,,,,
01/06/2026 16:45:50,421258,11,.0489,65,6,.0456,52,,,,,,,,,,,,,,,,,,
01/06/2026 16:45:50,421260,7,.04,65,8,.0689,60,,,,,,,,,,,,,,,,,,
01/06/2026 16:46:20,421258,8,.035,71,9,.0667,56,,,,,,,,,,,,,,,,,,
01/06/2026 16:46:20,421260,9,.0489,71,10,.0628,56,,,,,,,,,,,,,,,,,,
01/06/2026 16:46:50,421258,6,.0267,65,8,.0606,52,,,,,,,,,,,,,,,,,,
01/06/2026 16:46:50,421260,8,.04,71,7,.0439,60,,,,,,,,,,,,,,,,,,
01/06/2026 16:47:20,421258,8,.0467,60,5,.05,44,,,,,,,,,,,,,,,,,,
01/06/2026 16:47:20,421260,5,.0306,65,9,.0728,49,,,,,,,,,,,,,,,,,,
01/06/2026 16:47:50,421258,9,.0406,65,8,.0589,52,,,,,,,,,,,,,,,,,,
01/06/2026 16:47:50,421260,6,.0306,71,9,.0567,65,,,,,,,,,,,,,,,,,,
01/06/2026 16:48:20,421258,8,.035,65,9,.0728,49,,,,,,,,,,,,,,,,,,
01/06/2026 16:48:20,421260,8,.0467,65,7,.05,56,,,,,,,,,,,,,,,,,,
01/06/2026 16:48:50,421258,7,.0278,78,6,.0456,52,,,,,,,,,,,,,,,,,,
01/06/2026 16:48:50,421260,17,.1006,65,7,.0456,60,,,,,,,,,,,,,,,,,,
01/06/2026 16:49:20,421258,6,.0239,71,9,.0806,49,,,,,,,,,,,,,,,,,,
01/06/2026 16:49:20,421260,9,.0456,71,6,.0356,65,,,,,,,,,,,,,,,,,,
01/06/2026 16:49:50,421258,6,.0267,65,6,.05,52,,,,,,,,,,,,,,,,,,
01/06/2026 16:49:50,421260,7,.0389,71,7,.0489,60,,,,,,,,,,,,,,,,,,
01/06/2026 16:50:20,421258,9,.0389,65,11,.0839,52,,,,,,,,,,,,,,,,,,
01/06/2026 16:50:20,421260,11,.0667,65,6,.0467,52,,,,,,,,,,,,,,,,,,
01/06/2026 16:50:50,421258,14,.0567,65,10,.0778,49,,,,,,,,,,,,,,,,,,
01/06/2026 16:50:50,421260,10,.0506,65,9,.0606,56,,,,,,,,,,,,,,,,,,
01/06/2026 16:51:20,421258,7,.03,65,7,.06,49,,,,,,,,,,,,,,,,,,
01/06/2026 16:51:20,421260,18,.1056,65,5,.04,56,,,,,,,,,,,,,,,,,,
01/06/2026 16:51:50,421258,7,.0306,65,4,.0267,52,,,,,,,,,,,,,,,,,,
01/06/2026 16:51:50,421260,9,.05,65,11,.0739,56,,,,,,,,,,,,,,,,,,
01/06/2026 16:52:20,421258,10,.0417,71,6,.0578,49,,,,,,,,,,,,,,,,,,
01/06/2026 16:52:20,421260,3,.0167,71,4,.0228,60,,,,,,,,,,,,,,,,,,
01/06/2026 16:52:50,421258,9,.045,60,11,.0906,49,,,,,,,,,,,,,,,,,,
01/06/2026 16:52:50,421260,9,.05,71,6,.0489,52,,,,,,,,,,,,,,,,,,
01/06/2026 16:53:20,421258,16,.0778,65,6,.0467,49,,,,,,,,,,,,,,,,,,
01/06/2026 16:53:20,421260,13,.0728,65,10,.0739,52,,,,,,,,,,,,,,,,,,
01/06/2026 16:53:50,421258,10,.0406,65,10,.0739,52,,,,,,,,,,,,,,,,,,
01/06/2026 16:53:50,421260,14,.0828,60,12,.0806,52,,,,,,,,,,,,,,,,,,
01/06/2026 16:54:20,421258,3,.0117,78,5,.0356,49,,,,,,,,,,,,,,,,,,
01/06/2026 16:54:20,421260,9,.0539,65,7,.0489,56,,,,,,,,,,,,,,,,,,
01/06/2026 16:54:50,421258,10,.0478,65,6,.0539,49,,,,,,,,,,,,,,,,,,
01/06/2026 16:54:50,421260,2,.0089,78,4,.025,60,,,,,,,,,,,,,,,,,,
01/06/2026 16:55:20,421258,9,.0389,65,7,.0628,44,,,,,,,,,,,,,,,,,,
01/06/2026 16:55:20,421260,10,.0567,65,9,.0567,60,,,,,,,,,,,,,,,,,,
01/06/2026 16:55:50,421258,14,.0717,60,14,.1156,49,,,,,,,,,,,,,,,,,,
01/06/2026 16:55:50,421260,13,.0689,71,6,.0467,56,,,,,,,,,,,,,,,,,,
01/06/2026 16:56:20,421258,8,.0389,65,9,.0706,52,,,,,,,,,,,,,,,,,,
01/06/2026 16:56:20,421260,11,.0689,60,7,.0478,56,,,,,,,,,,,,,,,,,,
01/06/2026 16:56:50,421258,6,.0239,71,3,.0217,56,,,,,,,,,,,,,,,,,,
01/06/2026 16:56:50,421260,12,.075,60,8,.0589,52,,,,,,,,,,,,,,,,,,
01/06/2026 16:57:20,421258,0,0,0,2,.0128,56,,,,,,,,,,,,,,,,,,
01/06/2026 16:57:20,421260,9,.0517,65,10,.0706,56,,,,,,,,,,,,,,,,,,
01/06/2026 16:57:50,421258,19,.1039,56,14,.1506,44,,,,,,,,,,,,,,,,,,
01/06/2026 16:57:50,421260,7,.0367,71,6,.0378,56,,,,,,,,,,,,,,,,,,
01/06/2026 16:58:20,421258,12,.0567,65,7,.0589,46,,,,,,,,,,,,,,,,,,
01/06/2026 16:58:20,421260,5,.0267,65,4,.0339,60,,,,,,,,,,,,,,,,,,
01/06/2026 16:58:50,421258,6,.03,65,8,.0628,49,,,,,,,,,,,,,,,,,,
01/06/2026 16:58:50,421260,4,.0217,60,3,.02,60,,,,,,,,,,,,,,,,,,
01/06/2026 16:59:20,421258,9,.0378,65,7,.055,46,,,,,,,,,,,,,,,,,,
01/06/2026 16:59:20,421260,10,.0528,71,6,.04,60,,,,,,,,,,,,,,,,,,
01/06/2026 16:59:50,421258,11,.0467,60,9,.0817,49,,,,,,,,,,,,,,,,,,
01/06/2026 16:59:50,421260,8,.0417,71,11,.0756,56,,,,,,,,,,,,,,,,,,
01/06/2026 17:00:20,421258,1,.0039,78,4,.0417,44,,,,,,,,,,,,,,,,,,
01/06/2026 17:00:20,421260,5,.0256,71,5,.0328,56,,,,,,,,,,,,,,,,,,
01/06/2026 17:00:50,421258,8,.0339,65,4,.0306,52,,,,,,,,,,,,,,,,,,
01/06/2026 17:00:50,421260,7,.0428,65,9,.0567,60,,,,,,,,,,,,,,,,,,
01/06/2026 17:01:20,421258,8,.0367,65,8,.0617,49,,,,,,,,,,,,,,,,,,
01/06/2026 17:01:20,421260,14,.075,65,8,.065,56,,,,,,,,,,,,,,,,,,
01/06/2026 17:01:50,421258,9,.0378,71,9,.0667,52,,,,,,,,,,,,,,,,,,
01/06/2026 17:01:50,421260,6,.0306,71,8,.05,60,,,,,,,,,,,,,,,,,,
01/06/2026 17:02:20,421258,3,.0117,71,8,.0567,52,,,,,,,,,,,,,,,,,,
01/06/2026 17:02:20,421260,10,.0567,65,8,.0506,56,,,,,,,,,,,,,,,,,,
01/06/2026 17:02:50,421258,7,.035,65,8,.0606,49,,,,,,,,,,,,,,,,,,
01/06/2026 17:02:50,421260,7,.0378,71,6,.0389,60,,,,,,,,,,,,,,,,,,
01/06/2026 17:03:20,421258,9,.0428,60,10,.0939,49,,,,,,,,,,,,,,,,,,
01/06/2026 17:03:20,421260,2,.0106,71,6,.0339,60,,,,,,,,,,,,,,,,,,
01/06/2026 17:03:50,421258,9,.0378,65,9,.0628,56,,,,,,,,,,,,,,,,,,
01/06/2026 17:03:50,421260,11,.0617,71,8,.0556,60,,,,,,,,,,,,,,,,,,
01/06/2026 17:04:20,421258,7,.0306,65,6,.0467,49,,,,,,,,,,,,,,,,,,
01/06/2026 17:04:20,421260,12,.0639,71,7,.0456,56,,,,,,,,,,,,,,,,,,
01/06/2026 17:04:50,421258,3,.0139,65,9,.0806,46,,,,,,,,,,,,,,,,,,
01/06/2026 17:04:50,421260,3,.0167,71,2,.0128,52,,,,,,,,,,,,,,,,,,
01/06/2026 17:05:20,421258,4,.0178,71,5,.035,56,,,,,,,,,,,,,,,,,,
01/06/2026 17:05:20,421260,4,.02,71,5,.0339,56,,,,,,,,,,,,,,,,,,
01/06/2026 17:05:50,421258,13,.0528,71,11,.08,56,,,,,,,,,,,,,,,,,,
01/06/2026 17:05:50,421260,5,.0267,65,7,.0478,56,,,,,,,,,,,,,,,,,,
01/06/2026 17:06:20,421258,8,.0328,71,4,.0456,52,,,,,,,,,,,,,,,,,,
01/06/2026 17:06:20,421260,10,.055,71,6,.0489,65,,,,,,,,,,,,,,,,,,
01/06/2026 17:06:50,421258,1,.0039,78,2,.0156,52,,,,,,,,,,,,,,,,,,
01/06/2026 17:06:50,421260,10,.0567,65,5,.045,60,,,,,,,,,,,,,,,,,,
01/06/2026 17:07:20,421258,4,.0189,60,9,.0789,46,,,,,,,,,,,,,,,,,,
01/06/2026 17:07:20,421260,6,.0328,71,8,.0567,56,,,,,,,,,,,,,,,,,,
01/06/2026 17:07:50,421258,9,.0389,71,5,.045,52,,,,,,,,,,,,,,,,,,
01/06/2026 17:07:50,421260,8,.0456,65,5,.0339,56,,,,,,,,,,,,,,,,,,
01/06/2026 17:08:20,421258,12,.0528,71,9,.0606,60,,,,,,,,,,,,,,,,,,
01/06/2026 17:08:20,421260,6,.0306,71,6,.0428,56,,,,,,,,,,,,,,,,,,
01/06/2026 17:08:50,421258,5,.0167,71,5,.0456,56,,,,,,,,,,,,,,,,,,
01/06/2026 17:08:50,421260,5,.03,65,4,.0267,56,,,,,,,,,,,,,,,,,,
01/06/2026 17:09:20,421258,5,.02,71,4,.0378,52,,,,,,,,,,,,,,,,,,
01/06/2026 17:09:20,421260,13,.0617,78,7,.0478,56,,,,,,,,,,,,,,,,,,
01/06/2026 17:09:50,421258,7,.0317,65,7,.0728,46,,,,,,,,,,,,,,,,,,
01/06/2026 17:09:50,421260,9,.0478,65,9,.0639,56,,,,,,,,,,,,,,,,,,
01/06/2026 17:10:20,421258,5,.0217,65,5,.0428,49,,,,,,,,,,,,,,,,,,
01/06/2026 17:10:20,421260,13,.075,65,4,.035,49,,,,,,,,,,,,,,,,,,
01/06/2026 17:10:50,421258,12,.0489,71,8,.0578,56,,,,,,,,,,,,,,,,,,
01/06/2026 17:10:50,421260,5,.025,71,6,.04,60,,,,,,,,,,,,,,,,,,
01/06/2026 17:11:20,421258,2,.0078,65,3,.0189,60,,,,,,,,,,,,,,,,,,
01/06/2026 17:11:20,421260,7,.0378,71,5,.0356,56,,,,,,,,,,,,,,,,,,
01/06/2026 17:11:50,421258,10,.0467,60,10,.085,46,,,,,,,,,,,,,,,,,,
01/06/2026 17:11:50,421260,10,.0528,65,6,.045,52,,,,,,,,,,,,,,,,,,
01/06/2026 17:12:20,421258,12,.0567,65,9,.07,52,,,,,,,,,,,,,,,,,,
01/06/2026 17:12:20,421260,12,.0639,71,8,.0506,60,,,,,,,,,,,,,,,,,,
01/06/2026 17:12:50,421258,3,.0139,71,7,.0767,46,,,,,,,,,,,,,,,,,,
01/06/2026 17:12:50,421260,8,.0428,71,8,.0478,65,,,,,,,,,,,,,,,,,,
01/06/2026 17:13:20,421258,5,.0228,65,7,.0478,56,,,,,,,,,,,,,,,,,,
01/06/2026 17:13:20,421260,9,.0467,71,6,.04,56,,,,,,,,,,,,,,,,,,
01/06/2026 17:13:50,421258,9,.0389,65,7,.0589,46,,,,,,,,,,,,,,,,,,
01/06/2026 17:13:50,421260,5,.025,71,6,.0367,60,,,,,,,,,,,,,,,,,,
01/06/2026 17:14:20,421258,14,.0739,60,13,.1017,49,,,,,,,,,,,,,,,,,,
01/06/2026 17:14:20,421260,7,.0389,65,8,.0539,60,,,,,,,,,,,,,,,,,,
01/06/2026 17:14:50,421258,4,.0178,71,3,.0217,56,,,,,,,,,,,,,,,,,,
01/06/2026 17:14:50,421260,11,.06,65,8,.0556,56,,,,,,,,,,,,,,,,,,
01/06/2026 17:15:20,421258,10,.0406,71,9,.0706,49,,,,,,,,,,,,,,,,,,
01/06/2026 17:15:20,421260,8,.0417,65,6,.045,56,,,,,,,,,,,,,,,,,,
01/06/2026 17:15:50,421258,4,.0178,65,5,.0356,56,,,,,,,,,,,,,,,,,,
01/06/2026 17:15:50,421260,13,.07,71,6,.0417,60,,,,,,,,,,,,,,,,,,
01/06/2026 17:16:20,421258,10,.0428,65,6,.0439,52,,,,,,,,,,,,,,,,,,
01/06/2026 17:16:20,421260,3,.015,71,8,.0567,60,,,,,,,,,,,,,,,,,,
01/06/2026 17:16:50,421258,12,.0567,65,9,.0667,52,,,,,,,,,,,,,,,,,,
01/06/2026 17:16:50,421260,9,.0556,60,7,.0528,52,,,,,,,,,,,,,,,,,,
01/06/2026 17:17:20,421258,8,.0356,65,2,.015,56,,,,,,,,,,,,,,,,,,
01/06/2026 17:17:20,421260,5,.03,60,3,.02,60,,,,,,,,,,,,,,,,,,
01/06/2026 17:17:50,421258,8,.0328,65,11,.0928,46,,,,,,,,,,,,,,,,,,
01/06/2026 17:17:50,421260,8,.0567,65,7,.065,56,,,,,,,,,,,,,,,,,,
01/06/2026 17:18:20,421258,2,.0078,65,6,.0467,52,,,,,,,,,,,,,,,,,,
01/06/2026 17:18:20,421260,10,.06,60,8,.0506,60,,,,,,,,,,,,,,,,,,
01/06/2026 17:18:50,421258,8,.0367,60,6,.0467,46,,,,,,,,,,,,,,,,,,
01/06/2026 17:18:50,421260,11,.0689,60,5,.0317,52,,,,,,,,,,,,,,,,,,
01/06/2026 17:19:20,421258,5,.0217,65,4,.0267,60,,,,,,,,,,,,,,,,,,
01/06/2026 17:19:20,421260,8,.0439,71,7,.0556,60,,,,,,,,,,,,,,,,,,
01/06/2026 17:19:50,421258,8,.0339,71,7,.0628,56,,,,,,,,,,,,,,,,,,
01/06/2026 17:19:50,421260,8,.0428,71,7,.0428,60,,,,,,,,,,,,,,,,,,
01/06/2026 17:20:20,421258,5,.0217,65,7,.0617,52,,,,,,,,,,,,,,,,,,
01/06/2026 17:20:20,421260,5,.03,60,6,.04,60,,,,,,,,,,,,,,,,,,
01/06/2026 17:20:50,421258,13,.0539,71,6,.0467,60,,,,,,,,,,,,,,,,,,
01/06/2026 17:20:50,421260,11,.0667,60,13,.1106,44,,,,,,,,,,,,,,,,,,
01/06/2026 17:21:20,421258,7,.0367,65,6,.0467,49,,,,,,,,,,,,,,,,,,
01/06/2026 17:21:20,421260,7,.0417,65,9,.0689,49,,,,,,,,,,,,,,,,,,
01/06/2026 17:21:50,421258,9,.0389,65,8,.0567,56,,,,,,,,,,,,,,,,,,
01/06/2026 17:21:50,421260,2,.02,65,4,.0339,56,,,,,,,,,,,,,,,,,,
01/06/2026 17:22:20,421258,8,.0378,60,8,.0578,56,,,,,,,,,,,,,,,,,,
01/06/2026 17:22:20,421260,8,.0467,65,9,.0578,52,,,,,,,,,,,,,,,,,,
01/06/2026 17:22:50,421258,5,.02,71,5,.0578,49,,,,,,,,,,,,,,,,,,
01/06/2026 17:22:50,421260,7,.0378,65,6,.0389,56,,,,,,,,,,,,,,,,,,
01/06/2026 17:23:20,421258,2,.0089,60,2,.015,56,,,,,,,,,,,,,,,,,,
01/06/2026 17:23:20,421260,12,.08,60,9,.0617,52,,,,,,,,,,,,,,,,,,
01/06/2026 17:23:50,421258,9,.045,60,8,.105,44,,,,,,,,,,,,,,,,,,
01/06/2026 17:23:50,421260,10,.0639,60,7,.0589,46,,,,,,,,,,,,,,,,,,
01/06/2026 17:24:20,421258,8,.0417,60,7,.0567,52,,,,,,,,,,,,,,,,,,
01/06/2026 17:24:20,421260,5,.0289,71,5,.0378,52,,,,,,,,,,,,,,,,,,
01/06/2026 17:24:50,421258,8,.0417,52,10,.1089,44,,,,,,,,,,,,,,,,,,
01/06/2026 17:24:50,421260,3,.015,71,4,.0278,56,,,,,,,,,,,,,,,,,,
01/06/2026 17:25:20,421258,3,.0117,71,6,.0428,52,,,,,,,,,,,,,,,,,,
01/06/2026 17:25:20,421260,9,.0606,60,8,.08,46,,,,,,,,,,,,,,,,,,
01/06/2026 17:25:50,421258,6,.03,65,6,.0417,56,,,,,,,,,,,,,,,,,,
01/06/2026 17:25:50,421260,20,.1306,56,9,.0678,52,,,,,,,,,,,,,,,,,,
01/06/2026 17:26:20,421258,5,.0217,65,6,.0428,52,,,,,,,,,,,,,,,,,,
01/06/2026 17:26:20,421260,7,.04,65,9,.0778,52,,,,,,,,,,,,,,,,,,
01/06/2026 17:26:50,421258,13,.07,56,8,.0889,46,,,,,,,,,,,,,,,,,,
01/06/2026 17:26:50,421260,5,.0278,65,7,.05,52,,,,,,,,,,,,,,,,,,
01/06/2026 17:27:20,421258,4,.0267,60,2,.0189,42,,,,,,,,,,,,,,,,,,
01/06/2026 17:27:20,421260,13,.08,65,10,.0706,56,,,,,,,,,,,,,,,,,,
01/06/2026 17:27:50,421258,8,.0367,60,8,.0667,49,,,,,,,,,,,,,,,,,,
01/06/2026 17:27:50,421260,16,.1006,60,7,.0517,52,,,,,,,,,,,,,,,,,,
01/06/2026 17:28:20,421258,11,.0528,60,10,.0839,52,,,,,,,,,,,,,,,,,,
01/06/2026 17:28:20,421260,1,.005,71,2,.0128,60,,,,,,,,,,,,,,,,,,
01/06/2026 17:28:50,421258,9,.0417,60,5,.0389,52,,,,,,,,,,,,,,,,,,
01/06/2026 17:28:50,421260,11,.06,65,7,.0467,56,,,,,,,,,,,,,,,,,,
01/06/2026 17:29:20,421258,7,.035,60,6,.0578,49,,,,,,,,,,,,,,,,,,
01/06/2026 17:29:20,421260,7,.0367,71,6,.0389,56,,,,,,,,,,,,,,,,,,
01/06/2026 17:29:50,421258,6,.03,60,5,.0356,49,,,,,,,,,,,,,,,,,,
01/06/2026 17:29:50,421260,4,.0228,71,3,.0189,56,,,,,,,,,,,,,,,,,,
01/06/2026 17:30:20,421258,10,.0539,56,10,.085,49,,,,,,,,,,,,,,,,,,
01/06/2026 17:30:20,421260,4,.0217,65,5,.0328,56,,,,,,,,,,,,,,,,,,
01/06/2026 17:30:50,421258,14,.0728,56,6,.0528,44,,,,,,,,,,,,,,,,,,
01/06/2026 17:30:50,421260,10,.0589,65,9,.0628,56,,,,,,,,,,,,,,,,,,
01/06/2026 17:31:20,421258,14,.0689,52,2,.0178,49,,,,,,,,,,,,,,,,,,
01/06/2026 17:31:20,421260,10,.0556,65,6,.0428,52,,,,,,,,,,,,,,,,,,
01/06/2026 17:31:50,421258,9,.045,60,9,.0789,46,,,,,,,,,,,,,,,,,,
01/06/2026 17:31:50,421260,6,.0339,65,6,.0389,56,,,,,,,,,,,,,,,,,,
01/06/2026 17:32:20,421258,6,.0317,56,7,.0617,44,,,,,,,,,,,,,,,,,,
01/06/2026 17:32:20,421260,5,.0278,71,6,.0406,60,,,,,,,,,,,,,,,,,,
01/06/2026 17:32:50,421258,12,.0528,65,10,.0789,52,,,,,,,,,,,,,,,,,,
01/06/2026 17:32:50,421260,12,.07,65,6,.0378,60,,,,,,,,,,,,,,,,,,
01/06/2026 17:33:20,421258,6,.03,65,4,.0306,52,,,,,,,,,,,,,,,,,,
01/06/2026 17:33:20,421260,12,.0728,60,8,.0706,46,,,,,,,,,,,,,,,,,,
01/06/2026 17:33:50,421258,8,.0389,60,6,.055,44,,,,,,,,,,,,,,,,,,
01/06/2026 17:33:50,421260,9,.0489,71,6,.04,60,,,,,,,,,,,,,,,,,,
01/06/2026 17:34:20,421258,9,.0406,65,8,.05,56,,,,,,,,,,,,,,,,,,
01/06/2026 17:34:20,421260,6,.0339,65,7,.0517,60,,,,,,,,,,,,,,,,,,
01/06/2026 17:34:50,421258,7,.0289,71,7,.0489,56,,,,,,,,,,,,,,,,,,
01/06/2026 17:34:50,421260,6,.035,65,6,.0339,60,,,,,,,,,,,,,,,,,,
01/06/2026 17:35:20,421258,9,.0417,65,3,.0217,56,,,,,,,,,,,,,,,,,,
01/06/2026 17:35:20,421260,8,.0578,56,8,.0528,60,,,,,,,,,,,,,,,,,,
01/06/2026 17:35:50,421258,9,.045,56,4,.0489,40,,,,,,,,,,,,,,,,,,
01/06/2026 17:35:50,421260,7,.04,65,10,.0756,52,,,,,,,,,,,,,,,,,,
01/06/2026 17:36:20,421258,10,.0506,60,10,.0856,46,,,,,,,,,,,,,,,,,,
01/06/2026 17:36:20,421260,7,.0417,65,7,.0589,52,,,,,,,,,,,,,,,,,,
01/06/2026 17:36:50,421258,12,.0578,60,4,.0317,49,,,,,,,,,,,,,,,,,,
01/06/2026 17:36:50,421260,4,.0228,65,5,.0328,52,,,,,,,,,,,,,,,,,,
01/06/2026 17:37:20,421258,4,.0178,65,5,.035,56,,,,,,,,,,,,,,,,,,
01/06/2026 17:37:20,421260,8,.0478,60,8,.0606,49,,,,,,,,,,,,,,,,,,
01/06/2026 17:37:50,421258,7,.0339,65,6,.0506,52,,,,,,,,,,,,,,,,,,
01/06/2026 17:37:50,421260,10,.0578,65,4,.03,56,,,,,,,,,,,,,,,,,,
01/06/2026 17:38:20,421258,10,.055,56,9,.0789,44,,,,,,,,,,,,,,,,,,
01/06/2026 17:38:20,421260,6,.0306,65,7,.045,56,,,,,,,,,,,,,,,,,,
01/06/2026 17:38:50,421258,5,.0217,65,9,.09,46,,,,,,,,,,,,,,,,,,
01/06/2026 17:38:50,421260,9,.0539,65,5,.0389,52,,,,,,,,,,,,,,,,,,
01/06/2026 17:39:20,421258,6,.0256,65,2,.015,56,,,,,,,,,,,,,,,,,,
01/06/2026 17:39:20,421260,9,.0528,65,9,.06,56,,,,,,,,,,,,,,,,,,
01/06/2026 17:39:50,421258,10,.0506,60,7,.0767,49,,,,,,,,,,,,,,,,,,
01/06/2026 17:39:50,421260,4,.0228,65,8,.0606,52,,,,,,,,,,,,,,,,,,
01/06/2026 17:40:20,421258,7,.0378,52,5,.0417,49,,,,,,,,,,,,,,,,,,
01/06/2026 17:40:20,421260,7,.0389,71,7,.0428,60,,,,,,,,,,,,,,,,,,
01/06/2026 17:40:50,421258,9,.0456,60,3,.0417,29,,,,,,,,,,,,,,,,,,
01/06/2026 17:40:50,421260,14,.0839,65,7,.0556,56,,,,,,,,,,,,,,,,,,
01/06/2026 17:41:20,421258,13,.0778,52,6,.0539,49,,,,,,,,,,,,,,,,,,
01/06/2026 17:41:20,421260,4,.0239,65,5,.035,56,,,,,,,,,,,,,,,,,,
01/06/2026 17:41:50,421258,14,.065,60,5,.0417,44,,,,,,,,,,,,,,,,,,
01/06/2026 17:41:50,421260,4,.025,60,2,.025,52,,,,,,,,,,,,,,,,,,
01/06/2026 17:42:20,421258,10,.0456,65,10,.0878,52,,,,,,,,,,,,,,,,,,
01/06/2026 17:42:20,421260,12,.0756,60,10,.0789,52,,,,,,,,,,,,,,,,,,
01/06/2026 17:42:50,421258,7,.0339,65,6,.0489,49,,,,,,,,,,,,,,,,,,
01/06/2026 17:42:50,421260,9,.055,60,7,.0478,56,,,,,,,,,,,,,,,,,,
01/06/2026 17:43:20,421258,1,.005,78,3,.0189,49,,,,,,,,,,,,,,,,,,
01/06/2026 17:43:20,421260,5,.025,71,2,.015,52,,,,,,,,,,,,,,,,,,
01/06/2026 17:43:50,421258,2,.0117,60,4,.0389,52,,,,,,,,,,,,,,,,,,
01/06/2026 17:43:50,421260,11,.0678,65,6,.05,52,,,,,,,,,,,,,,,,,,
01/06/2026 17:44:20,421258,11,.0539,60,10,.0778,52,,,,,,,,,,,,,,,,,,
01/06/2026 17:44:20,421260,4,.02,71,2,.015,56,,,,,,,,,,,,,,,,,,
01/06/2026 17:44:50,421258,12,.0578,60,8,.055,52,,,,,,,,,,,,,,,,,,
01/06/2026 17:44:50,421260,4,.0189,78,4,.0328,52,,,,,,,,,,,,,,,,,,
01/06/2026 17:45:20,421258,4,.0178,65,4,.0356,44,,,,,,,,,,,,,,,,,,
01/06/2026 17:45:20,421260,10,.0567,65,5,.0678,56,,,,,,,,,,,,,,,,,,
01/06/2026 17:45:50,421258,6,.0306,56,5,.0356,52,,,,,,,,,,,,,,,,,,
01/06/2026 17:45:50,421260,6,.035,65,8,.0628,52,,,,,,,,,,,,,,,,,,
01/06/2026 17:46:20,421258,10,.0489,60,4,.0656,42,,,,,,,,,,,,,,,,,,
01/06/2026 17:46:20,421260,13,.0839,60,12,.0967,49,,,,,,,,,,,,,,,,,,
01/06/2026 17:46:50,421258,9,.0406,71,3,.0256,49,,,,,,,,,,,,,,,,,,
01/06/2026 17:46:50,421260,11,.0628,65,6,.0539,52,,,,,,,,,,,,,,,,,,
01/06/2026 17:47:20,421258,3,.0117,65,4,.0317,52,,,,,,,,,,,,,,,,,,
01/06/2026 17:47:20,421260,7,.0406,65,7,.0617,56,,,,,,,,,,,,,,,,,,
01/06/2026 17:47:50,421258,6,.0256,65,5,.0656,52,,,,,,,,,,,,,,,,,,
01/06/2026 17:47:50,421260,3,.0167,65,3,.0228,52,,,,,,,,,,,,,,,,,,
01/06/2026 17:48:20,421258,9,.0378,65,7,.0606,49,,,,,,,,,,,,,,,,,,
01/06/2026 17:48:20,421260,10,.0578,65,8,.0578,56,,,,,,,,,,,,,,,,,,
01/06/2026 17:48:50,421258,13,.0617,60,14,.1289,46,,,,,,,,,,,,,,,,,,
01/06/2026 17:48:50,421260,12,.0739,60,9,.0656,52,,,,,,,,,,,,,,,,,,
01/06/2026 17:49:20,421258,4,.0156,60,10,.1139,46,,,,,,,,,,,,,,,,,,
01/06/2026 17:49:20,421260,5,.0267,65,6,.05,56,,,,,,,,,,,,,,,,,,
01/06/2026 17:49:50,421258,4,.0178,60,6,.0506,49,,,,,,,,,,,,,,,,,,
01/06/2026 17:49:50,421260,10,.06,65,7,.0489,56,,,,,,,,,,,,,,,,,,
01/06/2026 17:50:20,421258,11,.0567,60,6,.0439,56,,,,,,,,,,,,,,,,,,
01/06/2026 17:50:20,421260,16,.1106,56,8,.0689,46,,,,,,,,,,,,,,,,,,
01/06/2026 17:50:50,421258,11,.0506,60,6,.0478,49,,,,,,,,,,,,,,,,,,
01/06/2026 17:50:50,421260,8,.0439,71,5,.035,56,,,,,,,,,,,,,,,,,,
01/06/2026 17:51:20,421258,8,.0367,60,7,.0578,49,,,,,,,,,,,,,,,,,,
01/06/2026 17:51:20,421260,6,.0339,60,4,.0389,56,,,,,,,,,,,,,,,,,,
01/06/2026 17:51:50,421258,7,.0317,65,8,.075,46,,,,,,,,,,,,,,,,,,
01/06/2026 17:51:50,421260,7,.0406,65,10,.0706,56,,,,,,,,,,,,,,,,,,
01/06/2026 17:52:20,421258,12,.0556,65,6,.0456,56,,,,,,,,,,,,,,,,,,
01/06/2026 17:52:20,421260,1,.0056,60,3,.0278,49,,,,,,,,,,,,,,,,,,
01/06/2026 17:52:50,421258,10,.0428,65,9,.0728,49,,,,,,,,,,,,,,,,,,
01/06/2026 17:52:50,421260,8,.0528,65,9,.0667,52,,,,,,,,,,,,,,,,,,
01/06/2026 17:53:20,421258,7,.0306,71,6,.0567,49,,,,,,,,,,,,,,,,,,
01/06/2026 17:53:20,421260,15,.0867,60,11,.0756,56,,,,,,,,,,,,,,,,,,
01/06/2026 17:53:50,421258,6,.0278,65,8,.0617,49,,,,,,,,,,,,,,,,,,
01/06/2026 17:53:50,421260,11,.0667,60,8,.0728,52,,,,,,,,,,,,,,,,,,
01/06/2026 17:54:20,421258,1,.0039,60,1,.005,60,,,,,,,,,,,,,,,,,,
01/06/2026 17:54:20,421260,11,.0639,60,6,.0489,46,,,,,,,,,,,,,,,,,,
01/06/2026 17:54:50,421258,12,.06,65,7,.0656,46,,,,,,,,,,,,,,,,,,
01/06/2026 17:54:50,421260,5,.0289,65,5,.0306,60,,,,,,,,,,,,,,,,,,
01/06/2026 17:55:20,421258,17,.0806,60,9,.095,49,,,,,,,,,,,,,,,,,,
01/06/2026 17:55:20,421260,11,.065,65,6,.04,60,,,,,,,,,,,,,,,,,,
01/06/2026 17:55:50,421258,12,.0567,60,7,.0567,52,,,,,,,,,,,,,,,,,,
01/06/2026 17:55:50,421260,10,.06,60,6,.0478,56,,,,,,,,,,,,,,,,,,
01/06/2026 17:56:20,421258,6,.0239,65,6,.0417,56,,,,,,,,,,,,,,,,,,
01/06/2026 17:56:20,421260,5,.0306,65,7,.0567,46,,,,,,,,,,,,,,,,,,
01/06/2026 17:56:50,421258,7,.0378,60,6,.045,49,,,,,,,,,,,,,,,,,,
01/06/2026 17:56:50,421260,9,.0517,71,5,.0317,60,,,,,,,,,,,,,,,,,,
01/06/2026 17:57:20,421258,6,.03,56,4,.0278,52,,,,,,,,,,,,,,,,,,
01/06/2026 17:57:20,421260,13,.0756,60,8,.0678,56,,,,,,,,,,,,,,,,,,
01/06/2026 17:57:50,421258,6,.0267,65,8,.0606,52,,,,,,,,,,,,,,,,,,
01/06/2026 17:57:50,421260,9,.0589,60,5,.04,49,,,,,,,,,,,,,,,,,,
01/06/2026 17:58:20,421258,7,.035,65,5,.0589,49,,,,,,,,,,,,,,,,,,
01/06/2026 17:58:20,421260,11,.0717,60,12,.0917,49,,,,,,,,,,,,,,,,,,
01/06/2026 17:58:50,421258,7,.0306,65,8,.0889,46,,,,,,,,,,,,,,,,,,
01/06/2026 17:58:50,421260,7,.0389,65,6,.0428,60,,,,,,,,,,,,,,,,,,
01/06/2026 17:59:20,421258,16,.0728,65,5,.04,49,,,,,,,,,,,,,,,,,,
01/06/2026 17:59:20,421260,4,.0239,65,6,.0417,56,,,,,,,,,,,,,,,,,,
01/06/2026 17:59:50,421258,7,.03,65,5,.0428,52,,,,,,,,,,,,,,,,,,
01/06/2026 17:59:50,421260,6,.0317,71,1,.0067,60,,,,,,,,,,,,,,,,,,
01/06/2026 18:00:20,421258,2,.0106,65,3,.03,44,,,,,,,,,,,,,,,,,,
01/06/2026 18:00:20,421260,4,.0206,71,7,.0506,52,,,,,,,,,,,,,,,,,,
01/06/2026 18:00:50,421258,10,.055,56,8,.0889,46,,,,,,,,,,,,,,,,,,
01/06/2026 18:00:50,421260,5,.03,60,5,.0317,60,,,,,,,,,,,,,,,,,,
01/06/2026 18:01:20,421258,10,.0456,65,5,.0356,49,,,,,,,,,,,,,,,,,,
01/06/2026 18:01:20,421260,6,.0328,71,2,.015,56,,,,,,,,,,,,,,,,,,
01/06/2026 18:01:50,421258,10,.0517,60,4,.0256,56,,,,,,,,,,,,,,,,,,
01/06/2026 18:01:50,421260,8,.0456,65,10,.0689,56,,,,,,,,,,,,,,,,,,
01/06/2026 18:02:20,421258,7,.0317,65,2,.0167,56,,,,,,,,,,,,,,,,,,
01/06/2026 18:02:20,421260,8,.0406,65,4,.0239,56,,,,,,,,,,,,,,,,,,
01/06/2026 18:02:50,421258,7,.0328,60,3,.0239,49,,,,,,,,,,,,,,,,,,
01/06/2026 18:02:50,421260,6,.0328,65,7,.0456,60,,,,,,,,,,,,,,,,,,
01/06/2026 18:03:20,421258,11,.05,60,4,.0278,52,,,,,,,,,,,,,,,,,,
01/06/2026 18:03:20,421260,6,.0356,60,4,.0267,56,,,,,,,,,,,,,,,,,,
01/06/2026 18:03:50,421258,6,.0256,65,5,.0417,52,,,,,,,,,,,,,,,,,,
01/06/2026 18:03:50,421260,8,.045,65,3,.0217,56,,,,,,,,,,,,,,,,,,
01/06/2026 18:04:20,421258,9,.0389,65,8,.0578,49,,,,,,,,,,,,,,,,,,
01/06/2026 18:04:20,421260,11,.065,60,6,.0389,60,,,,,,,,,,,,,,,,,,
01/06/2026 18:04:50,421258,11,.0489,65,5,.0428,46,,,,,,,,,,,,,,,,,,
01/06/2026 18:04:50,421260,12,.0739,60,5,.0356,52,,,,,,,,,,,,,,,,,,
01/06/2026 18:05:20,421258,4,.02,65,3,.0239,49,,,,,,,,,,,,,,,,,,
01/06/2026 18:05:20,421260,7,.0339,65,6,.0428,52,,,,,,,,,,,,,,,,,,
01/06/2026 18:05:50,421258,7,.0278,65,5,.0378,56,,,,,,,,,,,,,,,,,,
01/06/2026 18:05:50,421260,4,.025,65,5,.0378,52,,,,,,,,,,,,,,,,,,
01/06/2026 18:06:20,421258,10,.0489,60,4,.0356,46,,,,,,,,,,,,,,,,,,
01/06/2026 18:06:20,421260,9,.0506,65,6,.0406,60,,,,,,,,,,,,,,,,,,
01/06/2026 18:06:50,421258,12,.0528,60,5,.0389,52,,,,,,,,,,,,,,,,,,
01/06/2026 18:06:50,421260,4,.0206,71,4,.0328,56,,,,,,,,,,,,,,,,,,
01/06/2026 18:07:20,421258,5,.0256,65,5,.0428,46,,,,,,,,,,,,,,,,,,
01/06/2026 18:07:20,421260,9,.0617,56,8,.0578,49,,,,,,,,,,,,,,,,,,
01/06/2026 18:07:50,421258,4,.0178,65,8,.0617,49,,,,,,,,,,,,,,,,,,
01/06/2026 18:07:50,421260,14,.0806,60,11,.0806,52,,,,,,,,,,,,,,,,,,
01/06/2026 18:08:20,421258,10,.0467,56,6,.0478,49,,,,,,,,,,,,,,,,,,
01/06/2026 18:08:20,421260,5,.0306,65,4,.0417,52,,,,,,,,,,,,,,,,,,
01/06/2026 18:08:50,421258,4,.0156,65,2,.015,56,,,,,,,,,,,,,,,,,,
01/06/2026 18:08:50,421260,4,.0228,65,5,.0367,52,,,,,,,,,,,,,,,,,,
01/06/2026 18:09:20,421258,6,.035,60,6,.0439,49,,,,,,,,,,,,,,,,,,
01/06/2026 18:09:20,421260,9,.0478,71,6,.0389,60,,,,,,,,,,,,,,,,,,
01/06/2026 18:09:50,421258,11,.05,60,7,.055,46,,,,,,,,,,,,,,,,,,
01/06/2026 18:09:50,421260,4,.0217,65,5,.0306,60,,,,,,,,,,,,,,,,,,
01/06/2026 18:10:20,421258,12,.0578,60,7,.0567,49,,,,,,,,,,,,,,,,,,
01/06/2026 18:10:20,421260,7,.035,71,4,.0267,60,,,,,,,,,,,,,,,,,,
01/06/2026 18:10:50,421258,6,.0339,56,7,.07,49,,,,,,,,,,,,,,,,,,
01/06/2026 18:10:50,421260,7,.0406,65,6,.0339,65,,,,,,,,,,,,,,,,,,
01/06/2026 18:11:20,421258,9,.0389,60,5,.0356,56,,,,,,,,,,,,,,,,,,
01/06/2026 18:11:20,421260,2,.0106,65,4,.0306,56,,,,,,,,,,,,,,,,,,
01/06/2026 18:11:50,421258,8,.0339,65,3,.02,56,,,,,,,,,,,,,,,,,,
01/06/2026 18:11:50,421260,10,.06,60,9,.06,56,,,,,,,,,,,,,,,,,,
01/06/2026 18:12:20,421258,5,.0217,60,5,.0389,49,,,,,,,,,,,,,,,,,,
01/06/2026 18:12:20,421260,7,.0367,71,6,.0556,56,,,,,,,,,,,,,,,,,,
01/06/2026 18:12:50,421258,7,.0328,65,4,.0278,52,,,,,,,,,,,,,,,,,,
01/06/2026 18:12:50,421260,5,.0267,71,4,.0278,56,,,,,,,,,,,,,,,,,,
01/06/2026 18:13:20,421258,3,.0139,60,1,.0067,52,,,,,,,,,,,,,,,,,,
01/06/2026 18:13:20,421260,7,.0439,60,7,.0539,52,,,,,,,,,,,,,,,,,,
01/06/2026 18:13:50,421258,15,.0756,60,9,.0706,52,,,,,,,,,,,,,,,,,,
01/06/2026 18:13:50,421260,9,.055,65,4,.0228,60,,,,,,,,,,,,,,,,,,
01/06/2026 18:14:20,421258,7,.0278,65,4,.0339,52,,,,,,,,,,,,,,,,,,
01/06/2026 18:14:20,421260,11,.0739,56,3,.0256,49,,,,,,,,,,,,,,,,,,
01/06/2026 18:14:50,421258,3,.0117,65,5,.0356,60,,,,,,,,,,,,,,,,,,
01/06/2026 18:14:50,421260,8,.0478,65,5,.0339,60,,,,,,,,,,,,,,,,,,
01/06/2026 18:15:20,421258,6,.0267,65,6,.0428,52,,,,,,,,,,,,,,,,,,
01/06/2026 18:15:20,421260,7,.0378,65,8,.0506,60,,,,,,,,,,,,,,,,,,
01/06/2026 18:15:50,421258,6,.03,65,7,.0606,52,,,,,,,,,,,,,,,,,,
01/06/2026 18:15:50,421260,5,.0267,65,4,.0239,60,,,,,,,,,,,,,,,,,,
01/06/2026 18:16:20,421258,8,.0417,60,5,.0389,49,,,,,,,,,,,,,,,,,,
01/06/2026 18:16:20,421260,6,.0406,56,7,.0656,49,,,,,,,,,,,,,,,,,,
01/06/2026 18:16:50,421258,10,.05,60,3,.0467,49,,,,,,,,,,,,,,,,,,
01/06/2026 18:16:50,421260,10,.0606,60,7,.0506,52,,,,,,,,,,,,,,,,,,
01/06/2026 18:17:20,421258,13,.0639,60,5,.04,49,,,,,,,,,,,,,,,,,,
01/06/2026 18:17:20,421260,3,.0139,71,5,.0356,56,,,,,,,,,,,,,,,,,,
01/06/2026 18:17:50,421258,4,.0189,60,4,.03,52,,,,,,,,,,,,,,,,,,
01/06/2026 18:17:50,421260,12,.0717,60,6,.0467,52,,,,,,,,,,,,,,,,,,
01/06/2026 18:18:20,421258,3,.0139,56,3,.0239,49,,,,,,,,,,,,,,,,,,
01/06/2026 18:18:20,421260,10,.06,60,4,.03,49,,,,,,,,,,,,,,,,,,
01/06/2026 18:18:50,421258,11,.0556,60,4,.0428,49,,,,,,,,,,,,,,,,,,
01/06/2026 18:18:50,421260,8,.05,60,7,.06,52,,,,,,,,,,,,,,,,,,
01/06/2026 18:19:20,421258,10,.0489,60,7,.0689,46,,,,,,,,,,,,,,,,,,
01/06/2026 18:19:20,421260,8,.0456,65,7,.05,52,,,,,,,,,,,,,,,,,,
01/06/2026 18:19:50,421258,10,.0539,60,7,.0489,49,,,,,,,,,,,,,,,,,,
01/06/2026 18:19:50,421260,8,.0478,65,9,.065,52,,,,,,,,,,,,,,,,,,
01/06/2026 18:20:20,421258,7,.0328,60,4,.0306,52,,,,,,,,,,,,,,,,,,
01/06/2026 18:20:20,421260,6,.0339,65,6,.04,56,,,,,,,,,,,,,,,,,,
01/06/2026 18:20:50,421258,4,.0178,56,2,.0189,44,,,,,,,,,,,,,,,,,,
01/06/2026 18:20:50,421260,6,.0367,71,7,.0417,65,,,,,,,,,,,,,,,,,,
01/06/2026 18:21:20,421258,9,.0456,60,8,.0789,49,,,,,,,,,,,,,,,,,,
01/06/2026 18:21:20,421260,4,.0206,65,6,.0417,56,,,,,,,,,,,,,,,,,,
01/06/2026 18:21:50,421258,10,.05,60,10,.0756,46,,,,,,,,,,,,,,,,,,
01/06/2026 18:21:50,421260,3,.0167,65,6,.0439,56,,,,,,,,,,,,,,,,,,
01/06/2026 18:22:20,421258,9,.0417,60,12,.1,49,,,,,,,,,,,,,,,,,,
01/06/2026 18:22:20,421260,11,.0656,60,7,.0689,49,,,,,,,,,,,,,,,,,,
01/06/2026 18:22:50,421258,9,.0406,65,5,.0339,56,,,,,,,,,,,,,,,,,,
01/06/2026 18:22:50,421260,5,.0278,71,7,.0517,56,,,,,,,,,,,,,,,,,,
01/06/2026 18:23:20,421258,2,.0078,60,3,.0228,52,,,,,,,,,,,,,,,,,,
01/06/2026 18:23:20,421260,11,.0639,65,6,.075,60,,,,,,,,,,,,,,,,,,
01/06/2026 18:23:50,421258,10,.0417,65,5,.0389,49,,,,,,,,,,,,,,,,,,
01/06/2026 18:23:50,421260,6,.0339,71,8,.0578,56,,,,,,,,,,,,,,,,,,
01/06/2026 18:24:20,421258,6,.03,56,3,.0256,46,,,,,,,,,,,,,,,,,,
01/06/2026 18:24:20,421260,5,.0256,78,4,.0239,56,,,,,,,,,,,,,,,,,,
01/06/2026 18:24:50,421258,8,.0367,60,10,.0928,52,,,,,,,,,,,,,,,,,,
01/06/2026 18:24:50,421260,3,.0167,60,3,.0206,56,,,,,,,,,,,,,,,,,,
01/06/2026 18:25:20,421258,11,.0539,60,6,.0606,49,,,,,,,,,,,,,,,,,,
01/06/2026 18:25:20,421260,1,.005,78,2,.0117,65,,,,,,,,,,,,,,,,,,
01/06/2026 18:25:50,421258,9,.0467,60,5,.075,36,,,,,,,,,,,,,,,,,,
01/06/2026 18:25:50,421260,4,.0217,71,5,.035,56,,,,,,,,,,,,,,,,,,
01/06/2026 18:26:20,421258,3,.015,60,3,.0189,56,,,,,,,,,,,,,,,,,,
01/06/2026 18:26:20,421260,3,.0156,71,4,.0228,60,,,,,,,,,,,,,,,,,,
01/06/2026 18:26:50,421258,3,.0117,65,4,.0439,49,,,,,,,,,,,,,,,,,,
01/06/2026 18:26:50,421260,7,.0389,65,3,.0189,60,,,,,,,,,,,,,,,,,,
01/06/2026 18:27:20,421258,3,.0117,65,3,.0228,49,,,,,,,,,,,,,,,,,,
01/06/2026 18:27:20,421260,3,.0156,65,2,.01,71,,,,,,,,,,,,,,,,,,
01/06/2026 18:27:50,421258,5,.0239,60,2,.015,56,,,,,,,,,,,,,,,,,,
01/06/2026 18:27:50,421260,5,.0306,60,3,.02,56,,,,,,,,,,,,,,,,,,
01/06/2026 18:28:20,421258,1,.0039,78,6,.0467,52,,,,,,,,,,,,,,,,,,
01/06/2026 18:28:20,421260,2,.0106,71,2,.015,46,,,,,,,,,,,,,,,,,,
01/06/2026 18:28:50,421258,7,.0328,60,2,.0139,52,,,,,,,,,,,,,,,,,,
01/06/2026 18:28:50,421260,9,.05,65,6,.0428,56,,,,,,,,,,,,,,,,,,
01/06/2026 18:29:20,421258,6,.0256,60,3,.0189,60,,,,,,,,,,,,,,,,,,
01/06/2026 18:29:20,421260,10,.055,71,6,.0406,56,,,,,,,,,,,,,,,,,,
01/06/2026 18:29:50,421258,2,.0089,60,2,.015,49,,,,,,,,,,,,,,,,,,
01/06/2026 18:29:50,421260,7,.0406,65,7,.05,52,,,,,,,,,,,,,,,,,,
01/06/2026 18:30:20,421258,0,0,0,0,0,0,,,,,,,,,,,,,,,,,,
01/06/2026 18:30:20,421260,2,.0106,71,7,.0467,56,,,,,,,,,,,,,,,,,,
01/06/2026 18:30:50,421258,15,.0728,60,6,.0456,52,,,,,,,,,,,,,,,,,,
01/06/2026 18:30:50,421260,4,.0228,65,5,.0328,60,,,,,,,,,,,,,,,,,,
01/06/2026 18:31:20,421258,8,.0367,65,4,.0278,56,,,,,,,,,,,,,,,,,,
01/06/2026 18:31:20,421260,6,.0317,78,7,.0467,56,,,,,,,,,,,,,,,,,,
01/06/2026 18:31:50,421258,6,.0289,65,5,.0589,52,,,,,,,,,,,,,,,,,,
01/06/2026 18:31:50,421260,4,.0206,78,5,.0328,60,,,,,,,,,,,,,,,,,,
01/06/2026 18:32:20,421258,2,.0078,65,5,.0356,52,,,,,,,,,,,,,,,,,,
01/06/2026 18:32:20,421260,2,.0128,65,3,.0189,56,,,,,,,,,,,,,,,,,,
01/06/2026 18:32:50,421258,6,.0306,60,5,.0389,49,,,,,,,,,,,,,,,,,,
01/06/2026 18:32:50,421260,9,.0517,65,7,.0528,49,,,,,,,,,,,,,,,,,,
01/06/2026 18:33:20,421258,8,.0367,65,5,.0428,46,,,,,,,,,,,,,,,,,,
01/06/2026 18:33:20,421260,3,.0189,60,2,.0128,60,,,,,,,,,,,,,,,,,,
01/06/2026 18:33:50,421258,4,.0189,60,3,.0217,56,,,,,,,,,,,,,,,,,,
01/06/2026 18:33:50,421260,2,.01,71,1,.005,65,,,,,,,,,,,,,,,,,,
01/06/2026 18:34:20,421258,4,.0217,60,2,.0178,52,,,,,,,,,,,,,,,,,,
01/06/2026 18:34:20,421260,5,.0267,71,9,.0689,52,,,,,,,,,,,,,,,,,,
01/06/2026 18:34:50,421258,6,.0278,65,3,.0228,56,,,,,,,,,,,,,,,,,,
01/06/2026 18:34:50,421260,5,.03,65,4,.0256,60,,,,,,,,,,,,,,,,,,
01/06/2026 18:35:20,421258,7,.035,60,3,.0578,33,,,,,,,,,,,,,,,,,,
01/06/2026 18:35:20,421260,9,.0489,71,9,.0589,60,,,,,,,,,,,,,,,,,,
01/06/2026 18:35:50,421258,3,.0167,60,0,0,0,,,,,,,,,,,,,,,,,,
01/06/2026 18:35:50,421260,5,.0256,65,6,.0467,52,,,,,,,,,,,,,,,,,,
01/06/2026 18:36:20,421258,10,.0439,60,5,.0439,49,,,,,,,,,,,,,,,,,,
01/06/2026 18:36:20,421260,5,.0278,65,1,.0056,65,,,,,,,,,,,,,,,,,,
01/06/2026 18:36:50,421258,6,.0267,65,2,.0156,52,,,,,,,,,,,,,,,,,,
01/06/2026 18:36:50,421260,2,.01,71,4,.0256,65,,,,,,,,,,,,,,,,,,
01/06/2026 18:37:20,421258,11,.0528,60,6,.0439,52,,,,,,,,,,,,,,,,,,
01/06/2026 18:37:20,421260,2,.0089,71,5,.0439,56,,,,,,,,,,,,,,,,,,
01/06/2026 18:37:50,421258,4,.0178,60,6,.0456,52,,,,,,,,,,,,,,,,,,
01/06/2026 18:37:50,421260,3,.0167,78,6,.04,60,,,,,,,,,,,,,,,,,,
01/06/2026 18:38:20,421258,6,.0267,60,5,.0456,44,,,,,,,,,,,,,,,,,,
01/06/2026 18:38:20,421260,3,.0156,71,2,.0117,71,,,,,,,,,,,,,,,,,,
01/06/2026 18:38:50,421258,2,.01,60,2,.0167,52,,,,,,,,,,,,,,,,,,
01/06/2026 18:38:50,421260,4,.0228,71,3,.0206,65,,,,,,,,,,,,,,,,,,
01/06/2026 18:39:20,421258,2,.0089,60,3,.0506,44,,,,,,,,,,,,,,,,,,
01/06/2026 18:39:20,421260,5,.0289,71,5,.0328,56,,,,,,,,,,,,,,,,,,
01/06/2026 18:39:50,421258,3,.0156,65,6,.0489,49,,,,,,,,,,,,,,,,,,
01/06/2026 18:39:50,421260,4,.0228,65,7,.0539,60,,,,,,,,,,,,,,,,,,
01/06/2026 18:40:20,421258,6,.0278,65,2,.0156,52,,,,,,,,,,,,,,,,,,
01/06/2026 18:40:20,421260,4,.0206,71,4,.0256,65,,,,,,,,,,,,,,,,,,
01/06/2026 18:40:50,421258,4,.02,71,5,.035,65,,,,,,,,,,,,,,,,,,
01/06/2026 18:40:50,421260,7,.045,60,7,.0506,52,,,,,,,,,,,,,,,,,,
01/06/2026 18:41:20,421258,4,.0156,65,3,.0228,52,,,,,,,,,,,,,,,,,,
01/06/2026 18:41:20,421260,5,.0278,60,7,.0517,56,,,,,,,,,,,,,,,,,,
01/06/2026 18:41:50,421258,3,.0139,60,3,.0256,49,,,,,,,,,,,,,,,,,,
01/06/2026 18:41:50,421260,3,.0156,71,2,.0139,56,,,,,,,,,,,,,,,,,,
01/06/2026 18:42:20,421258,7,.035,65,3,.035,49,,,,,,,,,,,,,,,,,,
01/06/2026 18:42:20,421260,1,.0056,71,3,.0189,65,,,,,,,,,,,,,,,,,,
01/06/2026 18:42:50,421258,4,.0128,65,1,.0078,52,,,,,,,,,,,,,,,,,,
01/06/2026 18:42:50,421260,6,.0356,65,6,.045,56,,,,,,,,,,,,,,,,,,
01/06/2026 18:43:20,421258,12,.0539,60,10,.0806,52,,,,,,,,,,,,,,,,,,
01/06/2026 18:43:20,421260,4,.0217,71,3,.0178,60,,,,,,,,,,,,,,,,,,
01/06/2026 18:43:50,421258,1,.005,60,3,.0239,49,,,,,,,,,,,,,,,,,,
01/06/2026 18:43:50,421260,8,.0456,65,8,.055,60,,,,,,,,,,,,,,,,,,
01/06/2026 18:44:20,421258,3,.0117,71,3,.0217,56,,,,,,,,,,,,,,,,,,
01/06/2026 18:44:20,421260,2,.01,78,2,.0128,60,,,,,,,,,,,,,,,,,,
01/06/2026 18:44:50,421258,7,.0339,65,7,.0506,56,,,,,,,,,,,,,,,,,,
01/06/2026 18:44:50,421260,5,.0256,71,3,.0189,60,,,,,,,,,,,,,,,,,,
01/06/2026 18:45:20,421258,1,.005,52,1,.0078,52,,,,,,,,,,,,,,,,,,
01/06/2026 18:45:20,421260,6,.0328,71,2,.015,56,,,,,,,,,,,,,,,,,,
01/06/2026 18:45:50,421258,6,.0278,60,9,.0767,49,,,,,,,,,,,,,,,,,,
01/06/2026 18:45:50,421260,6,.0289,71,7,.05,60,,,,,,,,,,,,,,,,,,
01/06/2026 18:46:20,421258,2,.0139,60,4,.035,49,,,,,,,,,,,,,,,,,,
01/06/2026 18:46:20,421260,2,.01,78,5,.0267,60,,,,,,,,,,,,,,,,,,
01/06/2026 18:46:50,421258,5,.0189,65,4,.0239,60,,,,,,,,,,,,,,,,,,
01/06/2026 18:46:50,421260,4,.02,71,4,.0239,65,,,,,,,,,,,,,,,,,,
01/06/2026 18:47:20,421258,6,.0289,65,5,.035,56,,,,,,,,,,,,,,,,,,
01/06/2026 18:47:20,421260,6,.0306,71,6,.04,56,,,,,,,,,,,,,,,,,,
01/06/2026 18:47:50,421258,4,.0128,65,7,.0489,56,,,,,,,,,,,,,,,,,,
01/06/2026 18:47:50,421260,7,.0378,65,6,.045,52,,,,,,,,,,,,,,,,,,
01/06/2026 18:48:20,421258,5,.0217,65,4,.0278,52,,,,,,,,,,,,,,,,,,
01/06/2026 18:48:20,421260,6,.0306,71,8,.0528,60,,,,,,,,,,,,,,,,,,
01/06/2026 18:48:50,421258,4,.0189,71,5,.0306,56,,,,,,,,,,,,,,,,,,
01/06/2026 18:48:50,421260,0,0,0,1,.0056,65,,,,,,,,,,,,,,,,,,
01/06/2026 18:49:20,421258,4,.0189,65,3,.0306,42,,,,,,,,,,,,,,,,,,
01/06/2026 18:49:20,421260,4,.0217,71,5,.0328,56,,,,,,,,,,,,,,,,,,
01/06/2026 18:49:50,421258,6,.0328,60,3,.0306,40,,,,,,,,,,,,,,,,,,
01/06/2026 18:49:50,421260,2,.01,78,1,.0067,56,,,,,,,,,,,,,,,,,,
01/06/2026 18:50:20,421258,6,.0267,60,11,.1,46,,,,,,,,,,,,,,,,,,
01/06/2026 18:50:20,421260,3,.0189,65,3,.0256,49,,,,,,,,,,,,,,,,,,
01/06/2026 18:50:50,421258,3,.0139,65,1,.0078,44,,,,,,,,,,,,,,,,,,
01/06/2026 18:50:50,421260,6,.0356,65,6,.0389,60,,,,,,,,,,,,,,,,,,
01/06/2026 18:51:20,421258,5,.02,71,3,.0239,52,,,,,,,,,,,,,,,,,,
01/06/2026 18:51:20,421260,7,.035,78,4,.025,65,,,,,,,,,,,,,,,,,,
01/06/2026 18:51:50,421258,2,.0089,60,1,.0067,60,,,,,,,,,,,,,,,,,,
01/06/2026 18:51:50,421260,5,.0278,71,5,.0339,56,,,,,,,,,,,,,,,,,,
01/06/2026 18:52:20,421258,3,.0117,65,2,.0356,49,,,,,,,,,,,,,,,,,,
01/06/2026 18:52:20,421260,10,.0589,65,7,.0478,56,,,,,,,,,,,,,,,,,,
01/06/2026 18:52:50,421258,9,.045,60,6,.0417,56,,,,,,,,,,,,,,,,,,
01/06/2026 18:52:50,421260,6,.0306,71,4,.035,65,,,,,,,,,,,,,,,,,,
01/06/2026 18:53:20,421258,5,.0217,65,5,.0417,46,,,,,,,,,,,,,,,,,,
01/06/2026 18:53:20,421260,4,.0206,78,2,.015,56,,,,,,,,,,,,,,,,,,
01/06/2026 18:53:50,421258,5,.0206,65,6,.05,49,,,,,,,,,,,,,,,,,,
01/06/2026 18:53:50,421260,5,.0278,71,7,.0478,56,,,,,,,,,,,,,,,,,,
01/06/2026 18:54:20,421258,8,.0328,65,6,.0428,56,,,,,,,,,,,,,,,,,,
01/06/2026 18:54:20,421260,5,.0267,78,5,.0289,65,,,,,,,,,,,,,,,,,,
01/06/2026 18:54:50,421258,7,.0317,65,7,.065,49,,,,,,,,,,,,,,,,,,
01/06/2026 18:54:50,421260,8,.0417,71,4,.0289,56,,,,,,,,,,,,,,,,,,
01/06/2026 18:55:20,421258,2,.0078,65,3,.0239,49,,,,,,,,,,,,,,,,,,
01/06/2026 18:55:20,421260,8,.0417,71,7,.05,52,,,,,,,,,,,,,,,,,,
01/06/2026 18:55:50,421258,5,.0217,65,5,.0417,49,,,,,,,,,,,,,,,,,,
01/06/2026 18:55:50,421260,7,.04,65,6,.04,60,,,,,,,,,,,,,,,,,,
01/06/2026 18:56:20,421258,10,.045,65,5,.035,60,,,,,,,,,,,,,,,,,,
01/06/2026 18:56:20,421260,2,.0139,60,2,.0106,71,,,,,,,,,,,,,,,,,,
01/06/2026 18:56:50,421258,4,.0156,71,4,.0267,60,,,,,,,,,,,,,,,,,,
01/06/2026 18:56:50,421260,3,.0156,78,6,.0428,56,,,,,,,,,,,,,,,,,,
01/06/2026 18:57:20,421258,2,.0089,65,6,.0467,52,,,,,,,,,,,,,,,,,,
01/06/2026 18:57:20,421260,5,.0256,65,6,.0489,52,,,,,,,,,,,,,,,,,,
01/06/2026 18:57:50,421258,7,.0339,60,4,.035,46,,,,,,,,,,,,,,,,,,
01/06/2026 18:57:50,421260,5,.0267,65,4,.0267,60,,,,,,,,,,,,,,,,,,
01/06/2026 18:58:20,421258,6,.0267,65,9,.065,52,,,,,,,,,,,,,,,,,,
01/06/2026 18:58:20,421260,7,.0356,65,5,.0389,52,,,,,,,,,,,,,,,,,,
01/06/2026 18:58:50,421258,1,.0039,78,1,.0067,52,,,,,,,,,,,,,,,,,,
01/06/2026 18:58:50,421260,12,.0717,65,8,.06,52,,,,,,,,,,,,,,,,,,
01/06/2026 18:59:20,421258,3,.0156,56,4,.035,49,,,,,,,,,,,,,,,,,,
01/06/2026 18:59:20,421260,1,.005,65,7,.0556,52,,,,,,,,,,,,,,,,,,
01/06/2026 18:59:50,421258,4,.0156,60,6,.0689,46,,,,,,,,,,,,,,,,,,
01/06/2026 18:59:50,421260,6,.045,71,4,.0317,56,,,,,,,,,,,,,,,,,,
01/06/2026 19:00:20,421258,7,.0339,60,5,.0428,52,,,,,,,,,,,,,,,,,,
01/06/2026 19:00:20,421260,2,.01,71,5,.0339,65,,,,,,,,,,,,,,,,,,
01/06/2026 19:00:50,421258,6,.0267,65,5,.04,46,,,,,,,,,,,,,,,,,,
01/06/2026 19:00:50,421260,3,.0178,60,3,.0167,65,,,,,,,,,,,,,,,,,,
01/06/2026 19:01:20,421258,4,.0217,60,5,.075,42,,,,,,,,,,,,,,,,,,
01/06/2026 19:01:20,421260,3,.0156,65,4,.0339,56,,,,,,,,,,,,,,,,,,
01/06/2026 19:01:50,421258,8,.0506,46,2,.0378,32,,,,,,,,,,,,,,,,,,
01/06/2026 19:01:50,421260,11,.065,65,5,.04,56,,,,,,,,,,,,,,,,,,
01/06/2026 19:02:20,421258,3,.0389,44,4,.07,36,,,,,,,,,,,,,,,,,,
01/06/2026 19:02:20,421260,3,.0156,71,8,.0517,60,,,,,,,,,,,,,,,,,,
01/06/2026 19:02:50,421258,6,.0506,40,5,.0556,36,,,,,,,,,,,,,,,,,,
01/06/2026 19:02:50,421260,4,.0217,65,5,.035,56,,,,,,,,,,,,,,,,,,
01/06/2026 19:03:20,421258,9,.0817,36,1,.0789,7,,,,,,,,,,,,,,,,,,
01/06/2026 19:03:20,421260,2,.0106,71,3,.02,56,,,,,,,,,,,,,,,,,,
01/06/2026 19:03:50,421258,13,.1128,42,0,0,0,,,,,,,,,,,,,,,,,,
01/06/2026 19:03:50,421260,9,.0539,65,10,.0678,56,,,,,,,,,,,,,,,,,,
01/06/2026 19:04:20,421258,12,.0928,40,0,0,0,,,,,,,,,,,,,,,,,,
01/06/2026 19:04:20,421260,6,.0256,65,2,.0306,60,,,,,,,,,,,,,,,,,,
01/06/2026 19:04:50,421258,11,.0878,40,1,.0278,15,,,,,,,,,,,,,,,,,,
01/06/2026 19:04:50,421260,7,.0389,71,6,.0417,65,,,,,,,,,,,,,,,,,,
01/06/2026 19:05:20,421258,10,.0689,44,0,0,0,,,,,,,,,,,,,,,,,,
01/06/2026 19:05:20,421260,9,.0506,65,5,.0278,60,,,,,,,,,,,,,,,,,,
01/06/2026 19:05:50,421258,17,.1028,52,0,0,0,,,,,,,,,,,,,,,,,,
01/06/2026 19:05:50,421260,9,.0517,65,4,.0256,60,,,,,,,,,,,,,,,,,,
01/06/2026 19:06:20,421258,11,.0839,46,0,0,0,,,,,,,,,,,,,,,,,,
01/06/2026 19:06:20,421260,1,.005,78,4,.0378,49,,,,,,,,,,,,,,,,,,
01/06/2026 19:06:50,421258,10,.0817,44,0,0,0,,,,,,,,,,,,,,,,,,
01/06/2026 19:06:50,421260,7,.0378,71,3,.0306,52,,,,,,,,,,,,,,,,,,
01/06/2026 19:07:20,421258,17,.1239,44,0,0,0,,,,,,,,,,,,,,,,,,
01/06/2026 19:07:20,421260,6,.035,65,5,.0356,56,,,,,,,,,,,,,,,,,,
01/06/2026 19:07:50,421258,8,.11,23,0,0,0,,,,,,,,,,,,,,,,,,
01/06/2026 19:07:50,421260,8,.0467,60,7,.0478,52,,,,,,,,,,,,,,,,,,
01/06/2026 19:08:20,421258,6,.13,15,0,0,0,,,,,,,,,,,,,,,,,,
01/06/2026 19:08:20,421260,10,.0567,65,3,.025,60,,,,,,,,,,,,,,,,,,
01/06/2026 19:08:50,421258,10,.1178,29,0,0,0,,,,,,,,,,,,,,,,,,
01/06/2026 19:08:50,421260,4,.0239,65,4,.025,65,,,,,,,,,,,,,,,,,,
01/06/2026 19:09:20,421258,11,.0856,40,0,0,0,,,,,,,,,,,,,,,,,,
01/06/2026 19:09:20,421260,1,.0056,65,4,.025,60,,,,,,,,,,,,,,,,,,
01/06/2026 19:09:50,421258,11,.0717,49,0,0,0,,,,,,,,,,,,,,,,,,
01/06/2026 19:09:50,421260,0,0,0,0,0,0,,,,,,,,,,,,,,,,,,
01/06/2026 19:10:20,421258,17,.1417,40,0,0,0,,,,,,,,,,,,,,,,,,
01/06/2026 19:10:20,421260,0,0,0,0,0,0,,,,,,,,,,,,,,,,,,
01/06/2026 19:10:50,421258,7,.0667,38,0,0,0,,,,,,,,,,,,,,,,,,
01/06/2026 19:10:50,421260,0,0,0,1,.0067,60,,,,,,,,,,,,,,,,,,
01/06/2026 19:11:20,421258,5,.0278,52,0,0,0,,,,,,,,,,,,,,,,,,
01/06/2026 19:11:20,421260,6,.0339,56,4,.0306,56,,,,,,,,,,,,,,,,,,
01/06/2026 19:11:50,421258,0,0,0,0,0,0,,,,,,,,,,,,,,,,,,
01/06/2026 19:11:50,421260,13,.095,52,12,.1117,44,,,,,,,,,,,,,,,,,,
01/06/2026 19:12:20,421258,0,0,0,0,0,0,,,,,,,,,,,,,,,,,,
01/06/2026 19:12:20,421260,11,.0728,52,9,.07,52,,,,,,,,,,,,,,,,,,
01/06/2026 19:12:50,421258,0,0,0,0,0,0,,,,,,,,,,,,,,,,,,
01/06/2026 19:12:50,421260,9,.06,56,7,.0578,46,,,,,,,,,,,,,,,,,,
01/06/2026 19:13:20,421258,6,.03,56,0,0,0,,,,,,,,,,,,,,,,,,
01/06/2026 19:13:20,421260,7,.0406,65,8,.0628,52,,,,,,,,,,,,,,,,,,
01/06/2026 19:13:50,421258,10,.0589,52,0,0,0,,,,,,,,,,,,,,,,,,
01/06/2026 19:13:50,421260,7,.0406,65,7,.045,60,,,,,,,,,,,,,,,,,,
01/06/2026 19:14:20,421258,14,.0856,49,0,0,0,,,,,,,,,,,,,,,,,,
01/06/2026 19:14:20,421260,7,.04,65,5,.0328,60,,,,,,,,,,,,,,,,,,
01/06/2026 19:14:50,421258,11,.0978,38,0,0,0,,,,,,,,,,,,,,,,,,
01/06/2026 19:14:50,421260,6,.0306,65,2,.0228,56,,,,,,,,,,,,,,,,,,
01/06/2026 19:15:20,421258,15,.155,30,0,0,0,,,,,,,,,,,,,,,,,,
01/06/2026 19:15:20,421260,7,.0428,60,8,.055,56,,,,,,,,,,,,,,,,,,
01/06/2026 19:15:50,421258,9,.1206,26,0,0,0,,,,,,,,,,,,,,,,,,
01/06/2026 19:15:50,421260,5,.0267,65,7,.0478,56,,,,,,,,,,,,,,,,,,
01/06/2026 19:16:20,421258,14,.215,23,1,.0928,5,,,,,,,,,,,,,,,,,,
01/06/2026 19:16:20,421260,3,.0156,71,5,.04,49,,,,,,,,,,,,,,,,,,
01/06/2026 19:16:50,421258,11,.1289,27,0,0,0,,,,,,,,,,,,,,,,,,
01/06/2026 19:16:50,421260,4,.0206,71,4,.0278,65,,,,,,,,,,,,,,,,,,
01/06/2026 19:17:20,421258,10,.0956,33,0,0,0,,,,,,,,,,,,,,,,,,
01/06/2026 19:17:20,421260,6,.0317,65,7,.05,56,,,,,,,,,,,,,,,,,,
01/06/2026 19:17:50,421258,11,.1039,34,0,0,0,,,,,,,,,,,,,,,,,,
01/06/2026 19:17:50,421260,4,.0206,65,4,.0306,56,,,,,,,,,,,,,,,,,,
01/06/2026 19:18:20,421258,9,.0839,33,0,0,0,,,,,,,,,,,,,,,,,,
01/06/2026 19:18:20,421260,3,.0167,60,3,.0217,52,,,,,,,,,,,,,,,,,,
01/06/2026 19:18:50,421258,9,.0889,33,0,0,0,,,,,,,,,,,,,,,,,,
01/06/2026 19:18:50,421260,5,.0289,65,3,.02,60,,,,,,,,,,,,,,,,,,
01/06/2026 19:19:20,421258,11,.1117,33,0,0,0,,,,,,,,,,,,,,,,,,
01/06/2026 19:19:20,421260,5,.0267,71,2,.0139,56,,,,,,,,,,,,,,,,,,
01/06/2026 19:19:50,421258,11,.0989,36,0,0,0,,,,,,,,,,,,,,,,,,
01/06/2026 19:19:50,421260,5,.0256,71,3,.0328,52,,,,,,,,,,,,,,,,,,
01/06/2026 19:20:20,421258,11,.1017,33,0,0,0,,,,,,,,,,,,,,,,,,
01/06/2026 19:20:20,421260,0,0,0,2,.0139,60,,,,,,,,,,,,,,,,,,
01/06/2026 19:20:50,421258,10,.0856,36,0,0,0,,,,,,,,,,,,,,,,,,
01/06/2026 19:20:50,421260,3,.0178,65,7,.055,49,,,,,,,,,,,,,,,,,,
01/06/2026 19:21:20,421258,11,.1117,30,0,0,0,,,,,,,,,,,,,,,,,,
01/06/2026 19:21:20,421260,7,.0428,56,7,.0539,49,,,,,,,,,,,,,,,,,,
01/06/2026 19:21:50,421258,12,.125,32,0,0,0,,,,,,,,,,,,,,,,,,
01/06/2026 19:21:50,421260,4,.02,71,3,.0256,52,,,,,,,,,,,,,,,,,,
01/06/2026 19:22:20,421258,10,.1017,32,0,0,0,,,,,,,,,,,,,,,,,,
01/06/2026 19:22:20,421260,2,.0117,65,5,.035,56,,,,,,,,,,,,,,,,,,
01/06/2026 19:22:50,421258,10,.1078,30,0,0,0,,,,,,,,,,,,,,,,,,
01/06/2026 19:22:50,421260,12,.0778,60,11,.0917,46,,,,,,,,,,,,,,,,,,
01/06/2026 19:23:20,421258,7,.075,32,0,0,0,,,,,,,,,,,,,,,,,,
01/06/2026 19:23:20,421260,1,.005,71,2,.0128,60,,,,,,,,,,,,,,,,,,
01/06/2026 19:23:50,421258,12,.1267,32,0,0,0,,,,,,,,,,,,,,,,,,
01/06/2026 19:23:50,421260,6,.0367,60,4,.0389,49,,,,,,,,,,,,,,,,,,
01/06/2026 19:24:20,421258,9,.0967,29,0,0,0,,,,,,,,,,,,,,,,,,
01/06/2026 19:24:20,421260,4,.0217,65,4,.0256,60,,,,,,,,,,,,,,,,,,
01/06/2026 19:24:50,421258,6,.0739,28,0,0,0,,,,,,,,,,,,,,,,,,
01/06/2026 19:24:50,421260,7,.04,65,7,.0467,56,,,,,,,,,,,,,,,,,,
01/06/2026 19:25:20,421258,12,.125,32,0,0,0,,,,,,,,,,,,,,,,,,
01/06/2026 19:25:20,421260,6,.0339,65,8,.0589,56,,,,,,,,,,,,,,,,,,
01/06/2026 19:25:50,421258,10,.1006,34,0,0,0,,,,,,,,,,,,,,,,,,
01/06/2026 19:25:50,421260,3,.0156,65,4,.0306,52,,,,,,,,,,,,,,,,,,
01/06/2026 19:26:20,421258,9,.115,29,0,0,0,,,,,,,,,,,,,,,,,,
01/06/2026 19:26:20,421260,8,.0439,65,5,.0389,60,,,,,,,,,,,,,,,,,,
01/06/2026 19:26:50,421258,10,.0856,33,0,0,0,,,,,,,,,,,,,,,,,,
01/06/2026 19:26:50,421260,4,.0189,71,5,.0278,65,,,,,,,,,,,,,,,,,,
01/06/2026 19:27:20,421258,7,.0878,25,0,0,0,,,,,,,,,,,,,,,,,,
01/06/2026 19:27:20,421260,3,.0156,71,5,.03,60,,,,,,,,,,,,,,,,,,
01/06/2026 19:27:50,421258,12,.1228,32,0,0,0,,,,,,,,,,,,,,,,,,
01/06/2026 19:27:50,421260,2,.0117,78,0,0,0,,,,,,,,,,,,,,,,,,
01/06/2026 19:28:20,421258,10,.0928,34,0,0,0,,,,,,,,,,,,,,,,,,
01/06/2026 19:28:20,421260,3,.0189,65,6,.045,52,,,,,,,,,,,,,,,,,,
01/06/2026 19:28:50,421258,10,.1028,32,0,0,0,,,,,,,,,,,,,,,,,,
01/06/2026 19:28:50,421260,5,.025,71,5,.0456,56,,,,,,,,,,,,,,,,,,
01/06/2026 19:29:20,421258,12,.1167,33,0,0,0,,,,,,,,,,,,,,,,,,
01/06/2026 19:29:20,421260,3,.02,71,7,.0506,56,,,,,,,,,,,,,,,,,,
01/06/2026 19:29:50,421258,9,.0767,34,0,0,0,,,,,,,,,,,,,,,,,,
01/06/2026 19:29:50,421260,5,.025,65,6,.0456,56,,,,,,,,,,,,,,,,,,
01/06/2026 19:30:20,421258,10,.1089,30,0,0,0,,,,,,,,,,,,,,,,,,
01/06/2026 19:30:20,421260,9,.0478,71,9,.0617,56,,,,,,,,,,,,,,,,,,
01/06/2026 19:30:50,421258,12,.1167,34,0,0,0,,,,,,,,,,,,,,,,,,
01/06/2026 19:30:50,421260,3,.0167,65,4,.0267,56,,,,,,,,,,,,,,,,,,
01/06/2026 19:31:20,421258,8,.09,32,0,0,0,,,,,,,,,,,,,,,,,,
01/06/2026 19:31:20,421260,6,.0328,71,3,.0178,65,,,,,,,,,,,,,,,,,,
01/06/2026 19:31:50,421258,11,.1167,28,0,0,0,,,,,,,,,,,,,,,,,,
01/06/2026 19:31:50,421260,5,.0306,65,4,.0289,56,,,,,,,,,,,,,,,,,,
01/06/2026 19:32:20,421258,11,.1128,33,0,0,0,,,,,,,,,,,,,,,,,,
01/06/2026 19:32:20,421260,3,.0156,65,3,.0228,52,,,,,,,,,,,,,,,,,,
01/06/2026 19:32:50,421258,10,.09,34,0,0,0,,,,,,,,,,,,,,,,,,
01/06/2026 19:32:50,421260,2,.0106,71,4,.0289,56,,,,,,,,,,,,,,,,,,
01/06/2026 19:33:20,421258,9,.0956,34,0,0,0,,,,,,,,,,,,,,,,,,
01/06/2026 19:33:20,421260,3,.0178,65,5,.0317,60,,,,,,,,,,,,,,,,,,
01/06/2026 19:33:50,421258,10,.0978,32,0,0,0,,,,,,,,,,,,,,,,,,
01/06/2026 19:33:50,421260,8,.0478,65,6,.0428,56,,,,,,,,,,,,,,,,,,
01/06/2026 19:34:20,421258,10,.11,30,0,0,0,,,,,,,,,,,,,,,,,,
01/06/2026 19:34:20,421260,5,.0267,65,6,.0428,56,,,,,,,,,,,,,,,,,,
01/06/2026 19:34:50,421258,10,.0978,34,0,0,0,,,,,,,,,,,,,,,,,,
01/06/2026 19:34:50,421260,7,.0356,78,4,.0267,56,,,,,,,,,,,,,,,,,,
01/06/2026 19:35:20,421258,12,.1056,36,0,0,0,,,,,,,,,,,,,,,,,,
01/06/2026 19:35:20,421260,5,.035,52,3,.0206,52,,,,,,,,,,,,,,,,,,
01/06/2026 19:35:50,421258,12,.0967,38,0,0,0,,,,,,,,,,,,,,,,,,
01/06/2026 19:35:50,421260,5,.0317,71,3,.0328,52,,,,,,,,,,,,,,,,,,
01/06/2026 19:36:20,421258,11,.0928,36,0,0,0,,,,,,,,,,,,,,,,,,
01/06/2026 19:36:20,421260,7,.0389,65,7,.0489,52,,,,,,,,,,,,,,,,,,
01/06/2026 19:36:50,421258,13,.1078,40,0,0,0,,,,,,,,,,,,,,,,,,
01/06/2026 19:36:50,421260,9,.0506,65,8,.0578,56,,,,,,,,,,,,,,,,,,
01/06/2026 19:37:20,421258,10,.0689,44,0,0,0,,,,,,,,,,,,,,,,,,
01/06/2026 19:37:20,421260,5,.0267,71,2,.0239,60,,,,,,,,,,,,,,,,,,
01/06/2026 19:37:50,421258,7,.065,40,0,0,0,,,,,,,,,,,,,,,,,,
01/06/2026 19:37:50,421260,7,.0367,71,5,.0328,60,,,,,,,,,,,,,,,,,,
01/06/2026 19:38:20,421258,4,.0439,42,0,0,0,,,,,,,,,,,,,,,,,,
01/06/2026 19:38:20,421260,3,.0167,65,4,.035,49,,,,,,,,,,,,,,,,,,
01/06/2026 19:38:50,421258,15,.12,40,0,0,0,,,,,,,,,,,,,,,,,,
01/06/2026 19:38:50,421260,2,.0106,60,5,.0317,52,,,,,,,,,,,,,,,,,,
01/06/2026 19:39:20,421258,13,.1389,36,0,0,0,,,,,,,,,,,,,,,,,,
01/06/2026 19:39:20,421260,7,.0406,65,8,.0567,56,,,,,,,,,,,,,,,,,,
01/06/2026 19:39:50,421258,12,.1006,40,0,0,0,,,,,,,,,,,,,,,,,,
01/06/2026 19:39:50,421260,3,.0178,65,5,.0367,49,,,,,,,,,,,,,,,,,,
01/06/2026 19:40:20,421258,10,.0967,34,0,0,0,,,,,,,,,,,,,,,,,,
01/06/2026 19:40:20,421260,4,.0217,65,5,.03,65,,,,,,,,,,,,,,,,,,
01/06/2026 19:40:50,421258,4,.04,36,0,0,0,,,,,,,,,,,,,,,,,,
01/06/2026 19:40:50,421260,5,.0367,65,4,.0289,56,,,,,,,,,,,,,,,,,,
01/06/2026 19:41:20,421258,13,.0956,42,0,0,0,,,,,,,,,,,,,,,,,,
01/06/2026 19:41:20,421260,0,0,0,3,.0206,56,,,,,,,,,,,,,,,,,,
01/06/2026 19:41:50,421258,12,.105,36,0,0,0,,,,,,,,,,,,,,,,,,
01/06/2026 19:41:50,421260,3,.015,78,2,.015,60,,,,,,,,,,,,,,,,,,
01/06/2026 19:42:20,421258,9,.0767,40,0,0,0,,,,,,,,,,,,,,,,,,
01/06/2026 19:42:20,421260,5,.0256,71,6,.0406,60,,,,,,,,,,,,,,,,,,
01/06/2026 19:42:50,421258,12,.0889,42,0,0,0,,,,,,,,,,,,,,,,,,
01/06/2026 19:42:50,421260,3,.0156,65,3,.0239,60,,,,,,,,,,,,,,,,,,
01/06/2026 19:43:20,421258,6,.0339,49,0,0,0,,,,,,,,,,,,,,,,,,
01/06/2026 19:43:20,421260,3,.0156,71,1,.0067,52,,,,,,,,,,,,,,,,,,
01/06/2026 19:43:50,421258,4,.0278,49,0,0,0,,,,,,,,,,,,,,,,,,
01/06/2026 19:43:50,421260,5,.0267,65,6,.0428,52,,,,,,,,,,,,,,,,,,
01/06/2026 19:44:20,421258,9,.0617,46,0,0,0,,,,,,,,,,,,,,,,,,
01/06/2026 19:44:20,421260,3,.015,71,0,0,0,,,,,,,,,,,,,,,,,,
01/06/2026 19:44:50,421258,5,.0306,49,0,0,0,,,,,,,,,,,,,,,,,,
01/06/2026 19:44:50,421260,3,.0167,65,2,.0356,49,,,,,,,,,,,,,,,,,,
01/06/2026 19:45:20,421258,6,.0317,49,0,0,0,,,,,,,,,,,,,,,,,,
01/06/2026 19:45:20,421260,4,.0217,65,3,.0189,60,,,,,,,,,,,,,,,,,,
01/06/2026 19:45:50,421258,5,.03,52,0,0,0,,,,,,,,,,,,,,,,,,
01/06/2026 19:45:50,421260,1,.005,71,3,.0206,60,,,,,,,,,,,,,,,,,,
01/06/2026 19:46:20,421258,7,.05,46,0,0,0,,,,,,,,,,,,,,,,,,
01/06/2026 19:46:20,421260,5,.0278,71,7,.0539,49,,,,,,,,,,,,,,,,,,
01/06/2026 19:46:50,421258,3,.0189,56,0,0,0,,,,,,,,,,,,,,,,,,
01/06/2026 19:46:50,421260,4,.02,71,5,.035,56,,,,,,,,,,,,,,,,,,
01/06/2026 19:47:20,421258,7,.0528,42,0,0,0,,,,,,,,,,,,,,,,,,
01/06/2026 19:47:20,421260,5,.0267,71,6,.0389,60,,,,,,,,,,,,,,,,,,
01/06/2026 19:47:50,421258,4,.04,42,0,0,0,,,,,,,,,,,,,,,,,,
01/06/2026 19:47:50,421260,7,.0378,71,5,.035,56,,,,,,,,,,,,,,,,,,
01/06/2026 19:48:20,421258,6,.05,42,0,0,0,,,,,,,,,,,,,,,,,,
01/06/2026 19:48:20,421260,8,.0489,65,6,.0489,56,,,,,,,,,,,,,,,,,,
01/06/2026 19:48:50,421258,12,.0978,40,0,0,0,,,,,,,,,,,,,,,,,,
01/06/2026 19:48:50,421260,1,.005,86,1,.0067,56,,,,,,,,,,,,,,,,,,
01/06/2026 19:49:20,421258,7,.0406,49,0,0,0,,,,,,,,,,,,,,,,,,
01/06/2026 19:49:20,421260,4,.0217,71,3,.0206,60,,,,,,,,,,,,,,,,,,
01/06/2026 19:49:50,421258,16,.1189,42,0,0,0,,,,,,,,,,,,,,,,,,
01/06/2026 19:49:50,421260,2,.0117,60,1,.0067,52,,,,,,,,,,,,,,,,,,
01/06/2026 19:50:20,421258,11,.0778,46,0,0,0,,,,,,,,,,,,,,,,,,
01/06/2026 19:50:20,421260,5,.0256,65,3,.0306,56,,,,,,,,,,,,,,,,,,
01/06/2026 19:50:50,421258,7,.0617,44,0,0,0,,,,,,,,,,,,,,,,,,
01/06/2026 19:50:50,421260,4,.0228,65,5,.0428,56,,,,,,,,,,,,,,,,,,
01/06/2026 19:51:20,421258,6,.0356,52,0,0,0,,,,,,,,,,,,,,,,,,
01/06/2026 19:51:20,421260,2,.0117,65,2,.0139,56,,,,,,,,,,,,,,,,,,
01/06/2026 19:51:50,421258,1,.0078,40,0,0,0,,,,,,,,,,,,,,,,,,
01/06/2026 19:51:50,421260,0,0,0,3,.02,60,,,,,,,,,,,,,,,,,,
01/06/2026 19:52:20,421258,7,.055,40,0,0,0,,,,,,,,,,,,,,,,,,
01/06/2026 19:52:20,421260,4,.0217,71,2,.0106,65,,,,,,,,,,,,,,,,,,
01/06/2026 19:52:50,421258,11,.1056,38,0,0,0,,,,,,,,,,,,,,,,,,
01/06/2026 19:52:50,421260,4,.0217,71,6,.0406,56,,,,,,,,,,,,,,,,,,
01/06/2026 19:53:20,421258,4,.0317,40,0,0,0,,,,,,,,,,,,,,,,,,
01/06/2026 19:53:20,421260,4,.0228,71,2,.0117,65,,,,,,,,,,,,,,,,,,
01/06/2026 19:53:50,421258,5,.0278,52,0,0,0,,,,,,,,,,,,,,,,,,
01/06/2026 19:53:50,421260,0,0,0,3,.0267,49,,,,,,,,,,,,,,,,,,
01/06/2026 19:54:20,421258,7,.0428,49,0,0,0,,,,,,,,,,,,,,,,,,
01/06/2026 19:54:20,421260,5,.0317,60,5,.045,49,,,,,,,,,,,,,,,,,,
01/06/2026 19:54:50,421258,4,.0267,49,0,0,0,,,,,,,,,,,,,,,,,,
01/06/2026 19:54:50,421260,4,.0206,71,4,.0278,60,,,,,,,,,,,,,,,,,,
01/06/2026 19:55:20,421258,9,.0667,44,0,0,0,,,,,,,,,,,,,,,,,,
01/06/2026 19:55:20,421260,6,.0428,71,6,.0378,60,,,,,,,,,,,,,,,,,,
01/06/2026 19:55:50,421258,3,.0139,49,0,0,0,,,,,,,,,,,,,,,,,,
01/06/2026 19:55:50,421260,2,.01,65,4,.0267,65,,,,,,,,,,,,,,,,,,
01/06/2026 19:56:20,421258,4,.0278,44,0,0,0,,,,,,,,,,,,,,,,,,
01/06/2026 19:56:20,421260,4,.0228,65,5,.035,60,,,,,,,,,,,,,,,,,,
01/06/2026 19:56:50,421258,10,.0806,42,0,0,0,,,,,,,,,,,,,,,,,,
01/06/2026 19:56:50,421260,6,.0339,71,2,.015,52,,,,,,,,,,,,,,,,,,
01/06/2026 19:57:20,421258,11,.12,36,0,0,0,,,,,,,,,,,,,,,,,,
01/06/2026 19:57:20,421260,2,.0089,65,2,.0128,65,,,,,,,,,,,,,,,,,,
01/06/2026 19:57:50,421258,12,.1128,38,0,0,0,,,,,,,,,,,,,,,,,,
01/06/2026 19:57:50,421260,5,.0267,71,4,.0267,60,,,,,,,,,,,,,,,,,,
01/06/2026 19:58:20,421258,8,.045,49,0,0,0,,,,,,,,,,,,,,,,,,
01/06/2026 19:58:20,421260,0,0,0,4,.0267,60,,,,,,,,,,,,,,,,,,
01/06/2026 19:58:50,421258,9,.0617,46,0,0,0,,,,,,,,,,,,,,,,,,
01/06/2026 19:58:50,421260,4,.0228,71,4,.025,60,,,,,,,,,,,,,,,,,,
01/06/2026 19:59:20,421258,3,.02,44,0,0,0,,,,,,,,,,,,,,,,,,
01/06/2026 19:59:20,421260,0,0,0,1,.0067,60,,,,,,,,,,,,,,,,,,
01/06/2026 19:59:50,421258,8,.0606,44,0,0,0,,,,,,,,,,,,,,,,,,
01/06/2026 19:59:50,421260,5,.0289,65,4,.0256,60,,,,,,,,,,,,,,,,,,
01/06/2026 20:00:20,421258,4,.0267,44,0,0,0,,,,,,,,,,,,,,,,,,
01/06/2026 20:00:20,421260,6,.0339,65,3,.0189,65,,,,,,,,,,,,,,,,,,
01/06/2026 20:00:50,421258,10,.0667,46,0,0,0,,,,,,,,,,,,,,,,,,
01/06/2026 20:00:50,421260,3,.015,71,2,.0189,52,,,,,,,,,,,,,,,,,,
01/06/2026 20:01:20,421258,1,.0067,44,0,0,0,,,,,,,,,,,,,,,,,,
01/06/2026 20:01:20,421260,7,.0389,71,3,.0406,56,,,,,,,,,,,,,,,,,,
01/06/2026 20:01:50,421258,10,.0628,46,0,0,0,,,,,,,,,,,,,,,,,,
01/06/2026 20:01:50,421260,4,.0217,71,7,.0456,60,,,,,,,,,,,,,,,,,,
01/06/2026 20:02:20,421258,10,.0589,52,0,0,0,,,,,,,,,,,,,,,,,,
01/06/2026 20:02:20,421260,4,.0206,78,2,.0128,60,,,,,,,,,,,,,,,,,,
01/06/2026 20:02:50,421258,4,.0256,52,0,0,0,,,,,,,,,,,,,,,,,,
01/06/2026 20:02:50,421260,4,.0239,65,1,.0056,60,,,,,,,,,,,,,,,,,,
01/06/2026 20:03:20,421258,8,.055,49,0,0,0,,,,,,,,,,,,,,,,,,
01/06/2026 20:03:20,421260,3,.0167,65,2,.0117,65,,,,,,,,,,,,,,,,,,
01/06/2026 20:03:50,421258,10,.0856,42,0,0,0,,,,,,,,,,,,,,,,,,
01/06/2026 20:03:50,421260,2,.0106,71,5,.03,56,,,,,,,,,,,,,,,,,,
01/06/2026 20:04:20,421258,8,.0578,46,0,0,0,,,,,,,,,,,,,,,,,,
01/06/2026 20:04:20,421260,4,.0228,65,3,.0189,65,,,,,,,,,,,,,,,,,,
01/06/2026 20:04:50,421258,6,.0417,44,0,0,0,,,,,,,,,,,,,,,,,,
01/06/2026 20:04:50,421260,1,.005,71,2,.0128,60,,,,,,,,,,,,,,,,,,
01/06/2026 20:05:20,421258,6,.035,52,0,0,0,,,,,,,,,,,,,,,,,,
01/06/2026 20:05:20,421260,5,.0417,65,5,.0417,56,,,,,,,,,,,,,,,,,,
01/06/2026 20:05:50,421258,1,.0067,44,0,0,0,,,,,,,,,,,,,,,,,,
01/06/2026 20:05:50,421260,5,.0228,71,4,.0267,56,,,,,,,,,,,,,,,,,,
01/06/2026 20:06:20,421258,9,.0656,44,0,0,0,,,,,,,,,,,,,,,,,,
01/06/2026 20:06:20,421260,4,.0228,65,6,.0367,56,,,,,,,,,,,,,,,,,,
01/06/2026 20:06:50,421258,6,.0328,60,0,0,0,,,,,,,,,,,,,,,,,,
01/06/2026 20:06:50,421260,3,.0167,65,3,.0206,56,,,,,,,,,,,,,,,,,,
01/06/2026 20:07:20,421258,9,.065,52,0,0,0,,,,,,,,,,,,,,,,,,
01/06/2026 20:07:20,421260,6,.035,65,4,.0267,56,,,,,,,,,,,,,,,,,,
01/06/2026 20:07:50,421258,6,.0428,40,0,0,0,,,,,,,,,,,,,,,,,,
01/06/2026 20:07:50,421260,3,.0139,78,3,.0189,60,,,,,,,,,,,,,,,,,,
01/06/2026 20:08:20,421258,8,.0528,49,0,0,0,,,,,,,,,,,,,,,,,,
01/06/2026 20:08:20,421260,3,.0156,71,4,.0239,71,,,,,,,,,,,,,,,,,,
01/06/2026 20:08:50,421258,5,.0339,44,0,0,0,,,,,,,,,,,,,,,,,,
01/06/2026 20:08:50,421260,1,.0056,71,1,.005,71,,,,,,,,,,,,,,,,,,
01/06/2026 20:09:20,421258,10,.0689,44,0,0,0,,,,,,,,,,,,,,,,,,
01/06/2026 20:09:20,421260,6,.0367,65,4,.0278,56,,,,,,,,,,,,,,,,,,
01/06/2026 20:09:50,421258,11,.0689,46,0,0,0,,,,,,,,,,,,,,,,,,
01/06/2026 20:09:50,421260,7,.04,65,4,.0278,56,,,,,,,,,,,,,,,,,,
01/06/2026 20:10:20,421258,3,.0217,49,0,0,0,,,,,,,,,,,,,,,,,,
01/06/2026 20:10:20,421260,1,.005,71,6,.0378,60,,,,,,,,,,,,,,,,,,
01/06/2026 20:10:50,421258,3,.0189,52,0,0,0,,,,,,,,,,,,,,,,,,
01/06/2026 20:10:50,421260,6,.0356,65,4,.0317,46,,,,,,,,,,,,,,,,,,
01/06/2026 20:11:20,421258,7,.0467,49,0,0,0,,,,,,,,,,,,,,,,,,
01/06/2026 20:11:20,421260,1,.0056,65,4,.0289,52,,,,,,,,,,,,,,,,,,
01/06/2026 20:11:50,421258,12,.0839,46,0,0,0,,,,,,,,,,,,,,,,,,
01/06/2026 20:11:50,421260,8,.0406,71,4,.0317,52,,,,,,,,,,,,,,,,,,
01/06/2026 20:12:20,421258,8,.0489,49,0,0,0,,,,,,,,,,,,,,,,,,
01/06/2026 20:12:20,421260,4,.0189,71,3,.0178,71,,,,,,,,,,,,,,,,,,
01/06/2026 20:12:50,421258,5,.0306,49,0,0,0,,,,,,,,,,,,,,,,,,
01/06/2026 20:12:50,421260,4,.0206,56,4,.0628,49,,,,,,,,,,,,,,,,,,
01/06/2026 20:13:20,421258,10,.0756,46,0,0,0,,,,,,,,,,,,,,,,,,
01/06/2026 20:13:20,421260,2,.0106,65,4,.0278,56,,,,,,,,,,,,,,,,,,
01/06/2026 20:13:50,421258,9,.0667,44,0,0,0,,,,,,,,,,,,,,,,,,
01/06/2026 20:13:50,421260,9,.0528,65,7,.0517,49,,,,,,,,,,,,,,,,,,
01/06/2026 20:14:20,421258,6,.0428,44,0,0,0,,,,,,,,,,,,,,,,,,
01/06/2026 20:14:20,421260,3,.015,71,3,.02,60,,,,,,,,,,,,,,,,,,
01/06/2026 20:14:50,421258,4,.0278,46,0,0,0,,,,,,,,,,,,,,,,,,
01/06/2026 20:14:50,421260,2,.0106,65,2,.015,56,,,,,,,,,,,,,,,,,,
01/06/2026 20:15:20,421258,6,.0689,40,0,0,0,,,,,,,,,,,,,,,,,,
01/06/2026 20:15:20,421260,6,.0356,65,5,.0317,56,,,,,,,,,,,,,,,,,,
01/06/2026 20:15:50,421258,13,.105,40,0,0,0,,,,,,,,,,,,,,,,,,
01/06/2026 20:15:50,421260,3,.0189,65,7,.0467,56,,,,,,,,,,,,,,,,,,
01/06/2026 20:16:20,421258,8,.05,46,0,0,0,,,,,,,,,,,,,,,,,,
01/06/2026 20:16:20,421260,7,.0378,71,3,.0189,56,,,,,,,,,,,,,,,,,,
01/06/2026 20:16:50,421258,10,.0706,44,0,0,0,,,,,,,,,,,,,,,,,,
01/06/2026 20:16:50,421260,3,.015,71,2,.0128,52,,,,,,,,,,,,,,,,,,
01/06/2026 20:17:20,421258,9,.0606,49,0,0,0,,,,,,,,,,,,,,,,,,
01/06/2026 20:17:20,421260,4,.0228,65,5,.0339,56,,,,,,,,,,,,,,,,,,
01/06/2026 20:17:50,421258,10,.0617,49,0,0,0,,,,,,,,,,,,,,,,,,
01/06/2026 20:17:50,421260,6,.03,71,3,.0167,71,,,,,,,,,,,,,,,,,,
01/06/2026 20:18:20,421258,9,.0567,49,0,0,0,,,,,,,,,,,,,,,,,,
01/06/2026 20:18:20,421260,1,.005,78,2,.0117,56,,,,,,,,,,,,,,,,,,
01/06/2026 20:18:50,421258,3,.0178,44,0,0,0,,,,,,,,,,,,,,,,,,
01/06/2026 20:18:50,421260,7,.0389,71,4,.0239,60,,,,,,,,,,,,,,,,,,
01/06/2026 20:19:20,421258,6,.0667,27,0,0,0,,,,,,,,,,,,,,,,,,
01/06/2026 20:19:20,421260,3,.0167,71,2,.0128,60,,,,,,,,,,,,,,,,,,
01/06/2026 20:19:50,421258,12,.1039,36,0,0,0,,,,,,,,,,,,,,,,,,
01/06/2026 20:19:50,421260,3,.0178,71,3,.0217,60,,,,,,,,,,,,,,,,,,
01/06/2026 20:20:20,421258,8,.0589,44,0,0,0,,,,,,,,,,,,,,,,,,
01/06/2026 20:20:20,421260,0,0,0,1,.0106,46,,,,,,,,,,,,,,,,,,
01/06/2026 20:20:50,421258,10,.06,49,0,0,0,,,,,,,,,,,,,,,,,,
01/06/2026 20:20:50,421260,3,.0139,78,1,.0067,65,,,,,,,,,,,,,,,,,,
01/06/2026 20:21:20,421258,3,.0189,49,0,0,0,,,,,,,,,,,,,,,,,,
01/06/2026 20:21:20,421260,1,.005,71,2,.0128,60,,,,,,,,,,,,,,,,,,
01/06/2026 20:21:50,421258,6,.0406,49,0,0,0,,,,,,,,,,,,,,,,,,
01/06/2026 20:21:50,421260,4,.025,60,5,.0528,52,,,,,,,,,,,,,,,,,,
01/06/2026 20:22:20,421258,2,.0106,56,0,0,0,,,,,,,,,,,,,,,,,,
01/06/2026 20:22:20,421260,3,.0189,60,3,.0189,60,,,,,,,,,,,,,,,,,,
01/06/2026 20:22:50,421258,2,.0139,56,0,0,0,,,,,,,,,,,,,,,,,,
01/06/2026 20:22:50,421260,5,.0278,71,3,.0206,60,,,,,,,,,,,,,,,,,,
01/06/2026 20:23:20,421258,4,.0217,60,0,0,0,,,,,,,,,,,,,,,,,,
01/06/2026 20:23:20,421260,2,.01,71,4,.025,60,,,,,,,,,,,,,,,,,,
01/06/2026 20:23:50,421258,7,.065,44,0,0,0,,,,,,,,,,,,,,,,,,
01/06/2026 20:23:50,421260,4,.0239,65,5,.0367,56,,,,,,,,,,,,,,,,,,
01/06/2026 20:24:20,421258,6,.0417,44,0,0,0,,,,,,,,,,,,,,,,,,
01/06/2026 20:24:20,421260,6,.0317,65,3,.0367,65,,,,,,,,,,,,,,,,,,
01/06/2026 20:24:50,421258,8,.0656,40,1,.0217,25,,,,,,,,,,,,,,,,,,
01/06/2026 20:24:50,421260,2,.0106,71,6,.04,60,,,,,,,,,,,,,,,,,,
01/06/2026 20:25:20,421258,5,.0306,49,0,0,0,,,,,,,,,,,,,,,,,,
01/06/2026 20:25:20,421260,5,.025,71,3,.02,60,,,,,,,,,,,,,,,,,,
01/06/2026 20:25:50,421258,3,.0189,46,0,0,0,,,,,,,,,,,,,,,,,,
01/06/2026 20:25:50,421260,2,.0106,71,2,.0156,52,,,,,,,,,,,,,,,,,,
01/06/2026 20:26:20,421258,11,.0739,46,0,0,0,,,,,,,,,,,,,,,,,,
01/06/2026 20:26:20,421260,4,.0206,71,4,.0278,56,,,,,,,,,,,,,,,,,,
01/06/2026 20:26:50,421258,12,.1206,36,0,0,0,,,,,,,,,,,,,,,,,,
01/06/2026 20:26:50,421260,1,.0067,56,0,0,0,,,,,,,,,,,,,,,,,,
01/06/2026 20:27:20,421258,10,.0839,40,0,0,0,,,,,,,,,,,,,,,,,,
01/06/2026 20:27:20,421260,6,.0406,60,5,.0378,52,,,,,,,,,,,,,,,,,,
01/06/2026 20:27:50,421258,2,.0117,44,0,0,0,,,,,,,,,,,,,,,,,,
01/06/2026 20:27:50,421260,2,.0117,65,4,.0278,60,,,,,,,,,,,,,,,,,,
01/06/2026 20:28:20,421258,10,.0839,40,0,0,0,,,,,,,,,,,,,,,,,,
01/06/2026 20:28:20,421260,1,.0056,78,4,.03,52,,,,,,,,,,,,,,,,,,
01/06/2026 20:28:50,421258,1,.0078,36,0,0,0,,,,,,,,,,,,,,,,,,
01/06/2026 20:28:50,421260,5,.0267,71,6,.0467,52,,,,,,,,,,,,,,,,,,
01/06/2026 20:29:20,421258,7,.0456,49,0,0,0,,,,,,,,,,,,,,,,,,
01/06/2026 20:29:20,421260,4,.0239,65,4,.0278,56,,,,,,,,,,,,,,,,,,
01/06/2026 20:29:50,421258,10,.0778,44,0,0,0,,,,,,,,,,,,,,,,,,
01/06/2026 20:29:50,421260,2,.01,56,4,.0256,60,,,,,,,,,,,,,,,,,,
01/06/2026 20:30:20,421258,7,.0489,46,0,.2456,0,,,,,,,,,,,,,,,,,,
01/06/2026 20:30:20,421260,6,.0339,65,6,.0439,52,,,,,,,,,,,,,,,,,,
01/06/2026 20:30:50,421258,6,.0439,42,1,.0878,6,,,,,,,,,,,,,,,,,,
01/06/2026 20:30:50,421260,2,.01,71,5,.0367,56,,,,,,,,,,,,,,,,,,
01/06/2026 20:31:20,421258,10,.1017,34,0,0,0,,,,,,,,,,,,,,,,,,
01/06/2026 20:31:20,421260,3,.0167,65,1,.0056,65,,,,,,,,,,,,,,,,,,
01/06/2026 20:31:50,421258,9,.0817,34,0,0,0,,,,,,,,,,,,,,,,,,
01/06/2026 20:31:50,421260,2,.0117,65,6,.0467,49,,,,,,,,,,,,,,,,,,
01/06/2026 20:32:20,421258,10,.0778,40,0,0,0,,,,,,,,,,,,,,,,,,
01/06/2026 20:32:20,421260,2,.0106,65,4,.0256,60,,,,,,,,,,,,,,,,,,
01/06/2026 20:32:50,421258,6,.0428,44,0,0,0,,,,,,,,,,,,,,,,,,
01/06/2026 20:32:50,421260,0,0,0,2,.0117,56,,,,,,,,,,,,,,,,,,
01/06/2026 20:33:20,421258,5,.035,44,0,0,0,,,,,,,,,,,,,,,,,,
01/06/2026 20:33:20,421260,2,.0106,65,3,.0206,52,,,,,,,,,,,,,,,,,,
01/06/2026 20:33:50,421258,3,.02,49,0,0,0,,,,,,,,,,,,,,,,,,
01/06/2026 20:33:50,421260,2,.0106,60,2,.0117,65,,,,,,,,,,,,,,,,,,
01/06/2026 20:34:20,421258,7,.0406,52,0,0,0,,,,,,,,,,,,,,,,,,
01/06/2026 20:34:20,421260,4,.0178,78,3,.0228,56,,,,,,,,,,,,,,,,,,
01/06/2026 20:34:50,421258,4,.0267,44,0,0,0,,,,,,,,,,,,,,,,,,
01/06/2026 20:34:50,421260,2,.0106,71,3,.0267,56,,,,,,,,,,,,,,,,,,
01/06/2026 20:35:20,421258,6,.0339,49,0,0,0,,,,,,,,,,,,,,,,,,
01/06/2026 20:35:20,421260,4,.0228,65,5,.0328,60,,,,,,,,,,,,,,,,,,
01/06/2026 20:35:50,421258,7,.0406,49,0,0,0,,,,,,,,,,,,,,,,,,
01/06/2026 20:35:50,421260,2,.01,71,2,.0117,60,,,,,,,,,,,,,,,,,,
01/06/2026 20:36:20,421258,3,.015,56,0,0,0,,,,,,,,,,,,,,,,,,
01/06/2026 20:36:20,421260,4,.0189,78,2,.0139,65,,,,,,,,,,,,,,,,,,
01/06/2026 20:36:50,421258,6,.0378,49,0,0,0,,,,,,,,,,,,,,,,,,
01/06/2026 20:36:50,421260,1,.0056,71,1,.0028,65,,,,,,,,,,,,,,,,,,
01/06/2026 20:37:20,421258,7,.0456,46,0,0,0,,,,,,,,,,,,,,,,,,
01/06/2026 20:37:20,421260,1,.005,65,2,.0156,60,,,,,,,,,,,,,,,,,,
01/06/2026 20:37:50,421258,9,.0589,49,0,0,0,,,,,,,,,,,,,,,,,,
01/06/2026 20:37:50,421260,2,.0106,71,3,.0206,60,,,,,,,,,,,,,,,,,,
01/06/2026 20:38:20,421258,3,.0189,49,0,0,0,,,,,,,,,,,,,,,,,,
01/06/2026 20:38:20,421260,6,.0367,60,4,.0306,56,,,,,,,,,,,,,,,,,,
01/06/2026 20:38:50,421258,1,.0078,44,0,0,0,,,,,,,,,,,,,,,,,,
01/06/2026 20:38:50,421260,2,.015,65,2,.015,56,,,,,,,,,,,,,,,,,,
01/06/2026 20:39:20,421258,2,.0106,52,0,0,0,,,,,,,,,,,,,,,,,,
01/06/2026 20:39:20,421260,4,.0228,65,2,.015,46,,,,,,,,,,,,,,,,,,
01/06/2026 20:39:50,421258,6,.0367,52,0,0,0,,,,,,,,,,,,,,,,,,
01/06/2026 20:39:50,421260,2,.0089,71,5,.0317,65,,,,,,,,,,,,,,,,,,
01/06/2026 20:40:20,421258,9,.0539,52,0,0,0,,,,,,,,,,,,,,,,,,
01/06/2026 20:40:20,421260,2,.0117,60,2,.0117,65,,,,,,,,,,,,,,,,,,
01/06/2026 20:40:50,421258,4,.0389,49,0,0,0,,,,,,,,,,,,,,,,,,
01/06/2026 20:40:50,421260,0,0,0,4,.0278,56,,,,,,,,,,,,,,,,,,
01/06/2026 20:41:20,421258,7,.0378,46,0,0,0,,,,,,,,,,,,,,,,,,
01/06/2026 20:41:20,421260,5,.0278,71,2,.0128,60,,,,,,,,,,,,,,,,,,
01/06/2026 20:41:50,421258,7,.035,56,0,0,0,,,,,,,,,,,,,,,,,,
01/06/2026 20:41:50,421260,4,.0239,71,7,.0489,49,,,,,,,,,,,,,,,,,,
01/06/2026 20:42:20,421258,0,0,0,0,0,0,,,,,,,,,,,,,,,,,,
01/06/2026 20:42:20,421260,8,.0456,65,3,.0189,56,,,,,,,,,,,,,,,,,,
01/06/2026 20:42:50,421258,8,.0628,38,0,0,0,,,,,,,,,,,,,,,,,,
01/06/2026 20:42:50,421260,2,.0117,71,3,.0189,65,,,,,,,,,,,,,,,,,,
01/06/2026 20:43:20,421258,6,.03,60,0,0,0,,,,,,,,,,,,,,,,,,
01/06/2026 20:43:20,421260,3,.0189,71,5,.0278,65,,,,,,,,,,,,,,,,,,
01/06/2026 20:43:50,421258,6,.0389,49,0,0,0,,,,,,,,,,,,,,,,,,
01/06/2026 20:43:50,421260,7,.0339,71,5,.0439,56,,,,,,,,,,,,,,,,,,
01/06/2026 20:44:20,421258,11,.0817,42,0,0,0,,,,,,,,,,,,,,,,,,
01/06/2026 20:44:20,421260,2,.0106,78,2,.0128,60,,,,,,,,,,,,,,,,,,
01/06/2026 20:44:50,421258,10,.0756,44,0,0,0,,,,,,,,,,,,,,,,,,
01/06/2026 20:44:50,421260,1,.005,65,3,.0156,65,,,,,,,,,,,,,,,,,,
01/06/2026 20:45:20,421258,10,.055,52,0,0,0,,,,,,,,,,,,,,,,,,
01/06/2026 20:45:20,421260,1,.0056,65,1,.0067,60,,,,,,,,,,,,,,,,,,
01/06/2026 20:45:50,421258,9,.0628,44,0,0,0,,,,,,,,,,,,,,,,,,
01/06/2026 20:45:50,421260,6,.0328,65,5,.0328,60,,,,,,,,,,,,,,,,,,
01/06/2026 20:46:20,421258,6,.0339,56,0,0,0,,,,,,,,,,,,,,,,,,
01/06/2026 20:46:20,421260,4,.02,71,4,.0256,60,,,,,,,,,,,,,,,,,,
01/06/2026 20:46:50,421258,1,.005,52,0,0,0,,,,,,,,,,,,,,,,,,
01/06/2026 20:46:50,421260,2,.01,71,4,.0256,60,,,,,,,,,,,,,,,,,,
01/06/2026 20:47:20,421258,4,.0217,52,0,0,0,,,,,,,,,,,,,,,,,,
01/06/2026 20:47:20,421260,0,0,0,1,.0056,65,,,,,,,,,,,,,,,,,,
01/06/2026 20:47:50,421258,12,.0839,46,0,0,0,,,,,,,,,,,,,,,,,,
01/06/2026 20:47:50,421260,3,.0156,78,3,.02,60,,,,,,,,,,,,,,,,,,
01/06/2026 20:48:20,421258,8,.0489,49,0,0,0,,,,,,,,,,,,,,,,,,
01/06/2026 20:48:20,421260,1,.0039,96,3,.0217,52,,,,,,,,,,,,,,,,,,
01/06/2026 20:48:50,421258,3,.0217,44,0,0,0,,,,,,,,,,,,,,,,,,
01/06/2026 20:48:50,421260,0,0,0,0,0,0,,,,,,,,,,,,,,,,,,
01/06/2026 20:49:20,421258,2,.0089,56,0,0,0,,,,,,,,,,,,,,,,,,
01/06/2026 20:49:20,421260,8,.0478,60,6,.045,49,,,,,,,,,,,,,,,,,,
01/06/2026 20:49:50,421258,5,.0317,49,0,0,0,,,,,,,,,,,,,,,,,,
01/06/2026 20:49:50,421260,1,.005,71,1,.0067,56,,,,,,,,,,,,,,,,,,
01/06/2026 20:50:20,421258,3,.02,49,0,0,0,,,,,,,,,,,,,,,,,,
01/06/2026 20:50:20,421260,1,.0039,86,1,.0067,60,,,,,,,,,,,,,,,,,,
01/06/2026 20:50:50,421258,1,.005,52,0,0,0,,,,,,,,,,,,,,,,,,
01/06/2026 20:50:50,421260,2,.0106,65,8,.05,60,,,,,,,,,,,,,,,,,,
01/06/2026 20:51:20,421258,9,.0656,44,0,0,0,,,,,,,,,,,,,,,,,,
01/06/2026 20:51:20,421260,2,.01,65,3,.0206,56,,,,,,,,,,,,,,,,,,
01/06/2026 20:51:50,421258,8,.055,46,0,0,0,,,,,,,,,,,,,,,,,,
01/06/2026 20:51:50,421260,0,0,0,2,.0128,60,,,,,,,,,,,,,,,,,,
01/06/2026 20:52:20,421258,1,.0067,52,0,0,0,,,,,,,,,,,,,,,,,,
01/06/2026 20:52:20,421260,2,.0106,65,2,.0139,56,,,,,,,,,,,,,,,,,,
01/06/2026 20:52:50,421258,8,.05,49,0,0,0,,,,,,,,,,,,,,,,,,
01/06/2026 20:52:50,421260,1,.005,71,3,.0228,49,,,,,,,,,,,,,,,,,,
01/06/2026 20:53:20,421258,4,.0217,49,0,0,0,,,,,,,,,,,,,,,,,,
01/06/2026 20:53:20,421260,3,.0156,71,3,.02,60,,,,,,,,,,,,,,,,,,
01/06/2026 20:53:50,421258,3,.0189,46,0,0,0,,,,,,,,,,,,,,,,,,
01/06/2026 20:53:50,421260,6,.0328,71,3,.0239,49,,,,,,,,,,,,,,,,,,
01/06/2026 20:54:20,421258,4,.0239,49,0,0,0,,,,,,,,,,,,,,,,,,
01/06/2026 20:54:20,421260,2,.0117,65,4,.0267,60,,,,,,,,,,,,,,,,,,
01/06/2026 20:54:50,421258,3,.02,49,0,0,0,,,,,,,,,,,,,,,,,,
01/06/2026 20:54:50,421260,2,.0106,71,2,.0128,60,,,,,,,,,,,,,,,,,,
01/06/2026 20:55:20,421258,9,.0567,46,0,0,0,,,,,,,,,,,,,,,,,,
01/06/2026 20:55:20,421260,3,.0167,71,4,.0256,65,,,,,,,,,,,,,,,,,,
01/06/2026 20:55:50,421258,9,.05,52,0,0,0,,,,,,,,,,,,,,,,,,
01/06/2026 20:55:50,421260,2,.0106,65,3,.0206,56,,,,,,,,,,,,,,,,,,
01/06/2026 20:56:20,421258,4,.03,49,0,0,0,,,,,,,,,,,,,,,,,,
01/06/2026 20:56:20,421260,3,.0167,71,5,.0328,60,,,,,,,,,,,,,,,,,,
01/06/2026 20:56:50,421258,3,.0156,56,0,0,0,,,,,,,,,,,,,,,,,,
01/06/2026 20:56:50,421260,3,.0156,65,2,.0156,56,,,,,,,,,,,,,,,,,,
01/06/2026 20:57:20,421258,9,.0606,49,0,0,0,,,,,,,,,,,,,,,,,,
01/06/2026 20:57:20,421260,3,.0167,65,5,.0356,56,,,,,,,,,,,,,,,,,,
01/06/2026 20:57:50,421258,6,.0317,52,0,0,0,,,,,,,,,,,,,,,,,,
01/06/2026 20:57:50,421260,2,.0228,60,2,.0117,65,,,,,,,,,,,,,,,,,,
01/06/2026 20:58:20,421258,5,.0267,56,0,0,0,,,,,,,,,,,,,,,,,,
01/06/2026 20:58:20,421260,3,.0167,71,3,.0217,56,,,,,,,,,,,,,,,,,,
01/06/2026 20:58:50,421258,5,.0317,49,0,0,0,,,,,,,,,,,,,,,,,,
01/06/2026 20:58:50,421260,3,.0189,65,3,.0228,49,,,,,,,,,,,,,,,,,,
01/06/2026 20:59:20,421258,6,.0417,44,0,0,0,,,,,,,,,,,,,,,,,,
01/06/2026 20:59:20,421260,3,.015,71,1,.0067,60,,,,,,,,,,,,,,,,,,
01/06/2026 20:59:50,421258,8,.0717,46,0,0,0,,,,,,,,,,,,,,,,,,
01/06/2026 20:59:50,421260,3,.0178,65,1,.0078,56,,,,,,,,,,,,,,,,,,
01/06/2026 21:00:20,421258,5,.0367,46,0,0,0,,,,,,,,,,,,,,,,,,
01/06/2026 21:00:20,421260,0,0,0,2,.025,46,,,,,,,,,,,,,,,,,,
01/06/2026 21:00:50,421258,5,.0317,52,0,0,0,,,,,,,,,,,,,,,,,,
01/06/2026 21:00:50,421260,6,.0289,71,6,.0417,56,,,,,,,,,,,,,,,,,,
01/06/2026 21:01:20,421258,5,.0339,46,0,0,0,,,,,,,,,,,,,,,,,,
01/06/2026 21:01:20,421260,5,.0267,65,5,.0339,52,,,,,,,,,,,,,,,,,,
01/06/2026 21:01:50,421258,4,.035,40,0,0,0,,,,,,,,,,,,,,,,,,
01/06/2026 21:01:50,421260,10,.0539,71,5,.0328,60,,,,,,,,,,,,,,,,,,
01/06/2026 21:02:20,421258,2,.0106,60,0,0,0,,,,,,,,,,,,,,,,,,
01/06/2026 21:02:20,421260,2,.01,71,3,.0189,65,,,,,,,,,,,,,,,,,,
01/06/2026 21:02:50,421258,8,.055,46,0,0,0,,,,,,,,,,,,,,,,,,
01/06/2026 21:02:50,421260,1,.005,78,5,.0406,60,,,,,,,,,,,,,,,,,,
01/06/2026 21:03:20,421258,8,.055,44,0,0,0,,,,,,,,,,,,,,,,,,
01/06/2026 21:03:20,421260,5,.0278,65,4,.0306,52,,,,,,,,,,,,,,,,,,
01/06/2026 21:03:50,421258,15,.1039,44,0,0,0,,,,,,,,,,,,,,,,,,
01/06/2026 21:03:50,421260,4,.0228,65,4,.0278,56,,,,,,,,,,,,,,,,,,
01/06/2026 21:04:20,421258,10,.0778,42,0,0,0,,,,,,,,,,,,,,,,,,
01/06/2026 21:04:20,421260,2,.0117,65,7,.0606,56,,,,,,,,,,,,,,,,,,
01/06/2026 21:04:50,421258,7,.0739,40,0,0,0,,,,,,,,,,,,,,,,,,
01/06/2026 21:04:50,421260,3,.0167,65,2,.0139,52,,,,,,,,,,,,,,,,,,
01/06/2026 21:05:20,421258,6,.0417,44,0,0,0,,,,,,,,,,,,,,,,,,
01/06/2026 21:05:20,421260,3,.0167,71,3,.0167,65,,,,,,,,,,,,,,,,,,
01/06/2026 21:05:50,421258,10,.0717,46,0,0,0,,,,,,,,,,,,,,,,,,
01/06/2026 21:05:50,421260,1,.005,78,1,.005,86,,,,,,,,,,,,,,,,,,
01/06/2026 21:06:20,421258,8,.0506,49,0,0,0,,,,,,,,,,,,,,,,,,
01/06/2026 21:06:20,421260,0,0,0,1,.0056,65,,,,,,,,,,,,,,,,,,
01/06/2026 21:06:50,421258,9,.0739,46,0,0,0,,,,,,,,,,,,,,,,,,
01/06/2026 21:06:50,421260,4,.0228,65,6,.0478,49,,,,,,,,,,,,,,,,,,
01/06/2026 21:07:20,421258,4,.0217,52,0,0,0,,,,,,,,,,,,,,,,,,
01/06/2026 21:07:20,421260,3,.0178,65,3,.0206,60,,,,,,,,,,,,,,,,,,
01/06/2026 21:07:50,421258,1,.0067,52,0,0,0,,,,,,,,,,,,,,,,,,
01/06/2026 21:07:50,421260,5,.0289,65,6,.0406,56,,,,,,,,,,,,,,,,,,
01/06/2026 21:08:20,421258,3,.0156,60,0,0,0,,,,,,,,,,,,,,,,,,
01/06/2026 21:08:20,421260,0,0,0,4,.0278,60,,,,,,,,,,,,,,,,,,
01/06/2026 21:08:50,421258,5,.0306,52,0,0,0,,,,,,,,,,,,,,,,,,
01/06/2026 21:08:50,421260,1,.005,78,2,.015,56,,,,,,,,,,,,,,,,,,
01/06/2026 21:09:20,421258,7,.0489,44,0,0,0,,,,,,,,,,,,,,,,,,
01/06/2026 21:09:20,421260,1,.0056,71,4,.0339,60,,,,,,,,,,,,,,,,,,
01/06/2026 21:09:50,421258,10,.07,46,0,0,0,,,,,,,,,,,,,,,,,,
01/06/2026 21:09:50,421260,2,.0089,71,1,.0056,60,,,,,,,,,,,,,,,,,,
01/06/2026 21:10:20,421258,6,.0317,56,0,0,0,,,,,,,,,,,,,,,,,,
01/06/2026 21:10:20,421260,3,.0189,60,4,.0278,56,,,,,,,,,,,,,,,,,,
01/06/2026 21:10:50,421258,3,.0156,56,0,0,0,,,,,,,,,,,,,,,,,,
01/06/2026 21:10:50,421260,2,.0117,56,2,.015,49,,,,,,,,,,,,,,,,,,
01/06/2026 21:11:20,421258,4,.0306,56,0,0,0,,,,,,,,,,,,,,,,,,
01/06/2026 21:11:20,421260,5,.0256,78,6,.0378,60,,,,,,,,,,,,,,,,,,
01/06/2026 21:11:50,421258,5,.0267,46,0,0,0,,,,,,,,,,,,,,,,,,
01/06/2026 21:11:50,421260,2,.0089,78,4,.0289,56,,,,,,,,,,,,,,,,,,
01/06/2026 21:12:20,421258,6,.035,56,0,0,0,,,,,,,,,,,,,,,,,,
01/06/2026 21:12:20,421260,2,.0106,71,2,.0189,49,,,,,,,,,,,,,,,,,,
01/06/2026 21:12:50,421258,10,.0539,56,0,0,0,,,,,,,,,,,,,,,,,,
01/06/2026 21:12:50,421260,7,.0356,71,3,.025,56,,,,,,,,,,,,,,,,,,
01/06/2026 21:13:20,421258,7,.0467,46,0,0,0,,,,,,,,,,,,,,,,,,
01/06/2026 21:13:20,421260,2,.0106,78,4,.0339,52,,,,,,,,,,,,,,,,,,
01/06/2026 21:13:50,421258,1,.0067,44,0,0,0,,,,,,,,,,,,,,,,,,
01/06/2026 21:13:50,421260,1,.005,65,5,.0367,56,,,,,,,,,,,,,,,,,,
01/06/2026 21:14:20,421258,9,.0817,38,0,0,0,,,,,,,,,,,,,,,,,,
01/06/2026 21:14:20,421260,3,.0156,65,3,.0239,52,,,,,,,,,,,,,,,,,,
01/06/2026 21:14:50,421258,8,.0539,44,0,0,0,,,,,,,,,,,,,,,,,,
01/06/2026 21:14:50,421260,4,.0228,65,4,.0306,49,,,,,,,,,,,,,,,,,,
01/06/2026 21:15:20,421258,6,.05,46,0,0,0,,,,,,,,,,,,,,,,,,
01/06/2026 21:15:20,421260,1,.005,65,1,.0056,65,,,,,,,,,,,,,,,,,,
01/06/2026 21:15:50,421258,5,.0306,52,0,0,0,,,,,,,,,,,,,,,,,,
01/06/2026 21:15:50,421260,4,.0206,71,0,0,0,,,,,,,,,,,,,,,,,,
01/06/2026 21:16:20,421258,6,.035,52,0,0,0,,,,,,,,,,,,,,,,,,
01/06/2026 21:16:20,421260,4,.0228,60,5,.04,52,,,,,,,,,,,,,,,,,,
01/06/2026 21:16:50,421258,4,.03,49,0,0,0,,,,,,,,,,,,,,,,,,
01/06/2026 21:16:50,421260,3,.0156,71,1,.0106,46,,,,,,,,,,,,,,,,,,
01/06/2026 21:17:20,421258,6,.0439,44,0,0,0,,,,,,,,,,,,,,,,,,
01/06/2026 21:17:20,421260,3,.0156,71,3,.0228,49,,,,,,,,,,,,,,,,,,
01/06/2026 21:17:50,421258,7,.0378,52,0,0,0,,,,,,,,,,,,,,,,,,
01/06/2026 21:17:50,421260,0,0,0,2,.0139,52,,,,,,,,,,,,,,,,,,
01/06/2026 21:18:20,421258,4,.0217,56,0,0,0,,,,,,,,,,,,,,,,,,
01/06/2026 21:18:20,421260,0,0,0,2,.0117,65,,,,,,,,,,,,,,,,,,
01/06/2026 21:18:50,421258,5,.0256,56,0,0,0,,,,,,,,,,,,,,,,,,
01/06/2026 21:18:50,421260,3,.015,71,2,.0117,60,,,,,,,,,,,,,,,,,,
01/06/2026 21:19:20,421258,5,.0339,49,0,0,0,,,,,,,,,,,,,,,,,,
01/06/2026 21:19:20,421260,3,.0156,71,3,.0217,56,,,,,,,,,,,,,,,,,,
01/06/2026 21:19:50,421258,0,0,0,0,0,0,,,,,,,,,,,,,,,,,,
01/06/2026 21:19:50,421260,1,.0039,65,3,.0289,49,,,,,,,,,,,,,,,,,,
01/06/2026 21:20:20,421258,5,.0389,36,0,0,0,,,,,,,,,,,,,,,,,,
01/06/2026 21:20:20,421260,2,.0228,56,4,.03,52,,,,,,,,,,,,,,,,,,
01/06/2026 21:20:50,421258,6,.0417,46,0,0,0,,,,,,,,,,,,,,,,,,
01/06/2026 21:20:50,421260,0,0,0,1,.0078,42,,,,,,,,,,,,,,,,,,
01/06/2026 21:21:20,421258,4,.0206,52,0,0,0,,,,,,,,,,,,,,,,,,
01/06/2026 21:21:20,421260,3,.0156,71,3,.0239,49,,,,,,,,,,,,,,,,,,
01/06/2026 21:21:50,421258,2,.0139,52,0,0,0,,,,,,,,,,,,,,,,,,
01/06/2026 21:21:50,421260,2,.01,78,5,.0339,56,,,,,,,,,,,,,,,,,,
01/06/2026 21:22:20,421258,6,.0428,46,0,0,0,,,,,,,,,,,,,,,,,,
01/06/2026 21:22:20,421260,5,.0267,71,4,.0239,60,,,,,,,,,,,,,,,,,,
01/06/2026 21:22:50,421258,3,.0217,46,0,0,0,,,,,,,,,,,,,,,,,,
01/06/2026 21:22:50,421260,4,.025,65,3,.0217,56,,,,,,,,,,,,,,,,,,
01/06/2026 21:23:20,421258,6,.0356,49,0,0,0,,,,,,,,,,,,,,,,,,
01/06/2026 21:23:20,421260,1,.005,71,3,.0167,65,,,,,,,,,,,,,,,,,,
01/06/2026 21:23:50,421258,6,.0389,52,0,0,0,,,,,,,,,,,,,,,,,,
01/06/2026 21:23:50,421260,2,.0128,60,5,.035,52,,,,,,,,,,,,,,,,,,
01/06/2026 21:24:20,421258,8,.045,52,0,0,0,,,,,,,,,,,,,,,,,,
01/06/2026 21:24:20,421260,0,0,0,3,.0206,56,,,,,,,,,,,,,,,,,,
01/06/2026 21:24:50,421258,9,.06,46,0,0,0,,,,,,,,,,,,,,,,,,
01/06/2026 21:24:50,421260,3,.0167,65,4,.0306,56,,,,,,,,,,,,,,,,,,
01/06/2026 21:25:20,421258,3,.015,56,0,0,0,,,,,,,,,,,,,,,,,,
01/06/2026 21:25:20,421260,2,.0106,71,1,.0056,71,,,,,,,,,,,,,,,,,,
01/06/2026 21:25:50,421258,3,.0156,56,0,0,0,,,,,,,,,,,,,,,,,,
01/06/2026 21:25:50,421260,3,.0139,78,2,.025,52,,,,,,,,,,,,,,,,,,
01/06/2026 21:26:20,421258,4,.0267,49,0,0,0,,,,,,,,,,,,,,,,,,
01/06/2026 21:26:20,421260,2,.0106,78,5,.0328,65,,,,,,,,,,,,,,,,,,
01/06/2026 21:26:50,421258,7,.0378,60,0,0,0,,,,,,,,,,,,,,,,,,
01/06/2026 21:26:50,421260,1,.0039,78,3,.0178,60,,,,,,,,,,,,,,,,,,
01/06/2026 21:27:20,421258,6,.035,56,0,0,0,,,,,,,,,,,,,,,,,,
01/06/2026 21:27:20,421260,2,.01,71,5,.035,56,,,,,,,,,,,,,,,,,,
01/06/2026 21:27:50,421258,5,.0306,60,0,0,0,,,,,,,,,,,,,,,,,,
01/06/2026 21:27:50,421260,5,.0306,60,3,.0228,52,,,,,,,,,,,,,,,,,,
01/06/2026 21:28:20,421258,6,.0339,56,0,0,0,,,,,,,,,,,,,,,,,,
01/06/2026 21:28:20,421260,4,.0228,71,4,.0228,65,,,,,,,,,,,,,,,,,,
01/06/2026 21:28:50,421258,2,.0106,44,0,0,0,,,,,,,,,,,,,,,,,,
01/06/2026 21:28:50,421260,2,.0117,60,4,.0267,56,,,,,,,,,,,,,,,,,,
01/06/2026 21:29:20,421258,11,.0717,49,0,0,0,,,,,,,,,,,,,,,,,,
01/06/2026 21:29:20,421260,3,.0167,65,4,.0289,49,,,,,,,,,,,,,,,,,,
01/06/2026 21:29:50,421258,3,.0189,46,0,0,0,,,,,,,,,,,,,,,,,,
01/06/2026 21:29:50,421260,1,.005,71,4,.03,52,,,,,,,,,,,,,,,,,,
01/06/2026 21:30:20,421258,9,.0617,46,0,0,0,,,,,,,,,,,,,,,,,,
01/06/2026 21:30:20,421260,2,.0089,78,1,.0056,65,,,,,,,,,,,,,,,,,,
01/06/2026 21:30:50,421258,4,.0239,49,0,0,0,,,,,,,,,,,,,,,,,,
01/06/2026 21:30:50,421260,4,.0228,71,4,.0389,52,,,,,,,,,,,,,,,,,,
01/06/2026 21:31:20,421258,8,.055,46,0,0,0,,,,,,,,,,,,,,,,,,
01/06/2026 21:31:20,421260,6,.0317,71,6,.0389,60,,,,,,,,,,,,,,,,,,
01/06/2026 21:31:50,421258,3,.02,46,0,0,0,,,,,,,,,,,,,,,,,,
01/06/2026 21:31:50,421260,1,.0056,60,2,.015,49,,,,,,,,,,,,,,,,,,
01/06/2026 21:32:20,421258,10,.0539,56,0,0,0,,,,,,,,,,,,,,,,,,
01/06/2026 21:32:20,421260,4,.0217,71,5,.0356,56,,,,,,,,,,,,,,,,,,
01/06/2026 21:32:50,421258,4,.03,60,0,0,0,,,,,,,,,,,,,,,,,,
01/06/2026 21:32:50,421260,3,.0167,65,1,.0078,52,,,,,,,,,,,,,,,,,,
01/06/2026 21:33:20,421258,10,.0656,46,0,0,0,,,,,,,,,,,,,,,,,,
01/06/2026 21:33:20,421260,5,.0306,60,5,.0378,49,,,,,,,,,,,,,,,,,,
01/06/2026 21:33:50,421258,4,.0278,49,0,0,0,,,,,,,,,,,,,,,,,,
01/06/2026 21:33:50,421260,2,.0106,71,2,.0178,65,,,,,,,,,,,,,,,,,,
01/06/2026 21:34:20,421258,9,.0606,46,0,0,0,,,,,,,,,,,,,,,,,,
01/06/2026 21:34:20,421260,5,.03,60,4,.0456,46,,,,,,,,,,,,,,,,,,
01/06/2026 21:34:50,421258,1,.0067,44,0,0,0,,,,,,,,,,,,,,,,,,
01/06/2026 21:34:50,421260,0,0,0,2,.0128,56,,,,,,,,,,,,,,,,,,
01/06/2026 21:35:20,421258,7,.0417,49,0,0,0,,,,,,,,,,,,,,,,,,
01/06/2026 21:35:20,421260,4,.0267,56,4,.0278,56,,,,,,,,,,,,,,,,,,
01/06/2026 21:35:50,421258,9,.0567,46,0,0,0,,,,,,,,,,,,,,,,,,
01/06/2026 21:35:50,421260,1,.005,60,2,.015,46,,,,,,,,,,,,,,,,,,
01/06/2026 21:36:20,421258,3,.0228,44,0,0,0,,,,,,,,,,,,,,,,,,
01/06/2026 21:36:20,421260,6,.0328,71,6,.0467,52,,,,,,,,,,,,,,,,,,
01/06/2026 21:36:50,421258,6,.0428,46,0,0,0,,,,,,,,,,,,,,,,,,
01/06/2026 21:36:50,421260,3,.0167,65,7,.0528,52,,,,,,,,,,,,,,,,,,
01/06/2026 21:37:20,421258,6,.0306,56,0,0,0,,,,,,,,,,,,,,,,,,
01/06/2026 21:37:20,421260,0,0,0,1,.0067,60,,,,,,,,,,,,,,,,,,
01/06/2026 21:37:50,421258,7,.0378,56,0,0,0,,,,,,,,,,,,,,,,,,
01/06/2026 21:37:50,421260,6,.0339,65,6,.0406,56,,,,,,,,,,,,,,,,,,
01/06/2026 21:38:20,421258,4,.0317,46,0,0,0,,,,,,,,,,,,,,,,,,
01/06/2026 21:38:20,421260,2,.0106,71,5,.0306,65,,,,,,,,,,,,,,,,,,
01/06/2026 21:38:50,421258,5,.0339,46,0,0,0,,,,,,,,,,,,,,,,,,
01/06/2026 21:38:50,421260,3,.015,71,5,.0328,60,,,,,,,,,,,,,,,,,,
01/06/2026 21:39:20,421258,12,.0978,38,0,0,0,,,,,,,,,,,,,,,,,,
01/06/2026 21:39:20,421260,1,.01,65,3,.02,60,,,,,,,,,,,,,,,,,,
01/06/2026 21:39:50,421258,13,.0889,44,0,0,0,,,,,,,,,,,,,,,,,,
01/06/2026 21:39:50,421260,3,.0106,71,5,.0517,56,,,,,,,,,,,,,,,,,,
01/06/2026 21:40:20,421258,6,.0417,44,0,0,0,,,,,,,,,,,,,,,,,,
01/06/2026 21:40:20,421260,2,.0106,71,1,.0067,52,,,,,,,,,,,,,,,,,,
01/06/2026 21:40:50,421258,6,.0267,60,0,0,0,,,,,,,,,,,,,,,,,,
01/06/2026 21:40:50,421260,2,.01,86,3,.02,60,,,,,,,,,,,,,,,,,,
01/06/2026 21:41:20,421258,6,.0317,56,0,0,0,,,,,,,,,,,,,,,,,,
01/06/2026 21:41:20,421260,0,0,0,2,.0128,56,,,,,,,,,,,,,,,,,,
01/06/2026 21:41:50,421258,7,.0367,60,0,0,0,,,,,,,,,,,,,,,,,,
01/06/2026 21:41:50,421260,3,.0156,71,4,.0256,56,,,,,,,,,,,,,,,,,,
01/06/2026 21:42:20,421258,5,.0506,49,0,0,0,,,,,,,,,,,,,,,,,,
01/06/2026 21:42:20,421260,2,.0128,65,4,.0239,60,,,,,,,,,,,,,,,,,,
01/06/2026 21:42:50,421258,2,.0089,60,0,0,0,,,,,,,,,,,,,,,,,,
01/06/2026 21:42:50,421260,3,.0139,71,1,.0067,56,,,,,,,,,,,,,,,,,,
01/06/2026 21:43:20,421258,4,.0239,49,0,0,0,,,,,,,,,,,,,,,,,,
01/06/2026 21:43:20,421260,1,.005,86,1,.0089,52,,,,,,,,,,,,,,,,,,
01/06/2026 21:43:50,421258,6,.0339,52,0,0,0,,,,,,,,,,,,,,,,,,
01/06/2026 21:43:50,421260,4,.0239,65,8,.0628,49,,,,,,,,,,,,,,,,,,
01/06/2026 21:44:20,421258,7,.0389,49,0,0,0,,,,,,,,,,,,,,,,,,
01/06/2026 21:44:20,421260,5,.03,65,5,.0367,52,,,,,,,,,,,,,,,,,,
01/06/2026 21:44:50,421258,1,.005,52,0,0,0,,,,,,,,,,,,,,,,,,
01/06/2026 21:44:50,421260,0,0,0,4,.0256,60,,,,,,,,,,,,,,,,,,
01/06/2026 21:45:20,421258,1,.0067,52,0,0,0,,,,,,,,,,,,,,,,,,
01/06/2026 21:45:20,421260,3,.0178,65,1,.0067,56,,,,,,,,,,,,,,,,,,
01/06/2026 21:45:50,421258,0,0,0,0,0,0,,,,,,,,,,,,,,,,,,
01/06/2026 21:45:50,421260,4,.0206,71,3,.0228,56,,,,,,,,,,,,,,,,,,
01/06/2026 21:46:20,421258,3,.0278,26,0,0,0,,,,,,,,,,,,,,,,,,
01/06/2026 21:46:20,421260,0,0,0,2,.0128,56,,,,,,,,,,,,,,,,,,
01/06/2026 21:46:50,421258,10,.3078,20,0,0,0,,,,,,,,,,,,,,,,,,
01/06/2026 21:46:50,421260,2,.0106,71,1,.0078,49,,,,,,,,,,,,,,,,,,
01/06/2026 21:47:20,421258,4,.5467,7,0,0,0,,,,,,,,,,,,,,,,,,
01/06/2026 21:47:20,421260,4,.0217,71,6,.0428,56,,,,,,,,,,,,,,,,,,
01/06/2026 21:47:50,421258,5,.3367,8,0,0,0,,,,,,,,,,,,,,,,,,
01/06/2026 21:47:50,421260,2,.0117,60,3,.0189,65,,,,,,,,,,,,,,,,,,
01/06/2026 21:48:20,421258,6,.2989,6,0,0,0,,,,,,,,,,,,,,,,,,
01/06/2026 21:48:20,421260,4,.0217,65,2,.015,52,,,,,,,,,,,,,,,,,,
01/06/2026 21:48:50,421258,9,.3,11,0,0,0,,,,,,,,,,,,,,,,,,
01/06/2026 21:48:50,421260,2,.0106,65,3,.0178,65,,,,,,,,,,,,,,,,,,
01/06/2026 21:49:20,421258,8,.3028,9,0,0,0,,,,,,,,,,,,,,,,,,
01/06/2026 21:49:20,421260,0,0,0,0,0,0,,,,,,,,,,,,,,,,,,
01/06/2026 21:49:50,421258,8,.2867,9,0,0,0,,,,,,,,,,,,,,,,,,
01/06/2026 21:49:50,421260,2,.01,78,4,.0267,56,,,,,,,,,,,,,,,,,,
01/06/2026 21:50:20,421258,9,.2256,14,0,0,0,,,,,,,,,,,,,,,,,,
01/06/2026 21:50:20,421260,0,0,0,1,.0056,71,,,,,,,,,,,,,,,,,,
01/06/2026 21:50:50,421258,8,.1639,16,0,0,0,,,,,,,,,,,,,,,,,,
01/06/2026 21:50:50,421260,6,.0328,65,5,.0367,52,,,,,,,,,,,,,,,,,,
01/06/2026 21:51:20,421258,2,.0117,52,0,0,0,,,,,,,,,,,,,,,,,,
01/06/2026 21:51:20,421260,2,.01,71,3,.02,60,,,,,,,,,,,,,,,,,,
01/06/2026 21:51:50,421258,4,.0256,49,0,0,0,,,,,,,,,,,,,,,,,,
01/06/2026 21:51:50,421260,6,.0356,65,5,.0628,60,,,,,,,,,,,,,,,,,,
01/06/2026 21:52:20,421258,5,.0278,56,0,0,0,,,,,,,,,,,,,,,,,,
01/06/2026 21:52:20,421260,1,.0056,71,4,.025,60,,,,,,,,,,,,,,,,,,
01/06/2026 21:52:50,421258,5,.03,52,0,0,0,,,,,,,,,,,,,,,,,,
01/06/2026 21:52:50,421260,5,.0267,71,4,.0278,56,,,,,,,,,,,,,,,,,,
01/06/2026 21:53:20,421258,11,.08,44,0,0,0,,,,,,,,,,,,,,,,,,
01/06/2026 21:53:20,421260,1,.005,86,3,.0206,56,,,,,,,,,,,,,,,,,,
01/06/2026 21:53:50,421258,5,.0339,46,0,0,0,,,,,,,,,,,,,,,,,,
01/06/2026 21:53:50,421260,4,.0239,60,5,.0378,56,,,,,,,,,,,,,,,,,,
01/06/2026 21:54:20,421258,10,.0967,49,0,0,0,,,,,,,,,,,,,,,,,,
01/06/2026 21:54:20,421260,2,.0106,71,3,.0167,65,,,,,,,,,,,,,,,,,,
01/06/2026 21:54:50,421258,7,.0356,60,0,0,0,,,,,,,,,,,,,,,,,,
01/06/2026 21:54:50,421260,2,.0106,71,4,.0278,56,,,,,,,,,,,,,,,,,,
01/06/2026 21:55:20,421258,2,.0117,52,0,0,0,,,,,,,,,,,,,,,,,,
01/06/2026 21:55:20,421260,4,.0206,71,6,.0389,60,,,,,,,,,,,,,,,,,,
01/06/2026 21:55:50,421258,8,.0539,46,0,0,0,,,,,,,,,,,,,,,,,,
01/06/2026 21:55:50,421260,2,.0117,71,2,.015,52,,,,,,,,,,,,,,,,,,
01/06/2026 21:56:20,421258,9,.0667,44,0,0,0,,,,,,,,,,,,,,,,,,
01/06/2026 21:56:20,421260,2,.0106,71,5,.0478,56,,,,,,,,,,,,,,,,,,
01/06/2026 21:56:50,421258,4,.0217,49,0,0,0,,,,,,,,,,,,,,,,,,
01/06/2026 21:56:50,421260,2,.01,71,1,.005,78,,,,,,,,,,,,,,,,,,
01/06/2026 21:57:20,421258,12,.08,46,0,0,0,,,,,,,,,,,,,,,,,,
01/06/2026 21:57:20,421260,2,.0117,71,4,.035,52,,,,,,,,,,,,,,,,,,
01/06/2026 21:57:50,421258,3,.0178,52,0,0,0,,,,,,,,,,,,,,,,,,
01/06/2026 21:57:50,421260,1,.005,86,4,.0217,60,,,,,,,,,,,,,,,,,,
01/06/2026 21:58:20,421258,6,.0339,49,0,0,0,,,,,,,,,,,,,,,,,,
01/06/2026 21:58:20,421260,2,.0106,71,4,.0306,60,,,,,,,,,,,,,,,,,,
01/06/2026 21:58:50,421258,7,.0567,52,0,0,0,,,,,,,,,,,,,,,,,,
01/06/2026 21:58:50,421260,0,0,0,3,.0228,49,,,,,,,,,,,,,,,,,,
01/06/2026 21:59:20,421258,4,.0256,52,0,0,0,,,,,,,,,,,,,,,,,,
01/06/2026 21:59:20,421260,2,.0106,65,2,.0128,56,,,,,,,,,,,,,,,,,,
01/06/2026 21:59:50,421258,4,.0267,49,0,0,0,,,,,,,,,,,,,,,,,,
01/06/2026 21:59:50,421260,1,.0056,65,3,.0189,60,,,,,,,,,,,,,,,,,,
01/06/2026 22:00:20,421258,4,.0217,49,0,0,0,,,,,,,,,,,,,,,,,,
01/06/2026 22:00:20,421260,8,.0478,60,5,.0389,49,,,,,,,,,,,,,,,,,,
01/06/2026 22:00:50,421258,3,.015,56,0,0,0,,,,,,,,,,,,,,,,,,
01/06/2026 22:00:50,421260,3,.0167,65,3,.0256,56,,,,,,,,,,,,,,,,,,
01/06/2026 22:01:20,421258,6,.0306,56,0,0,0,,,,,,,,,,,,,,,,,,
01/06/2026 22:01:20,421260,2,.01,78,1,.0056,65,,,,,,,,,,,,,,,,,,
01/06/2026 22:01:50,421258,5,.0256,56,0,0,0,,,,,,,,,,,,,,,,,,
01/06/2026 22:01:50,421260,5,.0239,86,2,.0128,56,,,,,,,,,,,,,,,,,,
01/06/2026 22:02:20,421258,9,.0567,49,0,0,0,,,,,,,,,,,,,,,,,,
01/06/2026 22:02:20,421260,1,.0056,65,4,.0317,52,,,,,,,,,,,,,,,,,,
01/06/2026 22:02:50,421258,9,.0589,44,0,0,0,,,,,,,,,,,,,,,,,,
01/06/2026 22:02:50,421260,1,.0056,78,3,.0178,56,,,,,,,,,,,,,,,,,,
01/06/2026 22:03:20,421258,7,.0378,52,0,0,0,,,,,,,,,,,,,,,,,,
01/06/2026 22:03:20,421260,1,.005,71,5,.0389,56,,,,,,,,,,,,,,,,,,
01/06/2026 22:03:50,421258,1,.005,52,0,0,0,,,,,,,,,,,,,,,,,,
01/06/2026 22:03:50,421260,1,.0056,71,0,0,0,,,,,,,,,,,,,,,,,,
01/06/2026 22:04:20,421258,6,.0356,52,0,0,0,,,,,,,,,,,,,,,,,,
01/06/2026 22:04:20,421260,3,.0178,65,4,.0339,49,,,,,,,,,,,,,,,,,,
01/06/2026 22:04:50,421258,5,.0306,49,0,0,0,,,,,,,,,,,,,,,,,,
01/06/2026 22:04:50,421260,2,.01,78,2,.0139,56,,,,,,,,,,,,,,,,,,
01/06/2026 22:05:20,421258,5,.0378,46,0,0,0,,,,,,,,,,,,,,,,,,
01/06/2026 22:05:20,421260,2,.0206,65,3,.0217,56,,,,,,,,,,,,,,,,,,
01/06/2026 22:05:50,421258,2,.0117,49,0,0,0,,,,,,,,,,,,,,,,,,
01/06/2026 22:05:50,421260,5,.0278,71,5,.0356,56,,,,,,,,,,,,,,,,,,
01/06/2026 22:06:20,421258,4,.0267,49,0,0,0,,,,,,,,,,,,,,,,,,
01/06/2026 22:06:20,421260,1,.0056,65,2,.015,60,,,,,,,,,,,,,,,,,,
01/06/2026 22:06:50,421258,6,.0356,52,0,0,0,,,,,,,,,,,,,,,,,,
01/06/2026 22:06:50,421260,2,.0089,78,3,.0167,71,,,,,,,,,,,,,,,,,,
01/06/2026 22:07:20,421258,2,.02,56,0,0,0,,,,,,,,,,,,,,,,,,
01/06/2026 22:07:20,421260,0,0,0,1,.005,71,,,,,,,,,,,,,,,,,,
01/06/2026 22:07:50,421258,12,.0806,44,0,0,0,,,,,,,,,,,,,,,,,,
01/06/2026 22:07:50,421260,0,0,0,2,.0128,56,,,,,,,,,,,,,,,,,,
01/06/2026 22:08:20,421258,6,.0389,49,0,0,0,,,,,,,,,,,,,,,,,,
01/06/2026 22:08:20,421260,0,0,0,3,.0217,56,,,,,,,,,,,,,,,,,,
01/06/2026 22:08:50,421258,2,.0106,56,0,0,0,,,,,,,,,,,,,,,,,,
01/06/2026 22:08:50,421260,1,.005,78,2,.015,60,,,,,,,,,,,,,,,,,,
01/06/2026 22:09:20,421258,1,.0078,40,0,0,0,,,,,,,,,,,,,,,,,,
01/06/2026 22:09:20,421260,2,.01,71,3,.0228,56,,,,,,,,,,,,,,,,,,
01/06/2026 22:09:50,421258,2,.01,56,0,0,0,,,,,,,,,,,,,,,,,,
01/06/2026 22:09:50,421260,1,.0056,65,4,.0289,52,,,,,,,,,,,,,,,,,,
01/06/2026 22:10:20,421258,3,.0178,56,0,0,0,,,,,,,,,,,,,,,,,,
01/06/2026 22:10:20,421260,0,0,0,1,.0078,52,,,,,,,,,,,,,,,,,,
01/06/2026 22:10:50,421258,5,.0267,56,0,0,0,,,,,,,,,,,,,,,,,,
01/06/2026 22:10:50,421260,0,.005,0,3,.025,49,,,,,,,,,,,,,,,,,,
01/06/2026 22:11:20,421258,2,.0139,44,0,0,0,,,,,,,,,,,,,,,,,,
01/06/2026 22:11:20,421260,2,.0056,65,5,.0328,60,,,,,,,,,,,,,,,,,,
01/06/2026 22:11:50,421258,4,.0278,49,0,0,0,,,,,,,,,,,,,,,,,,
01/06/2026 22:11:50,421260,5,.0278,65,3,.0206,52,,,,,,,,,,,,,,,,,,
01/06/2026 22:12:20,421258,2,.015,42,0,0,0,,,,,,,,,,,,,,,,,,
01/06/2026 22:12:20,421260,5,.0267,65,4,.0267,60,,,,,,,,,,,,,,,,,,
01/06/2026 22:12:50,421258,3,.0189,44,0,0,0,,,,,,,,,,,,,,,,,,
01/06/2026 22:12:50,421260,1,.005,78,1,.005,71,,,,,,,,,,,,,,,,,,
01/06/2026 22:13:20,421258,11,.0667,49,0,0,0,,,,,,,,,,,,,,,,,,
01/06/2026 22:13:20,421260,2,.01,78,2,.0106,71,,,,,,,,,,,,,,,,,,
01/06/2026 22:13:50,421258,3,.0189,52,0,0,0,,,,,,,,,,,,,,,,,,
01/06/2026 22:13:50,421260,2,.01,71,5,.0328,60,,,,,,,,,,,,,,,,,,
01/06/2026 22:14:20,421258,11,.0889,40,0,0,0,,,,,,,,,,,,,,,,,,
01/06/2026 22:14:20,421260,2,.01,78,1,.005,78,,,,,,,,,,,,,,,,,,
01/06/2026 22:14:50,421258,1,.0067,52,0,0,0,,,,,,,,,,,,,,,,,,
01/06/2026 22:14:50,421260,0,0,0,1,.005,71,,,,,,,,,,,,,,,,,,
01/06/2026 22:15:20,421258,3,.02,46,0,0,0,,,,,,,,,,,,,,,,,,
01/06/2026 22:15:20,421260,0,0,0,3,.0189,65,,,,,,,,,,,,,,,,,,
01/06/2026 22:15:50,421258,9,.0506,56,0,0,0,,,,,,,,,,,,,,,,,,
01/06/2026 22:15:50,421260,1,.005,78,0,0,0,,,,,,,,,,,,,,,,,,
01/06/2026 22:16:20,421258,2,.0089,52,0,0,0,,,,,,,,,,,,,,,,,,
01/06/2026 22:16:20,421260,0,0,0,3,.0189,60,,,,,,,,,,,,,,,,,,
01/06/2026 22:16:50,421258,1,.005,52,0,0,0,,,,,,,,,,,,,,,,,,
01/06/2026 22:16:50,421260,1,.0056,60,0,0,0,,,,,,,,,,,,,,,,,,
01/06/2026 22:17:20,421258,3,.0178,56,0,0,0,,,,,,,,,,,,,,,,,,
01/06/2026 22:17:20,421260,4,.0217,65,3,.0228,52,,,,,,,,,,,,,,,,,,
01/06/2026 22:17:50,421258,0,0,0,0,0,0,,,,,,,,,,,,,,,,,,
01/06/2026 22:17:50,421260,0,0,0,1,.0067,52,,,,,,,,,,,,,,,,,,
01/06/2026 22:18:20,421258,3,.015,56,0,0,0,,,,,,,,,,,,,,,,,,
01/06/2026 22:18:20,421260,0,0,0,4,.0328,52,,,,,,,,,,,,,,,,,,
01/06/2026 22:18:50,421258,2,.0106,56,0,0,0,,,,,,,,,,,,,,,,,,
01/06/2026 22:18:50,421260,2,.01,78,1,.0056,56,,,,,,,,,,,,,,,,,,
01/06/2026 22:19:20,421258,4,.0217,52,0,0,0,,,,,,,,,,,,,,,,,,
01/06/2026 22:19:20,421260,2,.0117,65,1,.0417,44,,,,,,,,,,,,,,,,,,
01/06/2026 22:19:50,421258,1,.0067,52,0,0,0,,,,,,,,,,,,,,,,,,
01/06/2026 22:19:50,421260,2,.01,78,1,.0067,52,,,,,,,,,,,,,,,,,,
01/06/2026 22:20:20,421258,4,.0217,52,0,0,0,,,,,,,,,,,,,,,,,,
01/06/2026 22:20:20,421260,1,.0056,65,3,.0178,65,,,,,,,,,,,,,,,,,,
01/06/2026 22:20:50,421258,4,.0278,49,0,0,0,,,,,,,,,,,,,,,,,,
01/06/2026 22:20:50,421260,2,.01,71,1,.0067,56,,,,,,,,,,,,,,,,,,
01/06/2026 22:21:20,421258,3,.02,56,0,0,0,,,,,,,,,,,,,,,,,,
01/06/2026 22:21:20,421260,2,.0106,71,1,.0067,52,,,,,,,,,,,,,,,,,,
01/06/2026 22:21:50,421258,2,.0517,40,0,0,0,,,,,,,,,,,,,,,,,,
01/06/2026 22:21:50,421260,3,.0167,60,3,.0239,52,,,,,,,,,,,,,,,,,,
01/06/2026 22:22:20,421258,5,.0339,46,0,0,0,,,,,,,,,,,,,,,,,,
01/06/2026 22:22:20,421260,3,.0156,65,2,.0128,60,,,,,,,,,,,,,,,,,,
01/06/2026 22:22:50,421258,3,.0156,56,0,0,0,,,,,,,,,,,,,,,,,,
01/06/2026 22:22:50,421260,1,.0056,78,2,.0128,60,,,,,,,,,,,,,,,,,,
01/06/2026 22:23:20,421258,2,.0106,56,0,0,0,,,,,,,,,,,,,,,,,,
01/06/2026 22:23:20,421260,3,.0156,71,2,.0106,65,,,,,,,,,,,,,,,,,,
01/06/2026 22:23:50,421258,6,.035,49,0,0,0,,,,,,,,,,,,,,,,,,
01/06/2026 22:23:50,421260,2,.01,78,3,.015,78,,,,,,,,,,,,,,,,,,
01/06/2026 22:24:20,421258,5,.0306,49,0,0,0,,,,,,,,,,,,,,,,,,
01/06/2026 22:24:20,421260,0,0,0,2,.015,60,,,,,,,,,,,,,,,,,,
01/06/2026 22:24:50,421258,7,.0406,52,0,0,0,,,,,,,,,,,,,,,,,,
01/06/2026 22:24:50,421260,3,.0139,71,3,.0189,60,,,,,,,,,,,,,,,,,,
01/06/2026 22:25:20,421258,4,.0256,49,0,0,0,,,,,,,,,,,,,,,,,,
01/06/2026 22:25:20,421260,4,.0217,65,2,.0128,65,,,,,,,,,,,,,,,,,,
01/06/2026 22:25:50,421258,1,.0067,44,0,0,0,,,,,,,,,,,,,,,,,,
01/06/2026 22:25:50,421260,2,.0117,60,2,.0139,56,,,,,,,,,,,,,,,,,,
01/06/2026 22:26:20,421258,4,.0178,65,0,0,0,,,,,,,,,,,,,,,,,,
01/06/2026 22:26:20,421260,1,.0067,78,3,.0217,56,,,,,,,,,,,,,,,,,,
01/06/2026 22:26:50,421258,6,.0339,56,0,0,0,,,,,,,,,,,,,,,,,,
01/06/2026 22:26:50,421260,2,.0089,71,4,.0239,71,,,,,,,,,,,,,,,,,,
01/06/2026 22:27:20,421258,3,.02,46,0,0,0,,,,,,,,,,,,,,,,,,
01/06/2026 22:27:20,421260,1,.005,78,4,.025,56,,,,,,,,,,,,,,,,,,
01/06/2026 22:27:50,421258,4,.0228,52,0,0,0,,,,,,,,,,,,,,,,,,
01/06/2026 22:27:50,421260,3,.0156,71,3,.0178,56,,,,,,,,,,,,,,,,,,
01/06/2026 22:28:20,421258,5,.0278,52,0,0,0,,,,,,,,,,,,,,,,,,
01/06/2026 22:28:20,421260,1,.005,78,2,.0117,65,,,,,,,,,,,,,,,,,,
01/06/2026 22:28:50,421258,6,.0428,42,0,0,0,,,,,,,,,,,,,,,,,,
01/06/2026 22:28:50,421260,5,.0267,71,4,.0256,56,,,,,,,,,,,,,,,,,,
01/06/2026 22:29:20,421258,3,.0156,56,0,0,0,,,,,,,,,,,,,,,,,,
01/06/2026 22:29:20,421260,1,.005,65,2,.01,71,,,,,,,,,,,,,,,,,,
01/06/2026 22:29:50,421258,5,.0306,52,0,0,0,,,,,,,,,,,,,,,,,,
01/06/2026 22:29:50,421260,3,.0156,71,3,.0178,60,,,,,,,,,,,,,,,,,,
01/06/2026 22:30:20,421258,6,.0317,56,0,0,0,,,,,,,,,,,,,,,,,,
01/06/2026 22:30:20,421260,3,.0206,60,2,.0256,40,,,,,,,,,,,,,,,,,,
01/06/2026 22:30:50,421258,7,.0328,60,0,0,0,,,,,,,,,,,,,,,,,,
01/06/2026 22:30:50,421260,3,.0156,65,3,.0189,65,,,,,,,,,,,,,,,,,,
01/06/2026 22:31:20,421258,6,.0278,60,0,0,0,,,,,,,,,,,,,,,,,,
01/06/2026 22:31:20,421260,4,.0606,52,2,.0178,33,,,,,,,,,,,,,,,,,,
01/06/2026 22:31:50,421258,2,.01,60,0,0,0,,,,,,,,,,,,,,,,,,
01/06/2026 22:31:50,421260,2,.0117,71,3,.0217,60,,,,,,,,,,,,,,,,,,
01/06/2026 22:32:20,421258,5,.03,52,0,0,0,,,,,,,,,,,,,,,,,,
01/06/2026 22:32:20,421260,3,.015,78,2,.015,65,,,,,,,,,,,,,,,,,,
01/06/2026 22:32:50,421258,5,.0267,56,0,0,0,,,,,,,,,,,,,,,,,,
01/06/2026 22:32:50,421260,0,0,0,3,.0267,60,,,,,,,,,,,,,,,,,,
01/06/2026 22:33:20,421258,1,.005,52,0,0,0,,,,,,,,,,,,,,,,,,
01/06/2026 22:33:20,421260,5,.0289,71,6,.0439,60,,,,,,,,,,,,,,,,,,
01/06/2026 22:33:50,421258,11,.18,26,0,0,0,,,,,,,,,,,,,,,,,,
01/06/2026 22:33:50,421260,2,.0128,65,1,.0067,65,,,,,,,,,,,,,,,,,,
01/06/2026 22:34:20,421258,6,.0667,32,0,0,0,,,,,,,,,,,,,,,,,,
01/06/2026 22:34:20,421260,1,.0039,71,2,.0128,56,,,,,,,,,,,,,,,,,,
01/06/2026 22:34:50,421258,7,.0506,56,0,0,0,,,,,,,,,,,,,,,,,,
01/06/2026 22:34:50,421260,2,.01,71,2,.0117,65,,,,,,,,,,,,,,,,,,
01/06/2026 22:35:20,421258,7,.0378,60,0,0,0,,,,,,,,,,,,,,,,,,
01/06/2026 22:35:20,421260,3,.0178,60,4,.0367,52,,,,,,,,,,,,,,,,,,
01/06/2026 22:35:50,421258,2,.0156,49,0,0,0,,,,,,,,,,,,,,,,,,
01/06/2026 22:35:50,421260,1,.005,78,3,.0217,56,,,,,,,,,,,,,,,,,,
01/06/2026 22:36:20,421258,6,.0256,60,0,0,0,,,,,,,,,,,,,,,,,,
01/06/2026 22:36:20,421260,1,.0056,65,4,.0239,65,,,,,,,,,,,,,,,,,,
01/06/2026 22:36:50,421258,2,.0078,60,0,0,0,,,,,,,,,,,,,,,,,,
01/06/2026 22:36:50,421260,2,.0117,65,2,.015,56,,,,,,,,,,,,,,,,,,
01/06/2026 22:37:20,421258,4,.03,60,0,0,0,,,,,,,,,,,,,,,,,,
01/06/2026 22:37:20,421260,2,.01,65,2,.0217,60,,,,,,,,,,,,,,,,,,
01/06/2026 22:37:50,421258,7,.0389,49,0,0,0,,,,,,,,,,,,,,,,,,
01/06/2026 22:37:50,421260,1,.0056,78,2,.0139,56,,,,,,,,,,,,,,,,,,
01/06/2026 22:38:20,421258,3,.0178,56,0,0,0,,,,,,,,,,,,,,,,,,
01/06/2026 22:38:20,421260,2,.0128,56,4,.04,52,,,,,,,,,,,,,,,,,,
01/06/2026 22:38:50,421258,3,.0156,56,0,0,0,,,,,,,,,,,,,,,,,,
01/06/2026 22:38:50,421260,2,.01,71,4,.0256,65,,,,,,,,,,,,,,,,,,
01/06/2026 22:39:20,421258,6,.0439,44,0,0,0,,,,,,,,,,,,,,,,,,
01/06/2026 22:39:20,421260,3,.0156,71,3,.02,60,,,,,,,,,,,,,,,,,,
01/06/2026 22:39:50,421258,2,.0117,56,0,0,0,,,,,,,,,,,,,,,,,,
01/06/2026 22:39:50,421260,0,0,0,6,.0456,49,,,,,,,,,,,,,,,,,,
01/06/2026 22:40:20,421258,6,.0306,60,0,0,0,,,,,,,,,,,,,,,,,,
01/06/2026 22:40:20,421260,3,.0167,65,2,.0217,56,,,,,,,,,,,,,,,,,,
01/06/2026 22:40:50,421258,7,.055,52,0,0,0,,,,,,,,,,,,,,,,,,
01/06/2026 22:40:50,421260,3,.0167,65,3,.0189,60,,,,,,,,,,,,,,,,,,
01/06/2026 22:41:20,421258,5,.0306,49,0,0,0,,,,,,,,,,,,,,,,,,
01/06/2026 22:41:20,421260,0,0,0,2,.0128,65,,,,,,,,,,,,,,,,,,
01/06/2026 22:41:50,421258,0,0,0,0,0,0,,,,,,,,,,,,,,,,,,
01/06/2026 22:41:50,421260,3,.0156,71,2,.0139,56,,,,,,,,,,,,,,,,,,
01/06/2026 22:42:20,421258,7,.0456,49,0,0,0,,,,,,,,,,,,,,,,,,
01/06/2026 22:42:20,421260,0,0,0,2,.0139,52,,,,,,,,,,,,,,,,,,
01/06/2026 22:42:50,421258,8,.055,52,0,0,0,,,,,,,,,,,,,,,,,,
01/06/2026 22:42:50,421260,5,.0428,40,4,.0389,38,,,,,,,,,,,,,,,,,,
01/06/2026 22:43:20,421258,3,.0156,56,0,0,0,,,,,,,,,,,,,,,,,,
01/06/2026 22:43:20,421260,3,.0339,52,2,.0267,38,,,,,,,,,,,,,,,,,,
01/06/2026 22:43:50,421258,2,.0078,60,0,0,0,,,,,,,,,,,,,,,,,,
01/06/2026 22:43:50,421260,4,.0278,60,6,.0439,52,,,,,,,,,,,,,,,,,,
01/06/2026 22:44:20,421258,3,.0178,52,0,0,0,,,,,,,,,,,,,,,,,,
01/06/2026 22:44:20,421260,0,0,0,2,.0106,60,,,,,,,,,,,,,,,,,,
01/06/2026 22:44:50,421258,0,0,0,0,0,0,,,,,,,,,,,,,,,,,,
01/06/2026 22:44:50,421260,1,.0056,65,1,.0078,52,,,,,,,,,,,,,,,,,,
01/06/2026 22:45:20,421258,2,.0139,44,0,0,0,,,,,,,,,,,,,,,,,,
01/06/2026 22:45:20,421260,4,.0206,71,3,.0206,56,,,,,,,,,,,,,,,,,,
01/06/2026 22:45:50,421258,10,.1,40,0,0,0,,,,,,,,,,,,,,,,,,
01/06/2026 22:45:50,421260,2,.01,78,2,.0117,65,,,,,,,,,,,,,,,,,,
01/06/2026 22:46:20,421258,9,.0889,38,0,0,0,,,,,,,,,,,,,,,,,,
01/06/2026 22:46:20,421260,1,.0056,71,2,.0106,65,,,,,,,,,,,,,,,,,,
01/06/2026 22:46:50,421258,5,.0339,44,0,0,0,,,,,,,,,,,,,,,,,,
01/06/2026 22:46:50,421260,0,0,0,2,.0128,65,,,,,,,,,,,,,,,,,,
01/06/2026 22:47:20,421258,8,.0428,52,0,0,0,,,,,,,,,,,,,,,,,,
01/06/2026 22:47:20,421260,1,.0039,86,3,.0178,60,,,,,,,,,,,,,,,,,,
01/06/2026 22:47:50,421258,2,.0117,52,0,0,0,,,,,,,,,,,,,,,,,,
01/06/2026 22:47:50,421260,2,.0106,71,1,.0056,71,,,,,,,,,,,,,,,,,,
01/06/2026 22:48:20,421258,4,.0217,56,0,0,0,,,,,,,,,,,,,,,,,,
01/06/2026 22:48:20,421260,0,0,0,2,.0117,60,,,,,,,,,,,,,,,,,,
01/06/2026 22:48:50,421258,1,.0039,78,0,0,0,,,,,,,,,,,,,,,,,,
01/06/2026 22:48:50,421260,2,.0167,71,3,.0228,52,,,,,,,,,,,,,,,,,,
01/06/2026 22:49:20,421258,7,.0389,56,0,0,0,,,,,,,,,,,,,,,,,,
01/06/2026 22:49:20,421260,0,0,0,1,.0067,60,,,,,,,,,,,,,,,,,,
01/06/2026 22:49:50,421258,1,.005,60,0,0,0,,,,,,,,,,,,,,,,,,
01/06/2026 22:49:50,421260,3,.0139,78,3,.0217,56,,,,,,,,,,,,,,,,,,
01/06/2026 22:50:20,421258,3,.015,60,0,0,0,,,,,,,,,,,,,,,,,,
01/06/2026 22:50:20,421260,3,.0156,71,5,.0356,49,,,,,,,,,,,,,,,,,,
01/06/2026 22:50:50,421258,1,.0117,52,0,0,0,,,,,,,,,,,,,,,,,,
01/06/2026 22:50:50,421260,2,.01,78,2,.0128,60,,,,,,,,,,,,,,,,,,
01/06/2026 22:51:20,421258,8,.0467,49,0,0,0,,,,,,,,,,,,,,,,,,
01/06/2026 22:51:20,421260,2,.01,71,2,.0128,65,,,,,,,,,,,,,,,,,,
01/06/2026 22:51:50,421258,1,.0039,60,0,0,0,,,,,,,,,,,,,,,,,,
01/06/2026 22:51:50,421260,2,.01,78,3,.0189,65,,,,,,,,,,,,,,,,,,
01/06/2026 22:52:20,421258,5,.0317,49,0,0,0,,,,,,,,,,,,,,,,,,
01/06/2026 22:52:20,421260,1,.0056,71,4,.0267,60,,,,,,,,,,,,,,,,,,
01/06/2026 22:52:50,421258,7,.0417,49,0,0,0,,,,,,,,,,,,,,,,,,
01/06/2026 22:52:50,421260,2,.01,78,1,.0056,60,,,,,,,,,,,,,,,,,,
01/06/2026 22:53:20,421258,6,.0306,56,0,0,0,,,,,,,,,,,,,,,,,,
01/06/2026 22:53:20,421260,4,.0206,71,2,.0128,60,,,,,,,,,,,,,,,,,,
01/06/2026 22:53:50,421258,4,.0217,60,0,0,0,,,,,,,,,,,,,,,,,,
01/06/2026 22:53:50,421260,0,0,0,5,.0567,46,,,,,,,,,,,,,,,,,,
01/06/2026 22:54:20,421258,4,.0217,56,0,0,0,,,,,,,,,,,,,,,,,,
01/06/2026 22:54:20,421260,4,.0206,71,4,.0278,56,,,,,,,,,,,,,,,,,,
01/06/2026 22:54:50,421258,4,.0256,49,0,0,0,,,,,,,,,,,,,,,,,,
01/06/2026 22:54:50,421260,2,.0106,78,1,.005,71,,,,,,,,,,,,,,,,,,
01/06/2026 22:55:20,421258,3,.0189,46,0,0,0,,,,,,,,,,,,,,,,,,
01/06/2026 22:55:20,421260,1,.005,65,0,0,0,,,,,,,,,,,,,,,,,,
01/06/2026 22:55:50,421258,5,.0306,49,0,0,0,,,,,,,,,,,,,,,,,,
01/06/2026 22:55:50,421260,1,.005,78,1,.0056,71,,,,,,,,,,,,,,,,,,
01/06/2026 22:56:20,421258,7,.0506,42,0,0,0,,,,,,,,,,,,,,,,,,
01/06/2026 22:56:20,421260,1,.005,71,3,.0206,56,,,,,,,,,,,,,,,,,,
01/06/2026 22:56:50,421258,3,.0278,42,0,0,0,,,,,,,,,,,,,,,,,,
01/06/2026 22:56:50,421260,1,.0056,71,2,.0106,65,,,,,,,,,,,,,,,,,,
01/06/2026 22:57:20,421258,2,.0128,49,0,0,0,,,,,,,,,,,,,,,,,,
01/06/2026 22:57:20,421260,2,.01,65,1,.0067,60,,,,,,,,,,,,,,,,,,
01/06/2026 22:57:50,421258,2,.0078,60,0,0,0,,,,,,,,,,,,,,,,,,
01/06/2026 22:57:50,421260,3,.015,78,2,.0106,65,,,,,,,,,,,,,,,,,,
01/06/2026 22:58:20,421258,5,.0278,52,0,0,0,,,,,,,,,,,,,,,,,,
01/06/2026 22:58:20,421260,1,.005,71,4,.0256,65,,,,,,,,,,,,,,,,,,
01/06/2026 22:58:50,421258,3,.0189,49,0,0,0,,,,,,,,,,,,,,,,,,
01/06/2026 22:58:50,421260,2,.0106,71,2,.0139,56,,,,,,,,,,,,,,,,,,
01/06/2026 22:59:20,421258,4,.02,60,0,0,0,,,,,,,,,,,,,,,,,,
01/06/2026 22:59:20,421260,2,.01,71,2,.0106,60,,,,,,,,,,,,,,,,,,
01/06/2026 22:59:50,421258,4,.02,60,0,0,0,,,,,,,,,,,,,,,,,,
01/06/2026 22:59:50,421260,1,.0056,71,3,.02,65,,,,,,,,,,,,,,,,,,
01/06/2026 23:00:20,421258,5,.0256,56,0,0,0,,,,,,,,,,,,,,,,,,
01/06/2026 23:00:20,421260,2,.0117,71,6,.045,56,,,,,,,,,,,,,,,,,,
01/06/2026 23:00:50,421258,4,.0189,52,0,0,0,,,,,,,,,,,,,,,,,,
01/06/2026 23:00:50,421260,0,0,0,1,.0078,52,,,,,,,,,,,,,,,,,,
01/06/2026 23:01:20,421258,3,.015,60,0,0,0,,,,,,,,,,,,,,,,,,
01/06/2026 23:01:20,421260,0,0,0,1,.0056,65,,,,,,,,,,,,,,,,,,
01/06/2026 23:01:50,421258,4,.0256,49,0,0,0,,,,,,,,,,,,,,,,,,
01/06/2026 23:01:50,421260,2,.01,71,3,.0156,71,,,,,,,,,,,,,,,,,,
01/06/2026 23:02:20,421258,6,.0356,52,0,0,0,,,,,,,,,,,,,,,,,,
01/06/2026 23:02:20,421260,3,.0156,71,3,.0239,65,,,,,,,,,,,,,,,,,,
01/06/2026 23:02:50,421258,1,.0078,44,0,0,0,,,,,,,,,,,,,,,,,,
01/06/2026 23:02:50,421260,2,.0117,65,4,.0256,52,,,,,,,,,,,,,,,,,,
01/06/2026 23:03:20,421258,4,.0267,44,0,0,0,,,,,,,,,,,,,,,,,,
01/06/2026 23:03:20,421260,5,.0278,71,2,.0128,56,,,,,,,,,,,,,,,,,,
01/06/2026 23:03:50,421258,9,.0539,52,0,0,0,,,,,,,,,,,,,,,,,,
01/06/2026 23:03:50,421260,1,.0039,78,2,.0128,65,,,,,,,,,,,,,,,,,,
01/06/2026 23:04:20,421258,3,.015,60,0,0,0,,,,,,,,,,,,,,,,,,
01/06/2026 23:04:20,421260,3,.0139,78,2,.0256,52,,,,,,,,,,,,,,,,,,
01/06/2026 23:04:50,421258,3,.0178,52,0,0,0,,,,,,,,,,,,,,,,,,
01/06/2026 23:04:50,421260,0,0,0,3,.0189,60,,,,,,,,,,,,,,,,,,
01/06/2026 23:05:20,421258,7,.05,44,0,0,0,,,,,,,,,,,,,,,,,,
01/06/2026 23:05:20,421260,2,.0106,78,4,.025,65,,,,,,,,,,,,,,,,,,
01/06/2026 23:05:50,421258,6,.0378,46,0,0,0,,,,,,,,,,,,,,,,,,
01/06/2026 23:05:50,421260,1,.0067,52,1,.0056,56,,,,,,,,,,,,,,,,,,
01/06/2026 23:06:20,421258,0,0,0,0,0,0,,,,,,,,,,,,,,,,,,
01/06/2026 23:06:20,421260,0,0,0,3,.02,60,,,,,,,,,,,,,,,,,,
01/06/2026 23:06:50,421258,4,.0239,52,0,0,0,,,,,,,,,,,,,,,,,,
01/06/2026 23:06:50,421260,2,.01,71,1,.005,71,,,,,,,,,,,,,,,,,,
01/06/2026 23:07:20,421258,6,.0428,46,0,0,0,,,,,,,,,,,,,,,,,,
01/06/2026 23:07:20,421260,3,.015,71,2,.0117,65,,,,,,,,,,,,,,,,,,
01/06/2026 23:07:50,421258,2,.0117,52,0,0,0,,,,,,,,,,,,,,,,,,
01/06/2026 23:07:50,421260,2,.0089,71,1,.0067,52,,,,,,,,,,,,,,,,,,
01/06/2026 23:08:20,421258,5,.03,56,0,0,0,,,,,,,,,,,,,,,,,,
01/06/2026 23:08:20,421260,2,.0106,71,2,.015,52,,,,,,,,,,,,,,,,,,
01/06/2026 23:08:50,421258,3,.015,56,0,0,0,,,,,,,,,,,,,,,,,,
01/06/2026 23:08:50,421260,0,0,0,2,.0106,65,,,,,,,,,,,,,,,,,,
01/06/2026 23:09:20,421258,3,.0139,60,0,0,0,,,,,,,,,,,,,,,,,,
01/06/2026 23:09:20,421260,3,.015,78,1,.0067,60,,,,,,,,,,,,,,,,,,
01/06/2026 23:09:50,421258,2,.0106,52,0,0,0,,,,,,,,,,,,,,,,,,
01/06/2026 23:09:50,421260,1,.0056,65,2,.0128,65,,,,,,,,,,,,,,,,,,
01/06/2026 23:10:20,421258,4,.0239,49,0,0,0,,,,,,,,,,,,,,,,,,
01/06/2026 23:10:20,421260,3,.0206,56,5,.0339,56,,,,,,,,,,,,,,,,,,
01/06/2026 23:10:50,421258,3,.0217,40,0,0,0,,,,,,,,,,,,,,,,,,
01/06/2026 23:10:50,421260,0,0,0,0,0,0,,,,,,,,,,,,,,,,,,
01/06/2026 23:11:20,421258,5,.0339,46,0,0,0,,,,,,,,,,,,,,,,,,
01/06/2026 23:11:20,421260,0,0,0,3,.0178,65,,,,,,,,,,,,,,,,,,
01/06/2026 23:11:50,421258,2,.015,49,0,0,0,,,,,,,,,,,,,,,,,,
01/06/2026 23:11:50,421260,2,.0117,65,1,.005,78,,,,,,,,,,,,,,,,,,
01/06/2026 23:12:20,421258,5,.0256,56,0,0,0,,,,,,,,,,,,,,,,,,
01/06/2026 23:12:20,421260,0,0,0,0,0,0,,,,,,,,,,,,,,,,,,
01/06/2026 23:12:50,421258,3,.0228,40,0,0,0,,,,,,,,,,,,,,,,,,
01/06/2026 23:12:50,421260,3,.0156,78,2,.0106,78,,,,,,,,,,,,,,,,,,
01/06/2026 23:13:20,421258,5,.03,49,0,0,0,,,,,,,,,,,,,,,,,,
01/06/2026 23:13:20,421260,1,.005,71,2,.015,49,,,,,,,,,,,,,,,,,,
01/06/2026 23:13:50,421258,2,.0117,52,0,0,0,,,,,,,,,,,,,,,,,,
01/06/2026 23:13:50,421260,2,.0128,65,5,.0339,60,,,,,,,,,,,,,,,,,,
01/06/2026 23:14:20,421258,3,.0139,65,0,0,0,,,,,,,,,,,,,,,,,,
01/06/2026 23:14:20,421260,1,.005,65,2,.0139,56,,,,,,,,,,,,,,,,,,
01/06/2026 23:14:50,421258,1,.005,60,0,0,0,,,,,,,,,,,,,,,,,,
01/06/2026 23:14:50,421260,2,.0106,71,2,.0128,65,,,,,,,,,,,,,,,,,,
01/06/2026 23:15:20,421258,2,.0139,44,0,0,0,,,,,,,,,,,,,,,,,,
01/06/2026 23:15:20,421260,1,.005,78,3,.0189,65,,,,,,,,,,,,,,,,,,
01/06/2026 23:15:50,421258,8,.0506,49,0,0,0,,,,,,,,,,,,,,,,,,
01/06/2026 23:15:50,421260,0,0,0,1,.0067,60,,,,,,,,,,,,,,,,,,
01/06/2026 23:16:20,421258,3,.0239,49,0,0,0,,,,,,,,,,,,,,,,,,
01/06/2026 23:16:20,421260,0,0,0,1,.0067,49,,,,,,,,,,,,,,,,,,
01/06/2026 23:16:50,421258,8,.05,49,0,0,0,,,,,,,,,,,,,,,,,,
01/06/2026 23:16:50,421260,1,.0056,71,3,.02,56,,,,,,,,,,,,,,,,,,
01/06/2026 23:17:20,421258,0,0,0,0,0,0,,,,,,,,,,,,,,,,,,
01/06/2026 23:17:20,421260,2,.0106,60,1,.0406,44,,,,,,,,,,,,,,,,,,
01/06/2026 23:17:50,421258,1,.005,52,0,0,0,,,,,,,,,,,,,,,,,,
01/06/2026 23:17:50,421260,2,.01,78,6,.035,52,,,,,,,,,,,,,,,,,,
01/06/2026 23:18:20,421258,1,.005,52,0,0,0,,,,,,,,,,,,,,,,,,
01/06/2026 23:18:20,421260,1,.005,71,2,.0139,65,,,,,,,,,,,,,,,,,,
01/06/2026 23:18:50,421258,4,.02,52,0,0,0,,,,,,,,,,,,,,,,,,
01/06/2026 23:18:50,421260,0,0,0,1,.0067,56,,,,,,,,,,,,,,,,,,
01/06/2026 23:19:20,421258,4,.0189,56,0,0,0,,,,,,,,,,,,,,,,,,
01/06/2026 23:19:20,421260,3,.0167,65,3,.0217,56,,,,,,,,,,,,,,,,,,
01/06/2026 23:19:50,421258,4,.0556,52,0,0,0,,,,,,,,,,,,,,,,,,
01/06/2026 23:19:50,421260,1,.0056,71,1,.0039,52,,,,,,,,,,,,,,,,,,
01/06/2026 23:20:20,421258,3,.02,49,0,0,0,,,,,,,,,,,,,,,,,,
01/06/2026 23:20:20,421260,2,.01,71,1,.0056,78,,,,,,,,,,,,,,,,,,
01/06/2026 23:20:50,421258,1,.0067,52,0,0,0,,,,,,,,,,,,,,,,,,
01/06/2026 23:20:50,421260,0,0,0,0,0,0,,,,,,,,,,,,,,,,,,
01/06/2026 23:21:20,421258,5,.0217,56,0,0,0,,,,,,,,,,,,,,,,,,
01/06/2026 23:21:20,421260,0,0,0,1,.0067,52,,,,,,,,,,,,,,,,,,
01/06/2026 23:21:50,421258,5,.0267,56,0,0,0,,,,,,,,,,,,,,,,,,
01/06/2026 23:21:50,421260,0,0,0,0,0,0,,,,,,,,,,,,,,,,,,
01/06/2026 23:22:20,421258,0,0,0,0,0,0,,,,,,,,,,,,,,,,,,
01/06/2026 23:22:20,421260,2,.015,60,5,.0417,56,,,,,,,,,,,,,,,,,,
01/06/2026 23:22:50,421258,0,0,0,0,0,0,,,,,,,,,,,,,,,,,,
01/06/2026 23:22:50,421260,3,.0156,71,3,.0256,44,,,,,,,,,,,,,,,,,,
01/06/2026 23:23:20,421258,1,.005,60,0,0,0,,,,,,,,,,,,,,,,,,
01/06/2026 23:23:20,421260,1,.005,71,3,.0189,60,,,,,,,,,,,,,,,,,,
01/06/2026 23:23:50,421258,0,0,0,0,0,0,,,,,,,,,,,,,,,,,,
01/06/2026 23:23:50,421260,0,0,0,1,.0056,65,,,,,,,,,,,,,,,,,,
01/06/2026 23:24:20,421258,7,.0506,49,0,0,0,,,,,,,,,,,,,,,,,,
01/06/2026 23:24:20,421260,1,.0056,71,0,0,0,,,,,,,,,,,,,,,,,,
01/06/2026 23:24:50,421258,4,.0239,60,0,0,0,,,,,,,,,,,,,,,,,,
01/06/2026 23:24:50,421260,2,.01,71,2,.0106,71,,,,,,,,,,,,,,,,,,
01/06/2026 23:25:20,421258,3,.0228,44,0,0,0,,,,,,,,,,,,,,,,,,
01/06/2026 23:25:20,421260,0,0,0,3,.0189,60,,,,,,,,,,,,,,,,,,
01/06/2026 23:25:50,421258,3,.0256,40,0,0,0,,,,,,,,,,,,,,,,,,
01/06/2026 23:25:50,421260,2,.01,78,1,.0089,60,,,,,,,,,,,,,,,,,,
01/06/2026 23:26:20,421258,3,.0156,56,0,0,0,,,,,,,,,,,,,,,,,,
01/06/2026 23:26:20,421260,0,0,0,3,.015,65,,,,,,,,,,,,,,,,,,
01/06/2026 23:26:50,421258,2,.0106,56,0,0,0,,,,,,,,,,,,,,,,,,
01/06/2026 23:26:50,421260,1,.005,78,1,.0056,60,,,,,,,,,,,,,,,,,,
01/06/2026 23:27:20,421258,2,.0089,65,0,0,0,,,,,,,,,,,,,,,,,,
01/06/2026 23:27:20,421260,0,0,0,2,.0128,65,,,,,,,,,,,,,,,,,,
01/06/2026 23:27:50,421258,4,.0217,56,0,0,0,,,,,,,,,,,,,,,,,,
01/06/2026 23:27:50,421260,0,0,0,0,0,0,,,,,,,,,,,,,,,,,,
01/06/2026 23:28:20,421258,2,.0089,60,0,0,0,,,,,,,,,,,,,,,,,,
01/06/2026 23:28:20,421260,1,.005,71,3,.0228,49,,,,,,,,,,,,,,,,,,
01/06/2026 23:28:50,421258,2,.01,60,0,0,0,,,,,,,,,,,,,,,,,,
01/06/2026 23:28:50,421260,0,0,0,3,.0206,52,,,,,,,,,,,,,,,,,,
01/06/2026 23:29:20,421258,1,.0039,78,0,0,0,,,,,,,,,,,,,,,,,,
01/06/2026 23:29:20,421260,0,0,0,3,.0189,71,,,,,,,,,,,,,,,,,,
01/06/2026 23:29:50,421258,1,.005,52,0,0,0,,,,,,,,,,,,,,,,,,
01/06/2026 23:29:50,421260,1,.005,86,2,.0139,56,,,,,,,,,,,,,,,,,,
01/06/2026 23:30:20,421258,0,0,0,0,0,0,,,,,,,,,,,,,,,,,,
01/06/2026 23:30:20,421260,1,.005,71,1,.0056,65,,,,,,,,,,,,,,,,,,
01/06/2026 23:30:50,421258,4,.0267,52,0,0,0,,,,,,,,,,,,,,,,,,
01/06/2026 23:30:50,421260,0,0,0,2,.0139,60,,,,,,,,,,,,,,,,,,
01/06/2026 23:31:20,421258,4,.0256,52,0,0,0,,,,,,,,,,,,,,,,,,
01/06/2026 23:31:20,421260,2,.0089,71,3,.0189,60,,,,,,,,,,,,,,,,,,
01/06/2026 23:31:50,421258,3,.0178,52,0,0,0,,,,,,,,,,,,,,,,,,
01/06/2026 23:31:50,421260,0,0,0,0,0,0,,,,,,,,,,,,,,,,,,
01/06/2026 23:32:20,421258,3,.0178,46,0,0,0,,,,,,,,,,,,,,,,,,
01/06/2026 23:32:20,421260,0,0,0,2,.0139,56,,,,,,,,,,,,,,,,,,
01/06/2026 23:32:50,421258,1,.0067,52,0,0,0,,,,,,,,,,,,,,,,,,
01/06/2026 23:32:50,421260,0,0,0,2,.0139,56,,,,,,,,,,,,,,,,,,
01/06/2026 23:33:20,421258,4,.02,52,0,0,0,,,,,,,,,,,,,,,,,,
01/06/2026 23:33:20,421260,2,.0106,65,3,.0267,44,,,,,,,,,,,,,,,,,,
01/06/2026 23:33:50,421258,1,.005,52,0,0,0,,,,,,,,,,,,,,,,,,
01/06/2026 23:33:50,421260,0,0,0,3,.0217,56,,,,,,,,,,,,,,,,,,
01/06/2026 23:34:20,421258,1,.005,52,0,0,0,,,,,,,,,,,,,,,,,,
01/06/2026 23:34:20,421260,2,.0106,78,1,.0056,65,,,,,,,,,,,,,,,,,,
01/06/2026 23:34:50,421258,3,.015,56,0,0,0,,,,,,,,,,,,,,,,,,
01/06/2026 23:34:50,421260,1,.0067,65,3,.02,60,,,,,,,,,,,,,,,,,,
01/06/2026 23:35:20,421258,2,.0089,56,0,0,0,,,,,,,,,,,,,,,,,,
01/06/2026 23:35:20,421260,1,.0056,65,2,.0106,56,,,,,,,,,,,,,,,,,,
01/06/2026 23:35:50,421258,8,.0589,44,0,0,0,,,,,,,,,,,,,,,,,,
01/06/2026 23:35:50,421260,2,.01,71,3,.0178,71,,,,,,,,,,,,,,,,,,
01/06/2026 23:36:20,421258,1,.005,60,0,0,0,,,,,,,,,,,,,,,,,,
01/06/2026 23:36:20,421260,4,.0217,71,2,.0128,60,,,,,,,,,,,,,,,,,,
01/06/2026 23:36:50,421258,2,.0089,60,0,0,0,,,,,,,,,,,,,,,,,,
01/06/2026 23:36:50,421260,1,.01,60,1,.0056,71,,,,,,,,,,,,,,,,,,
01/06/2026 23:37:20,421258,8,.0489,49,0,0,0,,,,,,,,,,,,,,,,,,
01/06/2026 23:37:20,421260,0,0,0,1,.0067,60,,,,,,,,,,,,,,,,,,
01/06/2026 23:37:50,421258,1,.0039,60,0,0,0,,,,,,,,,,,,,,,,,,
01/06/2026 23:37:50,421260,0,0,0,2,.0117,65,,,,,,,,,,,,,,,,,,
01/06/2026 23:38:20,421258,6,.0406,49,0,0,0,,,,,,,,,,,,,,,,,,
01/06/2026 23:38:20,421260,0,0,0,2,.0139,52,,,,,,,,,,,,,,,,,,
01/06/2026 23:38:50,421258,1,.005,60,0,0,0,,,,,,,,,,,,,,,,,,
01/06/2026 23:38:50,421260,0,0,0,2,.0178,52,,,,,,,,,,,,,,,,,,
01/06/2026 23:39:20,421258,0,0,0,0,0,0,,,,,,,,,,,,,,,,,,
01/06/2026 23:39:20,421260,1,.0056,71,1,.0067,60,,,,,,,,,,,,,,,,,,
01/06/2026 23:39:50,421258,2,.0139,44,0,0,0,,,,,,,,,,,,,,,,,,
01/06/2026 23:39:50,421260,2,.01,78,2,.0128,60,,,,,,,,,,,,,,,,,,
01/06/2026 23:40:20,421258,1,.0067,44,0,0,0,,,,,,,,,,,,,,,,,,
01/06/2026 23:40:20,421260,1,.005,71,2,.015,56,,,,,,,,,,,,,,,,,,
01/06/2026 23:40:50,421258,2,.0117,52,0,0,0,,,,,,,,,,,,,,,,,,
01/06/2026 23:40:50,421260,0,0,0,1,.0056,65,,,,,,,,,,,,,,,,,,
01/06/2026 23:41:20,421258,3,.0178,56,0,0,0,,,,,,,,,,,,,,,,,,
01/06/2026 23:41:20,421260,2,.01,71,1,.0067,65,,,,,,,,,,,,,,,,,,
01/06/2026 23:41:50,421258,4,.02,52,0,0,0,,,,,,,,,,,,,,,,,,
01/06/2026 23:41:50,421260,0,0,0,3,.0356,60,,,,,,,,,,,,,,,,,,
01/06/2026 23:42:20,421258,3,.015,60,0,0,0,,,,,,,,,,,,,,,,,,
01/06/2026 23:42:20,421260,0,0,0,1,.0056,65,,,,,,,,,,,,,,,,,,
01/06/2026 23:42:50,421258,2,.0106,56,0,0,0,,,,,,,,,,,,,,,,,,
01/06/2026 23:42:50,421260,0,0,0,1,.0056,56,,,,,,,,,,,,,,,,,,
01/06/2026 23:43:20,421258,1,.0117,44,0,0,0,,,,,,,,,,,,,,,,,,
01/06/2026 23:43:20,421260,1,.005,86,2,.0128,65,,,,,,,,,,,,,,,,,,
01/06/2026 23:43:50,421258,4,.0267,46,0,0,0,,,,,,,,,,,,,,,,,,
01/06/2026 23:43:50,421260,1,.005,78,1,.0067,56,,,,,,,,,,,,,,,,,,
01/06/2026 23:44:20,421258,0,0,0,0,0,0,,,,,,,,,,,,,,,,,,
01/06/2026 23:44:20,421260,0,0,0,0,0,0,,,,,,,,,,,,,,,,,,
01/06/2026 23:44:50,421258,2,.0106,60,0,0,0,,,,,,,,,,,,,,,,,,
01/06/2026 23:44:50,421260,0,0,0,3,.0217,46,,,,,,,,,,,,,,,,,,
01/06/2026 23:45:20,421258,2,.0128,44,0,0,0,,,,,,,,,,,,,,,,,,
01/06/2026 23:45:20,421260,0,0,0,0,0,0,,,,,,,,,,,,,,,,,,
01/06/2026 23:45:50,421258,2,.0117,52,0,0,0,,,,,,,,,,,,,,,,,,
01/06/2026 23:45:50,421260,0,0,0,1,.0056,71,,,,,,,,,,,,,,,,,,
01/06/2026 23:46:20,421258,0,0,0,0,0,0,,,,,,,,,,,,,,,,,,
01/06/2026 23:46:20,421260,1,.0039,86,1,.0056,71,,,,,,,,,,,,,,,,,,
01/06/2026 23:46:50,421258,0,0,0,0,0,0,,,,,,,,,,,,,,,,,,
01/06/2026 23:46:50,421260,0,0,0,4,.0239,65,,,,,,,,,,,,,,,,,,
01/06/2026 23:47:20,421258,2,.015,44,0,0,0,,,,,,,,,,,,,,,,,,
01/06/2026 23:47:20,421260,2,.0089,71,2,.0117,49,,,,,,,,,,,,,,,,,,
01/06/2026 23:47:50,421258,3,.015,56,0,0,0,,,,,,,,,,,,,,,,,,
01/06/2026 23:47:50,421260,2,.01,71,0,0,0,,,,,,,,,,,,,,,,,,
01/06/2026 23:48:20,421258,1,.005,52,0,0,0,,,,,,,,,,,,,,,,,,
01/06/2026 23:48:20,421260,1,.005,78,2,.0117,71,,,,,,,,,,,,,,,,,,
01/06/2026 23:48:50,421258,5,.0256,56,0,0,0,,,,,,,,,,,,,,,,,,
01/06/2026 23:48:50,421260,0,0,0,1,.005,86,,,,,,,,,,,,,,,,,,
01/06/2026 23:49:20,421258,1,.005,52,0,0,0,,,,,,,,,,,,,,,,,,
01/06/2026 23:49:20,421260,0,0,0,1,.0089,42,,,,,,,,,,,,,,,,,,
01/06/2026 23:49:50,421258,3,.0189,46,0,0,0,,,,,,,,,,,,,,,,,,
01/06/2026 23:49:50,421260,1,.005,65,2,.0117,65,,,,,,,,,,,,,,,,,,
01/06/2026 23:50:20,421258,3,.0178,52,0,0,0,,,,,,,,,,,,,,,,,,
01/06/2026 23:50:20,421260,1,.005,78,1,.0067,65,,,,,,,,,,,,,,,,,,
01/06/2026 23:50:50,421258,0,0,0,0,0,0,,,,,,,,,,,,,,,,,,
01/06/2026 23:50:50,421260,1,.0039,86,1,.0039,96,,,,,,,,,,,,,,,,,,
01/06/2026 23:51:20,421258,1,.005,52,0,0,0,,,,,,,,,,,,,,,,,,
01/06/2026 23:51:20,421260,1,.005,96,0,0,0,,,,,,,,,,,,,,,,,,
01/06/2026 23:51:50,421258,3,.0189,42,0,0,0,,,,,,,,,,,,,,,,,,
01/06/2026 23:51:50,421260,0,0,0,1,.0078,56,,,,,,,,,,,,,,,,,,
01/06/2026 23:52:20,421258,3,.02,52,0,0,0,,,,,,,,,,,,,,,,,,
01/06/2026 23:52:20,421260,1,.005,65,2,.0117,65,,,,,,,,,,,,,,,,,,
01/06/2026 23:52:50,421258,1,.0067,60,0,0,0,,,,,,,,,,,,,,,,,,
01/06/2026 23:52:50,421260,0,0,0,1,.005,65,,,,,,,,,,,,,,,,,,
01/06/2026 23:53:20,421258,0,0,0,0,0,0,,,,,,,,,,,,,,,,,,
01/06/2026 23:53:20,421260,0,0,0,0,0,0,,,,,,,,,,,,,,,,,,
01/06/2026 23:53:50,421258,2,.0106,60,0,0,0,,,,,,,,,,,,,,,,,,
01/06/2026 23:53:50,421260,0,0,0,2,.0139,60,,,,,,,,,,,,,,,,,,
01/06/2026 23:54:20,421258,2,.0117,52,0,0,0,,,,,,,,,,,,,,,,,,
01/06/2026 23:54:20,421260,2,.0106,71,1,.0067,60,,,,,,,,,,,,,,,,,,
01/06/2026 23:54:50,421258,1,.0067,40,0,0,0,,,,,,,,,,,,,,,,,,
01/06/2026 23:54:50,421260,2,.0117,65,3,.0256,49,,,,,,,,,,,,,,,,,,
01/06/2026 23:55:20,421258,0,0,0,0,0,0,,,,,,,,,,,,,,,,,,
01/06/2026 23:55:20,421260,3,.0178,65,2,.0167,52,,,,,,,,,,,,,,,,,,
01/06/2026 23:55:50,421258,2,.0128,44,0,0,0,,,,,,,,,,,,,,,,,,
01/06/2026 23:55:50,421260,2,.01,78,0,0,0,,,,,,,,,,,,,,,,,,
01/06/2026 23:56:20,421258,2,.0139,49,0,0,0,,,,,,,,,,,,,,,,,,
01/06/2026 23:56:20,421260,0,0,0,4,.0256,65,,,,,,,,,,,,,,,,,,
01/06/2026 23:56:50,421258,4,.0239,52,0,0,0,,,,,,,,,,,,,,,,,,
01/06/2026 23:56:50,421260,0,0,0,1,.0067,56,,,,,,,,,,,,,,,,,,
01/06/2026 23:57:20,421258,6,.0417,44,0,0,0,,,,,,,,,,,,,,,,,,
01/06/2026 23:57:20,421260,2,.0117,65,1,.0078,52,,,,,,,,,,,,,,,,,,
01/06/2026 23:57:50,421258,0,0,0,0,0,0,,,,,,,,,,,,,,,,,,
01/06/2026 23:57:50,421260,1,.0039,96,2,.0117,60,,,,,,,,,,,,,,,,,,
01/06/2026 23:58:20,421258,4,.0278,49,0,0,0,,,,,,,,,,,,,,,,,,
01/06/2026 23:58:20,421260,0,0,0,1,.0067,65,,,,,,,,,,,,,,,,,,
01/06/2026 23:58:50,421258,3,.015,60,0,0,0,,,,,,,,,,,,,,,,,,
01/06/2026 23:58:50,421260,1,.0056,60,0,0,0,,,,,,,,,,,,,,,,,,
01/06/2026 23:59:20,421258,2,.015,49,0,0,0,,,,,,,,,,,,,,,,,,
01/06/2026 23:59:20,421260,2,.0106,71,4,.0267,56,,,,,,,,,,,,,,,,,,
01/06/2026 23:59:50,421258,3,.0139,56,0,0,0,,,,,,,,,,,,,,,,,,
01/06/2026 23:59:50,421260,1,.005,71,1,.0067,56,,,,,,,,,,,,,,,,,,
