01/06/2026 00:00:05,412872,0,0,,0,0,,,,,,,,,,,,,,,,,,,
01/06/2026 00:00:05,428221,2,.02,,0,0,,,,,,,,,,,,,,,,,,,
01/06/2026 00:00:18,425897,0,.0067,,0,0,,,,,,,,,,,,,,,,,,,
01/06/2026 00:00:35,412872,0,0,,0,0,,,,,,,,,,,,,,,,,,,
01/06/2026 00:00:35,428221,1,.0067,,2,.0139,,,,,,,,,,,,,,,,,,,
01/06/2026 00:00:48,425897,2,.0117,,0,0,,,,,,,,,,,,,,,,,,,
01/06/2026 00:01:05,412872,0,0,,0,0,,,,,,,,,,,,,,,,,,,
01/06/2026 00:01:05,428221,0,0,,1,.0106,,,,,,,,,,,,,,,,,,,
01/06/2026 00:01:18,425897,0,0,,0,0,,,,,,,,,,,,,,,,,,,
01/06/2026 00:01:35,412872,0,0,,0,0,,,,,,,,,,,,,,,,,,,
01/06/2026 00:01:35,428221,2,.0217,,1,.01,,,,,,,,,,,,,,,,,,,
01/06/2026 00:01:48,425897,0,0,,0,0,,,,,,,,,,,,,,,,,,,
01/06/2026 00:02:05,412872,0,0,,1,.0139,,,,,,,,,,,,,,,,,,,
01/06/2026 00:02:05,428221,0,0,,0,0,,,,,,,,,,,,,,,,,,,
01/06/2026 00:02:18,425897,1,.0089,,0,0,,,,,,,,,,,,,,,,,,,
01/06/2026 00:02:35,412872,1,.0106,,0,0,,,,,,,,,,,,,,,,,,,
01/06/2026 00:02:35,428221,0,0,,0,0,,,,,,,,,,,,,,,,,,,
01/06/2026 00:02:48,425897,0,0,,0,0,,,,,,,,,,,,,,,,,,,
01/06/2026 00:03:05,412872,0,0,,0,0,,,,,,,,,,,,,,,,,,,
01/06/2026 00:03:05,428221,2,.02,,1,.0089,,,,,,,,,,,,,,,,,,,
01/06/2026 00:03:18,425897,2,.0206,,1,.0078,,,,,,,,,,,,,,,,,,,
01/06/2026 00:03:35,412872,2,.0217,,0,0,,,,,,,,,,,,,,,,,,,
01/06/2026 00:03:35,428221,0,0,,0,0,,,,,,,,,,,,,,,,,,,
01/06/2026 00:03:48,425897,0,0,,0,0,,,,,,,,,,,,,,,,,,,
01/06/2026 00:04:05,412872,0,0,,0,0,,,,,,,,,,,,,,,,,,,
01/06/2026 00:04:05,428221,2,.0239,,1,.0106,,,,,,,,,,,,,,,,,,,
01/06/2026 00:04:18,425897,0,0,,1,.0089,,,,,,,,,,,,,,,,,,,
01/06/2026 00:04:34,412872,2,.1128,,1,.0117,,,,,,,,,,,,,,,,,,,
01/06/2026 00:04:34,428221,0,0,,0,0,,,,,,,,,,,,,,,,,,,
01/06/2026 00:04:48,425897,0,0,,0,0,,,,,,,,,,,,,,,,,,,
01/06/2026 00:05:05,412872,0,0,,0,0,,,,,,,,,,,,,,,,,,,
01/06/2026 00:05:05,428221,1,.01,,0,0,,,,,,,,,,,,,,,,,,,
01/06/2026 00:05:18,425897,0,0,,0,0,,,,,,,,,,,,,,,,,,,
01/06/2026 00:05:34,412872,0,0,,0,0,,,,,,,,,,,,,,,,,,,
01/06/2026 00:05:34,428221,0,0,,0,0,,,,,,,,,,,,,,,,,,,
01/06/2026 00:05:48,425897,4,.035,,0,0,,,,,,,,,,,,,,,,,,,
01/06/2026 00:06:05,412872,1,.01,,0,0,,,,,,,,,,,,,,,,,,,
01/06/2026 00:06:05,428221,0,0,,2,.0178,,,,,,,,,,,,,,,,,,,
01/06/2026 00:06:18,425897,0,0,,0,0,,,,,,,,,,,,,,,,,,,
01/06/2026 00:06:35,412872,0,0,,2,.0267,,,,,,,,,,,,,,,,,,,
01/06/2026 00:06:35,428221,0,0,,0,0,,,,,,,,,,,,,,,,,,,
01/06/2026 00:06:48,425897,3,.0178,,2,.0178,,,,,,,,,,,,,,,,,,,
01/06/2026 00:07:05,412872,1,.0128,,1,.0128,,,,,,,,,,,,,,,,,,,
01/06/2026 00:07:05,428221,0,0,,1,.01,,,,,,,,,,,,,,,,,,,
01/06/2026 00:07:18,425897,2,.0167,,0,0,,,,,,,,,,,,,,,,,,,
01/06/2026 00:07:35,412872,2,.025,,2,.0267,,,,,,,,,,,,,,,,,,,
01/06/2026 00:07:35,428221,1,.005,,1,.0078,,,,,,,,,,,,,,,,,,,
01/06/2026 00:07:48,425897,1,.01,,0,0,,,,,,,,,,,,,,,,,,,
01/06/2026 00:08:05,412872,0,0,,0,0,,,,,,,,,,,,,,,,,,,
01/06/2026 00:08:05,428221,0,0,,0,0,,,,,,,,,,,,,,,,,,,
01/06/2026 00:08:18,425897,1,.01,,0,0,,,,,,,,,,,,,,,,,,,
01/06/2026 00:08:35,412872,1,.0139,,1,.0128,,,,,,,,,,,,,,,,,,,
01/06/2026 00:08:35,428221,2,.0228,,0,0,,,,,,,,,,,,,,,,,,,
01/06/2026 00:08:48,425897,1,.01,,0,0,,,,,,,,,,,,,,,,,,,
01/06/2026 00:09:05,412872,1,.0128,,0,0,,,,,,,,,,,,,,,,,,,
01/06/2026 00:09:05,428221,0,0,,1,.0089,,,,,,,,,,,,,,,,,,,
01/06/2026 00:09:18,425897,2,.0167,,0,0,,,,,,,,,,,,,,,,,,,
01/06/2026 00:09:35,412872,0,0,,0,0,,,,,,,,,,,,,,,,,,,
01/06/2026 00:09:35,428221,0,0,,0,0,,,,,,,,,,,,,,,,,,,
01/06/2026 00:09:48,425897,0,0,,0,0,,,,,,,,,,,,,,,,,,,
01/06/2026 00:10:05,412872,1,.0128,,0,0,,,,,,,,,,,,,,,,,,,
01/06/2026 00:10:05,428221,1,.0106,,0,0,,,,,,,,,,,,,,,,,,,
01/06/2026 00:10:18,425897,2,.0178,,0,0,,,,,,,,,,,,,,,,,,,
01/06/2026 00:10:35,412872,0,0,,0,0,,,,,,,,,,,,,,,,,,,
01/06/2026 00:10:35,428221,0,0,,1,.0089,,,,,,,,,,,,,,,,,,,
01/06/2026 00:10:48,425897,3,.03,,0,0,,,,,,,,,,,,,,,,,,,
01/06/2026 00:11:05,412872,0,0,,1,.0128,,,,,,,,,,,,,,,,,,,
01/06/2026 00:11:05,428221,1,.0106,,3,.03,,,,,,,,,,,,,,,,,,,
01/06/2026 00:11:18,425897,1,.0078,,0,0,,,,,,,,,,,,,,,,,,,
01/06/2026 00:11:35,412872,0,0,,0,0,,,,,,,,,,,,,,,,,,,
01/06/2026 00:11:35,428221,0,0,,0,0,,,,,,,,,,,,,,,,,,,
01/06/2026 00:11:48,425897,0,0,,0,0,,,,,,,,,,,,,,,,,,,
01/06/2026 00:12:05,412872,0,0,,1,.0117,,,,,,,,,,,,,,,,,,,
01/06/2026 00:12:05,428221,0,0,,1,.01,,,,,,,,,,,,,,,,,,,
01/06/2026 00:12:18,425897,2,.0167,,0,0,,,,,,,,,,,,,,,,,,,
01/06/2026 00:12:35,412872,0,0,,0,0,,,,,,,,,,,,,,,,,,,
01/06/2026 00:12:35,428221,0,0,,0,0,,,,,,,,,,,,,,,,,,,
01/06/2026 00:12:48,425897,2,.015,,0,0,,,,,,,,,,,,,,,,,,,
01/06/2026 00:13:05,412872,0,0,,0,0,,,,,,,,,,,,,,,,,,,
01/06/2026 00:13:05,428221,1,.0089,,0,0,,,,,,,,,,,,,,,,,,,
01/06/2026 00:13:18,425897,0,0,,0,0,,,,,,,,,,,,,,,,,,,
01/06/2026 00:13:35,412872,0,0,,0,0,,,,,,,,,,,,,,,,,,,
01/06/2026 00:13:35,428221,0,0,,1,.0106,,,,,,,,,,,,,,,,,,,
01/06/2026 00:13:48,425897,1,.0067,,0,0,,,,,,,,,,,,,,,,,,,
01/06/2026 00:14:04,412872,1,.0128,,1,.0117,,,,,,,,,,,,,,,,,,,
01/06/2026 00:14:04,428221,1,.0089,,0,0,,,,,,,,,,,,,,,,,,,
01/06/2026 00:14:18,425897,1,.0089,,0,0,,,,,,,,,,,,,,,,,,,
01/06/2026 00:14:35,412872,1,.0117,,1,.0106,,,,,,,,,,,,,,,,,,,
01/06/2026 00:14:35,428221,0,0,,1,.0117,,,,,,,,,,,,,,,,,,,
01/06/2026 00:14:48,425897,0,0,,0,0,,,,,,,,,,,,,,,,,,,
01/06/2026 00:15:05,412872,0,0,,0,0,,,,,,,,,,,,,,,,,,,
01/06/2026 00:15:05,428221,4,.0289,,3,.0217,,,,,,,,,,,,,,,,,,,
01/06/2026 00:15:18,425897,5,.0406,,1,.0039,,,,,,,,,,,,,,,,,,,
01/06/2026 00:15:35,412872,0,0,,0,0,,,,,,,,,,,,,,,,,,,
01/06/2026 00:15:35,428221,2,.0206,,3,.0317,,,,,,,,,,,,,,,,,,,
01/06/2026 00:15:48,425897,0,0,,0,0,,,,,,,,,,,,,,,,,,,
01/06/2026 00:16:05,412872,0,0,,2,.025,,,,,,,,,,,,,,,,,,,
01/06/2026 00:16:05,428221,0,0,,2,.0189,,,,,,,,,,,,,,,,,,,
01/06/2026 00:16:18,425897,0,0,,0,0,,,,,,,,,,,,,,,,,,,
01/06/2026 00:16:35,412872,1,.015,,2,.0328,,,,,,,,,,,,,,,,,,,
01/06/2026 00:16:35,428221,0,0,,0,0,,,,,,,,,,,,,,,,,,,
01/06/2026 00:16:48,425897,3,.0278,,0,0,,,,,,,,,,,,,,,,,,,
01/06/2026 00:17:05,412872,0,0,,0,0,,,,,,,,,,,,,,,,,,,
01/06/2026 00:17:05,428221,2,.0178,,2,.025,,,,,,,,,,,,,,,,,,,
01/06/2026 00:17:18,425897,2,.0167,,1,.0039,,,,,,,,,,,,,,,,,,,
01/06/2026 00:17:35,412872,0,0,,0,.0106,,,,,,,,,,,,,,,,,,,
01/06/2026 00:17:35,428221,0,0,,0,0,,,,,,,,,,,,,,,,,,,
01/06/2026 00:17:48,425897,1,.01,,0,0,,,,,,,,,,,,,,,,,,,
01/06/2026 00:18:05,412872,0,0,,3,.04,,,,,,,,,,,,,,,,,,,
01/06/2026 00:18:05,428221,1,.0078,,3,.025,,,,,,,,,,,,,,,,,,,
01/06/2026 00:18:18,425897,4,.0339,,1,.0039,,,,,,,,,,,,,,,,,,,
01/06/2026 00:18:35,412872,0,0,,0,0,,,,,,,,,,,,,,,,,,,
01/06/2026 00:18:35,428221,0,0,,1,.0078,,,,,,,,,,,,,,,,,,,
01/06/2026 00:18:48,425897,1,.0117,,0,0,,,,,,,,,,,,,,,,,,,
01/06/2026 00:19:05,412872,0,0,,0,0,,,,,,,,,,,,,,,,,,,
01/06/2026 00:19:05,428221,0,0,,0,0,,,,,,,,,,,,,,,,,,,
01/06/2026 00:19:18,425897,1,.0089,,0,0,,,,,,,,,,,,,,,,,,,
01/06/2026 00:19:35,412872,0,0,,0,0,,,,,,,,,,,,,,,,,,,
01/06/2026 00:19:35,428221,0,0,,2,.02,,,,,,,,,,,,,,,,,,,
01/06/2026 00:19:48,425897,2,.0206,,0,0,,,,,,,,,,,,,,,,,,,
01/06/2026 00:20:05,412872,0,0,,0,0,,,,,,,,,,,,,,,,,,,
01/06/2026 00:20:05,428221,1,.0106,,0,0,,,,,,,,,,,,,,,,,,,
01/06/2026 00:20:18,425897,1,.0078,,0,0,,,,,,,,,,,,,,,,,,,
01/06/2026 00:20:35,412872,0,0,,0,0,,,,,,,,,,,,,,,,,,,
01/06/2026 00:20:35,428221,0,0,,0,0,,,,,,,,,,,,,,,,,,,
01/06/2026 00:20:48,425897,0,0,,0,0,,,,,,,,,,,,,,,,,,,
01/06/2026 00:21:05,412872,0,0,,0,0,,,,,,,,,,,,,,,,,,,
01/06/2026 00:21:05,428221,0,0,,1,.01,,,,,,,,,,,,,,,,,,,
01/06/2026 00:21:18,425897,1,.0089,,0,0,,,,,,,,,,,,,,,,,,,
01/06/2026 00:21:35,412872,0,0,,0,0,,,,,,,,,,,,,,,,,,,
01/06/2026 00:21:35,428221,1,.0089,,0,0,,,,,,,,,,,,,,,,,,,
01/06/2026 00:21:48,425897,1,.0089,,0,0,,,,,,,,,,,,,,,,,,,
01/06/2026 00:22:05,412872,0,0,,1,.0128,,,,,,,,,,,,,,,,,,,
01/06/2026 00:22:05,428221,0,0,,0,0,,,,,,,,,,,,,,,,,,,
01/06/2026 00:22:18,425897,2,.0156,,1,.0078,,,,,,,,,,,,,,,,,,,
01/06/2026 00:22:34,412872,0,0,,1,.0156,,,,,,,,,,,,,,,,,,,
01/06/2026 00:22:34,428221,0,0,,1,.01,,,,,,,,,,,,,,,,,,,
01/06/2026 00:22:48,425897,0,0,,0,0,,,,,,,,,,,,,,,,,,,
01/06/2026 00:23:05,412872,0,0,,0,0,,,,,,,,,,,,,,,,,,,
01/06/2026 00:23:05,428221,0,0,,1,.0078,,,,,,,,,,,,,,,,,,,
01/06/2026 00:23:18,425897,1,.0106,,0,0,,,,,,,,,,,,,,,,,,,
01/06/2026 00:23:35,412872,0,0,,1,.0139,,,,,,,,,,,,,,,,,,,
01/06/2026 00:23:35,428221,1,.0106,,1,.0089,,,,,,,,,,,,,,,,,,,
01/06/2026 00:23:48,425897,1,.0089,,0,0,,,,,,,,,,,,,,,,,,,
01/06/2026 00:24:05,412872,0,0,,1,.0128,,,,,,,,,,,,,,,,,,,
01/06/2026 00:24:05,428221,0,0,,0,0,,,,,,,,,,,,,,,,,,,
01/06/2026 00:24:18,425897,1,.01,,0,0,,,,,,,,,,,,,,,,,,,
01/06/2026 00:24:35,412872,0,0,,0,0,,,,,,,,,,,,,,,,,,,
01/06/2026 00:24:35,428221,0,0,,0,0,,,,,,,,,,,,,,,,,,,
01/06/2026 00:24:48,425897,0,0,,0,0,,,,,,,,,,,,,,,,,,,
01/06/2026 00:25:05,412872,1,.0128,,2,.0267,,,,,,,,,,,,,,,,,,,
01/06/2026 00:25:05,428221,1,.01,,0,0,,,,,,,,,,,,,,,,,,,
01/06/2026 00:25:18,425897,0,0,,0,0,,,,,,,,,,,,,,,,,,,
01/06/2026 00:25:35,412872,0,0,,0,0,,,,,,,,,,,,,,,,,,,
01/06/2026 00:25:35,428221,0,0,,0,0,,,,,,,,,,,,,,,,,,,
01/06/2026 00:25:48,425897,0,0,,0,0,,,,,,,,,,,,,,,,,,,
01/06/2026 00:26:05,412872,0,0,,1,.0117,,,,,,,,,,,,,,,,,,,
01/06/2026 00:26:05,428221,1,.0089,,1,.0056,,,,,,,,,,,,,,,,,,,
01/06/2026 00:26:18,425897,4,.0389,,0,0,,,,,,,,,,,,,,,,,,,
01/06/2026 00:26:35,412872,0,0,,0,0,,,,,,,,,,,,,,,,,,,
01/06/2026 00:26:35,428221,0,0,,0,0,,,,,,,,,,,,,,,,,,,
01/06/2026 00:26:48,425897,0,0,,0,0,,,,,,,,,,,,,,,,,,,
01/06/2026 00:27:05,412872,0,0,,2,.0239,,,,,,,,,,,,,,,,,,,
01/06/2026 00:27:05,428221,0,0,,0,0,,,,,,,,,,,,,,,,,,,
01/06/2026 00:27:18,425897,0,0,,0,0,,,,,,,,,,,,,,,,,,,
01/06/2026 00:27:35,412872,0,0,,1,.015,,,,,,,,,,,,,,,,,,,
01/06/2026 00:27:35,428221,0,0,,1,.0067,,,,,,,,,,,,,,,,,,,
01/06/2026 00:27:48,425897,1,.0078,,0,0,,,,,,,,,,,,,,,,,,,
01/06/2026 00:28:05,412872,3,.0378,,0,0,,,,,,,,,,,,,,,,,,,
01/06/2026 00:28:05,428221,1,.01,,2,.0217,,,,,,,,,,,,,,,,,,,
01/06/2026 00:28:18,425897,0,0,,0,0,,,,,,,,,,,,,,,,,,,
01/06/2026 00:28:35,412872,0,0,,0,0,,,,,,,,,,,,,,,,,,,
01/06/2026 00:28:35,428221,0,0,,0,0,,,,,,,,,,,,,,,,,,,
01/06/2026 00:28:48,425897,3,.025,,0,0,,,,,,,,,,,,,,,,,,,
01/06/2026 00:29:05,412872,0,0,,0,0,,,,,,,,,,,,,,,,,,,
01/06/2026 00:29:05,428221,0,0,,0,0,,,,,,,,,,,,,,,,,,,
01/06/2026 00:29:18,425897,0,0,,0,0,,,,,,,,,,,,,,,,,,,
01/06/2026 00:29:35,412872,1,.0106,,0,0,,,,,,,,,,,,,,,,,,,
01/06/2026 00:29:35,428221,2,.02,,0,0,,,,,,,,,,,,,,,,,,,
01/06/2026 00:29:48,425897,3,.0278,,1,.01,,,,,,,,,,,,,,,,,,,
01/06/2026 00:30:05,412872,0,0,,0,0,,,,,,,,,,,,,,,,,,,
01/06/2026 00:30:05,428221,0,0,,1,.0128,,,,,,,,,,,,,,,,,,,
01/06/2026 00:30:18,425897,1,.0067,,0,0,,,,,,,,,,,,,,,,,,,
01/06/2026 00:30:35,412872,1,.0089,,1,.0067,,,,,,,,,,,,,,,,,,,
01/06/2026 00:30:35,428221,2,.0206,,1,.0106,,,,,,,,,,,,,,,,,,,
01/06/2026 00:30:48,425897,1,.01,,0,0,,,,,,,,,,,,,,,,,,,
01/06/2026 00:31:05,412872,0,0,,1,.015,,,,,,,,,,,,,,,,,,,
01/06/2026 00:31:05,428221,1,.0089,,0,0,,,,,,,,,,,,,,,,,,,
01/06/2026 00:31:18,425897,1,.0089,,0,0,,,,,,,,,,,,,,,,,,,
01/06/2026 00:31:35,412872,2,.0256,,1,.0117,,,,,,,,,,,,,,,,,,,
01/06/2026 00:31:35,428221,1,.0089,,0,0,,,,,,,,,,,,,,,,,,,
01/06/2026 00:31:48,425897,1,.01,,0,0,,,,,,,,,,,,,,,,,,,
01/06/2026 00:32:05,412872,0,0,,1,.0106,,,,,,,,,,,,,,,,,,,
01/06/2026 00:32:05,428221,0,0,,0,0,,,,,,,,,,,,,,,,,,,
01/06/2026 00:32:18,425897,0,0,,0,0,,,,,,,,,,,,,,,,,,,
01/06/2026 00:32:35,412872,0,0,,1,.0106,,,,,,,,,,,,,,,,,,,
01/06/2026 00:32:35,428221,0,0,,1,.0106,,,,,,,,,,,,,,,,,,,
01/06/2026 00:32:48,425897,0,0,,0,0,,,,,,,,,,,,,,,,,,,
01/06/2026 00:33:05,412872,0,0,,0,0,,,,,,,,,,,,,,,,,,,
01/06/2026 00:33:05,428221,1,.0078,,0,0,,,,,,,,,,,,,,,,,,,
01/06/2026 00:33:18,425897,1,.01,,1,.0117,,,,,,,,,,,,,,,,,,,
01/06/2026 00:33:35,412872,0,0,,2,.0256,,,,,,,,,,,,,,,,,,,
01/06/2026 00:33:35,428221,1,.0089,,1,.0078,,,,,,,,,,,,,,,,,,,
01/06/2026 00:33:48,425897,0,0,,0,0,,,,,,,,,,,,,,,,,,,
01/06/2026 00:34:05,412872,1,.0106,,1,.005,,,,,,,,,,,,,,,,,,,
01/06/2026 00:34:05,428221,0,0,,1,.01,,,,,,,,,,,,,,,,,,,
01/06/2026 00:34:18,425897,0,0,,0,0,,,,,,,,,,,,,,,,,,,
01/06/2026 00:34:35,412872,0,0,,0,0,,,,,,,,,,,,,,,,,,,
01/06/2026 00:34:35,428221,1,.0117,,0,0,,,,,,,,,,,,,,,,,,,
01/06/2026 00:34:48,425897,1,.01,,0,0,,,,,,,,,,,,,,,,,,,
01/06/2026 00:35:05,412872,0,0,,0,0,,,,,,,,,,,,,,,,,,,
01/06/2026 00:35:05,428221,0,0,,0,0,,,,,,,,,,,,,,,,,,,
01/06/2026 00:35:18,425897,0,0,,0,0,,,,,,,,,,,,,,,,,,,
01/06/2026 00:35:35,412872,1,.0106,,0,0,,,,,,,,,,,,,,,,,,,
01/06/2026 00:35:35,428221,0,0,,1,.0117,,,,,,,,,,,,,,,,,,,
01/06/2026 00:35:48,425897,0,0,,0,0,,,,,,,,,,,,,,,,,,,
01/06/2026 00:36:04,412872,0,0,,0,0,,,,,,,,,,,,,,,,,,,
01/06/2026 00:36:04,428221,1,.01,,0,0,,,,,,,,,,,,,,,,,,,
01/06/2026 00:36:18,425897,1,.0067,,0,0,,,,,,,,,,,,,,,,,,,
01/06/2026 00:36:35,412872,0,0,,0,0,,,,,,,,,,,,,,,,,,,
01/06/2026 00:36:35,428221,2,.02,,1,.0106,,,,,,,,,,,,,,,,,,,
01/06/2026 00:36:48,425897,1,.01,,0,0,,,,,,,,,,,,,,,,,,,
01/06/2026 00:37:05,412872,1,.0156,,0,0,,,,,,,,,,,,,,,,,,,
01/06/2026 00:37:05,428221,1,.0078,,1,.01,,,,,,,,,,,,,,,,,,,
01/06/2026 00:37:18,425897,0,.0039,,0,0,,,,,,,,,,,,,,,,,,,
01/06/2026 00:37:35,412872,0,0,,0,0,,,,,,,,,,,,,,,,,,,
01/06/2026 00:37:35,428221,1,.0089,,1,.0117,,,,,,,,,,,,,,,,,,,
01/06/2026 00:37:48,425897,2,.0128,,1,.01,,,,,,,,,,,,,,,,,,,
01/06/2026 00:38:05,412872,0,0,,1,.0139,,,,,,,,,,,,,,,,,,,
01/06/2026 00:38:05,428221,0,0,,0,0,,,,,,,,,,,,,,,,,,,
01/06/2026 00:38:18,425897,0,0,,0,0,,,,,,,,,,,,,,,,,,,
01/06/2026 00:38:35,412872,0,0,,1,.0128,,,,,,,,,,,,,,,,,,,
01/06/2026 00:38:35,428221,0,0,,0,0,,,,,,,,,,,,,,,,,,,
01/06/2026 00:38:48,425897,2,.0167,,0,0,,,,,,,,,,,,,,,,,,,
01/06/2026 00:39:05,412872,0,0,,0,0,,,,,,,,,,,,,,,,,,,
01/06/2026 00:39:05,428221,1,.0089,,0,0,,,,,,,,,,,,,,,,,,,
01/06/2026 00:39:18,425897,0,0,,0,0,,,,,,,,,,,,,,,,,,,
01/06/2026 00:39:35,412872,0,0,,3,.0417,,,,,,,,,,,,,,,,,,,
01/06/2026 00:39:35,428221,0,0,,0,0,,,,,,,,,,,,,,,,,,,
01/06/2026 00:39:48,425897,2,.0206,,0,0,,,,,,,,,,,,,,,,,,,
01/06/2026 00:40:05,412872,0,0,,2,.025,,,,,,,,,,,,,,,,,,,
01/06/2026 00:40:05,428221,0,0,,0,0,,,,,,,,,,,,,,,,,,,
01/06/2026 00:40:18,425897,1,.0056,,1,.0039,,,,,,,,,,,,,,,,,,,
01/06/2026 00:40:35,412872,0,0,,0,0,,,,,,,,,,,,,,,,,,,
01/06/2026 00:40:35,428221,2,.02,,1,.01,,,,,,,,,,,,,,,,,,,
01/06/2026 00:40:48,425897,1,.01,,0,0,,,,,,,,,,,,,,,,,,,
01/06/2026 00:41:05,412872,1,.0117,,0,0,,,,,,,,,,,,,,,,,,,
01/06/2026 00:41:05,428221,0,0,,1,.01,,,,,,,,,,,,,,,,,,,
01/06/2026 00:41:18,425897,0,0,,0,0,,,,,,,,,,,,,,,,,,,
01/06/2026 00:41:35,412872,0,0,,0,0,,,,,,,,,,,,,,,,,,,
01/06/2026 00:41:35,428221,0,0,,2,.0189,,,,,,,,,,,,,,,,,,,
01/06/2026 00:41:48,425897,1,.0106,,0,0,,,,,,,,,,,,,,,,,,,
01/06/2026 00:42:05,412872,0,0,,0,0,,,,,,,,,,,,,,,,,,,
01/06/2026 00:42:05,428221,1,.0078,,3,.0267,,,,,,,,,,,,,,,,,,,
01/06/2026 00:42:18,425897,2,.0167,,0,0,,,,,,,,,,,,,,,,,,,
01/06/2026 00:42:35,412872,0,0,,1,.0139,,,,,,,,,,,,,,,,,,,
01/06/2026 00:42:35,428221,0,0,,1,.0106,,,,,,,,,,,,,,,,,,,
01/06/2026 00:42:48,425897,1,.0067,,0,0,,,,,,,,,,,,,,,,,,,
01/06/2026 00:43:05,412872,0,0,,1,.0117,,,,,,,,,,,,,,,,,,,
01/06/2026 00:43:05,428221,1,.0067,,2,.0156,,,,,,,,,,,,,,,,,,,
01/06/2026 00:43:18,425897,1,.0067,,0,0,,,,,,,,,,,,,,,,,,,
01/06/2026 00:43:35,412872,1,.015,,2,.03,,,,,,,,,,,,,,,,,,,
01/06/2026 00:43:35,428221,1,.01,,0,0,,,,,,,,,,,,,,,,,,,
01/06/2026 00:43:48,425897,1,.01,,0,0,,,,,,,,,,,,,,,,,,,
01/06/2026 00:44:05,412872,0,0,,0,0,,,,,,,,,,,,,,,,,,,
01/06/2026 00:44:05,428221,0,0,,1,.0089,,,,,,,,,,,,,,,,,,,
01/06/2026 00:44:18,425897,2,.0167,,0,0,,,,,,,,,,,,,,,,,,,
01/06/2026 00:44:35,412872,0,0,,0,0,,,,,,,,,,,,,,,,,,,
01/06/2026 00:44:35,428221,0,0,,0,0,,,,,,,,,,,,,,,,,,,
01/06/2026 00:44:48,425897,1,.0078,,0,0,,,,,,,,,,,,,,,,,,,
01/06/2026 00:45:05,412872,0,0,,0,0,,,,,,,,,,,,,,,,,,,
01/06/2026 00:45:05,428221,0,0,,1,.01,,,,,,,,,,,,,,,,,,,
01/06/2026 00:45:18,425897,1,.0067,,0,0,,,,,,,,,,,,,,,,,,,
01/06/2026 00:45:35,412872,0,0,,0,0,,,,,,,,,,,,,,,,,,,
01/06/2026 00:45:35,428221,0,0,,2,.0178,,,,,,,,,,,,,,,,,,,
01/06/2026 00:45:48,425897,3,.0217,,0,0,,,,,,,,,,,,,,,,,,,
01/06/2026 00:46:04,412872,0,0,,1,.015,,,,,,,,,,,,,,,,,,,
01/06/2026 00:46:04,428221,0,0,,1,.01,,,,,,,,,,,,,,,,,,,
01/06/2026 00:46:18,425897,1,.0078,,0,0,,,,,,,,,,,,,,,,,,,
01/06/2026 00:46:35,412872,0,0,,1,.0139,,,,,,,,,,,,,,,,,,,
01/06/2026 00:46:35,428221,1,.01,,1,.0089,,,,,,,,,,,,,,,,,,,
01/06/2026 00:46:48,425897,0,0,,0,0,,,,,,,,,,,,,,,,,,,
01/06/2026 00:47:05,412872,0,0,,0,0,,,,,,,,,,,,,,,,,,,
01/06/2026 00:47:05,428221,1,.0106,,0,0,,,,,,,,,,,,,,,,,,,
01/06/2026 00:47:18,425897,0,0,,0,0,,,,,,,,,,,,,,,,,,,
01/06/2026 00:47:35,412872,0,0,,2,.0289,,,,,,,,,,,,,,,,,,,
01/06/2026 00:47:35,428221,1,.0078,,1,.0089,,,,,,,,,,,,,,,,,,,
01/06/2026 00:47:48,425897,0,0,,0,0,,,,,,,,,,,,,,,,,,,
01/06/2026 00:48:05,412872,0,0,,0,0,,,,,,,,,,,,,,,,,,,
01/06/2026 00:48:05,428221,1,.0089,,1,.015,,,,,,,,,,,,,,,,,,,
01/06/2026 00:48:18,425897,1,.0067,,0,0,,,,,,,,,,,,,,,,,,,
01/06/2026 00:48:34,412872,2,.0217,,0,0,,,,,,,,,,,,,,,,,,,
01/06/2026 00:48:34,428221,1,.01,,2,.0189,,,,,,,,,,,,,,,,,,,
01/06/2026 00:48:48,425897,1,.0089,,1,.0078,,,,,,,,,,,,,,,,,,,
01/06/2026 00:49:05,412872,1,.0106,,3,.0356,,,,,,,,,,,,,,,,,,,
01/06/2026 00:49:05,428221,0,0,,0,0,,,,,,,,,,,,,,,,,,,
01/06/2026 00:49:18,425897,3,.0267,,1,.0128,,,,,,,,,,,,,,,,,,,
01/06/2026 00:49:35,412872,0,0,,1,.015,,,,,,,,,,,,,,,,,,,
01/06/2026 00:49:35,428221,1,.0039,,1,.0078,,,,,,,,,,,,,,,,,,,
01/06/2026 00:49:48,425897,1,.0078,,1,.0106,,,,,,,,,,,,,,,,,,,
01/06/2026 00:50:05,412872,0,0,,0,0,,,,,,,,,,,,,,,,,,,
01/06/2026 00:50:05,428221,1,.0067,,2,.0128,,,,,,,,,,,,,,,,,,,
01/06/2026 00:50:18,425897,1,.0067,,0,0,,,,,,,,,,,,,,,,,,,
01/06/2026 00:50:34,412872,0,0,,0,0,,,,,,,,,,,,,,,,,,,
01/06/2026 00:50:34,428221,1,.0039,,2,.015,,,,,,,,,,,,,,,,,,,
01/06/2026 00:50:48,425897,0,0,,0,0,,,,,,,,,,,,,,,,,,,
01/06/2026 00:51:05,412872,1,.0106,,1,.0139,,,,,,,,,,,,,,,,,,,
01/06/2026 00:51:05,428221,0,0,,0,0,,,,,,,,,,,,,,,,,,,
01/06/2026 00:51:18,425897,0,0,,0,0,,,,,,,,,,,,,,,,,,,
01/06/2026 00:51:35,412872,0,0,,0,0,,,,,,,,,,,,,,,,,,,
01/06/2026 00:51:35,428221,1,.0089,,0,0,,,,,,,,,,,,,,,,,,,
01/06/2026 00:51:48,425897,1,.0056,,1,.0106,,,,,,,,,,,,,,,,,,,
01/06/2026 00:52:05,412872,1,.005,,1,.0089,,,,,,,,,,,,,,,,,,,
01/06/2026 00:52:05,428221,0,0,,0,0,,,,,,,,,,,,,,,,,,,
01/06/2026 00:52:18,425897,1,.0067,,0,0,,,,,,,,,,,,,,,,,,,
01/06/2026 00:52:35,412872,0,0,,0,0,,,,,,,,,,,,,,,,,,,
01/06/2026 00:52:35,428221,1,.0106,,0,0,,,,,,,,,,,,,,,,,,,
01/06/2026 00:52:48,425897,2,.0139,,0,0,,,,,,,,,,,,,,,,,,,
01/06/2026 00:53:05,412872,0,0,,0,0,,,,,,,,,,,,,,,,,,,
01/06/2026 00:53:05,428221,0,0,,1,.01,,,,,,,,,,,,,,,,,,,
01/06/2026 00:53:18,425897,1,.01,,0,0,,,,,,,,,,,,,,,,,,,
01/06/2026 00:53:35,412872,0,0,,1,.0139,,,,,,,,,,,,,,,,,,,
01/06/2026 00:53:35,428221,0,0,,0,0,,,,,,,,,,,,,,,,,,,
01/06/2026 00:53:48,425897,0,0,,0,0,,,,,,,,,,,,,,,,,,,
01/06/2026 00:54:05,412872,0,0,,0,0,,,,,,,,,,,,,,,,,,,
01/06/2026 00:54:05,428221,0,0,,0,0,,,,,,,,,,,,,,,,,,,
01/06/2026 00:54:18,425897,0,0,,0,0,,,,,,,,,,,,,,,,,,,
01/06/2026 00:54:35,412872,1,.0128,,0,0,,,,,,,,,,,,,,,,,,,
01/06/2026 00:54:35,428221,0,0,,0,0,,,,,,,,,,,,,,,,,,,
01/06/2026 00:54:48,425897,1,.0078,,0,0,,,,,,,,,,,,,,,,,,,
01/06/2026 00:55:05,412872,0,0,,0,0,,,,,,,,,,,,,,,,,,,
01/06/2026 00:55:05,428221,1,.0078,,0,0,,,,,,,,,,,,,,,,,,,
01/06/2026 00:55:18,425897,1,.0078,,0,0,,,,,,,,,,,,,,,,,,,
01/06/2026 00:55:35,412872,0,0,,0,0,,,,,,,,,,,,,,,,,,,
01/06/2026 00:55:35,428221,1,.0056,,0,0,,,,,,,,,,,,,,,,,,,
01/06/2026 00:55:48,425897,3,.0256,,1,.0117,,,,,,,,,,,,,,,,,,,
01/06/2026 00:56:05,412872,1,.0117,,0,0,,,,,,,,,,,,,,,,,,,
01/06/2026 00:56:05,428221,0,0,,0,0,,,,,,,,,,,,,,,,,,,
01/06/2026 00:56:18,425897,0,0,,0,0,,,,,,,,,,,,,,,,,,,
01/06/2026 00:56:35,412872,0,0,,0,0,,,,,,,,,,,,,,,,,,,
01/06/2026 00:56:35,428221,0,0,,0,0,,,,,,,,,,,,,,,,,,,
01/06/2026 00:56:48,425897,0,0,,0,0,,,,,,,,,,,,,,,,,,,
01/06/2026 00:57:05,412872,0,0,,1,.0128,,,,,,,,,,,,,,,,,,,
01/06/2026 00:57:05,428221,0,0,,0,0,,,,,,,,,,,,,,,,,,,
01/06/2026 00:57:18,425897,1,.0078,,0,0,,,,,,,,,,,,,,,,,,,
01/06/2026 00:57:35,412872,0,0,,0,0,,,,,,,,,,,,,,,,,,,
01/06/2026 00:57:35,428221,0,0,,1,.0106,,,,,,,,,,,,,,,,,,,
01/06/2026 00:57:48,425897,1,.01,,0,0,,,,,,,,,,,,,,,,,,,
01/06/2026 00:58:05,412872,0,0,,0,0,,,,,,,,,,,,,,,,,,,
01/06/2026 00:58:05,428221,0,0,,0,0,,,,,,,,,,,,,,,,,,,
01/06/2026 00:58:18,425897,0,0,,0,0,,,,,,,,,,,,,,,,,,,
01/06/2026 00:58:35,412872,1,.0117,,0,0,,,,,,,,,,,,,,,,,,,
01/06/2026 00:58:35,428221,1,.0089,,0,0,,,,,,,,,,,,,,,,,,,
01/06/2026 00:58:48,425897,4,.0367,,0,0,,,,,,,,,,,,,,,,,,,
01/06/2026 00:59:05,412872,1,.01,,0,0,,,,,,,,,,,,,,,,,,,
01/06/2026 00:59:05,428221,1,.0117,,0,0,,,,,,,,,,,,,,,,,,,
01/06/2026 00:59:18,425897,0,0,,0,0,,,,,,,,,,,,,,,,,,,
01/06/2026 00:59:35,412872,0,0,,0,0,,,,,,,,,,,,,,,,,,,
01/06/2026 00:59:35,428221,0,0,,0,0,,,,,,,,,,,,,,,,,,,
01/06/2026 00:59:48,425897,1,.0089,,0,0,,,,,,,,,,,,,,,,,,,
01/06/2026 01:00:05,412872,0,0,,1,.0128,,,,,,,,,,,,,,,,,,,
01/06/2026 01:00:05,428221,0,0,,1,.0089,,,,,,,,,,,,,,,,,,,
01/06/2026 01:00:18,425897,0,0,,0,0,,,,,,,,,,,,,,,,,,,
01/06/2026 01:00:35,412872,1,.0117,,1,.005,,,,,,,,,,,,,,,,,,,
01/06/2026 01:00:35,428221,1,.0089,,2,.0189,,,,,,,,,,,,,,,,,,,
01/06/2026 01:00:48,425897,0,0,,0,0,,,,,,,,,,,,,,,,,,,
01/06/2026 01:01:05,412872,0,0,,1,.0117,,,,,,,,,,,,,,,,,,,
01/06/2026 01:01:05,428221,0,0,,0,0,,,,,,,,,,,,,,,,,,,
01/06/2026 01:01:18,425897,2,.0167,,1,.0039,,,,,,,,,,,,,,,,,,,
01/06/2026 01:01:35,412872,1,.0106,,1,.0156,,,,,,,,,,,,,,,,,,,
01/06/2026 01:01:35,428221,0,0,,0,0,,,,,,,,,,,,,,,,,,,
01/06/2026 01:01:48,425897,1,.0089,,0,0,,,,,,,,,,,,,,,,,,,
01/06/2026 01:02:05,412872,0,0,,0,0,,,,,,,,,,,,,,,,,,,
01/06/2026 01:02:05,428221,2,.0189,,0,0,,,,,,,,,,,,,,,,,,,
01/06/2026 01:02:18,425897,0,0,,1,.0467,,,,,,,,,,,,,,,,,,,
01/06/2026 01:02:35,412872,0,0,,0,0,,,,,,,,,,,,,,,,,,,
01/06/2026 01:02:35,428221,0,0,,0,0,,,,,,,,,,,,,,,,,,,
01/06/2026 01:02:48,425897,3,.0217,,0,0,,,,,,,,,,,,,,,,,,,
01/06/2026 01:03:05,412872,0,0,,0,0,,,,,,,,,,,,,,,,,,,
01/06/2026 01:03:05,428221,1,.0106,,1,.0089,,,,,,,,,,,,,,,,,,,
01/06/2026 01:03:18,425897,1,.01,,0,0,,,,,,,,,,,,,,,,,,,
01/06/2026 01:03:35,412872,0,0,,0,0,,,,,,,,,,,,,,,,,,,
01/06/2026 01:03:35,428221,0,0,,1,.0067,,,,,,,,,,,,,,,,,,,
01/06/2026 01:03:48,425897,2,.0256,,0,0,,,,,,,,,,,,,,,,,,,
01/06/2026 01:04:05,412872,0,0,,0,0,,,,,,,,,,,,,,,,,,,
01/06/2026 01:04:05,428221,1,.0089,,0,0,,,,,,,,,,,,,,,,,,,
01/06/2026 01:04:18,425897,0,0,,0,0,,,,,,,,,,,,,,,,,,,
01/06/2026 01:04:35,412872,2,.0167,,1,.0039,,,,,,,,,,,,,,,,,,,
01/06/2026 01:04:35,428221,0,0,,0,0,,,,,,,,,,,,,,,,,,,
01/06/2026 01:04:48,425897,0,0,,0,0,,,,,,,,,,,,,,,,,,,
01/06/2026 01:05:05,412872,0,0,,1,.0139,,,,,,,,,,,,,,,,,,,
01/06/2026 01:05:05,428221,0,0,,1,.0078,,,,,,,,,,,,,,,,,,,
01/06/2026 01:05:18,425897,1,.01,,0,0,,,,,,,,,,,,,,,,,,,
01/06/2026 01:05:34,412872,1,.0117,,0,0,,,,,,,,,,,,,,,,,,,
01/06/2026 01:05:34,428221,1,.0128,,0,0,,,,,,,,,,,,,,,,,,,
01/06/2026 01:05:48,425897,1,.0106,,0,0,,,,,,,,,,,,,,,,,,,
01/06/2026 01:06:05,412872,0,0,,1,.015,,,,,,,,,,,,,,,,,,,
01/06/2026 01:06:05,428221,1,.0117,,0,0,,,,,,,,,,,,,,,,,,,
01/06/2026 01:06:18,425897,1,.0117,,0,0,,,,,,,,,,,,,,,,,,,
01/06/2026 01:06:34,412872,0,0,,0,0,,,,,,,,,,,,,,,,,,,
01/06/2026 01:06:34,428221,0,0,,0,0,,,,,,,,,,,,,,,,,,,
01/06/2026 01:06:48,425897,1,.0067,,0,0,,,,,,,,,,,,,,,,,,,
01/06/2026 01:07:05,412872,0,0,,0,0,,,,,,,,,,,,,,,,,,,
01/06/2026 01:07:05,428221,1,.0089,,1,.01,,,,,,,,,,,,,,,,,,,
01/06/2026 01:07:18,425897,1,.01,,0,0,,,,,,,,,,,,,,,,,,,
01/06/2026 01:07:35,412872,0,0,,1,.0117,,,,,,,,,,,,,,,,,,,
01/06/2026 01:07:35,428221,0,0,,1,.01,,,,,,,,,,,,,,,,,,,
01/06/2026 01:07:48,425897,0,0,,0,0,,,,,,,,,,,,,,,,,,,
01/06/2026 01:08:05,412872,0,0,,1,.0156,,,,,,,,,,,,,,,,,,,
01/06/2026 01:08:05,428221,2,.0167,,0,0,,,,,,,,,,,,,,,,,,,
01/06/2026 01:08:18,425897,1,.0106,,0,0,,,,,,,,,,,,,,,,,,,
01/06/2026 01:08:35,412872,0,0,,1,.015,,,,,,,,,,,,,,,,,,,
01/06/2026 01:08:35,428221,0,0,,0,0,,,,,,,,,,,,,,,,,,,
01/06/2026 01:08:48,425897,0,0,,0,0,,,,,,,,,,,,,,,,,,,
01/06/2026 01:09:04,412872,0,0,,0,0,,,,,,,,,,,,,,,,,,,
01/06/2026 01:09:04,428221,0,0,,1,.0067,,,,,,,,,,,,,,,,,,,
01/06/2026 01:09:18,425897,0,0,,0,0,,,,,,,,,,,,,,,,,,,
01/06/2026 01:09:35,412872,0,0,,0,0,,,,,,,,,,,,,,,,,,,
01/06/2026 01:09:35,428221,0,0,,0,0,,,,,,,,,,,,,,,,,,,
01/06/2026 01:09:48,425897,0,0,,0,0,,,,,,,,,,,,,,,,,,,
01/06/2026 01:10:05,412872,0,0,,0,0,,,,,,,,,,,,,,,,,,,
01/06/2026 01:10:05,428221,3,.0239,,2,.015,,,,,,,,,,,,,,,,,,,
01/06/2026 01:10:18,425897,0,0,,0,0,,,,,,,,,,,,,,,,,,,
01/06/2026 01:10:35,412872,0,0,,1,.0117,,,,,,,,,,,,,,,,,,,
01/06/2026 01:10:35,428221,0,0,,0,0,,,,,,,,,,,,,,,,,,,
01/06/2026 01:10:48,425897,1,.0078,,0,0,,,,,,,,,,,,,,,,,,,
01/06/2026 01:11:05,412872,0,0,,0,0,,,,,,,,,,,,,,,,,,,
01/06/2026 01:11:05,428221,1,.0117,,0,0,,,,,,,,,,,,,,,,,,,
01/06/2026 01:11:18,425897,2,.0178,,0,0,,,,,,,,,,,,,,,,,,,
01/06/2026 01:11:35,412872,2,.02,,0,0,,,,,,,,,,,,,,,,,,,
01/06/2026 01:11:35,428221,0,0,,1,.0056,,,,,,,,,,,,,,,,,,,
01/06/2026 01:11:48,425897,0,0,,0,0,,,,,,,,,,,,,,,,,,,
01/06/2026 01:12:05,412872,0,0,,0,0,,,,,,,,,,,,,,,,,,,
01/06/2026 01:12:05,428221,0,0,,0,0,,,,,,,,,,,,,,,,,,,
01/06/2026 01:12:18,425897,0,0,,0,0,,,,,,,,,,,,,,,,,,,
01/06/2026 01:12:35,412872,0,0,,1,.0128,,,,,,,,,,,,,,,,,,,
01/06/2026 01:12:35,428221,2,.025,,0,0,,,,,,,,,,,,,,,,,,,
01/06/2026 01:12:48,425897,0,0,,0,0,,,,,,,,,,,,,,,,,,,
01/06/2026 01:13:05,412872,2,.025,,1,.0039,,,,,,,,,,,,,,,,,,,
01/06/2026 01:13:05,428221,0,0,,0,0,,,,,,,,,,,,,,,,,,,
01/06/2026 01:13:18,425897,1,.0078,,0,0,,,,,,,,,,,,,,,,,,,
01/06/2026 01:13:35,412872,1,.0156,,0,0,,,,,,,,,,,,,,,,,,,
01/06/2026 01:13:35,428221,0,0,,0,0,,,,,,,,,,,,,,,,,,,
01/06/2026 01:13:48,425897,3,.0256,,0,0,,,,,,,,,,,,,,,,,,,
01/06/2026 01:14:05,412872,1,.02,,0,0,,,,,,,,,,,,,,,,,,,
01/06/2026 01:14:05,428221,0,0,,0,0,,,,,,,,,,,,,,,,,,,
01/06/2026 01:14:18,425897,0,0,,1,.01,,,,,,,,,,,,,,,,,,,
01/06/2026 01:14:35,412872,0,0,,0,0,,,,,,,,,,,,,,,,,,,
01/06/2026 01:14:35,428221,1,.0067,,0,0,,,,,,,,,,,,,,,,,,,
01/06/2026 01:14:48,425897,0,0,,0,0,,,,,,,,,,,,,,,,,,,
01/06/2026 01:15:05,412872,1,.0106,,1,.0167,,,,,,,,,,,,,,,,,,,
01/06/2026 01:15:05,428221,1,.0089,,0,0,,,,,,,,,,,,,,,,,,,
01/06/2026 01:15:18,425897,1,.0078,,0,0,,,,,,,,,,,,,,,,,,,
01/06/2026 01:15:35,412872,0,0,,0,0,,,,,,,,,,,,,,,,,,,
01/06/2026 01:15:35,428221,0,0,,0,0,,,,,,,,,,,,,,,,,,,
01/06/2026 01:15:48,425897,0,0,,0,0,,,,,,,,,,,,,,,,,,,
01/06/2026 01:16:05,412872,0,0,,1,.0106,,,,,,,,,,,,,,,,,,,
01/06/2026 01:16:05,428221,0,0,,0,0,,,,,,,,,,,,,,,,,,,
01/06/2026 01:16:18,425897,0,0,,1,.015,,,,,,,,,,,,,,,,,,,
01/06/2026 01:16:35,412872,1,.0106,,0,0,,,,,,,,,,,,,,,,,,,
01/06/2026 01:16:35,428221,0,0,,1,.0078,,,,,,,,,,,,,,,,,,,
01/06/2026 01:16:48,425897,0,0,,0,0,,,,,,,,,,,,,,,,,,,
01/06/2026 01:17:05,412872,0,0,,0,0,,,,,,,,,,,,,,,,,,,
01/06/2026 01:17:05,428221,0,0,,0,0,,,,,,,,,,,,,,,,,,,
01/06/2026 01:17:18,425897,0,0,,0,0,,,,,,,,,,,,,,,,,,,
01/06/2026 01:17:35,412872,0,0,,0,0,,,,,,,,,,,,,,,,,,,
01/06/2026 01:17:35,428221,1,.0078,,1,.0089,,,,,,,,,,,,,,,,,,,
01/06/2026 01:17:48,425897,1,.0089,,0,0,,,,,,,,,,,,,,,,,,,
01/06/2026 01:18:05,412872,0,0,,1,.0128,,,,,,,,,,,,,,,,,,,
01/06/2026 01:18:05,428221,0,0,,0,0,,,,,,,,,,,,,,,,,,,
01/06/2026 01:18:18,425897,1,.01,,0,0,,,,,,,,,,,,,,,,,,,
01/06/2026 01:18:35,412872,0,0,,0,0,,,,,,,,,,,,,,,,,,,
01/06/2026 01:18:35,428221,1,.0056,,1,.0106,,,,,,,,,,,,,,,,,,,
01/06/2026 01:18:48,425897,0,0,,0,0,,,,,,,,,,,,,,,,,,,
01/06/2026 01:19:05,412872,1,.0056,,1,.0089,,,,,,,,,,,,,,,,,,,
01/06/2026 01:19:05,428221,0,0,,1,.0089,,,,,,,,,,,,,,,,,,,
01/06/2026 01:19:18,425897,2,.0167,,0,0,,,,,,,,,,,,,,,,,,,
01/06/2026 01:19:34,412872,0,0,,0,0,,,,,,,,,,,,,,,,,,,
01/06/2026 01:19:34,428221,1,.0056,,1,.0056,,,,,,,,,,,,,,,,,,,
01/06/2026 01:19:48,425897,1,.0056,,1,.01,,,,,,,,,,,,,,,,,,,
01/06/2026 01:20:05,412872,0,0,,0,0,,,,,,,,,,,,,,,,,,,
01/06/2026 01:20:05,428221,1,.0089,,1,.0106,,,,,,,,,,,,,,,,,,,
01/06/2026 01:20:18,425897,0,0,,0,0,,,,,,,,,,,,,,,,,,,
01/06/2026 01:20:35,412872,0,0,,0,0,,,,,,,,,,,,,,,,,,,
01/06/2026 01:20:35,428221,2,.02,,0,0,,,,,,,,,,,,,,,,,,,
01/06/2026 01:20:48,425897,2,.0189,,0,0,,,,,,,,,,,,,,,,,,,
01/06/2026 01:21:05,412872,0,0,,1,.0167,,,,,,,,,,,,,,,,,,,
01/06/2026 01:21:05,428221,0,0,,1,.0089,,,,,,,,,,,,,,,,,,,
01/06/2026 01:21:18,425897,1,.0067,,0,0,,,,,,,,,,,,,,,,,,,
01/06/2026 01:21:35,412872,0,0,,0,0,,,,,,,,,,,,,,,,,,,
01/06/2026 01:21:35,428221,0,0,,1,.0089,,,,,,,,,,,,,,,,,,,
01/06/2026 01:21:48,425897,1,.0089,,0,0,,,,,,,,,,,,,,,,,,,
01/06/2026 01:22:04,412872,0,0,,0,0,,,,,,,,,,,,,,,,,,,
01/06/2026 01:22:04,428221,0,0,,2,.0167,,,,,,,,,,,,,,,,,,,
01/06/2026 01:22:18,425897,0,0,,0,0,,,,,,,,,,,,,,,,,,,
01/06/2026 01:22:35,412872,0,0,,1,.0139,,,,,,,,,,,,,,,,,,,
01/06/2026 01:22:35,428221,1,.0056,,1,.0056,,,,,,,,,,,,,,,,,,,
01/06/2026 01:22:48,425897,1,.0089,,0,0,,,,,,,,,,,,,,,,,,,
01/06/2026 01:23:04,412872,0,0,,0,0,,,,,,,,,,,,,,,,,,,
01/06/2026 01:23:04,428221,0,0,,0,0,,,,,,,,,,,,,,,,,,,
01/06/2026 01:23:18,425897,1,.0128,,0,0,,,,,,,,,,,,,,,,,,,
01/06/2026 01:23:35,412872,0,0,,0,0,,,,,,,,,,,,,,,,,,,
01/06/2026 01:23:35,428221,1,.0078,,0,0,,,,,,,,,,,,,,,,,,,
01/06/2026 01:23:48,425897,1,.0028,,0,0,,,,,,,,,,,,,,,,,,,
01/06/2026 01:24:05,412872,0,0,,0,0,,,,,,,,,,,,,,,,,,,
01/06/2026 01:24:05,428221,0,0,,0,0,,,,,,,,,,,,,,,,,,,
01/06/2026 01:24:18,425897,0,0,,0,0,,,,,,,,,,,,,,,,,,,
01/06/2026 01:24:35,412872,1,.0117,,2,.0289,,,,,,,,,,,,,,,,,,,
01/06/2026 01:24:35,428221,0,0,,1,.005,,,,,,,,,,,,,,,,,,,
01/06/2026 01:24:48,425897,0,0,,0,0,,,,,,,,,,,,,,,,,,,
01/06/2026 01:25:05,412872,1,.0117,,0,0,,,,,,,,,,,,,,,,,,,
01/06/2026 01:25:05,428221,0,0,,0,0,,,,,,,,,,,,,,,,,,,
01/06/2026 01:25:18,425897,1,.0117,,1,.0078,,,,,,,,,,,,,,,,,,,
01/06/2026 01:25:34,412872,0,0,,1,.0117,,,,,,,,,,,,,,,,,,,
01/06/2026 01:25:34,428221,0,0,,0,0,,,,,,,,,,,,,,,,,,,
01/06/2026 01:25:48,425897,1,.01,,0,0,,,,,,,,,,,,,,,,,,,
01/06/2026 01:26:05,412872,0,0,,0,0,,,,,,,,,,,,,,,,,,,
01/06/2026 01:26:05,428221,2,.0278,,1,.01,,,,,,,,,,,,,,,,,,,
01/06/2026 01:26:18,425897,0,0,,0,0,,,,,,,,,,,,,,,,,,,
01/06/2026 01:26:35,412872,0,0,,0,0,,,,,,,,,,,,,,,,,,,
01/06/2026 01:26:35,428221,0,0,,0,0,,,,,,,,,,,,,,,,,,,
01/06/2026 01:26:48,425897,1,.0089,,0,0,,,,,,,,,,,,,,,,,,,
01/06/2026 01:27:05,412872,0,0,,0,0,,,,,,,,,,,,,,,,,,,
01/06/2026 01:27:05,428221,1,.0078,,0,0,,,,,,,,,,,,,,,,,,,
01/06/2026 01:27:18,425897,0,0,,0,0,,,,,,,,,,,,,,,,,,,
01/06/2026 01:27:35,412872,0,0,,0,0,,,,,,,,,,,,,,,,,,,
01/06/2026 01:27:35,428221,0,0,,0,0,,,,,,,,,,,,,,,,,,,
01/06/2026 01:27:48,425897,0,0,,0,0,,,,,,,,,,,,,,,,,,,
01/06/2026 01:28:05,412872,0,0,,0,0,,,,,,,,,,,,,,,,,,,
01/06/2026 01:28:05,428221,0,0,,0,0,,,,,,,,,,,,,,,,,,,
01/06/2026 01:28:18,425897,0,0,,0,0,,,,,,,,,,,,,,,,,,,
01/06/2026 01:28:35,412872,0,0,,1,.0128,,,,,,,,,,,,,,,,,,,
01/06/2026 01:28:35,428221,0,0,,0,0,,,,,,,,,,,,,,,,,,,
01/06/2026 01:28:48,425897,1,.0089,,0,0,,,,,,,,,,,,,,,,,,,
01/06/2026 01:29:05,412872,0,0,,0,0,,,,,,,,,,,,,,,,,,,
01/06/2026 01:29:05,428221,0,0,,0,0,,,,,,,,,,,,,,,,,,,
01/06/2026 01:29:18,425897,0,0,,0,0,,,,,,,,,,,,,,,,,,,
01/06/2026 01:29:35,412872,1,.0106,,0,0,,,,,,,,,,,,,,,,,,,
01/06/2026 01:29:35,428221,1,.01,,0,0,,,,,,,,,,,,,,,,,,,
01/06/2026 01:29:48,425897,0,0,,0,0,,,,,,,,,,,,,,,,,,,
01/06/2026 01:30:05,412872,0,0,,0,0,,,,,,,,,,,,,,,,,,,
01/06/2026 01:30:05,428221,0,0,,0,0,,,,,,,,,,,,,,,,,,,
01/06/2026 01:30:18,425897,2,.0167,,0,0,,,,,,,,,,,,,,,,,,,
01/06/2026 01:30:35,412872,0,0,,0,0,,,,,,,,,,,,,,,,,,,
01/06/2026 01:30:35,428221,0,0,,1,.0078,,,,,,,,,,,,,,,,,,,
01/06/2026 01:30:48,425897,1,.0078,,0,0,,,,,,,,,,,,,,,,,,,
01/06/2026 01:31:05,412872,0,0,,0,0,,,,,,,,,,,,,,,,,,,
01/06/2026 01:31:05,428221,0,0,,0,0,,,,,,,,,,,,,,,,,,,
01/06/2026 01:31:18,425897,0,0,,0,0,,,,,,,,,,,,,,,,,,,
01/06/2026 01:31:35,412872,1,.01,,0,0,,,,,,,,,,,,,,,,,,,
01/06/2026 01:31:35,428221,3,.0278,,0,0,,,,,,,,,,,,,,,,,,,
01/06/2026 01:31:48,425897,2,.0189,,0,0,,,,,,,,,,,,,,,,,,,
01/06/2026 01:32:05,412872,0,0,,1,.0117,,,,,,,,,,,,,,,,,,,
01/06/2026 01:32:05,428221,0,0,,0,0,,,,,,,,,,,,,,,,,,,
01/06/2026 01:32:18,425897,0,0,,1,.0078,,,,,,,,,,,,,,,,,,,
01/06/2026 01:32:35,412872,1,.0139,,1,.0139,,,,,,,,,,,,,,,,,,,
01/06/2026 01:32:35,428221,1,.0067,,0,0,,,,,,,,,,,,,,,,,,,
01/06/2026 01:32:48,425897,1,.0089,,0,0,,,,,,,,,,,,,,,,,,,
01/06/2026 01:33:05,412872,0,0,,2,.025,,,,,,,,,,,,,,,,,,,
01/06/2026 01:33:05,428221,2,.0178,,1,.0078,,,,,,,,,,,,,,,,,,,
01/06/2026 01:33:18,425897,0,0,,0,0,,,,,,,,,,,,,,,,,,,
01/06/2026 01:33:35,412872,0,0,,2,.0278,,,,,,,,,,,,,,,,,,,
01/06/2026 01:33:35,428221,0,0,,0,0,,,,,,,,,,,,,,,,,,,
01/06/2026 01:33:48,425897,1,.0089,,0,0,,,,,,,,,,,,,,,,,,,
01/06/2026 01:34:05,412872,0,0,,0,0,,,,,,,,,,,,,,,,,,,
01/06/2026 01:34:05,428221,1,.0078,,0,0,,,,,,,,,,,,,,,,,,,
01/06/2026 01:34:18,425897,0,0,,0,0,,,,,,,,,,,,,,,,,,,
01/06/2026 01:34:35,412872,0,0,,1,.0117,,,,,,,,,,,,,,,,,,,
01/06/2026 01:34:35,428221,0,0,,0,0,,,,,,,,,,,,,,,,,,,
01/06/2026 01:34:48,425897,1,.0089,,0,0,,,,,,,,,,,,,,,,,,,
01/06/2026 01:35:05,412872,1,.0128,,0,0,,,,,,,,,,,,,,,,,,,
01/06/2026 01:35:05,428221,2,.0156,,1,.0056,,,,,,,,,,,,,,,,,,,
01/06/2026 01:35:18,425897,0,0,,0,0,,,,,,,,,,,,,,,,,,,
01/06/2026 01:35:35,412872,1,.0067,,1,.01,,,,,,,,,,,,,,,,,,,
01/06/2026 01:35:35,428221,1,.0089,,0,0,,,,,,,,,,,,,,,,,,,
01/06/2026 01:35:48,425897,1,.0089,,0,0,,,,,,,,,,,,,,,,,,,
01/06/2026 01:36:05,412872,0,0,,0,0,,,,,,,,,,,,,,,,,,,
01/06/2026 01:36:05,428221,0,0,,0,0,,,,,,,,,,,,,,,,,,,
01/06/2026 01:36:18,425897,1,.0078,,0,0,,,,,,,,,,,,,,,,,,,
01/06/2026 01:36:35,412872,0,0,,0,0,,,,,,,,,,,,,,,,,,,
01/06/2026 01:36:35,428221,1,.0067,,1,.0039,,,,,,,,,,,,,,,,,,,
01/06/2026 01:36:48,425897,1,.01,,0,0,,,,,,,,,,,,,,,,,,,
01/06/2026 01:37:05,412872,1,.015,,0,0,,,,,,,,,,,,,,,,,,,
01/06/2026 01:37:05,428221,0,0,,0,0,,,,,,,,,,,,,,,,,,,
01/06/2026 01:37:18,425897,1,.0078,,0,0,,,,,,,,,,,,,,,,,,,
01/06/2026 01:37:35,412872,0,0,,0,0,,,,,,,,,,,,,,,,,,,
01/06/2026 01:37:35,428221,0,0,,0,0,,,,,,,,,,,,,,,,,,,
01/06/2026 01:37:48,425897,1,.0089,,0,0,,,,,,,,,,,,,,,,,,,
01/06/2026 01:38:05,412872,0,0,,0,0,,,,,,,,,,,,,,,,,,,
01/06/2026 01:38:05,428221,2,.0178,,0,0,,,,,,,,,,,,,,,,,,,
01/06/2026 01:38:18,425897,2,.0167,,0,0,,,,,,,,,,,,,,,,,,,
01/06/2026 01:38:35,412872,0,0,,0,0,,,,,,,,,,,,,,,,,,,
01/06/2026 01:38:35,428221,0,0,,1,.0089,,,,,,,,,,,,,,,,,,,
01/06/2026 01:38:48,425897,0,0,,1,.0139,,,,,,,,,,,,,,,,,,,
01/06/2026 01:39:05,412872,0,0,,0,0,,,,,,,,,,,,,,,,,,,
01/06/2026 01:39:05,428221,1,.0106,,0,0,,,,,,,,,,,,,,,,,,,
01/06/2026 01:39:18,425897,0,0,,0,0,,,,,,,,,,,,,,,,,,,
01/06/2026 01:39:35,412872,0,0,,0,0,,,,,,,,,,,,,,,,,,,
01/06/2026 01:39:35,428221,0,0,,0,0,,,,,,,,,,,,,,,,,,,
01/06/2026 01:39:48,425897,1,.0078,,0,0,,,,,,,,,,,,,,,,,,,
01/06/2026 01:40:05,412872,0,0,,1,.0167,,,,,,,,,,,,,,,,,,,
01/06/2026 01:40:05,428221,0,0,,0,0,,,,,,,,,,,,,,,,,,,
01/06/2026 01:40:18,425897,4,.0356,,0,0,,,,,,,,,,,,,,,,,,,
01/06/2026 01:40:35,412872,0,0,,1,.0156,,,,,,,,,,,,,,,,,,,
01/06/2026 01:40:35,428221,0,0,,0,0,,,,,,,,,,,,,,,,,,,
01/06/2026 01:40:48,425897,2,.015,,0,0,,,,,,,,,,,,,,,,,,,
01/06/2026 01:41:05,412872,0,0,,0,0,,,,,,,,,,,,,,,,,,,
01/06/2026 01:41:05,428221,0,0,,0,0,,,,,,,,,,,,,,,,,,,
01/06/2026 01:41:18,425897,3,.0256,,0,0,,,,,,,,,,,,,,,,,,,
01/06/2026 01:41:35,412872,0,0,,0,0,,,,,,,,,,,,,,,,,,,
01/06/2026 01:41:35,428221,0,0,,0,0,,,,,,,,,,,,,,,,,,,
01/06/2026 01:41:48,425897,0,0,,0,0,,,,,,,,,,,,,,,,,,,
01/06/2026 01:42:05,412872,0,0,,0,0,,,,,,,,,,,,,,,,,,,
01/06/2026 01:42:05,428221,0,0,,0,0,,,,,,,,,,,,,,,,,,,
01/06/2026 01:42:18,425897,0,0,,0,0,,,,,,,,,,,,,,,,,,,
01/06/2026 01:42:35,412872,0,0,,0,0,,,,,,,,,,,,,,,,,,,
01/06/2026 01:42:35,428221,2,.0167,,2,.0128,,,,,,,,,,,,,,,,,,,
01/06/2026 01:42:48,425897,0,0,,1,.01,,,,,,,,,,,,,,,,,,,
01/06/2026 01:43:05,412872,1,.0106,,0,0,,,,,,,,,,,,,,,,,,,
01/06/2026 01:43:05,428221,0,0,,0,0,,,,,,,,,,,,,,,,,,,
01/06/2026 01:43:18,425897,1,.0089,,0,0,,,,,,,,,,,,,,,,,,,
01/06/2026 01:43:35,412872,0,0,,0,0,,,,,,,,,,,,,,,,,,,
01/06/2026 01:43:35,428221,0,0,,0,0,,,,,,,,,,,,,,,,,,,
01/06/2026 01:43:48,425897,0,0,,0,0,,,,,,,,,,,,,,,,,,,
01/06/2026 01:44:05,412872,1,.02,,1,.0128,,,,,,,,,,,,,,,,,,,
01/06/2026 01:44:05,428221,0,0,,0,0,,,,,,,,,,,,,,,,,,,
01/06/2026 01:44:18,425897,0,0,,0,0,,,,,,,,,,,,,,,,,,,
01/06/2026 01:44:35,412872,1,.0139,,1,.0106,,,,,,,,,,,,,,,,,,,
01/06/2026 01:44:35,428221,1,.0106,,0,0,,,,,,,,,,,,,,,,,,,
01/06/2026 01:44:48,425897,0,0,,0,0,,,,,,,,,,,,,,,,,,,
01/06/2026 01:45:05,412872,0,0,,0,0,,,,,,,,,,,,,,,,,,,
01/06/2026 01:45:05,428221,0,0,,1,.01,,,,,,,,,,,,,,,,,,,
01/06/2026 01:45:18,425897,3,.0278,,0,0,,,,,,,,,,,,,,,,,,,
01/06/2026 01:45:35,412872,0,0,,0,0,,,,,,,,,,,,,,,,,,,
01/06/2026 01:45:35,428221,0,0,,0,0,,,,,,,,,,,,,,,,,,,
01/06/2026 01:45:48,425897,0,0,,0,0,,,,,,,,,,,,,,,,,,,
01/06/2026 01:46:05,412872,0,0,,0,0,,,,,,,,,,,,,,,,,,,
01/06/2026 01:46:05,428221,1,.0117,,0,0,,,,,,,,,,,,,,,,,,,
01/06/2026 01:46:18,425897,1,.0078,,0,0,,,,,,,,,,,,,,,,,,,
01/06/2026 01:46:35,412872,0,0,,1,.015,,,,,,,,,,,,,,,,,,,
01/06/2026 01:46:35,428221,0,0,,0,0,,,,,,,,,,,,,,,,,,,
01/06/2026 01:46:48,425897,1,.0089,,0,0,,,,,,,,,,,,,,,,,,,
01/06/2026 01:47:05,412872,0,0,,0,0,,,,,,,,,,,,,,,,,,,
01/06/2026 01:47:05,428221,0,0,,0,0,,,,,,,,,,,,,,,,,,,
01/06/2026 01:47:18,425897,0,0,,0,0,,,,,,,,,,,,,,,,,,,
01/06/2026 01:47:35,412872,0,0,,0,0,,,,,,,,,,,,,,,,,,,
01/06/2026 01:47:35,428221,0,0,,0,0,,,,,,,,,,,,,,,,,,,
01/06/2026 01:47:48,425897,0,0,,0,0,,,,,,,,,,,,,,,,,,,
01/06/2026 01:48:05,412872,0,0,,0,0,,,,,,,,,,,,,,,,,,,
01/06/2026 01:48:05,428221,0,0,,0,0,,,,,,,,,,,,,,,,,,,
01/06/2026 01:48:18,425897,1,.0067,,0,0,,,,,,,,,,,,,,,,,,,
01/06/2026 01:48:35,412872,0,0,,0,0,,,,,,,,,,,,,,,,,,,
01/06/2026 01:48:35,428221,0,0,,0,0,,,,,,,,,,,,,,,,,,,
01/06/2026 01:48:48,425897,1,.0056,,1,.0039,,,,,,,,,,,,,,,,,,,
01/06/2026 01:49:05,412872,0,0,,0,0,,,,,,,,,,,,,,,,,,,
01/06/2026 01:49:05,428221,1,.01,,0,0,,,,,,,,,,,,,,,,,,,
01/06/2026 01:49:18,425897,0,0,,0,0,,,,,,,,,,,,,,,,,,,
01/06/2026 01:49:35,412872,1,.0106,,1,.0117,,,,,,,,,,,,,,,,,,,
01/06/2026 01:49:35,428221,0,0,,0,0,,,,,,,,,,,,,,,,,,,
01/06/2026 01:49:48,425897,0,0,,0,0,,,,,,,,,,,,,,,,,,,
01/06/2026 01:50:05,412872,0,0,,1,.0128,,,,,,,,,,,,,,,,,,,
01/06/2026 01:50:05,428221,0,0,,0,0,,,,,,,,,,,,,,,,,,,
01/06/2026 01:50:18,425897,1,.0078,,0,0,,,,,,,,,,,,,,,,,,,
01/06/2026 01:50:35,412872,0,0,,0,0,,,,,,,,,,,,,,,,,,,
01/06/2026 01:50:35,428221,0,0,,0,0,,,,,,,,,,,,,,,,,,,
01/06/2026 01:50:48,425897,0,0,,0,0,,,,,,,,,,,,,,,,,,,
01/06/2026 01:51:05,412872,1,.0106,,0,0,,,,,,,,,,,,,,,,,,,
01/06/2026 01:51:05,428221,1,.0078,,0,0,,,,,,,,,,,,,,,,,,,
01/06/2026 01:51:18,425897,1,.0117,,0,0,,,,,,,,,,,,,,,,,,,
01/06/2026 01:51:35,412872,0,0,,1,.0117,,,,,,,,,,,,,,,,,,,
01/06/2026 01:51:35,428221,0,0,,0,0,,,,,,,,,,,,,,,,,,,
01/06/2026 01:51:48,425897,1,.0089,,0,0,,,,,,,,,,,,,,,,,,,
01/06/2026 01:52:05,412872,0,0,,0,0,,,,,,,,,,,,,,,,,,,
01/06/2026 01:52:05,428221,0,0,,0,0,,,,,,,,,,,,,,,,,,,
01/06/2026 01:52:18,425897,1,.01,,0,0,,,,,,,,,,,,,,,,,,,
01/06/2026 01:52:35,412872,0,0,,0,0,,,,,,,,,,,,,,,,,,,
01/06/2026 01:52:35,428221,0,0,,0,0,,,,,,,,,,,,,,,,,,,
01/06/2026 01:52:48,425897,0,0,,0,0,,,,,,,,,,,,,,,,,,,
01/06/2026 01:53:05,412872,0,0,,0,0,,,,,,,,,,,,,,,,,,,
01/06/2026 01:53:05,428221,0,0,,0,0,,,,,,,,,,,,,,,,,,,
01/06/2026 01:53:18,425897,0,0,,0,0,,,,,,,,,,,,,,,,,,,
01/06/2026 01:53:35,412872,0,0,,0,0,,,,,,,,,,,,,,,,,,,
01/06/2026 01:53:35,428221,0,0,,1,.01,,,,,,,,,,,,,,,,,,,
01/06/2026 01:53:48,425897,2,.0167,,0,0,,,,,,,,,,,,,,,,,,,
01/06/2026 01:54:05,412872,2,.0289,,0,0,,,,,,,,,,,,,,,,,,,
01/06/2026 01:54:05,428221,0,0,,0,0,,,,,,,,,,,,,,,,,,,
01/06/2026 01:54:18,425897,0,0,,1,.0106,,,,,,,,,,,,,,,,,,,
01/06/2026 01:54:35,412872,0,0,,0,0,,,,,,,,,,,,,,,,,,,
01/06/2026 01:54:35,428221,0,0,,0,0,,,,,,,,,,,,,,,,,,,
01/06/2026 01:54:48,425897,1,.0089,,0,0,,,,,,,,,,,,,,,,,,,
01/06/2026 01:55:05,412872,0,0,,0,0,,,,,,,,,,,,,,,,,,,
01/06/2026 01:55:05,428221,0,0,,1,.0106,,,,,,,,,,,,,,,,,,,
01/06/2026 01:55:18,425897,1,.0089,,0,0,,,,,,,,,,,,,,,,,,,
01/06/2026 01:55:35,412872,0,0,,1,.0067,,,,,,,,,,,,,,,,,,,
01/06/2026 01:55:35,428221,1,.0067,,2,.0139,,,,,,,,,,,,,,,,,,,
01/06/2026 01:55:48,425897,0,0,,0,0,,,,,,,,,,,,,,,,,,,
01/06/2026 01:56:05,412872,0,0,,0,0,,,,,,,,,,,,,,,,,,,
01/06/2026 01:56:05,428221,0,0,,0,0,,,,,,,,,,,,,,,,,,,
01/06/2026 01:56:18,425897,0,0,,0,0,,,,,,,,,,,,,,,,,,,
01/06/2026 01:56:35,412872,1,.0128,,0,0,,,,,,,,,,,,,,,,,,,
01/06/2026 01:56:35,428221,0,0,,0,0,,,,,,,,,,,,,,,,,,,
01/06/2026 01:56:48,425897,0,0,,0,0,,,,,,,,,,,,,,,,,,,
01/06/2026 01:57:05,412872,0,0,,0,0,,,,,,,,,,,,,,,,,,,
01/06/2026 01:57:05,428221,0,0,,0,0,,,,,,,,,,,,,,,,,,,
01/06/2026 01:57:18,425897,0,0,,0,0,,,,,,,,,,,,,,,,,,,
01/06/2026 01:57:35,412872,0,0,,1,.0128,,,,,,,,,,,,,,,,,,,
01/06/2026 01:57:35,428221,0,0,,0,0,,,,,,,,,,,,,,,,,,,
01/06/2026 01:57:48,425897,1,.01,,0,0,,,,,,,,,,,,,,,,,,,
01/06/2026 01:58:05,412872,0,0,,0,0,,,,,,,,,,,,,,,,,,,
01/06/2026 01:58:05,428221,0,0,,0,0,,,,,,,,,,,,,,,,,,,
01/06/2026 01:58:18,425897,2,.015,,0,0,,,,,,,,,,,,,,,,,,,
01/06/2026 01:58:35,412872,0,0,,0,0,,,,,,,,,,,,,,,,,,,
01/06/2026 01:58:35,428221,1,.01,,0,0,,,,,,,,,,,,,,,,,,,
01/06/2026 01:58:48,425897,0,0,,0,0,,,,,,,,,,,,,,,,,,,
01/06/2026 01:59:05,412872,0,0,,1,.0139,,,,,,,,,,,,,,,,,,,
01/06/2026 01:59:05,428221,4,.0367,,1,.0078,,,,,,,,,,,,,,,,,,,
01/06/2026 01:59:18,425897,0,0,,0,0,,,,,,,,,,,,,,,,,,,
01/06/2026 01:59:35,412872,0,0,,0,0,,,,,,,,,,,,,,,,,,,
01/06/2026 01:59:35,428221,0,0,,0,0,,,,,,,,,,,,,,,,,,,
01/06/2026 01:59:48,425897,0,0,,0,0,,,,,,,,,,,,,,,,,,,
01/06/2026 02:00:05,412872,0,0,,0,0,,,,,,,,,,,,,,,,,,,
01/06/2026 02:00:05,428221,0,0,,0,0,,,,,,,,,,,,,,,,,,,
01/06/2026 02:00:18,425897,0,0,,0,0,,,,,,,,,,,,,,,,,,,
01/06/2026 02:00:35,412872,0,0,,0,0,,,,,,,,,,,,,,,,,,,
01/06/2026 02:00:35,428221,1,.0106,,1,.0078,,,,,,,,,,,,,,,,,,,
01/06/2026 02:00:48,425897,1,.0089,,1,.0039,,,,,,,,,,,,,,,,,,,
01/06/2026 02:01:05,412872,0,0,,0,0,,,,,,,,,,,,,,,,,,,
01/06/2026 02:01:05,428221,0,0,,0,0,,,,,,,,,,,,,,,,,,,
01/06/2026 02:01:18,425897,2,.0217,,0,0,,,,,,,,,,,,,,,,,,,
01/06/2026 02:01:35,412872,1,.0139,,1,.0139,,,,,,,,,,,,,,,,,,,
01/06/2026 02:01:35,428221,1,.0089,,0,0,,,,,,,,,,,,,,,,,,,
01/06/2026 02:01:48,425897,0,0,,0,0,,,,,,,,,,,,,,,,,,,
01/06/2026 02:02:04,412872,0,0,,1,.0156,,,,,,,,,,,,,,,,,,,
01/06/2026 02:02:04,428221,0,0,,1,.01,,,,,,,,,,,,,,,,,,,
01/06/2026 02:02:18,425897,1,.0117,,1,.0039,,,,,,,,,,,,,,,,,,,
01/06/2026 02:02:35,412872,0,0,,1,.0167,,,,,,,,,,,,,,,,,,,
01/06/2026 02:02:35,428221,2,.015,,1,.0078,,,,,,,,,,,,,,,,,,,
01/06/2026 02:02:48,425897,1,.0089,,2,.0117,,,,,,,,,,,,,,,,,,,
01/06/2026 02:03:05,412872,0,0,,0,0,,,,,,,,,,,,,,,,,,,
01/06/2026 02:03:05,428221,0,0,,1,.0078,,,,,,,,,,,,,,,,,,,
01/06/2026 02:03:18,425897,2,.015,,0,0,,,,,,,,,,,,,,,,,,,
01/06/2026 02:03:34,412872,0,0,,0,0,,,,,,,,,,,,,,,,,,,
01/06/2026 02:03:34,428221,0,0,,0,0,,,,,,,,,,,,,,,,,,,
01/06/2026 02:03:48,425897,0,0,,0,0,,,,,,,,,,,,,,,,,,,
01/06/2026 02:04:05,412872,1,.0167,,2,.0228,,,,,,,,,,,,,,,,,,,
01/06/2026 02:04:05,428221,0,0,,0,0,,,,,,,,,,,,,,,,,,,
01/06/2026 02:04:18,425897,0,0,,0,0,,,,,,,,,,,,,,,,,,,
01/06/2026 02:04:35,412872,1,.0128,,0,0,,,,,,,,,,,,,,,,,,,
01/06/2026 02:04:35,428221,0,0,,0,0,,,,,,,,,,,,,,,,,,,
01/06/2026 02:04:48,425897,1,.0089,,1,.0039,,,,,,,,,,,,,,,,,,,
01/06/2026 02:05:05,412872,1,.0156,,0,0,,,,,,,,,,,,,,,,,,,
01/06/2026 02:05:05,428221,0,0,,0,0,,,,,,,,,,,,,,,,,,,
01/06/2026 02:05:18,425897,1,.0089,,0,0,,,,,,,,,,,,,,,,,,,
01/06/2026 02:05:35,412872,0,0,,0,0,,,,,,,,,,,,,,,,,,,
01/06/2026 02:05:35,428221,0,0,,1,.0056,,,,,,,,,,,,,,,,,,,
01/06/2026 02:05:48,425897,0,0,,0,0,,,,,,,,,,,,,,,,,,,
01/06/2026 02:06:05,412872,0,0,,0,0,,,,,,,,,,,,,,,,,,,
01/06/2026 02:06:05,428221,0,0,,1,.0078,,,,,,,,,,,,,,,,,,,
01/06/2026 02:06:18,425897,0,0,,0,0,,,,,,,,,,,,,,,,,,,
01/06/2026 02:06:35,412872,0,0,,0,0,,,,,,,,,,,,,,,,,,,
01/06/2026 02:06:35,428221,1,.0106,,0,0,,,,,,,,,,,,,,,,,,,
01/06/2026 02:06:48,425897,0,0,,0,0,,,,,,,,,,,,,,,,,,,
01/06/2026 02:07:05,412872,0,0,,0,0,,,,,,,,,,,,,,,,,,,
01/06/2026 02:07:05,428221,0,0,,2,.0178,,,,,,,,,,,,,,,,,,,
01/06/2026 02:07:18,425897,1,.0106,,0,0,,,,,,,,,,,,,,,,,,,
01/06/2026 02:07:35,412872,0,0,,1,.0089,,,,,,,,,,,,,,,,,,,
01/06/2026 02:07:35,428221,0,0,,0,0,,,,,,,,,,,,,,,,,,,
01/06/2026 02:07:48,425897,0,0,,0,0,,,,,,,,,,,,,,,,,,,
01/06/2026 02:08:05,412872,0,0,,0,0,,,,,,,,,,,,,,,,,,,
01/06/2026 02:08:05,428221,0,0,,0,0,,,,,,,,,,,,,,,,,,,
01/06/2026 02:08:18,425897,1,.0078,,0,0,,,,,,,,,,,,,,,,,,,
01/06/2026 02:08:35,412872,0,0,,0,0,,,,,,,,,,,,,,,,,,,
01/06/2026 02:08:35,428221,1,.0078,,1,.0078,,,,,,,,,,,,,,,,,,,
01/06/2026 02:08:48,425897,0,0,,0,0,,,,,,,,,,,,,,,,,,,
01/06/2026 02:09:05,412872,0,0,,0,0,,,,,,,,,,,,,,,,,,,
01/06/2026 02:09:05,428221,0,0,,0,0,,,,,,,,,,,,,,,,,,,
01/06/2026 02:09:18,425897,0,0,,0,0,,,,,,,,,,,,,,,,,,,
01/06/2026 02:09:35,412872,0,0,,0,0,,,,,,,,,,,,,,,,,,,
01/06/2026 02:09:35,428221,2,.0217,,0,0,,,,,,,,,,,,,,,,,,,
01/06/2026 02:09:48,425897,0,0,,0,0,,,,,,,,,,,,,,,,,,,
01/06/2026 02:10:05,412872,0,0,,0,0,,,,,,,,,,,,,,,,,,,
01/06/2026 02:10:05,428221,1,.01,,1,.01,,,,,,,,,,,,,,,,,,,
01/06/2026 02:10:18,425897,0,0,,0,0,,,,,,,,,,,,,,,,,,,
01/06/2026 02:10:35,412872,0,0,,0,0,,,,,,,,,,,,,,,,,,,
01/06/2026 02:10:35,428221,0,0,,0,0,,,,,,,,,,,,,,,,,,,
01/06/2026 02:10:48,425897,2,.0156,,1,.01,,,,,,,,,,,,,,,,,,,
01/06/2026 02:11:05,412872,0,0,,1,.0139,,,,,,,,,,,,,,,,,,,
01/06/2026 02:11:05,428221,1,.0067,,0,0,,,,,,,,,,,,,,,,,,,
01/06/2026 02:11:18,425897,3,.0306,,0,0,,,,,,,,,,,,,,,,,,,
01/06/2026 02:11:35,412872,0,0,,0,0,,,,,,,,,,,,,,,,,,,
01/06/2026 02:11:35,428221,1,.0078,,0,0,,,,,,,,,,,,,,,,,,,
01/06/2026 02:11:48,425897,0,0,,0,0,,,,,,,,,,,,,,,,,,,
01/06/2026 02:12:05,412872,0,0,,0,0,,,,,,,,,,,,,,,,,,,
01/06/2026 02:12:05,428221,0,0,,0,0,,,,,,,,,,,,,,,,,,,
01/06/2026 02:12:18,425897,2,.0217,,0,0,,,,,,,,,,,,,,,,,,,
01/06/2026 02:12:35,412872,0,0,,2,.03,,,,,,,,,,,,,,,,,,,
01/06/2026 02:12:35,428221,0,0,,0,0,,,,,,,,,,,,,,,,,,,
01/06/2026 02:12:48,425897,1,.0078,,0,0,,,,,,,,,,,,,,,,,,,
01/06/2026 02:13:05,412872,0,0,,0,0,,,,,,,,,,,,,,,,,,,
01/06/2026 02:13:05,428221,0,0,,0,0,,,,,,,,,,,,,,,,,,,
01/06/2026 02:13:18,425897,0,0,,0,0,,,,,,,,,,,,,,,,,,,
01/06/2026 02:13:35,412872,0,0,,0,0,,,,,,,,,,,,,,,,,,,
01/06/2026 02:13:35,428221,0,0,,1,.0078,,,,,,,,,,,,,,,,,,,
01/06/2026 02:13:48,425897,0,0,,0,.01,,,,,,,,,,,,,,,,,,,
01/06/2026 02:14:05,412872,0,0,,0,0,,,,,,,,,,,,,,,,,,,
01/06/2026 02:14:05,428221,0,0,,0,0,,,,,,,,,,,,,,,,,,,
01/06/2026 02:14:18,425897,0,0,,1,.0017,,,,,,,,,,,,,,,,,,,
01/06/2026 02:14:35,412872,0,0,,0,0,,,,,,,,,,,,,,,,,,,
01/06/2026 02:14:35,428221,0,0,,0,0,,,,,,,,,,,,,,,,,,,
01/06/2026 02:14:48,425897,1,.01,,0,0,,,,,,,,,,,,,,,,,,,
01/06/2026 02:15:05,412872,0,0,,0,0,,,,,,,,,,,,,,,,,,,
01/06/2026 02:15:05,428221,0,0,,0,0,,,,,,,,,,,,,,,,,,,
01/06/2026 02:15:18,425897,0,0,,0,0,,,,,,,,,,,,,,,,,,,
01/06/2026 02:15:35,412872,0,0,,0,0,,,,,,,,,,,,,,,,,,,
01/06/2026 02:15:35,428221,0,0,,1,.0128,,,,,,,,,,,,,,,,,,,
01/06/2026 02:15:48,425897,0,0,,0,0,,,,,,,,,,,,,,,,,,,
01/06/2026 02:16:05,412872,0,0,,0,0,,,,,,,,,,,,,,,,,,,
01/06/2026 02:16:05,428221,0,0,,0,0,,,,,,,,,,,,,,,,,,,
01/06/2026 02:16:18,425897,0,0,,0,0,,,,,,,,,,,,,,,,,,,
01/06/2026 02:16:35,412872,0,0,,1,.01,,,,,,,,,,,,,,,,,,,
01/06/2026 02:16:35,428221,0,0,,0,0,,,,,,,,,,,,,,,,,,,
01/06/2026 02:16:48,425897,0,0,,0,0,,,,,,,,,,,,,,,,,,,
01/06/2026 02:17:05,412872,0,0,,0,0,,,,,,,,,,,,,,,,,,,
01/06/2026 02:17:05,428221,2,.015,,0,0,,,,,,,,,,,,,,,,,,,
01/06/2026 02:17:18,425897,0,0,,0,0,,,,,,,,,,,,,,,,,,,
01/06/2026 02:17:35,412872,0,0,,0,0,,,,,,,,,,,,,,,,,,,
01/06/2026 02:17:35,428221,2,.0178,,0,0,,,,,,,,,,,,,,,,,,,
01/06/2026 02:17:48,425897,1,.0067,,0,0,,,,,,,,,,,,,,,,,,,
01/06/2026 02:18:05,412872,0,0,,0,0,,,,,,,,,,,,,,,,,,,
01/06/2026 02:18:05,428221,0,0,,1,.0078,,,,,,,,,,,,,,,,,,,
01/06/2026 02:18:18,425897,0,0,,0,0,,,,,,,,,,,,,,,,,,,
01/06/2026 02:18:35,412872,0,0,,0,0,,,,,,,,,,,,,,,,,,,
01/06/2026 02:18:35,428221,0,0,,0,0,,,,,,,,,,,,,,,,,,,
01/06/2026 02:18:48,425897,1,.0117,,1,.0039,,,,,,,,,,,,,,,,,,,
01/06/2026 02:19:05,412872,0,0,,0,0,,,,,,,,,,,,,,,,,,,
01/06/2026 02:19:05,428221,0,0,,0,0,,,,,,,,,,,,,,,,,,,
01/06/2026 02:19:18,425897,1,.0078,,0,0,,,,,,,,,,,,,,,,,,,
01/06/2026 02:19:35,412872,0,0,,0,0,,,,,,,,,,,,,,,,,,,
01/06/2026 02:19:35,428221,0,0,,1,.0089,,,,,,,,,,,,,,,,,,,
01/06/2026 02:19:48,425897,1,.0078,,0,0,,,,,,,,,,,,,,,,,,,
01/06/2026 02:20:05,412872,0,0,,0,0,,,,,,,,,,,,,,,,,,,
01/06/2026 02:20:05,428221,0,0,,0,0,,,,,,,,,,,,,,,,,,,
01/06/2026 02:20:18,425897,0,0,,0,0,,,,,,,,,,,,,,,,,,,
01/06/2026 02:20:35,412872,0,0,,1,.0128,,,,,,,,,,,,,,,,,,,
01/06/2026 02:20:35,428221,0,0,,0,0,,,,,,,,,,,,,,,,,,,
01/06/2026 02:20:48,425897,2,.0167,,0,0,,,,,,,,,,,,,,,,,,,
01/06/2026 02:21:05,412872,0,0,,2,.025,,,,,,,,,,,,,,,,,,,
01/06/2026 02:21:05,428221,1,.0139,,1,.0117,,,,,,,,,,,,,,,,,,,
01/06/2026 02:21:18,425897,0,0,,0,0,,,,,,,,,,,,,,,,,,,
01/06/2026 02:21:35,412872,0,0,,0,0,,,,,,,,,,,,,,,,,,,
01/06/2026 02:21:35,428221,1,.0056,,1,.0056,,,,,,,,,,,,,,,,,,,
01/06/2026 02:21:48,425897,0,0,,0,0,,,,,,,,,,,,,,,,,,,
01/06/2026 02:22:05,412872,0,0,,0,0,,,,,,,,,,,,,,,,,,,
01/06/2026 02:22:05,428221,0,0,,1,.0106,,,,,,,,,,,,,,,,,,,
01/06/2026 02:22:18,425897,1,.01,,0,0,,,,,,,,,,,,,,,,,,,
01/06/2026 02:22:35,412872,1,.01,,0,0,,,,,,,,,,,,,,,,,,,
01/06/2026 02:22:35,428221,1,.0056,,0,0,,,,,,,,,,,,,,,,,,,
01/06/2026 02:22:48,425897,0,0,,0,0,,,,,,,,,,,,,,,,,,,
01/06/2026 02:23:05,412872,0,0,,1,.0117,,,,,,,,,,,,,,,,,,,
01/06/2026 02:23:05,428221,0,0,,0,0,,,,,,,,,,,,,,,,,,,
01/06/2026 02:23:18,425897,0,0,,0,0,,,,,,,,,,,,,,,,,,,
01/06/2026 02:23:35,412872,0,0,,1,.0139,,,,,,,,,,,,,,,,,,,
01/06/2026 02:23:35,428221,0,0,,0,0,,,,,,,,,,,,,,,,,,,
01/06/2026 02:23:48,425897,0,0,,0,0,,,,,,,,,,,,,,,,,,,
01/06/2026 02:24:05,412872,0,0,,0,0,,,,,,,,,,,,,,,,,,,
01/06/2026 02:24:05,428221,0,0,,0,0,,,,,,,,,,,,,,,,,,,
01/06/2026 02:24:18,425897,1,.01,,0,0,,,,,,,,,,,,,,,,,,,
01/06/2026 02:24:35,412872,0,0,,0,0,,,,,,,,,,,,,,,,,,,
01/06/2026 02:24:35,428221,1,.0089,,0,0,,,,,,,,,,,,,,,,,,,
01/06/2026 02:24:48,425897,0,0,,0,0,,,,,,,,,,,,,,,,,,,
01/06/2026 02:25:05,412872,1,.0167,,2,.0328,,,,,,,,,,,,,,,,,,,
01/06/2026 02:25:05,428221,0,0,,0,0,,,,,,,,,,,,,,,,,,,
01/06/2026 02:25:18,425897,0,0,,0,0,,,,,,,,,,,,,,,,,,,
01/06/2026 02:25:35,412872,0,0,,0,0,,,,,,,,,,,,,,,,,,,
01/06/2026 02:25:35,428221,0,0,,0,0,,,,,,,,,,,,,,,,,,,
01/06/2026 02:25:48,425897,0,0,,0,0,,,,,,,,,,,,,,,,,,,
01/06/2026 02:26:04,412872,0,0,,0,0,,,,,,,,,,,,,,,,,,,
01/06/2026 02:26:04,428221,0,0,,1,.0067,,,,,,,,,,,,,,,,,,,
01/06/2026 02:26:18,425897,1,.0067,,0,0,,,,,,,,,,,,,,,,,,,
01/06/2026 02:26:35,412872,0,0,,0,0,,,,,,,,,,,,,,,,,,,
01/06/2026 02:26:35,428221,0,0,,0,0,,,,,,,,,,,,,,,,,,,
01/06/2026 02:26:48,425897,0,0,,0,0,,,,,,,,,,,,,,,,,,,
01/06/2026 02:27:05,412872,0,0,,0,0,,,,,,,,,,,,,,,,,,,
01/06/2026 02:27:05,428221,0,0,,0,0,,,,,,,,,,,,,,,,,,,
01/06/2026 02:27:18,425897,1,.0067,,1,.0067,,,,,,,,,,,,,,,,,,,
01/06/2026 02:27:35,412872,0,0,,1,.0117,,,,,,,,,,,,,,,,,,,
01/06/2026 02:27:35,428221,2,.0167,,0,0,,,,,,,,,,,,,,,,,,,
01/06/2026 02:27:48,425897,0,0,,0,0,,,,,,,,,,,,,,,,,,,
01/06/2026 02:28:05,412872,0,0,,0,0,,,,,,,,,,,,,,,,,,,
01/06/2026 02:28:05,428221,0,0,,0,0,,,,,,,,,,,,,,,,,,,
01/06/2026 02:28:18,425897,1,.0089,,0,0,,,,,,,,,,,,,,,,,,,
01/06/2026 02:28:35,412872,0,0,,0,0,,,,,,,,,,,,,,,,,,,
01/06/2026 02:28:35,428221,0,0,,0,0,,,,,,,,,,,,,,,,,,,
01/06/2026 02:28:48,425897,1,.0078,,2,.0128,,,,,,,,,,,,,,,,,,,
01/06/2026 02:29:05,412872,0,0,,0,0,,,,,,,,,,,,,,,,,,,
01/06/2026 02:29:05,428221,1,.0067,,0,0,,,,,,,,,,,,,,,,,,,
01/06/2026 02:29:18,425897,0,0,,0,0,,,,,,,,,,,,,,,,,,,
01/06/2026 02:29:35,412872,0,0,,0,0,,,,,,,,,,,,,,,,,,,
01/06/2026 02:29:35,428221,0,0,,0,0,,,,,,,,,,,,,,,,,,,
01/06/2026 02:29:48,425897,1,.0067,,1,.0078,,,,,,,,,,,,,,,,,,,
01/06/2026 02:30:05,412872,1,.0128,,0,0,,,,,,,,,,,,,,,,,,,
01/06/2026 02:30:05,428221,0,0,,0,0,,,,,,,,,,,,,,,,,,,
01/06/2026 02:30:18,425897,0,0,,1,.0106,,,,,,,,,,,,,,,,,,,
01/06/2026 02:30:35,412872,0,0,,0,0,,,,,,,,,,,,,,,,,,,
01/06/2026 02:30:35,428221,0,0,,0,0,,,,,,,,,,,,,,,,,,,
01/06/2026 02:30:48,425897,0,0,,0,0,,,,,,,,,,,,,,,,,,,
01/06/2026 02:31:05,412872,0,0,,0,0,,,,,,,,,,,,,,,,,,,
01/06/2026 02:31:05,428221,0,0,,0,0,,,,,,,,,,,,,,,,,,,
01/06/2026 02:31:18,425897,0,0,,0,0,,,,,,,,,,,,,,,,,,,
01/06/2026 02:31:35,412872,0,0,,0,0,,,,,,,,,,,,,,,,,,,
01/06/2026 02:31:35,428221,0,0,,0,0,,,,,,,,,,,,,,,,,,,
01/06/2026 02:31:48,425897,0,0,,0,0,,,,,,,,,,,,,,,,,,,
01/06/2026 02:32:05,412872,0,0,,0,.0017,,,,,,,,,,,,,,,,,,,
01/06/2026 02:32:05,428221,0,0,,0,0,,,,,,,,,,,,,,,,,,,
01/06/2026 02:32:18,425897,0,0,,0,0,,,,,,,,,,,,,,,,,,,
01/06/2026 02:32:35,412872,0,0,,1,.0089,,,,,,,,,,,,,,,,,,,
01/06/2026 02:32:35,428221,0,0,,0,0,,,,,,,,,,,,,,,,,,,
01/06/2026 02:32:48,425897,0,0,,0,0,,,,,,,,,,,,,,,,,,,
01/06/2026 02:33:05,412872,0,0,,1,.0128,,,,,,,,,,,,,,,,,,,
01/06/2026 02:33:05,428221,0,0,,0,0,,,,,,,,,,,,,,,,,,,
01/06/2026 02:33:18,425897,0,0,,0,0,,,,,,,,,,,,,,,,,,,
01/06/2026 02:33:35,412872,0,0,,0,0,,,,,,,,,,,,,,,,,,,
01/06/2026 02:33:35,428221,0,0,,0,0,,,,,,,,,,,,,,,,,,,
01/06/2026 02:33:48,425897,1,.0067,,0,0,,,,,,,,,,,,,,,,,,,
01/06/2026 02:34:05,412872,0,0,,0,0,,,,,,,,,,,,,,,,,,,
01/06/2026 02:34:05,428221,0,0,,1,.0089,,,,,,,,,,,,,,,,,,,
01/06/2026 02:34:18,425897,0,0,,0,0,,,,,,,,,,,,,,,,,,,
01/06/2026 02:34:34,412872,0,0,,0,0,,,,,,,,,,,,,,,,,,,
01/06/2026 02:34:34,428221,1,.0089,,1,.0117,,,,,,,,,,,,,,,,,,,
01/06/2026 02:34:48,425897,2,.015,,2,.0128,,,,,,,,,,,,,,,,,,,
01/06/2026 02:35:05,412872,0,0,,0,0,,,,,,,,,,,,,,,,,,,
01/06/2026 02:35:05,428221,0,0,,0,0,,,,,,,,,,,,,,,,,,,
01/06/2026 02:35:18,425897,1,.0117,,0,0,,,,,,,,,,,,,,,,,,,
01/06/2026 02:35:35,412872,0,0,,0,0,,,,,,,,,,,,,,,,,,,
01/06/2026 02:35:35,428221,1,.0139,,1,.0117,,,,,,,,,,,,,,,,,,,
01/06/2026 02:35:48,425897,0,0,,0,0,,,,,,,,,,,,,,,,,,,
01/06/2026 02:36:05,412872,1,.0089,,0,0,,,,,,,,,,,,,,,,,,,
01/06/2026 02:36:05,428221,2,.0178,,0,0,,,,,,,,,,,,,,,,,,,
01/06/2026 02:36:18,425897,0,0,,0,0,,,,,,,,,,,,,,,,,,,
01/06/2026 02:36:35,412872,0,0,,0,0,,,,,,,,,,,,,,,,,,,
01/06/2026 02:36:35,428221,1,.0106,,1,.0078,,,,,,,,,,,,,,,,,,,
01/06/2026 02:36:48,425897,1,.0078,,0,0,,,,,,,,,,,,,,,,,,,
01/06/2026 02:37:05,412872,0,0,,1,.015,,,,,,,,,,,,,,,,,,,
01/06/2026 02:37:05,428221,0,0,,0,0,,,,,,,,,,,,,,,,,,,
01/06/2026 02:37:18,425897,0,0,,0,0,,,,,,,,,,,,,,,,,,,
01/06/2026 02:37:35,412872,0,0,,0,0,,,,,,,,,,,,,,,,,,,
01/06/2026 02:37:35,428221,0,0,,0,0,,,,,,,,,,,,,,,,,,,
01/06/2026 02:37:48,425897,0,0,,0,0,,,,,,,,,,,,,,,,,,,
01/06/2026 02:38:05,412872,1,.0078,,1,.01,,,,,,,,,,,,,,,,,,,
01/06/2026 02:38:05,428221,1,.01,,1,.0078,,,,,,,,,,,,,,,,,,,
01/06/2026 02:38:18,425897,1,.01,,0,0,,,,,,,,,,,,,,,,,,,
01/06/2026 02:38:35,412872,0,0,,1,.0128,,,,,,,,,,,,,,,,,,,
01/06/2026 02:38:35,428221,0,0,,0,0,,,,,,,,,,,,,,,,,,,
01/06/2026 02:38:48,425897,1,.0089,,0,0,,,,,,,,,,,,,,,,,,,
01/06/2026 02:39:05,412872,0,0,,1,.015,,,,,,,,,,,,,,,,,,,
01/06/2026 02:39:05,428221,1,.01,,1,.0078,,,,,,,,,,,,,,,,,,,
01/06/2026 02:39:18,425897,2,.0156,,0,0,,,,,,,,,,,,,,,,,,,
01/06/2026 02:39:35,412872,0,0,,1,.025,,,,,,,,,,,,,,,,,,,
01/06/2026 02:39:35,428221,0,0,,1,.0078,,,,,,,,,,,,,,,,,,,
01/06/2026 02:39:48,425897,3,.0239,,0,0,,,,,,,,,,,,,,,,,,,
01/06/2026 02:40:05,412872,0,0,,1,.0106,,,,,,,,,,,,,,,,,,,
01/06/2026 02:40:05,428221,1,.01,,0,0,,,,,,,,,,,,,,,,,,,
01/06/2026 02:40:18,425897,1,.0106,,0,0,,,,,,,,,,,,,,,,,,,
01/06/2026 02:40:35,412872,0,0,,0,0,,,,,,,,,,,,,,,,,,,
01/06/2026 02:40:35,428221,0,0,,1,.0089,,,,,,,,,,,,,,,,,,,
01/06/2026 02:40:48,425897,0,0,,0,0,,,,,,,,,,,,,,,,,,,
01/06/2026 02:41:05,412872,0,0,,0,0,,,,,,,,,,,,,,,,,,,
01/06/2026 02:41:05,428221,0,0,,0,0,,,,,,,,,,,,,,,,,,,
01/06/2026 02:41:18,425897,0,0,,0,0,,,,,,,,,,,,,,,,,,,
01/06/2026 02:41:35,412872,1,.0117,,0,0,,,,,,,,,,,,,,,,,,,
01/06/2026 02:41:35,428221,1,.0089,,1,.0078,,,,,,,,,,,,,,,,,,,
01/06/2026 02:41:48,425897,1,.0067,,0,0,,,,,,,,,,,,,,,,,,,
01/06/2026 02:42:05,412872,0,0,,0,0,,,,,,,,,,,,,,,,,,,
01/06/2026 02:42:05,428221,1,.01,,0,0,,,,,,,,,,,,,,,,,,,
01/06/2026 02:42:18,425897,1,.0128,,0,0,,,,,,,,,,,,,,,,,,,
01/06/2026 02:42:35,412872,0,0,,0,0,,,,,,,,,,,,,,,,,,,
01/06/2026 02:42:35,428221,1,.01,,0,0,,,,,,,,,,,,,,,,,,,
01/06/2026 02:42:48,425897,1,.0106,,0,0,,,,,,,,,,,,,,,,,,,
01/06/2026 02:43:05,412872,0,0,,0,0,,,,,,,,,,,,,,,,,,,
01/06/2026 02:43:05,428221,0,0,,0,0,,,,,,,,,,,,,,,,,,,
01/06/2026 02:43:18,425897,2,.015,,2,.0117,,,,,,,,,,,,,,,,,,,
01/06/2026 02:43:35,412872,0,0,,0,0,,,,,,,,,,,,,,,,,,,
01/06/2026 02:43:35,428221,0,0,,0,0,,,,,,,,,,,,,,,,,,,
01/06/2026 02:43:48,425897,0,0,,0,0,,,,,,,,,,,,,,,,,,,
01/06/2026 02:44:05,412872,0,0,,0,0,,,,,,,,,,,,,,,,,,,
01/06/2026 02:44:05,428221,1,.0089,,0,0,,,,,,,,,,,,,,,,,,,
01/06/2026 02:44:18,425897,1,.0078,,0,0,,,,,,,,,,,,,,,,,,,
01/06/2026 02:44:35,412872,0,0,,0,0,,,,,,,,,,,,,,,,,,,
01/06/2026 02:44:35,428221,1,.0106,,0,0,,,,,,,,,,,,,,,,,,,
01/06/2026 02:44:48,425897,1,.0089,,0,0,,,,,,,,,,,,,,,,,,,
01/06/2026 02:45:05,412872,1,.0139,,0,0,,,,,,,,,,,,,,,,,,,
01/06/2026 02:45:05,428221,0,0,,0,0,,,,,,,,,,,,,,,,,,,
01/06/2026 02:45:18,425897,1,.0228,,1,.0239,,,,,,,,,,,,,,,,,,,
01/06/2026 02:45:35,412872,0,0,,0,0,,,,,,,,,,,,,,,,,,,
01/06/2026 02:45:35,428221,1,.0117,,0,0,,,,,,,,,,,,,,,,,,,
01/06/2026 02:45:48,425897,0,0,,0,0,,,,,,,,,,,,,,,,,,,
01/06/2026 02:46:05,412872,0,0,,0,0,,,,,,,,,,,,,,,,,,,
01/06/2026 02:46:05,428221,0,0,,0,0,,,,,,,,,,,,,,,,,,,
01/06/2026 02:46:18,425897,0,0,,0,0,,,,,,,,,,,,,,,,,,,
01/06/2026 02:46:35,412872,0,0,,2,.215,,,,,,,,,,,,,,,,,,,
01/06/2026 02:46:35,428221,3,.035,,1,.01,,,,,,,,,,,,,,,,,,,
01/06/2026 02:46:48,425897,0,0,,1,.0128,,,,,,,,,,,,,,,,,,,
01/06/2026 02:47:05,412872,1,.01,,0,0,,,,,,,,,,,,,,,,,,,
01/06/2026 02:47:05,428221,1,.0089,,0,0,,,,,,,,,,,,,,,,,,,
01/06/2026 02:47:18,425897,1,.02,,0,0,,,,,,,,,,,,,,,,,,,
01/06/2026 02:47:35,412872,1,.0178,,0,0,,,,,,,,,,,,,,,,,,,
01/06/2026 02:47:35,428221,0,0,,0,0,,,,,,,,,,,,,,,,,,,
01/06/2026 02:47:48,425897,0,0,,0,.0039,,,,,,,,,,,,,,,,,,,
01/06/2026 02:48:05,412872,0,0,,3,.0428,,,,,,,,,,,,,,,,,,,
01/06/2026 02:48:05,428221,0,0,,0,0,,,,,,,,,,,,,,,,,,,
01/06/2026 02:48:18,425897,3,.0278,,1,.0056,,,,,,,,,,,,,,,,,,,
01/06/2026 02:48:35,412872,0,0,,1,.0128,,,,,,,,,,,,,,,,,,,
01/06/2026 02:48:35,428221,1,.01,,1,.0089,,,,,,,,,,,,,,,,,,,
01/06/2026 02:48:48,425897,1,.01,,0,0,,,,,,,,,,,,,,,,,,,
01/06/2026 02:49:05,412872,0,0,,1,.0117,,,,,,,,,,,,,,,,,,,
01/06/2026 02:49:05,428221,0,0,,0,0,,,,,,,,,,,,,,,,,,,
01/06/2026 02:49:18,425897,1,.01,,0,0,,,,,,,,,,,,,,,,,,,
01/06/2026 02:49:35,412872,0,0,,0,0,,,,,,,,,,,,,,,,,,,
01/06/2026 02:49:35,428221,0,0,,0,0,,,,,,,,,,,,,,,,,,,
01/06/2026 02:49:48,425897,0,0,,0,0,,,,,,,,,,,,,,,,,,,
01/06/2026 02:50:05,412872,0,0,,0,0,,,,,,,,,,,,,,,,,,,
01/06/2026 02:50:05,428221,0,0,,1,.01,,,,,,,,,,,,,,,,,,,
01/06/2026 02:50:18,425897,0,0,,0,0,,,,,,,,,,,,,,,,,,,
01/06/2026 02:50:35,412872,0,0,,0,0,,,,,,,,,,,,,,,,,,,
01/06/2026 02:50:35,428221,1,.01,,0,0,,,,,,,,,,,,,,,,,,,
01/06/2026 02:50:48,425897,0,0,,0,0,,,,,,,,,,,,,,,,,,,
01/06/2026 02:51:05,412872,1,.0239,,1,.0639,,,,,,,,,,,,,,,,,,,
01/06/2026 02:51:05,428221,0,0,,0,0,,,,,,,,,,,,,,,,,,,
01/06/2026 02:51:18,425897,0,0,,0,0,,,,,,,,,,,,,,,,,,,
01/06/2026 02:51:35,412872,0,0,,2,.0289,,,,,,,,,,,,,,,,,,,
01/06/2026 02:51:35,428221,0,0,,0,0,,,,,,,,,,,,,,,,,,,
01/06/2026 02:51:48,425897,1,.0106,,0,.0117,,,,,,,,,,,,,,,,,,,
01/06/2026 02:52:05,412872,0,0,,0,0,,,,,,,,,,,,,,,,,,,
01/06/2026 02:52:05,428221,0,0,,0,0,,,,,,,,,,,,,,,,,,,
01/06/2026 02:52:18,425897,1,.0067,,1,.0228,,,,,,,,,,,,,,,,,,,
01/06/2026 02:52:35,412872,0,0,,0,0,,,,,,,,,,,,,,,,,,,
01/06/2026 02:52:35,428221,0,0,,0,0,,,,,,,,,,,,,,,,,,,
01/06/2026 02:52:48,425897,0,0,,0,0,,,,,,,,,,,,,,,,,,,
01/06/2026 02:53:05,412872,0,0,,0,0,,,,,,,,,,,,,,,,,,,
01/06/2026 02:53:05,428221,0,0,,0,0,,,,,,,,,,,,,,,,,,,
01/06/2026 02:53:18,425897,2,.0389,,0,0,,,,,,,,,,,,,,,,,,,
01/06/2026 02:53:35,412872,0,0,,0,0,,,,,,,,,,,,,,,,,,,
01/06/2026 02:53:35,428221,1,.0089,,1,.0089,,,,,,,,,,,,,,,,,,,
01/06/2026 02:53:48,425897,1,.0117,,0,0,,,,,,,,,,,,,,,,,,,
01/06/2026 02:54:05,412872,0,0,,0,0,,,,,,,,,,,,,,,,,,,
01/06/2026 02:54:05,428221,1,.0078,,1,.0089,,,,,,,,,,,,,,,,,,,
01/06/2026 02:54:18,425897,0,0,,1,.0106,,,,,,,,,,,,,,,,,,,
01/06/2026 02:54:35,412872,0,0,,0,0,,,,,,,,,,,,,,,,,,,
01/06/2026 02:54:35,428221,1,.0078,,0,0,,,,,,,,,,,,,,,,,,,
01/06/2026 02:54:48,425897,0,0,,0,0,,,,,,,,,,,,,,,,,,,
01/06/2026 02:55:05,412872,0,0,,1,.0128,,,,,,,,,,,,,,,,,,,
01/06/2026 02:55:05,428221,0,0,,1,.01,,,,,,,,,,,,,,,,,,,
01/06/2026 02:55:18,425897,0,0,,0,0,,,,,,,,,,,,,,,,,,,
01/06/2026 02:55:35,412872,0,0,,1,.0117,,,,,,,,,,,,,,,,,,,
01/06/2026 02:55:35,428221,0,0,,0,0,,,,,,,,,,,,,,,,,,,
01/06/2026 02:55:48,425897,0,0,,0,0,,,,,,,,,,,,,,,,,,,
01/06/2026 02:56:05,412872,0,0,,0,0,,,,,,,,,,,,,,,,,,,
01/06/2026 02:56:05,428221,1,.0089,,0,0,,,,,,,,,,,,,,,,,,,
01/06/2026 02:56:18,425897,1,.0067,,1,.0039,,,,,,,,,,,,,,,,,,,
01/06/2026 02:56:35,412872,0,0,,0,0,,,,,,,,,,,,,,,,,,,
01/06/2026 02:56:35,428221,0,0,,0,0,,,,,,,,,,,,,,,,,,,
01/06/2026 02:56:48,425897,0,0,,0,0,,,,,,,,,,,,,,,,,,,
01/06/2026 02:57:05,412872,0,0,,0,0,,,,,,,,,,,,,,,,,,,
01/06/2026 02:57:05,428221,0,0,,0,0,,,,,,,,,,,,,,,,,,,
01/06/2026 02:57:18,425897,0,0,,0,0,,,,,,,,,,,,,,,,,,,
01/06/2026 02:57:35,412872,1,.0117,,0,0,,,,,,,,,,,,,,,,,,,
01/06/2026 02:57:35,428221,2,.0178,,1,.0089,,,,,,,,,,,,,,,,,,,
01/06/2026 02:57:48,425897,0,0,,0,0,,,,,,,,,,,,,,,,,,,
01/06/2026 02:58:05,412872,0,0,,0,0,,,,,,,,,,,,,,,,,,,
01/06/2026 02:58:05,428221,1,.0056,,1,.005,,,,,,,,,,,,,,,,,,,
01/06/2026 02:58:18,425897,0,0,,0,0,,,,,,,,,,,,,,,,,,,
01/06/2026 02:58:35,412872,0,0,,0,0,,,,,,,,,,,,,,,,,,,
01/06/2026 02:58:35,428221,0,0,,0,0,,,,,,,,,,,,,,,,,,,
01/06/2026 02:58:48,425897,0,0,,0,0,,,,,,,,,,,,,,,,,,,
01/06/2026 02:59:05,412872,0,0,,0,0,,,,,,,,,,,,,,,,,,,
01/06/2026 02:59:05,428221,0,0,,0,0,,,,,,,,,,,,,,,,,,,
01/06/2026 02:59:18,425897,2,.0178,,1,.0039,,,,,,,,,,,,,,,,,,,
01/06/2026 02:59:35,412872,0,0,,1,.0128,,,,,,,,,,,,,,,,,,,
01/06/2026 02:59:35,428221,0,0,,1,.0089,,,,,,,,,,,,,,,,,,,
01/06/2026 02:59:48,425897,1,.01,,0,0,,,,,,,,,,,,,,,,,,,
01/06/2026 03:00:05,412872,1,.0117,,1,.0117,,,,,,,,,,,,,,,,,,,
01/06/2026 03:00:05,428221,0,0,,0,0,,,,,,,,,,,,,,,,,,,
01/06/2026 03:00:18,425897,1,.0067,,0,0,,,,,,,,,,,,,,,,,,,
01/06/2026 03:00:35,412872,0,0,,0,0,,,,,,,,,,,,,,,,,,,
01/06/2026 03:00:35,428221,0,0,,0,0,,,,,,,,,,,,,,,,,,,
01/06/2026 03:00:48,425897,1,.0067,,1,.0067,,,,,,,,,,,,,,,,,,,
01/06/2026 03:01:05,412872,0,0,,0,0,,,,,,,,,,,,,,,,,,,
01/06/2026 03:01:05,428221,0,0,,0,0,,,,,,,,,,,,,,,,,,,
01/06/2026 03:01:18,425897,0,0,,0,0,,,,,,,,,,,,,,,,,,,
01/06/2026 03:01:35,412872,0,0,,0,0,,,,,,,,,,,,,,,,,,,
01/06/2026 03:01:35,428221,0,0,,0,0,,,,,,,,,,,,,,,,,,,
01/06/2026 03:01:48,425897,0,0,,0,0,,,,,,,,,,,,,,,,,,,
01/06/2026 03:02:05,412872,0,0,,0,0,,,,,,,,,,,,,,,,,,,
01/06/2026 03:02:05,428221,0,0,,1,.0078,,,,,,,,,,,,,,,,,,,
01/06/2026 03:02:18,425897,0,0,,0,0,,,,,,,,,,,,,,,,,,,
01/06/2026 03:02:34,412872,0,0,,0,0,,,,,,,,,,,,,,,,,,,
01/06/2026 03:02:34,428221,0,0,,0,0,,,,,,,,,,,,,,,,,,,
01/06/2026 03:02:48,425897,0,0,,0,0,,,,,,,,,,,,,,,,,,,
01/06/2026 03:03:05,412872,0,0,,0,0,,,,,,,,,,,,,,,,,,,
01/06/2026 03:03:05,428221,0,0,,1,.0067,,,,,,,,,,,,,,,,,,,
01/06/2026 03:03:18,425897,0,0,,0,0,,,,,,,,,,,,,,,,,,,
01/06/2026 03:03:35,412872,0,0,,0,0,,,,,,,,,,,,,,,,,,,
01/06/2026 03:03:35,428221,0,0,,0,0,,,,,,,,,,,,,,,,,,,
01/06/2026 03:03:48,425897,0,0,,0,0,,,,,,,,,,,,,,,,,,,
01/06/2026 03:04:05,412872,0,0,,0,0,,,,,,,,,,,,,,,,,,,
01/06/2026 03:04:05,428221,1,.0117,,0,0,,,,,,,,,,,,,,,,,,,
01/06/2026 03:04:18,425897,0,0,,0,0,,,,,,,,,,,,,,,,,,,
01/06/2026 03:04:35,412872,0,0,,1,.01,,,,,,,,,,,,,,,,,,,
01/06/2026 03:04:35,428221,0,0,,0,0,,,,,,,,,,,,,,,,,,,
01/06/2026 03:04:48,425897,0,0,,1,.01,,,,,,,,,,,,,,,,,,,
01/06/2026 03:05:05,412872,0,0,,0,0,,,,,,,,,,,,,,,,,,,
01/06/2026 03:05:05,428221,0,0,,0,0,,,,,,,,,,,,,,,,,,,
01/06/2026 03:05:18,425897,0,0,,0,0,,,,,,,,,,,,,,,,,,,
01/06/2026 03:05:35,412872,0,0,,0,0,,,,,,,,,,,,,,,,,,,
01/06/2026 03:05:35,428221,0,0,,1,.0089,,,,,,,,,,,,,,,,,,,
01/06/2026 03:05:48,425897,1,.0067,,0,0,,,,,,,,,,,,,,,,,,,
01/06/2026 03:06:05,412872,0,0,,0,0,,,,,,,,,,,,,,,,,,,
01/06/2026 03:06:05,428221,1,.0089,,0,0,,,,,,,,,,,,,,,,,,,
01/06/2026 03:06:18,425897,0,0,,0,0,,,,,,,,,,,,,,,,,,,
01/06/2026 03:06:35,412872,0,0,,0,0,,,,,,,,,,,,,,,,,,,
01/06/2026 03:06:35,428221,0,0,,0,0,,,,,,,,,,,,,,,,,,,
01/06/2026 03:06:48,425897,2,.0178,,0,0,,,,,,,,,,,,,,,,,,,
01/06/2026 03:07:05,412872,1,.0139,,0,0,,,,,,,,,,,,,,,,,,,
01/06/2026 03:07:05,428221,0,0,,0,0,,,,,,,,,,,,,,,,,,,
01/06/2026 03:07:18,425897,0,0,,0,0,,,,,,,,,,,,,,,,,,,
01/06/2026 03:07:35,412872,1,.0539,,0,0,,,,,,,,,,,,,,,,,,,
01/06/2026 03:07:35,428221,0,0,,0,0,,,,,,,,,,,,,,,,,,,
01/06/2026 03:07:48,425897,0,0,,0,0,,,,,,,,,,,,,,,,,,,
01/06/2026 03:08:05,412872,0,0,,0,0,,,,,,,,,,,,,,,,,,,
01/06/2026 03:08:05,428221,0,0,,0,0,,,,,,,,,,,,,,,,,,,
01/06/2026 03:08:18,425897,0,0,,0,0,,,,,,,,,,,,,,,,,,,
01/06/2026 03:08:35,412872,0,0,,0,0,,,,,,,,,,,,,,,,,,,
01/06/2026 03:08:35,428221,0,0,,3,.0256,,,,,,,,,,,,,,,,,,,
01/06/2026 03:08:48,425897,1,.0067,,0,0,,,,,,,,,,,,,,,,,,,
01/06/2026 03:09:05,412872,0,0,,0,0,,,,,,,,,,,,,,,,,,,
01/06/2026 03:09:05,428221,1,.0106,,0,0,,,,,,,,,,,,,,,,,,,
01/06/2026 03:09:18,425897,0,0,,1,.0289,,,,,,,,,,,,,,,,,,,
01/06/2026 03:09:35,412872,0,0,,0,0,,,,,,,,,,,,,,,,,,,
01/06/2026 03:09:35,428221,0,0,,1,.0089,,,,,,,,,,,,,,,,,,,
01/06/2026 03:09:48,425897,0,0,,0,0,,,,,,,,,,,,,,,,,,,
01/06/2026 03:10:05,412872,0,0,,0,0,,,,,,,,,,,,,,,,,,,
01/06/2026 03:10:05,428221,1,.0117,,0,0,,,,,,,,,,,,,,,,,,,
01/06/2026 03:10:18,425897,0,0,,0,0,,,,,,,,,,,,,,,,,,,
01/06/2026 03:10:35,412872,0,0,,0,0,,,,,,,,,,,,,,,,,,,
01/06/2026 03:10:35,428221,0,0,,1,.0289,,,,,,,,,,,,,,,,,,,
01/06/2026 03:10:48,425897,0,0,,0,0,,,,,,,,,,,,,,,,,,,
01/06/2026 03:11:05,412872,0,0,,0,0,,,,,,,,,,,,,,,,,,,
01/06/2026 03:11:05,428221,0,0,,0,0,,,,,,,,,,,,,,,,,,,
01/06/2026 03:11:18,425897,0,0,,0,0,,,,,,,,,,,,,,,,,,,
01/06/2026 03:11:35,412872,0,0,,0,0,,,,,,,,,,,,,,,,,,,
01/06/2026 03:11:35,428221,0,0,,1,.0467,,,,,,,,,,,,,,,,,,,
01/06/2026 03:11:48,425897,0,0,,0,0,,,,,,,,,,,,,,,,,,,
01/06/2026 03:12:05,412872,0,0,,0,0,,,,,,,,,,,,,,,,,,,
01/06/2026 03:12:05,428221,0,0,,1,.0067,,,,,,,,,,,,,,,,,,,
01/06/2026 03:12:18,425897,1,.01,,0,0,,,,,,,,,,,,,,,,,,,
01/06/2026 03:12:35,412872,0,0,,0,0,,,,,,,,,,,,,,,,,,,
01/06/2026 03:12:35,428221,0,0,,0,0,,,,,,,,,,,,,,,,,,,
01/06/2026 03:12:48,425897,0,0,,0,0,,,,,,,,,,,,,,,,,,,
01/06/2026 03:13:05,412872,0,0,,0,0,,,,,,,,,,,,,,,,,,,
01/06/2026 03:13:05,428221,0,0,,1,.01,,,,,,,,,,,,,,,,,,,
01/06/2026 03:13:18,425897,0,0,,0,0,,,,,,,,,,,,,,,,,,,
01/06/2026 03:13:35,412872,0,0,,0,0,,,,,,,,,,,,,,,,,,,
01/06/2026 03:13:35,428221,0,0,,0,0,,,,,,,,,,,,,,,,,,,
01/06/2026 03:13:48,425897,1,.0078,,0,0,,,,,,,,,,,,,,,,,,,
01/06/2026 03:14:05,412872,0,0,,1,.0156,,,,,,,,,,,,,,,,,,,
01/06/2026 03:14:05,428221,2,.0167,,1,.0089,,,,,,,,,,,,,,,,,,,
01/06/2026 03:14:18,425897,0,0,,0,0,,,,,,,,,,,,,,,,,,,
01/06/2026 03:14:35,412872,1,.0106,,0,0,,,,,,,,,,,,,,,,,,,
01/06/2026 03:14:35,428221,1,.0106,,0,0,,,,,,,,,,,,,,,,,,,
01/06/2026 03:14:48,425897,0,0,,0,0,,,,,,,,,,,,,,,,,,,
01/06/2026 03:15:05,412872,1,.0189,,0,0,,,,,,,,,,,,,,,,,,,
01/06/2026 03:15:05,428221,0,0,,0,0,,,,,,,,,,,,,,,,,,,
01/06/2026 03:15:18,425897,2,.0189,,0,0,,,,,,,,,,,,,,,,,,,
01/06/2026 03:15:35,412872,0,0,,1,.0156,,,,,,,,,,,,,,,,,,,
01/06/2026 03:15:35,428221,1,.0089,,0,0,,,,,,,,,,,,,,,,,,,
01/06/2026 03:15:48,425897,0,0,,0,0,,,,,,,,,,,,,,,,,,,
01/06/2026 03:16:05,412872,0,0,,0,0,,,,,,,,,,,,,,,,,,,
01/06/2026 03:16:05,428221,0,0,,2,.0189,,,,,,,,,,,,,,,,,,,
01/06/2026 03:16:18,425897,0,0,,1,.0256,,,,,,,,,,,,,,,,,,,
01/06/2026 03:16:35,412872,0,0,,0,0,,,,,,,,,,,,,,,,,,,
01/06/2026 03:16:35,428221,2,.0178,,0,0,,,,,,,,,,,,,,,,,,,
01/06/2026 03:16:48,425897,0,0,,0,0,,,,,,,,,,,,,,,,,,,
01/06/2026 03:17:05,412872,1,.0167,,0,0,,,,,,,,,,,,,,,,,,,
01/06/2026 03:17:05,428221,0,0,,0,0,,,,,,,,,,,,,,,,,,,
01/06/2026 03:17:18,425897,0,0,,0,0,,,,,,,,,,,,,,,,,,,
01/06/2026 03:17:35,412872,0,0,,1,.0128,,,,,,,,,,,,,,,,,,,
01/06/2026 03:17:35,428221,0,0,,0,0,,,,,,,,,,,,,,,,,,,
01/06/2026 03:17:48,425897,0,0,,0,0,,,,,,,,,,,,,,,,,,,
01/06/2026 03:18:05,412872,0,0,,0,0,,,,,,,,,,,,,,,,,,,
01/06/2026 03:18:05,428221,0,0,,0,0,,,,,,,,,,,,,,,,,,,
01/06/2026 03:18:18,425897,1,.0067,,0,0,,,,,,,,,,,,,,,,,,,
01/06/2026 03:18:35,412872,0,0,,0,0,,,,,,,,,,,,,,,,,,,
01/06/2026 03:18:35,428221,1,.0089,,2,.0167,,,,,,,,,,,,,,,,,,,
01/06/2026 03:18:48,425897,1,.0089,,0,0,,,,,,,,,,,,,,,,,,,
01/06/2026 03:19:05,412872,0,0,,0,0,,,,,,,,,,,,,,,,,,,
01/06/2026 03:19:05,428221,0,0,,0,0,,,,,,,,,,,,,,,,,,,
01/06/2026 03:19:18,425897,1,.0078,,0,0,,,,,,,,,,,,,,,,,,,
01/06/2026 03:19:35,412872,0,0,,0,0,,,,,,,,,,,,,,,,,,,
01/06/2026 03:19:35,428221,0,0,,1,.0067,,,,,,,,,,,,,,,,,,,
01/06/2026 03:19:48,425897,0,0,,0,0,,,,,,,,,,,,,,,,,,,
01/06/2026 03:20:05,412872,0,0,,0,0,,,,,,,,,,,,,,,,,,,
01/06/2026 03:20:05,428221,0,0,,1,.0089,,,,,,,,,,,,,,,,,,,
01/06/2026 03:20:18,425897,0,0,,0,0,,,,,,,,,,,,,,,,,,,
01/06/2026 03:20:35,412872,0,0,,0,0,,,,,,,,,,,,,,,,,,,
01/06/2026 03:20:35,428221,2,.0189,,2,.045,,,,,,,,,,,,,,,,,,,
01/06/2026 03:20:48,425897,0,0,,0,0,,,,,,,,,,,,,,,,,,,
01/06/2026 03:21:05,412872,0,0,,0,0,,,,,,,,,,,,,,,,,,,
01/06/2026 03:21:05,428221,1,.0078,,0,0,,,,,,,,,,,,,,,,,,,
01/06/2026 03:21:18,425897,0,0,,0,0,,,,,,,,,,,,,,,,,,,
01/06/2026 03:21:35,412872,0,0,,0,0,,,,,,,,,,,,,,,,,,,
01/06/2026 03:21:35,428221,1,.0056,,1,.0067,,,,,,,,,,,,,,,,,,,
01/06/2026 03:21:48,425897,1,.0106,,0,0,,,,,,,,,,,,,,,,,,,
01/06/2026 03:22:05,412872,0,0,,0,0,,,,,,,,,,,,,,,,,,,
01/06/2026 03:22:05,428221,0,0,,2,.0178,,,,,,,,,,,,,,,,,,,
01/06/2026 03:22:18,425897,0,0,,0,0,,,,,,,,,,,,,,,,,,,
01/06/2026 03:22:35,412872,0,0,,0,0,,,,,,,,,,,,,,,,,,,
01/06/2026 03:22:35,428221,0,0,,1,.0078,,,,,,,,,,,,,,,,,,,
01/06/2026 03:22:48,425897,0,0,,0,0,,,,,,,,,,,,,,,,,,,
01/06/2026 03:23:05,412872,0,0,,0,0,,,,,,,,,,,,,,,,,,,
01/06/2026 03:23:05,428221,0,0,,0,0,,,,,,,,,,,,,,,,,,,
01/06/2026 03:23:18,425897,0,0,,0,0,,,,,,,,,,,,,,,,,,,
01/06/2026 03:23:35,412872,0,0,,0,0,,,,,,,,,,,,,,,,,,,
01/06/2026 03:23:35,428221,2,.02,,0,0,,,,,,,,,,,,,,,,,,,
01/06/2026 03:23:48,425897,0,0,,0,0,,,,,,,,,,,,,,,,,,,
01/06/2026 03:24:05,412872,0,0,,0,0,,,,,,,,,,,,,,,,,,,
01/06/2026 03:24:05,428221,1,.0067,,0,0,,,,,,,,,,,,,,,,,,,
01/06/2026 03:24:18,425897,0,0,,0,0,,,,,,,,,,,,,,,,,,,
01/06/2026 03:24:35,412872,0,0,,0,0,,,,,,,,,,,,,,,,,,,
01/06/2026 03:24:35,428221,1,.0078,,2,.0156,,,,,,,,,,,,,,,,,,,
01/06/2026 03:24:48,425897,0,0,,0,0,,,,,,,,,,,,,,,,,,,
01/06/2026 03:25:05,412872,0,0,,0,0,,,,,,,,,,,,,,,,,,,
01/06/2026 03:25:05,428221,1,.0078,,0,0,,,,,,,,,,,,,,,,,,,
01/06/2026 03:25:18,425897,1,.0078,,0,0,,,,,,,,,,,,,,,,,,,
01/06/2026 03:25:35,412872,0,0,,0,0,,,,,,,,,,,,,,,,,,,
01/06/2026 03:25:35,428221,2,.0189,,0,0,,,,,,,,,,,,,,,,,,,
01/06/2026 03:25:48,425897,0,0,,0,0,,,,,,,,,,,,,,,,,,,
01/06/2026 03:26:05,412872,0,0,,0,0,,,,,,,,,,,,,,,,,,,
01/06/2026 03:26:05,428221,0,0,,0,0,,,,,,,,,,,,,,,,,,,
01/06/2026 03:26:18,425897,0,0,,0,0,,,,,,,,,,,,,,,,,,,
01/06/2026 03:26:35,412872,0,0,,0,0,,,,,,,,,,,,,,,,,,,
01/06/2026 03:26:35,428221,0,0,,0,0,,,,,,,,,,,,,,,,,,,
01/06/2026 03:26:48,425897,0,0,,0,0,,,,,,,,,,,,,,,,,,,
01/06/2026 03:27:05,412872,0,0,,0,0,,,,,,,,,,,,,,,,,,,
01/06/2026 03:27:05,428221,0,0,,0,0,,,,,,,,,,,,,,,,,,,
01/06/2026 03:27:18,425897,1,.01,,0,0,,,,,,,,,,,,,,,,,,,
01/06/2026 03:27:35,412872,0,0,,1,.0117,,,,,,,,,,,,,,,,,,,
01/06/2026 03:27:35,428221,0,0,,0,0,,,,,,,,,,,,,,,,,,,
01/06/2026 03:27:48,425897,0,0,,0,0,,,,,,,,,,,,,,,,,,,
01/06/2026 03:28:05,412872,0,0,,0,0,,,,,,,,,,,,,,,,,,,
01/06/2026 03:28:05,428221,1,.01,,1,.0089,,,,,,,,,,,,,,,,,,,
01/06/2026 03:28:18,425897,0,0,,0,0,,,,,,,,,,,,,,,,,,,
01/06/2026 03:28:35,412872,0,0,,0,0,,,,,,,,,,,,,,,,,,,
01/06/2026 03:28:35,428221,1,.0039,,1,.0067,,,,,,,,,,,,,,,,,,,
01/06/2026 03:28:48,425897,1,.0078,,1,.0039,,,,,,,,,,,,,,,,,,,
01/06/2026 03:29:05,412872,0,0,,0,0,,,,,,,,,,,,,,,,,,,
01/06/2026 03:29:05,428221,0,0,,0,0,,,,,,,,,,,,,,,,,,,
01/06/2026 03:29:18,425897,0,0,,0,0,,,,,,,,,,,,,,,,,,,
01/06/2026 03:29:35,412872,0,0,,0,0,,,,,,,,,,,,,,,,,,,
01/06/2026 03:29:35,428221,0,0,,0,0,,,,,,,,,,,,,,,,,,,
01/06/2026 03:29:48,425897,0,0,,0,0,,,,,,,,,,,,,,,,,,,
01/06/2026 03:30:05,412872,0,0,,0,0,,,,,,,,,,,,,,,,,,,
01/06/2026 03:30:05,428221,1,.01,,0,0,,,,,,,,,,,,,,,,,,,
01/06/2026 03:30:18,425897,1,.0078,,1,.0106,,,,,,,,,,,,,,,,,,,
01/06/2026 03:30:35,412872,0,0,,0,0,,,,,,,,,,,,,,,,,,,
01/06/2026 03:30:35,428221,2,.0167,,1,.0039,,,,,,,,,,,,,,,,,,,
01/06/2026 03:30:48,425897,0,0,,0,0,,,,,,,,,,,,,,,,,,,
01/06/2026 03:31:05,412872,0,0,,0,0,,,,,,,,,,,,,,,,,,,
01/06/2026 03:31:05,428221,0,0,,0,0,,,,,,,,,,,,,,,,,,,
01/06/2026 03:31:18,425897,1,.0078,,0,0,,,,,,,,,,,,,,,,,,,
01/06/2026 03:31:35,412872,0,0,,0,0,,,,,,,,,,,,,,,,,,,
01/06/2026 03:31:35,428221,0,0,,0,0,,,,,,,,,,,,,,,,,,,
01/06/2026 03:31:48,425897,0,0,,0,0,,,,,,,,,,,,,,,,,,,
01/06/2026 03:32:04,412872,0,0,,0,0,,,,,,,,,,,,,,,,,,,
01/06/2026 03:32:04,428221,0,0,,0,0,,,,,,,,,,,,,,,,,,,
01/06/2026 03:32:18,425897,0,0,,0,0,,,,,,,,,,,,,,,,,,,
01/06/2026 03:32:35,412872,0,0,,0,0,,,,,,,,,,,,,,,,,,,
01/06/2026 03:32:35,428221,0,0,,0,0,,,,,,,,,,,,,,,,,,,
01/06/2026 03:32:48,425897,1,.01,,0,0,,,,,,,,,,,,,,,,,,,
01/06/2026 03:33:05,412872,1,.015,,1,.0106,,,,,,,,,,,,,,,,,,,
01/06/2026 03:33:05,428221,2,.0189,,1,.0106,,,,,,,,,,,,,,,,,,,
01/06/2026 03:33:18,425897,0,0,,0,0,,,,,,,,,,,,,,,,,,,
01/06/2026 03:33:35,412872,0,0,,1,.0139,,,,,,,,,,,,,,,,,,,
01/06/2026 03:33:35,428221,0,0,,0,0,,,,,,,,,,,,,,,,,,,
01/06/2026 03:33:48,425897,1,.01,,1,.0117,,,,,,,,,,,,,,,,,,,
01/06/2026 03:34:05,412872,0,0,,0,0,,,,,,,,,,,,,,,,,,,
01/06/2026 03:34:05,428221,1,.01,,0,0,,,,,,,,,,,,,,,,,,,
01/06/2026 03:34:18,425897,1,.0089,,0,0,,,,,,,,,,,,,,,,,,,
01/06/2026 03:34:35,412872,0,0,,0,0,,,,,,,,,,,,,,,,,,,
01/06/2026 03:34:35,428221,0,0,,0,0,,,,,,,,,,,,,,,,,,,
01/06/2026 03:34:48,425897,1,.0089,,0,0,,,,,,,,,,,,,,,,,,,
01/06/2026 03:35:05,412872,0,0,,0,0,,,,,,,,,,,,,,,,,,,
01/06/2026 03:35:05,428221,1,.0089,,1,.0089,,,,,,,,,,,,,,,,,,,
01/06/2026 03:35:18,425897,0,0,,0,0,,,,,,,,,,,,,,,,,,,
01/06/2026 03:35:35,412872,1,.0106,,1,.0128,,,,,,,,,,,,,,,,,,,
01/06/2026 03:35:35,428221,0,0,,0,0,,,,,,,,,,,,,,,,,,,
01/06/2026 03:35:48,425897,0,0,,1,.0117,,,,,,,,,,,,,,,,,,,
01/06/2026 03:36:05,412872,0,0,,0,0,,,,,,,,,,,,,,,,,,,
01/06/2026 03:36:05,428221,0,0,,0,0,,,,,,,,,,,,,,,,,,,
01/06/2026 03:36:18,425897,0,0,,0,0,,,,,,,,,,,,,,,,,,,
01/06/2026 03:36:35,412872,0,0,,0,0,,,,,,,,,,,,,,,,,,,
01/06/2026 03:36:35,428221,0,0,,0,0,,,,,,,,,,,,,,,,,,,
01/06/2026 03:36:48,425897,0,0,,0,0,,,,,,,,,,,,,,,,,,,
01/06/2026 03:37:05,412872,0,0,,0,0,,,,,,,,,,,,,,,,,,,
01/06/2026 03:37:05,428221,0,0,,0,0,,,,,,,,,,,,,,,,,,,
01/06/2026 03:37:18,425897,1,.0078,,0,0,,,,,,,,,,,,,,,,,,,
01/06/2026 03:37:35,412872,0,0,,0,0,,,,,,,,,,,,,,,,,,,
01/06/2026 03:37:35,428221,1,.0078,,0,0,,,,,,,,,,,,,,,,,,,
01/06/2026 03:37:48,425897,0,0,,0,0,,,,,,,,,,,,,,,,,,,
01/06/2026 03:38:05,412872,0,0,,0,0,,,,,,,,,,,,,,,,,,,
01/06/2026 03:38:05,428221,2,.0167,,0,0,,,,,,,,,,,,,,,,,,,
01/06/2026 03:38:18,425897,0,0,,0,0,,,,,,,,,,,,,,,,,,,
01/06/2026 03:38:48,425897,0,0,,0,0,,,,,,,,,,,,,,,,,,,
01/06/2026 03:39:02,412872,0,0,,0,0,,,,,,,,,,,,,,,,,,,
01/06/2026 03:39:02,428221,0,0,,0,0,,,,,,,,,,,,,,,,,,,
01/06/2026 03:39:18,425897,1,.0078,,0,0,,,,,,,,,,,,,,,,,,,
01/06/2026 03:39:32,412872,0,0,,0,0,,,,,,,,,,,,,,,,,,,
01/06/2026 03:39:32,428221,0,0,,0,0,,,,,,,,,,,,,,,,,,,
01/06/2026 03:39:48,425897,4,.0406,,0,0,,,,,,,,,,,,,,,,,,,
01/06/2026 03:40:02,412872,0,0,,0,0,,,,,,,,,,,,,,,,,,,
01/06/2026 03:40:02,428221,0,0,,0,0,,,,,,,,,,,,,,,,,,,
01/06/2026 03:40:32,412872,0,0,,3,.0439,,,,,,,,,,,,,,,,,,,
01/06/2026 03:40:32,428221,1,.0089,,0,0,,,,,,,,,,,,,,,,,,,
01/06/2026 03:40:37,425897,1,.0089,,0,0,,,,,,,,,,,,,,,,,,,
01/06/2026 03:41:02,412872,1,.0106,,1,.0056,,,,,,,,,,,,,,,,,,,
01/06/2026 03:41:02,428221,0,0,,1,.01,,,,,,,,,,,,,,,,,,,
01/06/2026 03:41:07,425897,0,0,,0,0,,,,,,,,,,,,,,,,,,,
01/06/2026 03:41:32,412872,0,0,,0,0,,,,,,,,,,,,,,,,,,,
01/06/2026 03:41:32,428221,2,.0139,,1,.0056,,,,,,,,,,,,,,,,,,,
01/06/2026 03:41:37,425897,1,.0067,,1,.0089,,,,,,,,,,,,,,,,,,,
01/06/2026 03:42:02,412872,0,0,,2,.0267,,,,,,,,,,,,,,,,,,,
01/06/2026 03:42:02,428221,0,0,,1,.0089,,,,,,,,,,,,,,,,,,,
01/06/2026 03:42:07,425897,0,0,,0,0,,,,,,,,,,,,,,,,,,,
01/06/2026 03:42:32,412872,0,0,,0,0,,,,,,,,,,,,,,,,,,,
01/06/2026 03:42:32,428221,1,.0106,,1,.0089,,,,,,,,,,,,,,,,,,,
01/06/2026 03:42:37,425897,0,0,,0,0,,,,,,,,,,,,,,,,,,,
01/06/2026 03:43:02,412872,0,0,,0,0,,,,,,,,,,,,,,,,,,,
01/06/2026 03:43:02,428221,0,0,,0,0,,,,,,,,,,,,,,,,,,,
01/06/2026 03:43:07,425897,0,0,,0,0,,,,,,,,,,,,,,,,,,,
01/06/2026 03:43:32,412872,0,0,,2,.0278,,,,,,,,,,,,,,,,,,,
01/06/2026 03:43:32,428221,2,.0189,,0,0,,,,,,,,,,,,,,,,,,,
01/06/2026 03:43:37,425897,1,.0089,,0,0,,,,,,,,,,,,,,,,,,,
01/06/2026 03:44:02,412872,0,0,,0,0,,,,,,,,,,,,,,,,,,,
01/06/2026 03:44:02,428221,1,.0428,,2,.015,,,,,,,,,,,,,,,,,,,
01/06/2026 03:44:07,425897,1,.0089,,1,.0039,,,,,,,,,,,,,,,,,,,
01/06/2026 03:44:32,412872,0,0,,0,0,,,,,,,,,,,,,,,,,,,
01/06/2026 03:44:32,428221,0,0,,1,.0078,,,,,,,,,,,,,,,,,,,
01/06/2026 03:44:37,425897,1,.0067,,0,0,,,,,,,,,,,,,,,,,,,
01/06/2026 03:45:02,412872,0,0,,0,0,,,,,,,,,,,,,,,,,,,
01/06/2026 03:45:02,428221,0,0,,0,0,,,,,,,,,,,,,,,,,,,
01/06/2026 03:45:07,425897,1,.0067,,0,0,,,,,,,,,,,,,,,,,,,
01/06/2026 03:45:32,412872,0,0,,2,.0256,,,,,,,,,,,,,,,,,,,
01/06/2026 03:45:32,428221,2,.0217,,0,0,,,,,,,,,,,,,,,,,,,
01/06/2026 03:45:37,425897,4,.0356,,1,.0056,,,,,,,,,,,,,,,,,,,
01/06/2026 03:46:02,412872,0,0,,0,0,,,,,,,,,,,,,,,,,,,
01/06/2026 03:46:02,428221,1,.0056,,0,0,,,,,,,,,,,,,,,,,,,
01/06/2026 03:46:07,425897,0,0,,0,0,,,,,,,,,,,,,,,,,,,
01/06/2026 03:46:32,412872,0,0,,0,0,,,,,,,,,,,,,,,,,,,
01/06/2026 03:46:32,428221,0,0,,0,0,,,,,,,,,,,,,,,,,,,
01/06/2026 03:46:37,425897,1,.0089,,0,0,,,,,,,,,,,,,,,,,,,
01/06/2026 03:47:32,412872,0,0,,1,.0117,,,,,,,,,,,,,,,,,,,
01/06/2026 03:47:32,428221,0,0,,0,0,,,,,,,,,,,,,,,,,,,
01/06/2026 03:47:37,425897,0,0,,0,0,,,,,,,,,,,,,,,,,,,
01/06/2026 03:48:02,412872,0,0,,0,0,,,,,,,,,,,,,,,,,,,
01/06/2026 03:48:02,428221,0,0,,0,0,,,,,,,,,,,,,,,,,,,
01/06/2026 03:48:07,425897,0,0,,0,0,,,,,,,,,,,,,,,,,,,
01/06/2026 03:48:32,412872,0,0,,0,0,,,,,,,,,,,,,,,,,,,
01/06/2026 03:48:32,428221,1,.01,,0,0,,,,,,,,,,,,,,,,,,,
01/06/2026 03:48:37,425897,1,.0089,,0,0,,,,,,,,,,,,,,,,,,,
01/06/2026 03:49:02,412872,0,0,,0,0,,,,,,,,,,,,,,,,,,,
01/06/2026 03:49:02,428221,0,0,,0,0,,,,,,,,,,,,,,,,,,,
01/06/2026 03:49:07,425897,3,.0256,,2,.0206,,,,,,,,,,,,,,,,,,,
01/06/2026 03:49:32,412872,0,0,,0,0,,,,,,,,,,,,,,,,,,,
01/06/2026 03:49:32,428221,1,.0078,,0,0,,,,,,,,,,,,,,,,,,,
01/06/2026 03:49:37,425897,0,0,,0,0,,,,,,,,,,,,,,,,,,,
01/06/2026 03:50:02,412872,0,0,,0,0,,,,,,,,,,,,,,,,,,,
01/06/2026 03:50:02,428221,1,.0067,,1,.01,,,,,,,,,,,,,,,,,,,
01/06/2026 03:50:07,425897,1,.0056,,1,.0056,,,,,,,,,,,,,,,,,,,
01/06/2026 03:50:32,412872,0,0,,0,0,,,,,,,,,,,,,,,,,,,
01/06/2026 03:50:32,428221,0,0,,0,0,,,,,,,,,,,,,,,,,,,
01/06/2026 03:50:37,425897,1,.0078,,0,0,,,,,,,,,,,,,,,,,,,
01/06/2026 03:51:02,412872,0,0,,1,.0117,,,,,,,,,,,,,,,,,,,
01/06/2026 03:51:02,428221,1,.0078,,1,.0078,,,,,,,,,,,,,,,,,,,
01/06/2026 03:51:07,425897,0,0,,0,0,,,,,,,,,,,,,,,,,,,
01/06/2026 03:51:32,412872,0,0,,2,.0278,,,,,,,,,,,,,,,,,,,
01/06/2026 03:51:32,428221,0,0,,0,0,,,,,,,,,,,,,,,,,,,
01/06/2026 03:51:37,425897,1,.0078,,0,0,,,,,,,,,,,,,,,,,,,
01/06/2026 03:52:02,412872,0,0,,0,0,,,,,,,,,,,,,,,,,,,
01/06/2026 03:52:02,428221,0,0,,1,.0067,,,,,,,,,,,,,,,,,,,
01/06/2026 03:52:07,425897,0,0,,0,0,,,,,,,,,,,,,,,,,,,
01/06/2026 03:52:32,412872,0,0,,0,0,,,,,,,,,,,,,,,,,,,
01/06/2026 03:52:32,428221,0,0,,0,0,,,,,,,,,,,,,,,,,,,
01/06/2026 03:52:37,425897,0,0,,1,.0078,,,,,,,,,,,,,,,,,,,
01/06/2026 03:53:02,412872,0,0,,0,0,,,,,,,,,,,,,,,,,,,
01/06/2026 03:53:02,428221,0,0,,0,0,,,,,,,,,,,,,,,,,,,
01/06/2026 03:53:07,425897,0,0,,0,0,,,,,,,,,,,,,,,,,,,
01/06/2026 03:53:32,412872,0,0,,0,0,,,,,,,,,,,,,,,,,,,
01/06/2026 03:53:32,428221,0,0,,0,0,,,,,,,,,,,,,,,,,,,
01/06/2026 03:53:37,425897,0,0,,0,0,,,,,,,,,,,,,,,,,,,
01/06/2026 03:54:02,412872,0,0,,1,.0178,,,,,,,,,,,,,,,,,,,
01/06/2026 03:54:02,428221,0,0,,1,.01,,,,,,,,,,,,,,,,,,,
01/06/2026 03:54:07,425897,0,0,,0,0,,,,,,,,,,,,,,,,,,,
01/06/2026 03:54:32,412872,0,0,,0,0,,,,,,,,,,,,,,,,,,,
01/06/2026 03:54:32,428221,2,.0239,,0,0,,,,,,,,,,,,,,,,,,,
01/06/2026 03:54:37,425897,0,0,,0,0,,,,,,,,,,,,,,,,,,,
01/06/2026 03:55:02,412872,0,0,,0,0,,,,,,,,,,,,,,,,,,,
01/06/2026 03:55:02,428221,0,0,,0,0,,,,,,,,,,,,,,,,,,,
01/06/2026 03:55:07,425897,0,0,,0,0,,,,,,,,,,,,,,,,,,,
01/06/2026 03:55:32,412872,0,0,,0,0,,,,,,,,,,,,,,,,,,,
01/06/2026 03:55:32,428221,0,0,,0,0,,,,,,,,,,,,,,,,,,,
01/06/2026 03:55:37,425897,0,0,,0,0,,,,,,,,,,,,,,,,,,,
01/06/2026 03:56:02,412872,1,.015,,0,0,,,,,,,,,,,,,,,,,,,
01/06/2026 03:56:02,428221,1,.0078,,0,0,,,,,,,,,,,,,,,,,,,
01/06/2026 03:56:07,425897,0,0,,0,0,,,,,,,,,,,,,,,,,,,
01/06/2026 03:56:32,412872,0,0,,0,.0006,,,,,,,,,,,,,,,,,,,
01/06/2026 03:56:32,428221,2,.0167,,0,0,,,,,,,,,,,,,,,,,,,
01/06/2026 03:56:37,425897,1,.0078,,0,0,,,,,,,,,,,,,,,,,,,
01/06/2026 03:57:02,412872,0,0,,1,.0089,,,,,,,,,,,,,,,,,,,
01/06/2026 03:57:02,428221,0,0,,0,0,,,,,,,,,,,,,,,,,,,
01/06/2026 03:57:07,425897,1,.0089,,1,.01,,,,,,,,,,,,,,,,,,,
01/06/2026 03:57:32,412872,0,0,,0,0,,,,,,,,,,,,,,,,,,,
01/06/2026 03:57:32,428221,0,0,,1,.0106,,,,,,,,,,,,,,,,,,,
01/06/2026 03:57:37,425897,0,0,,0,0,,,,,,,,,,,,,,,,,,,
01/06/2026 03:58:02,412872,0,0,,0,0,,,,,,,,,,,,,,,,,,,
01/06/2026 03:58:02,428221,0,0,,0,0,,,,,,,,,,,,,,,,,,,
01/06/2026 03:58:07,425897,0,0,,0,0,,,,,,,,,,,,,,,,,,,
01/06/2026 03:58:32,412872,0,0,,0,0,,,,,,,,,,,,,,,,,,,
01/06/2026 03:58:32,428221,0,0,,0,0,,,,,,,,,,,,,,,,,,,
01/06/2026 03:58:37,425897,0,0,,0,0,,,,,,,,,,,,,,,,,,,
01/06/2026 03:59:02,412872,0,0,,0,0,,,,,,,,,,,,,,,,,,,
01/06/2026 03:59:02,428221,0,0,,0,0,,,,,,,,,,,,,,,,,,,
01/06/2026 03:59:07,425897,0,0,,0,0,,,,,,,,,,,,,,,,,,,
01/06/2026 03:59:32,412872,0,0,,0,0,,,,,,,,,,,,,,,,,,,
01/06/2026 03:59:32,428221,0,0,,1,.0067,,,,,,,,,,,,,,,,,,,
01/06/2026 03:59:37,425897,0,0,,0,0,,,,,,,,,,,,,,,,,,,
01/06/2026 04:00:02,412872,0,0,,0,0,,,,,,,,,,,,,,,,,,,
01/06/2026 04:00:02,428221,0,0,,0,0,,,,,,,,,,,,,,,,,,,
01/06/2026 04:00:07,425897,1,.0089,,1,.01,,,,,,,,,,,,,,,,,,,
01/06/2026 04:00:32,412872,0,0,,0,0,,,,,,,,,,,,,,,,,,,
01/06/2026 04:00:32,428221,1,.0089,,0,0,,,,,,,,,,,,,,,,,,,
01/06/2026 04:00:37,425897,0,0,,0,0,,,,,,,,,,,,,,,,,,,
01/06/2026 04:01:02,412872,0,0,,0,0,,,,,,,,,,,,,,,,,,,
01/06/2026 04:01:02,428221,1,.01,,0,0,,,,,,,,,,,,,,,,,,,
01/06/2026 04:01:07,425897,1,.0078,,0,0,,,,,,,,,,,,,,,,,,,
01/06/2026 04:01:32,412872,0,0,,0,0,,,,,,,,,,,,,,,,,,,
01/06/2026 04:01:32,428221,0,0,,0,0,,,,,,,,,,,,,,,,,,,
01/06/2026 04:01:37,425897,1,.0089,,1,.0117,,,,,,,,,,,,,,,,,,,
01/06/2026 04:02:02,412872,1,.0139,,0,0,,,,,,,,,,,,,,,,,,,
01/06/2026 04:02:02,428221,0,0,,0,0,,,,,,,,,,,,,,,,,,,
01/06/2026 04:02:07,425897,0,0,,0,0,,,,,,,,,,,,,,,,,,,
01/06/2026 04:02:32,412872,1,.0128,,1,.015,,,,,,,,,,,,,,,,,,,
01/06/2026 04:02:32,428221,3,.025,,1,.0078,,,,,,,,,,,,,,,,,,,
01/06/2026 04:02:37,425897,1,.01,,0,0,,,,,,,,,,,,,,,,,,,
01/06/2026 04:03:02,412872,0,0,,0,0,,,,,,,,,,,,,,,,,,,
01/06/2026 04:03:02,428221,1,.0056,,1,.0056,,,,,,,,,,,,,,,,,,,
01/06/2026 04:03:07,425897,0,0,,0,0,,,,,,,,,,,,,,,,,,,
01/06/2026 04:03:32,412872,1,.015,,1,.0117,,,,,,,,,,,,,,,,,,,
01/06/2026 04:03:32,428221,1,.01,,1,.01,,,,,,,,,,,,,,,,,,,
01/06/2026 04:03:37,425897,1,.01,,0,0,,,,,,,,,,,,,,,,,,,
01/06/2026 04:04:02,412872,0,0,,0,0,,,,,,,,,,,,,,,,,,,
01/06/2026 04:04:02,428221,2,.02,,1,.02,,,,,,,,,,,,,,,,,,,
01/06/2026 04:04:07,425897,1,.0078,,0,0,,,,,,,,,,,,,,,,,,,
01/06/2026 04:04:32,412872,0,0,,0,0,,,,,,,,,,,,,,,,,,,
01/06/2026 04:04:32,428221,0,0,,0,0,,,,,,,,,,,,,,,,,,,
01/06/2026 04:04:37,425897,0,0,,0,0,,,,,,,,,,,,,,,,,,,
01/06/2026 04:05:02,412872,0,0,,0,0,,,,,,,,,,,,,,,,,,,
01/06/2026 04:05:02,428221,0,0,,0,0,,,,,,,,,,,,,,,,,,,
01/06/2026 04:05:07,425897,1,.0067,,0,0,,,,,,,,,,,,,,,,,,,
01/06/2026 04:05:32,412872,0,0,,0,0,,,,,,,,,,,,,,,,,,,
01/06/2026 04:05:32,428221,2,.0128,,1,.0067,,,,,,,,,,,,,,,,,,,
01/06/2026 04:05:37,425897,0,0,,0,0,,,,,,,,,,,,,,,,,,,
01/06/2026 04:06:02,412872,0,0,,1,.0139,,,,,,,,,,,,,,,,,,,
01/06/2026 04:06:02,428221,1,.0089,,0,0,,,,,,,,,,,,,,,,,,,
01/06/2026 04:06:07,425897,0,0,,0,0,,,,,,,,,,,,,,,,,,,
01/06/2026 04:06:32,412872,1,.0039,,2,.0206,,,,,,,,,,,,,,,,,,,
01/06/2026 04:06:32,428221,0,0,,0,0,,,,,,,,,,,,,,,,,,,
01/06/2026 04:06:37,425897,0,0,,0,0,,,,,,,,,,,,,,,,,,,
01/06/2026 04:07:02,412872,0,0,,0,0,,,,,,,,,,,,,,,,,,,
01/06/2026 04:07:02,428221,0,0,,0,.0056,,,,,,,,,,,,,,,,,,,
01/06/2026 04:07:07,425897,0,0,,1,.0156,,,,,,,,,,,,,,,,,,,
01/06/2026 04:07:32,412872,0,0,,0,0,,,,,,,,,,,,,,,,,,,
01/06/2026 04:07:32,428221,0,0,,2,.0106,,,,,,,,,,,,,,,,,,,
01/06/2026 04:07:37,425897,3,.0278,,0,0,,,,,,,,,,,,,,,,,,,
01/06/2026 04:08:02,412872,0,0,,1,.0117,,,,,,,,,,,,,,,,,,,
01/06/2026 04:08:02,428221,1,.0128,,1,.0139,,,,,,,,,,,,,,,,,,,
01/06/2026 04:08:07,425897,1,.0128,,0,0,,,,,,,,,,,,,,,,,,,
01/06/2026 04:08:32,412872,0,0,,0,0,,,,,,,,,,,,,,,,,,,
01/06/2026 04:08:32,428221,0,0,,0,0,,,,,,,,,,,,,,,,,,,
01/06/2026 04:08:37,425897,0,0,,1,.0139,,,,,,,,,,,,,,,,,,,
01/06/2026 04:09:02,412872,0,0,,0,0,,,,,,,,,,,,,,,,,,,
01/06/2026 04:09:02,428221,0,0,,0,0,,,,,,,,,,,,,,,,,,,
01/06/2026 04:09:07,425897,1,.0078,,0,0,,,,,,,,,,,,,,,,,,,
01/06/2026 04:09:32,412872,1,.0106,,0,0,,,,,,,,,,,,,,,,,,,
01/06/2026 04:09:32,428221,0,0,,0,0,,,,,,,,,,,,,,,,,,,
01/06/2026 04:09:37,425897,0,0,,0,0,,,,,,,,,,,,,,,,,,,
01/06/2026 04:10:02,412872,0,0,,1,.0156,,,,,,,,,,,,,,,,,,,
01/06/2026 04:10:02,428221,1,.0078,,0,0,,,,,,,,,,,,,,,,,,,
01/06/2026 04:10:07,425897,0,0,,0,0,,,,,,,,,,,,,,,,,,,
01/06/2026 04:10:32,412872,0,0,,1,.015,,,,,,,,,,,,,,,,,,,
01/06/2026 04:10:32,428221,0,0,,0,0,,,,,,,,,,,,,,,,,,,
01/06/2026 04:10:37,425897,0,0,,0,0,,,,,,,,,,,,,,,,,,,
01/06/2026 04:11:02,412872,0,0,,1,.0117,,,,,,,,,,,,,,,,,,,
01/06/2026 04:11:02,428221,0,0,,0,0,,,,,,,,,,,,,,,,,,,
01/06/2026 04:11:07,425897,0,0,,0,0,,,,,,,,,,,,,,,,,,,
01/06/2026 04:11:32,412872,0,0,,1,.0128,,,,,,,,,,,,,,,,,,,
01/06/2026 04:11:32,428221,1,.0089,,1,.01,,,,,,,,,,,,,,,,,,,
01/06/2026 04:11:37,425897,2,.0217,,0,0,,,,,,,,,,,,,,,,,,,
01/06/2026 04:12:02,412872,0,0,,0,0,,,,,,,,,,,,,,,,,,,
01/06/2026 04:12:02,428221,2,.0167,,1,.0067,,,,,,,,,,,,,,,,,,,
01/06/2026 04:12:07,425897,0,0,,0,0,,,,,,,,,,,,,,,,,,,
01/06/2026 04:12:32,412872,0,0,,0,0,,,,,,,,,,,,,,,,,,,
01/06/2026 04:12:32,428221,0,0,,0,0,,,,,,,,,,,,,,,,,,,
01/06/2026 04:12:37,425897,0,0,,0,0,,,,,,,,,,,,,,,,,,,
01/06/2026 04:13:02,412872,0,0,,0,0,,,,,,,,,,,,,,,,,,,
01/06/2026 04:13:02,428221,0,0,,1,.01,,,,,,,,,,,,,,,,,,,
01/06/2026 04:13:07,425897,0,0,,0,0,,,,,,,,,,,,,,,,,,,
01/06/2026 04:13:32,412872,0,0,,0,0,,,,,,,,,,,,,,,,,,,
01/06/2026 04:13:32,428221,1,.01,,0,0,,,,,,,,,,,,,,,,,,,
01/06/2026 04:13:37,425897,0,0,,0,0,,,,,,,,,,,,,,,,,,,
01/06/2026 04:14:02,412872,0,0,,0,0,,,,,,,,,,,,,,,,,,,
01/06/2026 04:14:02,428221,1,.0106,,0,0,,,,,,,,,,,,,,,,,,,
01/06/2026 04:14:07,425897,0,0,,1,.0106,,,,,,,,,,,,,,,,,,,
01/06/2026 04:14:32,412872,1,.0106,,0,0,,,,,,,,,,,,,,,,,,,
01/06/2026 04:14:32,428221,1,.01,,0,0,,,,,,,,,,,,,,,,,,,
01/06/2026 04:14:37,425897,0,0,,0,0,,,,,,,,,,,,,,,,,,,
01/06/2026 04:15:02,412872,0,0,,0,0,,,,,,,,,,,,,,,,,,,
01/06/2026 04:15:02,428221,2,.0228,,1,.0106,,,,,,,,,,,,,,,,,,,
01/06/2026 04:15:07,425897,0,0,,0,0,,,,,,,,,,,,,,,,,,,
01/06/2026 04:15:32,412872,0,0,,0,0,,,,,,,,,,,,,,,,,,,
01/06/2026 04:15:32,428221,4,.0378,,0,0,,,,,,,,,,,,,,,,,,,
01/06/2026 04:15:37,425897,1,.0067,,0,0,,,,,,,,,,,,,,,,,,,
01/06/2026 04:16:02,412872,0,0,,1,.075,,,,,,,,,,,,,,,,,,,
01/06/2026 04:16:02,428221,2,.0189,,0,0,,,,,,,,,,,,,,,,,,,
01/06/2026 04:16:07,425897,1,.0089,,0,0,,,,,,,,,,,,,,,,,,,
01/06/2026 04:16:32,412872,0,0,,1,.0117,,,,,,,,,,,,,,,,,,,
01/06/2026 04:16:32,428221,0,0,,0,0,,,,,,,,,,,,,,,,,,,
01/06/2026 04:16:37,425897,0,0,,0,0,,,,,,,,,,,,,,,,,,,
01/06/2026 04:17:02,412872,1,.0128,,1,.0106,,,,,,,,,,,,,,,,,,,
01/06/2026 04:17:02,428221,1,.0067,,0,0,,,,,,,,,,,,,,,,,,,
01/06/2026 04:17:07,425897,0,0,,0,0,,,,,,,,,,,,,,,,,,,
01/06/2026 04:17:32,412872,0,0,,0,0,,,,,,,,,,,,,,,,,,,
01/06/2026 04:17:32,428221,0,0,,0,0,,,,,,,,,,,,,,,,,,,
01/06/2026 04:17:37,425897,1,.0117,,1,.0039,,,,,,,,,,,,,,,,,,,
01/06/2026 04:18:02,412872,0,0,,0,0,,,,,,,,,,,,,,,,,,,
01/06/2026 04:18:02,428221,0,0,,1,.0078,,,,,,,,,,,,,,,,,,,
01/06/2026 04:18:07,425897,0,0,,0,0,,,,,,,,,,,,,,,,,,,
01/06/2026 04:18:32,412872,0,0,,0,0,,,,,,,,,,,,,,,,,,,
01/06/2026 04:18:32,428221,2,.0206,,0,0,,,,,,,,,,,,,,,,,,,
01/06/2026 04:18:37,425897,0,0,,0,0,,,,,,,,,,,,,,,,,,,
01/06/2026 04:19:02,412872,1,.0106,,1,.02,,,,,,,,,,,,,,,,,,,
01/06/2026 04:19:02,428221,2,.02,,0,0,,,,,,,,,,,,,,,,,,,
01/06/2026 04:19:07,425897,0,0,,0,0,,,,,,,,,,,,,,,,,,,
01/06/2026 04:19:32,412872,0,0,,0,0,,,,,,,,,,,,,,,,,,,
01/06/2026 04:19:32,428221,0,0,,0,0,,,,,,,,,,,,,,,,,,,
01/06/2026 04:19:37,425897,0,0,,0,0,,,,,,,,,,,,,,,,,,,
01/06/2026 04:20:02,412872,0,0,,0,0,,,,,,,,,,,,,,,,,,,
01/06/2026 04:20:02,428221,1,.01,,0,0,,,,,,,,,,,,,,,,,,,
01/06/2026 04:20:07,425897,0,0,,0,0,,,,,,,,,,,,,,,,,,,
01/06/2026 04:20:32,412872,1,.0128,,2,.0278,,,,,,,,,,,,,,,,,,,
01/06/2026 04:20:32,428221,2,.0178,,0,0,,,,,,,,,,,,,,,,,,,
01/06/2026 04:20:37,425897,0,0,,0,0,,,,,,,,,,,,,,,,,,,
01/06/2026 04:21:02,412872,0,0,,2,.0206,,,,,,,,,,,,,,,,,,,
01/06/2026 04:21:02,428221,0,0,,0,0,,,,,,,,,,,,,,,,,,,
01/06/2026 04:21:07,425897,0,0,,1,.0117,,,,,,,,,,,,,,,,,,,
01/06/2026 04:21:32,412872,0,0,,0,0,,,,,,,,,,,,,,,,,,,
01/06/2026 04:21:32,428221,0,0,,0,0,,,,,,,,,,,,,,,,,,,
01/06/2026 04:21:37,425897,0,0,,0,0,,,,,,,,,,,,,,,,,,,
01/06/2026 04:22:02,412872,0,0,,1,.0117,,,,,,,,,,,,,,,,,,,
01/06/2026 04:22:02,428221,0,0,,1,.01,,,,,,,,,,,,,,,,,,,
01/06/2026 04:22:07,425897,0,0,,0,0,,,,,,,,,,,,,,,,,,,
01/06/2026 04:22:32,412872,0,0,,3,.035,,,,,,,,,,,,,,,,,,,
01/06/2026 04:22:32,428221,2,.02,,0,0,,,,,,,,,,,,,,,,,,,
01/06/2026 04:22:37,425897,0,0,,0,0,,,,,,,,,,,,,,,,,,,
01/06/2026 04:23:02,412872,0,0,,0,0,,,,,,,,,,,,,,,,,,,
01/06/2026 04:23:02,428221,3,.0278,,0,0,,,,,,,,,,,,,,,,,,,
01/06/2026 04:23:07,425897,0,0,,0,0,,,,,,,,,,,,,,,,,,,
01/06/2026 04:23:32,412872,0,0,,0,0,,,,,,,,,,,,,,,,,,,
01/06/2026 04:23:32,428221,2,.0206,,1,.0067,,,,,,,,,,,,,,,,,,,
01/06/2026 04:23:37,425897,0,0,,0,0,,,,,,,,,,,,,,,,,,,
01/06/2026 04:24:02,412872,0,0,,2,.0267,,,,,,,,,,,,,,,,,,,
01/06/2026 04:24:02,428221,0,0,,0,0,,,,,,,,,,,,,,,,,,,
01/06/2026 04:24:07,425897,1,.01,,1,.0117,,,,,,,,,,,,,,,,,,,
01/06/2026 04:24:32,412872,0,0,,0,0,,,,,,,,,,,,,,,,,,,
01/06/2026 04:24:32,428221,0,0,,0,0,,,,,,,,,,,,,,,,,,,
01/06/2026 04:24:37,425897,0,0,,0,0,,,,,,,,,,,,,,,,,,,
01/06/2026 04:25:02,412872,0,0,,0,0,,,,,,,,,,,,,,,,,,,
01/06/2026 04:25:02,428221,2,.02,,2,.0639,,,,,,,,,,,,,,,,,,,
01/06/2026 04:25:07,425897,0,0,,0,0,,,,,,,,,,,,,,,,,,,
01/06/2026 04:25:32,412872,0,0,,1,.0139,,,,,,,,,,,,,,,,,,,
01/06/2026 04:25:32,428221,1,.0089,,0,0,,,,,,,,,,,,,,,,,,,
01/06/2026 04:25:37,425897,0,0,,0,0,,,,,,,,,,,,,,,,,,,
01/06/2026 04:26:02,412872,0,0,,0,0,,,,,,,,,,,,,,,,,,,
01/06/2026 04:26:02,428221,0,0,,0,0,,,,,,,,,,,,,,,,,,,
01/06/2026 04:26:07,425897,1,.0139,,0,0,,,,,,,,,,,,,,,,,,,
01/06/2026 04:26:32,412872,0,0,,0,0,,,,,,,,,,,,,,,,,,,
01/06/2026 04:26:32,428221,0,0,,0,0,,,,,,,,,,,,,,,,,,,
01/06/2026 04:26:37,425897,0,0,,0,0,,,,,,,,,,,,,,,,,,,
01/06/2026 04:27:02,412872,0,0,,1,.0156,,,,,,,,,,,,,,,,,,,
01/06/2026 04:27:02,428221,2,.0217,,0,0,,,,,,,,,,,,,,,,,,,
01/06/2026 04:27:07,425897,3,.0267,,0,0,,,,,,,,,,,,,,,,,,,
01/06/2026 04:27:32,412872,0,0,,0,0,,,,,,,,,,,,,,,,,,,
01/06/2026 04:27:32,428221,1,.01,,4,.0339,,,,,,,,,,,,,,,,,,,
01/06/2026 04:27:37,425897,0,0,,1,.01,,,,,,,,,,,,,,,,,,,
01/06/2026 04:28:02,412872,2,.0728,,2,.0317,,,,,,,,,,,,,,,,,,,
01/06/2026 04:28:02,428221,0,0,,0,0,,,,,,,,,,,,,,,,,,,
01/06/2026 04:28:07,425897,0,0,,0,0,,,,,,,,,,,,,,,,,,,
01/06/2026 04:28:32,412872,1,.0139,,0,0,,,,,,,,,,,,,,,,,,,
01/06/2026 04:28:32,428221,3,.02,,2,.0206,,,,,,,,,,,,,,,,,,,
01/06/2026 04:28:37,425897,1,.0089,,1,.0106,,,,,,,,,,,,,,,,,,,
01/06/2026 04:29:02,412872,0,0,,0,0,,,,,,,,,,,,,,,,,,,
01/06/2026 04:29:02,428221,0,0,,2,.0217,,,,,,,,,,,,,,,,,,,
01/06/2026 04:29:07,425897,0,0,,0,0,,,,,,,,,,,,,,,,,,,
01/06/2026 04:29:32,412872,1,.0089,,2,.0217,,,,,,,,,,,,,,,,,,,
01/06/2026 04:29:32,428221,0,0,,2,.0217,,,,,,,,,,,,,,,,,,,
01/06/2026 04:29:37,425897,0,0,,0,0,,,,,,,,,,,,,,,,,,,
01/06/2026 04:30:02,412872,0,0,,0,0,,,,,,,,,,,,,,,,,,,
01/06/2026 04:30:02,428221,2,.025,,1,.0106,,,,,,,,,,,,,,,,,,,
01/06/2026 04:30:07,425897,0,0,,0,0,,,,,,,,,,,,,,,,,,,
01/06/2026 04:30:32,412872,0,0,,1,.0139,,,,,,,,,,,,,,,,,,,
01/06/2026 04:30:32,428221,3,.0228,,1,.0067,,,,,,,,,,,,,,,,,,,
01/06/2026 04:30:37,425897,0,0,,0,0,,,,,,,,,,,,,,,,,,,
01/06/2026 04:31:02,412872,0,0,,0,0,,,,,,,,,,,,,,,,,,,
01/06/2026 04:31:02,428221,1,.01,,0,0,,,,,,,,,,,,,,,,,,,
01/06/2026 04:31:07,425897,1,.01,,0,0,,,,,,,,,,,,,,,,,,,
01/06/2026 04:31:32,412872,0,0,,0,0,,,,,,,,,,,,,,,,,,,
01/06/2026 04:31:32,428221,2,.0156,,3,.0228,,,,,,,,,,,,,,,,,,,
01/06/2026 04:31:37,425897,0,0,,0,0,,,,,,,,,,,,,,,,,,,
01/06/2026 04:32:02,412872,0,0,,0,0,,,,,,,,,,,,,,,,,,,
01/06/2026 04:32:02,428221,2,.015,,0,0,,,,,,,,,,,,,,,,,,,
01/06/2026 04:32:07,425897,0,0,,0,0,,,,,,,,,,,,,,,,,,,
01/06/2026 04:32:32,412872,0,0,,0,0,,,,,,,,,,,,,,,,,,,
01/06/2026 04:32:32,428221,1,.0089,,0,0,,,,,,,,,,,,,,,,,,,
01/06/2026 04:32:37,425897,1,.0117,,1,.0117,,,,,,,,,,,,,,,,,,,
01/06/2026 04:33:02,412872,0,0,,0,0,,,,,,,,,,,,,,,,,,,
01/06/2026 04:33:02,428221,2,.0189,,0,0,,,,,,,,,,,,,,,,,,,
01/06/2026 04:33:07,425897,0,0,,0,0,,,,,,,,,,,,,,,,,,,
01/06/2026 04:33:32,412872,1,.01,,3,.0378,,,,,,,,,,,,,,,,,,,
01/06/2026 04:33:32,428221,0,0,,0,0,,,,,,,,,,,,,,,,,,,
01/06/2026 04:33:37,425897,0,0,,0,0,,,,,,,,,,,,,,,,,,,
01/06/2026 04:34:02,412872,0,0,,0,0,,,,,,,,,,,,,,,,,,,
01/06/2026 04:34:02,428221,1,.01,,0,0,,,,,,,,,,,,,,,,,,,
01/06/2026 04:34:07,425897,0,0,,0,0,,,,,,,,,,,,,,,,,,,
01/06/2026 04:34:32,412872,2,.0206,,3,.0306,,,,,,,,,,,,,,,,,,,
01/06/2026 04:34:32,428221,0,0,,0,0,,,,,,,,,,,,,,,,,,,
01/06/2026 04:34:37,425897,0,0,,0,0,,,,,,,,,,,,,,,,,,,
01/06/2026 04:35:02,412872,1,.0139,,2,.0228,,,,,,,,,,,,,,,,,,,
01/06/2026 04:35:02,428221,0,0,,2,.0228,,,,,,,,,,,,,,,,,,,
01/06/2026 04:35:07,425897,0,0,,0,0,,,,,,,,,,,,,,,,,,,
01/06/2026 04:35:32,412872,0,0,,0,0,,,,,,,,,,,,,,,,,,,
01/06/2026 04:35:32,428221,1,.01,,0,0,,,,,,,,,,,,,,,,,,,
01/06/2026 04:35:37,425897,0,0,,0,0,,,,,,,,,,,,,,,,,,,
01/06/2026 04:36:02,412872,1,.0167,,1,.0078,,,,,,,,,,,,,,,,,,,
01/06/2026 04:36:02,428221,0,0,,1,.0089,,,,,,,,,,,,,,,,,,,
01/06/2026 04:36:07,425897,0,0,,0,0,,,,,,,,,,,,,,,,,,,
01/06/2026 04:36:32,412872,0,0,,3,.0356,,,,,,,,,,,,,,,,,,,
01/06/2026 04:36:32,428221,1,.0106,,2,.0317,,,,,,,,,,,,,,,,,,,
01/06/2026 04:36:37,425897,0,0,,0,0,,,,,,,,,,,,,,,,,,,
01/06/2026 04:37:02,412872,0,0,,0,0,,,,,,,,,,,,,,,,,,,
01/06/2026 04:37:02,428221,1,.0117,,0,0,,,,,,,,,,,,,,,,,,,
01/06/2026 04:37:07,425897,2,.02,,0,0,,,,,,,,,,,,,,,,,,,
01/06/2026 04:37:32,412872,0,0,,0,0,,,,,,,,,,,,,,,,,,,
01/06/2026 04:37:32,428221,0,0,,0,0,,,,,,,,,,,,,,,,,,,
01/06/2026 04:37:37,425897,0,0,,0,0,,,,,,,,,,,,,,,,,,,
01/06/2026 04:38:02,412872,0,0,,0,0,,,,,,,,,,,,,,,,,,,
01/06/2026 04:38:02,428221,0,0,,0,0,,,,,,,,,,,,,,,,,,,
01/06/2026 04:38:07,425897,1,.0089,,0,0,,,,,,,,,,,,,,,,,,,
01/06/2026 04:38:32,412872,0,0,,1,.0106,,,,,,,,,,,,,,,,,,,
01/06/2026 04:38:32,428221,0,0,,3,.0367,,,,,,,,,,,,,,,,,,,
01/06/2026 04:38:37,425897,1,.0078,,0,0,,,,,,,,,,,,,,,,,,,
01/06/2026 04:39:02,412872,0,0,,0,0,,,,,,,,,,,,,,,,,,,
01/06/2026 04:39:02,428221,1,.0078,,3,.025,,,,,,,,,,,,,,,,,,,
01/06/2026 04:39:07,425897,0,0,,0,0,,,,,,,,,,,,,,,,,,,
01/06/2026 04:39:32,412872,0,0,,0,0,,,,,,,,,,,,,,,,,,,
01/06/2026 04:39:32,428221,1,.0106,,0,0,,,,,,,,,,,,,,,,,,,
01/06/2026 04:39:37,425897,0,0,,0,0,,,,,,,,,,,,,,,,,,,
01/06/2026 04:40:02,412872,0,0,,0,0,,,,,,,,,,,,,,,,,,,
01/06/2026 04:40:02,428221,3,.0267,,2,.0178,,,,,,,,,,,,,,,,,,,
01/06/2026 04:40:07,425897,0,0,,0,0,,,,,,,,,,,,,,,,,,,
01/06/2026 04:40:32,412872,0,0,,1,.015,,,,,,,,,,,,,,,,,,,
01/06/2026 04:40:32,428221,0,0,,0,0,,,,,,,,,,,,,,,,,,,
01/06/2026 04:40:37,425897,0,0,,0,0,,,,,,,,,,,,,,,,,,,
01/06/2026 04:41:02,412872,1,.0139,,1,.0117,,,,,,,,,,,,,,,,,,,
01/06/2026 04:41:02,428221,1,.0056,,2,.0139,,,,,,,,,,,,,,,,,,,
01/06/2026 04:41:07,425897,0,0,,0,0,,,,,,,,,,,,,,,,,,,
01/06/2026 04:41:32,412872,0,0,,0,0,,,,,,,,,,,,,,,,,,,
01/06/2026 04:41:32,428221,1,.0089,,2,.0228,,,,,,,,,,,,,,,,,,,
01/06/2026 04:41:37,425897,1,.0189,,0,0,,,,,,,,,,,,,,,,,,,
01/06/2026 04:42:02,412872,0,0,,1,.0117,,,,,,,,,,,,,,,,,,,
01/06/2026 04:42:02,428221,0,0,,1,.015,,,,,,,,,,,,,,,,,,,
01/06/2026 04:42:07,425897,1,.01,,0,0,,,,,,,,,,,,,,,,,,,
01/06/2026 04:42:32,412872,0,0,,2,.025,,,,,,,,,,,,,,,,,,,
01/06/2026 04:42:32,428221,2,.0206,,1,.0028,,,,,,,,,,,,,,,,,,,
01/06/2026 04:42:37,425897,1,.0089,,0,0,,,,,,,,,,,,,,,,,,,
01/06/2026 04:43:02,412872,2,.0367,,0,0,,,,,,,,,,,,,,,,,,,
01/06/2026 04:43:02,428221,0,0,,0,0,,,,,,,,,,,,,,,,,,,
01/06/2026 04:43:07,425897,1,.0089,,0,0,,,,,,,,,,,,,,,,,,,
01/06/2026 04:43:32,412872,0,0,,0,0,,,,,,,,,,,,,,,,,,,
01/06/2026 04:43:32,428221,3,.0306,,3,.0239,,,,,,,,,,,,,,,,,,,
01/06/2026 04:43:37,425897,0,0,,0,0,,,,,,,,,,,,,,,,,,,
01/06/2026 04:44:02,412872,0,0,,0,0,,,,,,,,,,,,,,,,,,,
01/06/2026 04:44:02,428221,2,.0189,,0,0,,,,,,,,,,,,,,,,,,,
01/06/2026 04:44:07,425897,1,.035,,0,0,,,,,,,,,,,,,,,,,,,
01/06/2026 04:44:32,412872,0,0,,0,0,,,,,,,,,,,,,,,,,,,
01/06/2026 04:44:32,428221,2,.0217,,2,.02,,,,,,,,,,,,,,,,,,,
01/06/2026 04:44:37,425897,1,.0089,,0,0,,,,,,,,,,,,,,,,,,,
01/06/2026 04:45:02,412872,0,0,,0,0,,,,,,,,,,,,,,,,,,,
01/06/2026 04:45:02,428221,2,.0139,,1,.0067,,,,,,,,,,,,,,,,,,,
01/06/2026 04:45:07,425897,0,0,,0,0,,,,,,,,,,,,,,,,,,,
01/06/2026 04:45:32,412872,0,0,,1,.0117,,,,,,,,,,,,,,,,,,,
01/06/2026 04:45:32,428221,1,.0078,,1,.01,,,,,,,,,,,,,,,,,,,
01/06/2026 04:45:37,425897,0,0,,0,0,,,,,,,,,,,,,,,,,,,
01/06/2026 04:46:02,412872,0,0,,0,0,,,,,,,,,,,,,,,,,,,
01/06/2026 04:46:02,428221,2,.0317,,1,.0089,,,,,,,,,,,,,,,,,,,
01/06/2026 04:46:07,425897,2,.0139,,1,.0106,,,,,,,,,,,,,,,,,,,
01/06/2026 04:46:32,412872,0,0,,0,0,,,,,,,,,,,,,,,,,,,
01/06/2026 04:46:32,428221,0,0,,0,0,,,,,,,,,,,,,,,,,,,
01/06/2026 04:46:37,425897,2,.0178,,0,0,,,,,,,,,,,,,,,,,,,
01/06/2026 04:47:02,412872,1,.0128,,0,0,,,,,,,,,,,,,,,,,,,
01/06/2026 04:47:02,428221,3,.0256,,3,.025,,,,,,,,,,,,,,,,,,,
01/06/2026 04:47:07,425897,2,.0156,,0,0,,,,,,,,,,,,,,,,,,,
01/06/2026 04:47:32,412872,1,.0178,,0,0,,,,,,,,,,,,,,,,,,,
01/06/2026 04:47:32,428221,0,0,,1,.0067,,,,,,,,,,,,,,,,,,,
01/06/2026 04:47:37,425897,3,.0239,,0,0,,,,,,,,,,,,,,,,,,,
01/06/2026 04:48:02,412872,1,.005,,0,0,,,,,,,,,,,,,,,,,,,
01/06/2026 04:48:02,428221,0,0,,1,.0089,,,,,,,,,,,,,,,,,,,
01/06/2026 04:48:07,425897,0,0,,0,0,,,,,,,,,,,,,,,,,,,
01/06/2026 04:48:32,412872,1,.0089,,0,0,,,,,,,,,,,,,,,,,,,
01/06/2026 04:48:32,428221,1,.01,,2,.0178,,,,,,,,,,,,,,,,,,,
01/06/2026 04:48:37,425897,0,0,,1,.0078,,,,,,,,,,,,,,,,,,,
01/06/2026 04:49:02,412872,0,0,,0,0,,,,,,,,,,,,,,,,,,,
01/06/2026 04:49:02,428221,2,.0189,,2,.0167,,,,,,,,,,,,,,,,,,,
01/06/2026 04:49:07,425897,0,0,,0,0,,,,,,,,,,,,,,,,,,,
01/06/2026 04:49:32,412872,0,0,,1,.0106,,,,,,,,,,,,,,,,,,,
01/06/2026 04:49:32,428221,0,0,,1,.0078,,,,,,,,,,,,,,,,,,,
01/06/2026 04:49:37,425897,0,0,,0,0,,,,,,,,,,,,,,,,,,,
01/06/2026 04:50:02,412872,0,0,,1,.0128,,,,,,,,,,,,,,,,,,,
01/06/2026 04:50:02,428221,0,0,,1,.005,,,,,,,,,,,,,,,,,,,
01/06/2026 04:50:07,425897,1,.0106,,0,0,,,,,,,,,,,,,,,,,,,
01/06/2026 04:50:32,412872,0,0,,0,0,,,,,,,,,,,,,,,,,,,
01/06/2026 04:50:32,428221,1,.0089,,2,.0178,,,,,,,,,,,,,,,,,,,
01/06/2026 04:50:37,425897,0,0,,0,0,,,,,,,,,,,,,,,,,,,
01/06/2026 04:51:02,412872,1,.0117,,2,.0278,,,,,,,,,,,,,,,,,,,
01/06/2026 04:51:02,428221,3,.03,,0,0,,,,,,,,,,,,,,,,,,,
01/06/2026 04:51:07,425897,0,0,,0,0,,,,,,,,,,,,,,,,,,,
01/06/2026 04:51:32,412872,0,0,,2,.0267,,,,,,,,,,,,,,,,,,,
01/06/2026 04:51:32,428221,3,.03,,0,0,,,,,,,,,,,,,,,,,,,
01/06/2026 04:51:37,425897,0,0,,0,0,,,,,,,,,,,,,,,,,,,
01/06/2026 04:52:02,412872,0,0,,0,0,,,,,,,,,,,,,,,,,,,
01/06/2026 04:52:02,428221,3,.0328,,4,.0356,,,,,,,,,,,,,,,,,,,
01/06/2026 04:52:07,425897,0,0,,0,0,,,,,,,,,,,,,,,,,,,
01/06/2026 04:52:32,412872,0,0,,1,.0117,,,,,,,,,,,,,,,,,,,
01/06/2026 04:52:32,428221,0,0,,0,0,,,,,,,,,,,,,,,,,,,
01/06/2026 04:52:37,425897,0,0,,0,0,,,,,,,,,,,,,,,,,,,
01/06/2026 04:53:02,412872,0,0,,0,0,,,,,,,,,,,,,,,,,,,
01/06/2026 04:53:02,428221,1,.0089,,0,0,,,,,,,,,,,,,,,,,,,
01/06/2026 04:53:07,425897,1,.0206,,1,.0356,,,,,,,,,,,,,,,,,,,
01/06/2026 04:53:32,412872,0,0,,0,0,,,,,,,,,,,,,,,,,,,
01/06/2026 04:53:32,428221,2,.0178,,2,.015,,,,,,,,,,,,,,,,,,,
01/06/2026 04:53:37,425897,0,0,,0,0,,,,,,,,,,,,,,,,,,,
01/06/2026 04:54:02,412872,0,0,,0,0,,,,,,,,,,,,,,,,,,,
01/06/2026 04:54:02,428221,1,.0078,,1,.0078,,,,,,,,,,,,,,,,,,,
01/06/2026 04:54:07,425897,2,.0228,,0,0,,,,,,,,,,,,,,,,,,,
01/06/2026 04:54:32,412872,0,0,,0,0,,,,,,,,,,,,,,,,,,,
01/06/2026 04:54:32,428221,2,.0217,,0,0,,,,,,,,,,,,,,,,,,,
01/06/2026 04:54:37,425897,0,0,,0,0,,,,,,,,,,,,,,,,,,,
01/06/2026 04:55:02,412872,1,.0067,,1,.0078,,,,,,,,,,,,,,,,,,,
01/06/2026 04:55:02,428221,0,0,,1,.0089,,,,,,,,,,,,,,,,,,,
01/06/2026 04:55:07,425897,3,.0256,,0,0,,,,,,,,,,,,,,,,,,,
01/06/2026 04:55:32,412872,1,.0139,,1,.0139,,,,,,,,,,,,,,,,,,,
01/06/2026 04:55:32,428221,1,.0106,,0,0,,,,,,,,,,,,,,,,,,,
01/06/2026 04:55:37,425897,2,.0189,,1,.0039,,,,,,,,,,,,,,,,,,,
01/06/2026 04:56:02,412872,0,0,,1,.0128,,,,,,,,,,,,,,,,,,,
01/06/2026 04:56:02,428221,1,.01,,1,.0089,,,,,,,,,,,,,,,,,,,
01/06/2026 04:56:07,425897,1,.0089,,0,0,,,,,,,,,,,,,,,,,,,
01/06/2026 04:56:32,412872,0,0,,0,0,,,,,,,,,,,,,,,,,,,
01/06/2026 04:56:32,428221,0,0,,0,0,,,,,,,,,,,,,,,,,,,
01/06/2026 04:56:37,425897,0,0,,0,0,,,,,,,,,,,,,,,,,,,
01/06/2026 04:57:02,412872,0,0,,1,.0117,,,,,,,,,,,,,,,,,,,
01/06/2026 04:57:02,428221,3,.03,,2,.0189,,,,,,,,,,,,,,,,,,,
01/06/2026 04:57:07,425897,1,.0078,,1,.0106,,,,,,,,,,,,,,,,,,,
01/06/2026 04:57:32,412872,1,.0167,,0,0,,,,,,,,,,,,,,,,,,,
01/06/2026 04:57:32,428221,1,.0078,,2,.0217,,,,,,,,,,,,,,,,,,,
01/06/2026 04:57:37,425897,2,.0167,,0,0,,,,,,,,,,,,,,,,,,,
01/06/2026 04:58:02,412872,0,0,,0,0,,,,,,,,,,,,,,,,,,,
01/06/2026 04:58:02,428221,2,.02,,1,.0089,,,,,,,,,,,,,,,,,,,
01/06/2026 04:58:07,425897,1,.0078,,0,0,,,,,,,,,,,,,,,,,,,
01/06/2026 04:58:32,412872,0,0,,1,.01,,,,,,,,,,,,,,,,,,,
01/06/2026 04:58:32,428221,2,.0178,,0,0,,,,,,,,,,,,,,,,,,,
01/06/2026 04:58:37,425897,0,0,,0,0,,,,,,,,,,,,,,,,,,,
01/06/2026 04:59:02,412872,0,0,,0,0,,,,,,,,,,,,,,,,,,,
01/06/2026 04:59:02,428221,1,.0117,,2,.02,,,,,,,,,,,,,,,,,,,
01/06/2026 04:59:07,425897,3,.0289,,2,.0217,,,,,,,,,,,,,,,,,,,
01/06/2026 04:59:32,412872,0,0,,1,.0167,,,,,,,,,,,,,,,,,,,
01/06/2026 04:59:32,428221,1,.0117,,2,.02,,,,,,,,,,,,,,,,,,,
01/06/2026 04:59:37,425897,0,0,,0,0,,,,,,,,,,,,,,,,,,,
01/06/2026 05:00:02,412872,0,0,,1,.0139,,,,,,,,,,,,,,,,,,,
01/06/2026 05:00:02,428221,1,.0089,,0,0,,,,,,,,,,,,,,,,,,,
01/06/2026 05:00:07,425897,0,0,,0,0,,,,,,,,,,,,,,,,,,,
01/06/2026 05:00:32,412872,0,0,,0,0,,,,,,,,,,,,,,,,,,,
01/06/2026 05:00:32,428221,3,.03,,0,.0128,,,,,,,,,,,,,,,,,,,
01/06/2026 05:00:37,425897,0,0,,0,0,,,,,,,,,,,,,,,,,,,
01/06/2026 05:01:02,412872,1,.0089,,1,.0128,,,,,,,,,,,,,,,,,,,
01/06/2026 05:01:02,428221,0,0,,1,.0378,,,,,,,,,,,,,,,,,,,
01/06/2026 05:01:07,425897,0,0,,0,0,,,,,,,,,,,,,,,,,,,
01/06/2026 05:01:32,412872,1,.0117,,2,.025,,,,,,,,,,,,,,,,,,,
01/06/2026 05:01:32,428221,1,.005,,3,.0528,,,,,,,,,,,,,,,,,,,
01/06/2026 05:01:37,425897,1,.0078,,0,0,,,,,,,,,,,,,,,,,,,
01/06/2026 05:02:02,412872,0,0,,0,0,,,,,,,,,,,,,,,,,,,
01/06/2026 05:02:02,428221,1,.005,,3,.0528,,,,,,,,,,,,,,,,,,,
01/06/2026 05:02:07,425897,0,0,,0,0,,,,,,,,,,,,,,,,,,,
01/06/2026 05:02:32,412872,1,.0117,,0,0,,,,,,,,,,,,,,,,,,,
01/06/2026 05:02:32,428221,0,0,,2,.0167,,,,,,,,,,,,,,,,,,,
01/06/2026 05:02:37,425897,0,0,,0,0,,,,,,,,,,,,,,,,,,,
01/06/2026 05:03:02,412872,0,0,,0,0,,,,,,,,,,,,,,,,,,,
01/06/2026 05:03:02,428221,0,0,,0,0,,,,,,,,,,,,,,,,,,,
01/06/2026 05:03:07,425897,0,0,,0,0,,,,,,,,,,,,,,,,,,,
01/06/2026 05:03:32,412872,0,0,,0,0,,,,,,,,,,,,,,,,,,,
01/06/2026 05:03:32,428221,0,0,,0,0,,,,,,,,,,,,,,,,,,,
01/06/2026 05:03:37,425897,0,0,,0,0,,,,,,,,,,,,,,,,,,,
01/06/2026 05:04:02,412872,0,0,,0,0,,,,,,,,,,,,,,,,,,,
01/06/2026 05:04:02,428221,5,.0489,,5,.0389,,,,,,,,,,,,,,,,,,,
01/06/2026 05:04:07,425897,0,0,,1,.01,,,,,,,,,,,,,,,,,,,
01/06/2026 05:04:32,412872,0,0,,1,.0117,,,,,,,,,,,,,,,,,,,
01/06/2026 05:04:32,428221,1,.0078,,0,0,,,,,,,,,,,,,,,,,,,
01/06/2026 05:04:37,425897,0,0,,0,0,,,,,,,,,,,,,,,,,,,
01/06/2026 05:05:02,412872,0,0,,1,.0117,,,,,,,,,,,,,,,,,,,
01/06/2026 05:05:02,428221,1,.0128,,0,0,,,,,,,,,,,,,,,,,,,
01/06/2026 05:05:07,425897,0,0,,0,0,,,,,,,,,,,,,,,,,,,
01/06/2026 05:05:32,412872,0,0,,0,0,,,,,,,,,,,,,,,,,,,
01/06/2026 05:05:32,428221,1,.01,,2,.0167,,,,,,,,,,,,,,,,,,,
01/06/2026 05:05:37,425897,0,0,,0,0,,,,,,,,,,,,,,,,,,,
01/06/2026 05:06:02,412872,0,0,,1,.0128,,,,,,,,,,,,,,,,,,,
01/06/2026 05:06:02,428221,2,.0189,,0,0,,,,,,,,,,,,,,,,,,,
01/06/2026 05:06:07,425897,0,0,,0,0,,,,,,,,,,,,,,,,,,,
01/06/2026 05:06:32,412872,1,.0128,,0,0,,,,,,,,,,,,,,,,,,,
01/06/2026 05:06:32,428221,1,.0078,,0,0,,,,,,,,,,,,,,,,,,,
01/06/2026 05:06:37,425897,0,0,,0,0,,,,,,,,,,,,,,,,,,,
01/06/2026 05:07:02,412872,1,.0039,,1,.01,,,,,,,,,,,,,,,,,,,
01/06/2026 05:07:02,428221,1,.01,,2,.0206,,,,,,,,,,,,,,,,,,,
01/06/2026 05:07:07,425897,1,.03,,1,.0039,,,,,,,,,,,,,,,,,,,
01/06/2026 05:07:32,412872,0,0,,0,0,,,,,,,,,,,,,,,,,,,
01/06/2026 05:07:32,428221,0,0,,0,0,,,,,,,,,,,,,,,,,,,
01/06/2026 05:07:37,425897,0,0,,0,0,,,,,,,,,,,,,,,,,,,
01/06/2026 05:08:02,412872,0,0,,1,.0128,,,,,,,,,,,,,,,,,,,
01/06/2026 05:08:02,428221,0,0,,1,.0067,,,,,,,,,,,,,,,,,,,
01/06/2026 05:08:07,425897,2,.08,,0,0,,,,,,,,,,,,,,,,,,,
01/06/2026 05:08:32,412872,0,0,,0,0,,,,,,,,,,,,,,,,,,,
01/06/2026 05:08:32,428221,3,.03,,2,.0178,,,,,,,,,,,,,,,,,,,
01/06/2026 05:08:37,425897,0,0,,0,0,,,,,,,,,,,,,,,,,,,
01/06/2026 05:09:02,412872,0,0,,1,.0106,,,,,,,,,,,,,,,,,,,
01/06/2026 05:09:02,428221,0,0,,1,.0056,,,,,,,,,,,,,,,,,,,
01/06/2026 05:09:07,425897,0,0,,0,0,,,,,,,,,,,,,,,,,,,
01/06/2026 05:09:32,412872,0,0,,0,0,,,,,,,,,,,,,,,,,,,
01/06/2026 05:09:32,428221,1,.0106,,1,.0078,,,,,,,,,,,,,,,,,,,
01/06/2026 05:09:37,425897,0,0,,1,.0256,,,,,,,,,,,,,,,,,,,
01/06/2026 05:10:02,412872,0,0,,0,0,,,,,,,,,,,,,,,,,,,
01/06/2026 05:10:02,428221,4,.0456,,0,0,,,,,,,,,,,,,,,,,,,
01/06/2026 05:10:07,425897,1,.0378,,1,.0606,,,,,,,,,,,,,,,,,,,
01/06/2026 05:10:32,412872,0,0,,0,0,,,,,,,,,,,,,,,,,,,
01/06/2026 05:10:32,428221,0,0,,1,.01,,,,,,,,,,,,,,,,,,,
01/06/2026 05:10:37,425897,0,0,,1,.0328,,,,,,,,,,,,,,,,,,,
01/06/2026 05:11:02,412872,0,0,,0,0,,,,,,,,,,,,,,,,,,,
01/06/2026 05:11:02,428221,0,0,,0,0,,,,,,,,,,,,,,,,,,,
01/06/2026 05:11:07,425897,0,0,,0,0,,,,,,,,,,,,,,,,,,,
01/06/2026 05:11:32,412872,0,0,,1,.0128,,,,,,,,,,,,,,,,,,,
01/06/2026 05:11:32,428221,2,.0228,,2,.0206,,,,,,,,,,,,,,,,,,,
01/06/2026 05:11:37,425897,0,0,,2,.0689,,,,,,,,,,,,,,,,,,,
01/06/2026 05:12:02,412872,0,0,,0,0,,,,,,,,,,,,,,,,,,,
01/06/2026 05:12:02,428221,4,.0378,,1,.0089,,,,,,,,,,,,,,,,,,,
01/06/2026 05:12:07,425897,0,0,,0,0,,,,,,,,,,,,,,,,,,,
01/06/2026 05:12:32,412872,0,0,,0,0,,,,,,,,,,,,,,,,,,,
01/06/2026 05:12:32,428221,1,.0106,,1,.0106,,,,,,,,,,,,,,,,,,,
01/06/2026 05:12:37,425897,0,0,,0,0,,,,,,,,,,,,,,,,,,,
01/06/2026 05:13:02,412872,0,0,,1,.0106,,,,,,,,,,,,,,,,,,,
01/06/2026 05:13:02,428221,1,.0089,,1,.0089,,,,,,,,,,,,,,,,,,,
01/06/2026 05:13:07,425897,2,.06,,0,0,,,,,,,,,,,,,,,,,,,
01/06/2026 05:13:32,412872,1,.0106,,1,.0106,,,,,,,,,,,,,,,,,,,
01/06/2026 05:13:32,428221,1,.0089,,0,0,,,,,,,,,,,,,,,,,,,
01/06/2026 05:13:37,425897,0,0,,0,0,,,,,,,,,,,,,,,,,,,
01/06/2026 05:14:02,412872,0,0,,2,.03,,,,,,,,,,,,,,,,,,,
01/06/2026 05:14:02,428221,1,.0117,,1,.0078,,,,,,,,,,,,,,,,,,,
01/06/2026 05:14:07,425897,0,0,,0,0,,,,,,,,,,,,,,,,,,,
01/06/2026 05:14:32,412872,0,0,,1,.01,,,,,,,,,,,,,,,,,,,
01/06/2026 05:14:32,428221,1,.01,,1,.0078,,,,,,,,,,,,,,,,,,,
01/06/2026 05:14:37,425897,1,.0467,,0,0,,,,,,,,,,,,,,,,,,,
01/06/2026 05:15:02,412872,0,0,,0,0,,,,,,,,,,,,,,,,,,,
01/06/2026 05:15:02,428221,1,.0089,,0,0,,,,,,,,,,,,,,,,,,,
01/06/2026 05:15:07,425897,0,0,,0,0,,,,,,,,,,,,,,,,,,,
01/06/2026 05:15:32,412872,1,.0128,,0,0,,,,,,,,,,,,,,,,,,,
01/06/2026 05:15:32,428221,0,0,,1,.01,,,,,,,,,,,,,,,,,,,
01/06/2026 05:15:37,425897,0,0,,0,0,,,,,,,,,,,,,,,,,,,
01/06/2026 05:16:02,412872,0,0,,0,0,,,,,,,,,,,,,,,,,,,
01/06/2026 05:16:02,428221,1,.01,,1,.0089,,,,,,,,,,,,,,,,,,,
01/06/2026 05:16:07,425897,1,.0406,,3,.2928,,,,,,,,,,,,,,,,,,,
01/06/2026 05:16:32,412872,1,.0139,,1,.0139,,,,,,,,,,,,,,,,,,,
01/06/2026 05:16:32,428221,1,.0089,,2,.0167,,,,,,,,,,,,,,,,,,,
01/06/2026 05:16:37,425897,0,0,,0,0,,,,,,,,,,,,,,,,,,,
01/06/2026 05:17:02,412872,1,.0128,,1,.0117,,,,,,,,,,,,,,,,,,,
01/06/2026 05:17:02,428221,0,0,,0,0,,,,,,,,,,,,,,,,,,,
01/06/2026 05:17:07,425897,0,0,,0,0,,,,,,,,,,,,,,,,,,,
01/06/2026 05:17:32,412872,1,.0167,,0,0,,,,,,,,,,,,,,,,,,,
01/06/2026 05:17:32,428221,0,0,,0,0,,,,,,,,,,,,,,,,,,,
01/06/2026 05:17:37,425897,0,0,,0,0,,,,,,,,,,,,,,,,,,,
01/06/2026 05:18:02,412872,0,0,,2,.0239,,,,,,,,,,,,,,,,,,,
01/06/2026 05:18:02,428221,0,0,,0,0,,,,,,,,,,,,,,,,,,,
01/06/2026 05:18:07,425897,0,0,,0,0,,,,,,,,,,,,,,,,,,,
01/06/2026 05:18:32,412872,0,0,,2,.0239,,,,,,,,,,,,,,,,,,,
01/06/2026 05:18:32,428221,0,0,,1,.01,,,,,,,,,,,,,,,,,,,
01/06/2026 05:18:37,425897,0,0,,1,.0456,,,,,,,,,,,,,,,,,,,
01/06/2026 05:19:02,412872,0,0,,1,.0128,,,,,,,,,,,,,,,,,,,
01/06/2026 05:19:02,428221,0,0,,1,.0089,,,,,,,,,,,,,,,,,,,
01/06/2026 05:19:07,425897,0,0,,0,0,,,,,,,,,,,,,,,,,,,
01/06/2026 05:19:32,412872,0,0,,0,0,,,,,,,,,,,,,,,,,,,
01/06/2026 05:19:32,428221,2,.0189,,3,.0228,,,,,,,,,,,,,,,,,,,
01/06/2026 05:19:37,425897,0,0,,0,0,,,,,,,,,,,,,,,,,,,
01/06/2026 05:20:02,412872,0,0,,0,0,,,,,,,,,,,,,,,,,,,
01/06/2026 05:20:02,428221,3,.0317,,6,.06,,,,,,,,,,,,,,,,,,,
01/06/2026 05:20:07,425897,3,.035,,0,0,,,,,,,,,,,,,,,,,,,
01/06/2026 05:20:32,412872,0,0,,3,.0439,,,,,,,,,,,,,,,,,,,
01/06/2026 05:20:32,428221,1,.01,,0,0,,,,,,,,,,,,,,,,,,,
01/06/2026 05:20:37,425897,2,.015,,1,.005,,,,,,,,,,,,,,,,,,,
01/06/2026 05:21:02,412872,0,0,,0,0,,,,,,,,,,,,,,,,,,,
01/06/2026 05:21:02,428221,4,.0356,,1,.0078,,,,,,,,,,,,,,,,,,,
01/06/2026 05:21:07,425897,0,0,,0,0,,,,,,,,,,,,,,,,,,,
01/06/2026 05:21:32,412872,1,.0139,,2,.0217,,,,,,,,,,,,,,,,,,,
01/06/2026 05:21:32,428221,1,.01,,1,.0089,,,,,,,,,,,,,,,,,,,
01/06/2026 05:21:37,425897,0,0,,0,0,,,,,,,,,,,,,,,,,,,
01/06/2026 05:22:02,412872,1,.0306,,0,0,,,,,,,,,,,,,,,,,,,
01/06/2026 05:22:02,428221,1,.0106,,0,0,,,,,,,,,,,,,,,,,,,
01/06/2026 05:22:07,425897,0,0,,2,.0217,,,,,,,,,,,,,,,,,,,
01/06/2026 05:22:32,412872,1,.0106,,2,.0256,,,,,,,,,,,,,,,,,,,
01/06/2026 05:22:32,428221,3,.0256,,2,.015,,,,,,,,,,,,,,,,,,,
01/06/2026 05:22:37,425897,0,0,,0,0,,,,,,,,,,,,,,,,,,,
01/06/2026 05:23:02,412872,0,0,,1,.0128,,,,,,,,,,,,,,,,,,,
01/06/2026 05:23:02,428221,1,.0089,,1,.0078,,,,,,,,,,,,,,,,,,,
01/06/2026 05:23:07,425897,1,.0106,,2,.0239,,,,,,,,,,,,,,,,,,,
01/06/2026 05:23:32,412872,1,.0056,,1,.0089,,,,,,,,,,,,,,,,,,,
01/06/2026 05:23:32,428221,1,.01,,2,.0167,,,,,,,,,,,,,,,,,,,
01/06/2026 05:23:37,425897,0,0,,0,0,,,,,,,,,,,,,,,,,,,
01/06/2026 05:24:02,412872,0,0,,0,0,,,,,,,,,,,,,,,,,,,
01/06/2026 05:24:02,428221,0,0,,2,.0156,,,,,,,,,,,,,,,,,,,
01/06/2026 05:24:07,425897,0,0,,0,0,,,,,,,,,,,,,,,,,,,
01/06/2026 05:24:32,412872,0,0,,2,.0267,,,,,,,,,,,,,,,,,,,
01/06/2026 05:24:32,428221,0,0,,0,0,,,,,,,,,,,,,,,,,,,
01/06/2026 05:24:37,425897,0,0,,1,.01,,,,,,,,,,,,,,,,,,,
01/06/2026 05:25:02,412872,0,0,,2,.025,,,,,,,,,,,,,,,,,,,
01/06/2026 05:25:02,428221,0,0,,2,.0167,,,,,,,,,,,,,,,,,,,
01/06/2026 05:25:07,425897,1,.0078,,2,.0256,,,,,,,,,,,,,,,,,,,
01/06/2026 05:25:32,412872,0,0,,0,0,,,,,,,,,,,,,,,,,,,
01/06/2026 05:25:32,428221,0,0,,1,.0078,,,,,,,,,,,,,,,,,,,
01/06/2026 05:25:37,425897,1,.0089,,0,0,,,,,,,,,,,,,,,,,,,
01/06/2026 05:26:02,412872,1,.0128,,0,0,,,,,,,,,,,,,,,,,,,
01/06/2026 05:26:02,428221,2,.0189,,1,.0089,,,,,,,,,,,,,,,,,,,
01/06/2026 05:26:07,425897,1,.0089,,0,0,,,,,,,,,,,,,,,,,,,
01/06/2026 05:26:32,412872,0,0,,0,0,,,,,,,,,,,,,,,,,,,
01/06/2026 05:26:32,428221,2,.035,,1,.0139,,,,,,,,,,,,,,,,,,,
01/06/2026 05:26:37,425897,0,0,,0,0,,,,,,,,,,,,,,,,,,,
01/06/2026 05:27:02,412872,1,.0128,,0,0,,,,,,,,,,,,,,,,,,,
01/06/2026 05:27:02,428221,0,0,,5,.0406,,,,,,,,,,,,,,,,,,,
01/06/2026 05:27:07,425897,0,0,,0,0,,,,,,,,,,,,,,,,,,,
01/06/2026 05:27:32,412872,0,0,,1,.0139,,,,,,,,,,,,,,,,,,,
01/06/2026 05:27:32,428221,0,0,,5,.0406,,,,,,,,,,,,,,,,,,,
01/06/2026 05:27:37,425897,1,.0056,,1,.0039,,,,,,,,,,,,,,,,,,,
01/06/2026 05:28:02,412872,1,.0117,,1,.0289,,,,,,,,,,,,,,,,,,,
01/06/2026 05:28:02,428221,1,.0078,,0,0,,,,,,,,,,,,,,,,,,,
01/06/2026 05:28:07,425897,1,.0128,,1,.0106,,,,,,,,,,,,,,,,,,,
01/06/2026 05:28:32,412872,0,0,,1,.0089,,,,,,,,,,,,,,,,,,,
01/06/2026 05:28:32,428221,2,.0267,,2,.0117,,,,,,,,,,,,,,,,,,,
01/06/2026 05:28:37,425897,3,.0256,,0,0,,,,,,,,,,,,,,,,,,,
01/06/2026 05:29:02,412872,0,0,,0,0,,,,,,,,,,,,,,,,,,,
01/06/2026 05:29:02,428221,3,.03,,3,.0267,,,,,,,,,,,,,,,,,,,
01/06/2026 05:29:07,425897,1,.0089,,1,.0128,,,,,,,,,,,,,,,,,,,
01/06/2026 05:29:32,412872,1,.01,,0,0,,,,,,,,,,,,,,,,,,,
01/06/2026 05:29:32,428221,5,.0478,,0,0,,,,,,,,,,,,,,,,,,,
01/06/2026 05:29:37,425897,3,.0278,,1,.0106,,,,,,,,,,,,,,,,,,,
01/06/2026 05:30:02,412872,0,0,,1,.0139,,,,,,,,,,,,,,,,,,,
01/06/2026 05:30:02,428221,0,0,,2,.0178,,,,,,,,,,,,,,,,,,,
01/06/2026 05:30:07,425897,0,0,,0,0,,,,,,,,,,,,,,,,,,,
01/06/2026 05:30:32,412872,1,.015,,3,.0667,,,,,,,,,,,,,,,,,,,
01/06/2026 05:30:32,428221,2,.0239,,3,.0317,,,,,,,,,,,,,,,,,,,
01/06/2026 05:30:37,425897,0,0,,0,0,,,,,,,,,,,,,,,,,,,
01/06/2026 05:31:02,412872,0,0,,0,0,,,,,,,,,,,,,,,,,,,
01/06/2026 05:31:02,428221,1,.0067,,2,.0167,,,,,,,,,,,,,,,,,,,
01/06/2026 05:31:07,425897,0,0,,1,.01,,,,,,,,,,,,,,,,,,,
01/06/2026 05:31:32,412872,0,0,,1,.0106,,,,,,,,,,,,,,,,,,,
01/06/2026 05:31:32,428221,0,0,,0,0,,,,,,,,,,,,,,,,,,,
01/06/2026 05:31:37,425897,0,0,,0,0,,,,,,,,,,,,,,,,,,,
01/06/2026 05:32:02,412872,0,0,,1,.0128,,,,,,,,,,,,,,,,,,,
01/06/2026 05:32:02,428221,0,0,,1,.01,,,,,,,,,,,,,,,,,,,
01/06/2026 05:32:07,425897,1,.0117,,1,.0117,,,,,,,,,,,,,,,,,,,
01/06/2026 05:32:32,412872,1,.0117,,1,.005,,,,,,,,,,,,,,,,,,,
01/06/2026 05:32:32,428221,2,.0217,,2,.02,,,,,,,,,,,,,,,,,,,
01/06/2026 05:32:37,425897,2,.0189,,0,0,,,,,,,,,,,,,,,,,,,
01/06/2026 05:33:02,412872,0,0,,0,0,,,,,,,,,,,,,,,,,,,
01/06/2026 05:33:02,428221,2,.0139,,3,.035,,,,,,,,,,,,,,,,,,,
01/06/2026 05:33:07,425897,0,0,,0,0,,,,,,,,,,,,,,,,,,,
01/06/2026 05:33:32,412872,1,.0117,,3,.0378,,,,,,,,,,,,,,,,,,,
01/06/2026 05:33:32,428221,1,.0117,,0,0,,,,,,,,,,,,,,,,,,,
01/06/2026 05:33:37,425897,0,0,,0,0,,,,,,,,,,,,,,,,,,,
01/06/2026 05:34:02,412872,0,0,,2,.0228,,,,,,,,,,,,,,,,,,,
01/06/2026 05:34:02,428221,0,0,,0,0,,,,,,,,,,,,,,,,,,,
01/06/2026 05:34:07,425897,0,0,,0,0,,,,,,,,,,,,,,,,,,,
01/06/2026 05:34:32,412872,0,0,,0,0,,,,,,,,,,,,,,,,,,,
01/06/2026 05:34:32,428221,2,.0167,,2,.0156,,,,,,,,,,,,,,,,,,,
01/06/2026 05:34:37,425897,1,.0117,,0,0,,,,,,,,,,,,,,,,,,,
01/06/2026 05:35:02,412872,1,.0117,,1,.0106,,,,,,,,,,,,,,,,,,,
01/06/2026 05:35:02,428221,4,.0439,,6,.0628,,,,,,,,,,,,,,,,,,,
01/06/2026 05:35:07,425897,1,.01,,0,0,,,,,,,,,,,,,,,,,,,
01/06/2026 05:35:32,412872,1,.0117,,2,.025,,,,,,,,,,,,,,,,,,,
01/06/2026 05:35:32,428221,0,0,,2,.0178,,,,,,,,,,,,,,,,,,,
01/06/2026 05:35:37,425897,3,.0256,,0,0,,,,,,,,,,,,,,,,,,,
01/06/2026 05:36:02,412872,0,0,,2,.025,,,,,,,,,,,,,,,,,,,
01/06/2026 05:36:02,428221,2,.0228,,0,0,,,,,,,,,,,,,,,,,,,
01/06/2026 05:36:07,425897,0,0,,0,0,,,,,,,,,,,,,,,,,,,
01/06/2026 05:36:32,412872,0,0,,0,0,,,,,,,,,,,,,,,,,,,
01/06/2026 05:36:32,428221,1,.0056,,6,.0506,,,,,,,,,,,,,,,,,,,
01/06/2026 05:36:37,425897,2,.0278,,1,.0039,,,,,,,,,,,,,,,,,,,
01/06/2026 05:37:02,412872,1,.0117,,2,.0267,,,,,,,,,,,,,,,,,,,
01/06/2026 05:37:02,428221,1,.01,,0,0,,,,,,,,,,,,,,,,,,,
01/06/2026 05:37:07,425897,1,.0139,,0,0,,,,,,,,,,,,,,,,,,,
01/06/2026 05:37:32,412872,0,0,,0,0,,,,,,,,,,,,,,,,,,,
01/06/2026 05:37:32,428221,0,0,,1,.0089,,,,,,,,,,,,,,,,,,,
01/06/2026 05:37:37,425897,2,.0167,,0,0,,,,,,,,,,,,,,,,,,,
01/06/2026 05:38:02,412872,1,.0517,,1,.015,,,,,,,,,,,,,,,,,,,
01/06/2026 05:38:02,428221,1,.0078,,1,.0089,,,,,,,,,,,,,,,,,,,
01/06/2026 05:38:07,425897,2,.0167,,0,0,,,,,,,,,,,,,,,,,,,
01/06/2026 05:38:32,412872,2,.0267,,2,.0239,,,,,,,,,,,,,,,,,,,
01/06/2026 05:38:32,428221,2,.0178,,0,0,,,,,,,,,,,,,,,,,,,
01/06/2026 05:38:37,425897,0,0,,0,0,,,,,,,,,,,,,,,,,,,
01/06/2026 05:39:02,412872,1,.01,,2,.0228,,,,,,,,,,,,,,,,,,,
01/06/2026 05:39:02,428221,7,.0867,,4,.0478,,,,,,,,,,,,,,,,,,,
01/06/2026 05:39:07,425897,0,0,,0,0,,,,,,,,,,,,,,,,,,,
01/06/2026 05:39:32,412872,0,0,,1,.0117,,,,,,,,,,,,,,,,,,,
01/06/2026 05:39:32,428221,1,.0106,,1,.0117,,,,,,,,,,,,,,,,,,,
01/06/2026 05:39:37,425897,1,.0117,,0,0,,,,,,,,,,,,,,,,,,,
01/06/2026 05:40:02,412872,0,0,,3,.0356,,,,,,,,,,,,,,,,,,,
01/06/2026 05:40:02,428221,4,.0378,,1,.0078,,,,,,,,,,,,,,,,,,,
01/06/2026 05:40:07,425897,1,.0067,,0,0,,,,,,,,,,,,,,,,,,,
01/06/2026 05:40:32,412872,1,.0128,,1,.0128,,,,,,,,,,,,,,,,,,,
01/06/2026 05:40:32,428221,2,.02,,0,0,,,,,,,,,,,,,,,,,,,
01/06/2026 05:40:37,425897,1,.01,,0,0,,,,,,,,,,,,,,,,,,,
01/06/2026 05:41:02,412872,0,0,,0,0,,,,,,,,,,,,,,,,,,,
01/06/2026 05:41:02,428221,5,.0428,,6,.0439,,,,,,,,,,,,,,,,,,,
01/06/2026 05:41:07,425897,0,0,,0,0,,,,,,,,,,,,,,,,,,,
01/06/2026 05:41:32,412872,2,.0217,,5,.0578,,,,,,,,,,,,,,,,,,,
01/06/2026 05:41:32,428221,0,0,,4,.0306,,,,,,,,,,,,,,,,,,,
01/06/2026 05:41:37,425897,1,.0089,,1,.01,,,,,,,,,,,,,,,,,,,
01/06/2026 05:42:02,412872,1,.0117,,0,0,,,,,,,,,,,,,,,,,,,
01/06/2026 05:42:02,428221,1,.01,,2,.0167,,,,,,,,,,,,,,,,,,,
01/06/2026 05:42:07,425897,0,0,,1,.0128,,,,,,,,,,,,,,,,,,,
01/06/2026 05:42:32,412872,1,.0128,,1,.0128,,,,,,,,,,,,,,,,,,,
01/06/2026 05:42:32,428221,1,.0089,,0,0,,,,,,,,,,,,,,,,,,,
01/06/2026 05:42:37,425897,1,.0089,,1,.0089,,,,,,,,,,,,,,,,,,,
01/06/2026 05:43:02,412872,0,0,,0,0,,,,,,,,,,,,,,,,,,,
01/06/2026 05:43:02,428221,6,.0628,,3,.0628,,,,,,,,,,,,,,,,,,,
01/06/2026 05:43:07,425897,0,0,,0,0,,,,,,,,,,,,,,,,,,,
01/06/2026 05:43:32,412872,0,0,,3,.0417,,,,,,,,,,,,,,,,,,,
01/06/2026 05:43:32,428221,9,.14,,3,.0317,,,,,,,,,,,,,,,,,,,
01/06/2026 05:43:37,425897,1,.0089,,0,0,,,,,,,,,,,,,,,,,,,
01/06/2026 05:44:02,412872,1,.0089,,2,.0189,,,,,,,,,,,,,,,,,,,
01/06/2026 05:44:02,428221,2,.0189,,1,.0078,,,,,,,,,,,,,,,,,,,
01/06/2026 05:44:07,425897,2,.0167,,0,0,,,,,,,,,,,,,,,,,,,
01/06/2026 05:44:32,412872,0,0,,2,.0228,,,,,,,,,,,,,,,,,,,
01/06/2026 05:44:32,428221,0,0,,1,.01,,,,,,,,,,,,,,,,,,,
01/06/2026 05:44:37,425897,1,.0089,,0,0,,,,,,,,,,,,,,,,,,,
01/06/2026 05:45:02,412872,0,0,,3,.0389,,,,,,,,,,,,,,,,,,,
01/06/2026 05:45:02,428221,1,.0089,,2,.0156,,,,,,,,,,,,,,,,,,,
01/06/2026 05:45:07,425897,0,0,,1,.0106,,,,,,,,,,,,,,,,,,,
01/06/2026 05:45:32,412872,0,0,,1,.015,,,,,,,,,,,,,,,,,,,
01/06/2026 05:45:32,428221,3,.0267,,2,.0167,,,,,,,,,,,,,,,,,,,
01/06/2026 05:45:37,425897,0,0,,0,0,,,,,,,,,,,,,,,,,,,
01/06/2026 05:46:02,412872,0,0,,0,0,,,,,,,,,,,,,,,,,,,
01/06/2026 05:46:02,428221,4,.0428,,1,.01,,,,,,,,,,,,,,,,,,,
01/06/2026 05:46:07,425897,1,.0106,,0,0,,,,,,,,,,,,,,,,,,,
01/06/2026 05:46:32,412872,0,0,,1,.0106,,,,,,,,,,,,,,,,,,,
01/06/2026 05:46:32,428221,0,0,,1,.0089,,,,,,,,,,,,,,,,,,,
01/06/2026 05:46:37,425897,1,.0078,,0,0,,,,,,,,,,,,,,,,,,,
01/06/2026 05:47:02,412872,1,.0139,,3,.0378,,,,,,,,,,,,,,,,,,,
01/06/2026 05:47:02,428221,2,.0217,,0,0,,,,,,,,,,,,,,,,,,,
01/06/2026 05:47:07,425897,2,.0189,,0,0,,,,,,,,,,,,,,,,,,,
01/06/2026 05:47:32,412872,0,0,,0,0,,,,,,,,,,,,,,,,,,,
01/06/2026 05:47:32,428221,4,.0439,,5,.0506,,,,,,,,,,,,,,,,,,,
01/06/2026 05:47:37,425897,0,0,,0,0,,,,,,,,,,,,,,,,,,,
01/06/2026 05:48:02,412872,0,0,,2,.0217,,,,,,,,,,,,,,,,,,,
01/06/2026 05:48:02,428221,1,.01,,1,.0089,,,,,,,,,,,,,,,,,,,
01/06/2026 05:48:07,425897,0,0,,2,.0256,,,,,,,,,,,,,,,,,,,
01/06/2026 05:48:32,412872,0,0,,0,0,,,,,,,,,,,,,,,,,,,
01/06/2026 05:48:32,428221,1,.01,,1,.0089,,,,,,,,,,,,,,,,,,,
01/06/2026 05:48:37,425897,1,.0117,,1,.0078,,,,,,,,,,,,,,,,,,,
01/06/2026 05:49:02,412872,0,0,,1,.0128,,,,,,,,,,,,,,,,,,,
01/06/2026 05:49:02,428221,1,.0078,,0,0,,,,,,,,,,,,,,,,,,,
01/06/2026 05:49:07,425897,0,0,,0,0,,,,,,,,,,,,,,,,,,,
01/06/2026 05:49:32,412872,0,0,,2,.0256,,,,,,,,,,,,,,,,,,,
01/06/2026 05:49:32,428221,1,.0106,,3,.0228,,,,,,,,,,,,,,,,,,,
01/06/2026 05:49:37,425897,1,.0078,,0,0,,,,,,,,,,,,,,,,,,,
01/06/2026 05:50:02,412872,0,0,,1,.0156,,,,,,,,,,,,,,,,,,,
01/06/2026 05:50:02,428221,3,.0289,,3,.03,,,,,,,,,,,,,,,,,,,
01/06/2026 05:50:07,425897,0,0,,0,0,,,,,,,,,,,,,,,,,,,
01/06/2026 05:50:32,412872,0,0,,5,.0589,,,,,,,,,,,,,,,,,,,
01/06/2026 05:50:32,428221,3,.0289,,3,.03,,,,,,,,,,,,,,,,,,,
01/06/2026 05:50:37,425897,2,.0189,,1,.0117,,,,,,,,,,,,,,,,,,,
01/06/2026 05:51:02,412872,1,.0178,,3,.0517,,,,,,,,,,,,,,,,,,,
01/06/2026 05:51:02,428221,6,.0606,,5,.045,,,,,,,,,,,,,,,,,,,
01/06/2026 05:51:07,425897,0,0,,1,.0356,,,,,,,,,,,,,,,,,,,
01/06/2026 05:51:32,412872,0,0,,1,.0117,,,,,,,,,,,,,,,,,,,
01/06/2026 05:51:32,428221,5,.0517,,9,.0856,,,,,,,,,,,,,,,,,,,
01/06/2026 05:51:37,425897,4,.0328,,0,0,,,,,,,,,,,,,,,,,,,
01/06/2026 05:52:02,412872,0,0,,1,.0117,,,,,,,,,,,,,,,,,,,
01/06/2026 05:52:02,428221,3,.0239,,3,.0256,,,,,,,,,,,,,,,,,,,
01/06/2026 05:52:07,425897,0,0,,0,0,,,,,,,,,,,,,,,,,,,
01/06/2026 05:52:32,412872,0,0,,3,.0378,,,,,,,,,,,,,,,,,,,
01/06/2026 05:52:32,428221,2,.0206,,8,.0756,,,,,,,,,,,,,,,,,,,
01/06/2026 05:52:37,425897,1,.0089,,0,0,,,,,,,,,,,,,,,,,,,
01/06/2026 05:53:02,412872,3,.0278,,2,.0178,,,,,,,,,,,,,,,,,,,
01/06/2026 05:53:02,428221,2,.0206,,8,.0756,,,,,,,,,,,,,,,,,,,
01/06/2026 05:53:07,425897,1,.0117,,0,0,,,,,,,,,,,,,,,,,,,
01/06/2026 05:53:32,412872,0,0,,1,.0139,,,,,,,,,,,,,,,,,,,
01/06/2026 05:53:32,428221,4,.0356,,3,.03,,,,,,,,,,,,,,,,,,,
01/06/2026 05:53:37,425897,3,.0228,,1,.0039,,,,,,,,,,,,,,,,,,,
01/06/2026 05:54:02,412872,1,.0078,,4,.0439,,,,,,,,,,,,,,,,,,,
01/06/2026 05:54:02,428221,2,.0206,,2,.0178,,,,,,,,,,,,,,,,,,,
01/06/2026 05:54:07,425897,0,0,,1,.0106,,,,,,,,,,,,,,,,,,,
01/06/2026 05:54:32,412872,0,0,,0,0,,,,,,,,,,,,,,,,,,,
01/06/2026 05:54:32,428221,1,.0039,,6,.0456,,,,,,,,,,,,,,,,,,,
01/06/2026 05:54:37,425897,1,.0117,,1,.015,,,,,,,,,,,,,,,,,,,
01/06/2026 05:55:02,412872,2,.025,,2,.0217,,,,,,,,,,,,,,,,,,,
01/06/2026 05:55:02,428221,0,0,,0,0,,,,,,,,,,,,,,,,,,,
01/06/2026 05:55:07,425897,3,.0267,,2,.0217,,,,,,,,,,,,,,,,,,,
01/06/2026 05:55:32,412872,1,.0106,,1,.0106,,,,,,,,,,,,,,,,,,,
01/06/2026 05:55:32,428221,4,.0406,,3,.0267,,,,,,,,,,,,,,,,,,,
01/06/2026 05:55:37,425897,4,.035,,0,0,,,,,,,,,,,,,,,,,,,
01/06/2026 05:56:02,412872,0,0,,3,.0356,,,,,,,,,,,,,,,,,,,
01/06/2026 05:56:02,428221,3,.0267,,2,.0167,,,,,,,,,,,,,,,,,,,
01/06/2026 05:56:07,425897,1,.0056,,0,0,,,,,,,,,,,,,,,,,,,
01/06/2026 05:56:32,412872,0,0,,2,.0228,,,,,,,,,,,,,,,,,,,
01/06/2026 05:56:32,428221,4,.0328,,10,.0856,,,,,,,,,,,,,,,,,,,
01/06/2026 05:56:37,425897,3,.0239,,2,.0117,,,,,,,,,,,,,,,,,,,
01/06/2026 05:57:02,412872,0,0,,0,0,,,,,,,,,,,,,,,,,,,
01/06/2026 05:57:02,428221,0,0,,2,.0189,,,,,,,,,,,,,,,,,,,
01/06/2026 05:57:07,425897,2,.0156,,1,.0156,,,,,,,,,,,,,,,,,,,
01/06/2026 05:57:32,412872,1,.0128,,1,.0117,,,,,,,,,,,,,,,,,,,
01/06/2026 05:57:32,428221,3,.0178,,4,.025,,,,,,,,,,,,,,,,,,,
01/06/2026 05:57:37,425897,1,.0078,,1,.0106,,,,,,,,,,,,,,,,,,,
01/06/2026 05:58:02,412872,0,0,,3,.0339,,,,,,,,,,,,,,,,,,,
01/06/2026 05:58:02,428221,2,.0178,,2,.0156,,,,,,,,,,,,,,,,,,,
01/06/2026 05:58:07,425897,0,0,,0,0,,,,,,,,,,,,,,,,,,,
01/06/2026 05:58:32,412872,0,0,,0,0,,,,,,,,,,,,,,,,,,,
01/06/2026 05:58:32,428221,1,.005,,1,.0056,,,,,,,,,,,,,,,,,,,
01/06/2026 05:58:37,425897,1,.01,,0,0,,,,,,,,,,,,,,,,,,,
01/06/2026 05:59:02,412872,0,0,,2,.0767,,,,,,,,,,,,,,,,,,,
01/06/2026 05:59:02,428221,1,.0089,,0,0,,,,,,,,,,,,,,,,,,,
01/06/2026 05:59:07,425897,0,0,,0,0,,,,,,,,,,,,,,,,,,,
01/06/2026 05:59:32,412872,0,0,,4,.0506,,,,,,,,,,,,,,,,,,,
01/06/2026 05:59:32,428221,3,.03,,3,.0267,,,,,,,,,,,,,,,,,,,
01/06/2026 05:59:37,425897,2,.02,,0,0,,,,,,,,,,,,,,,,,,,
01/06/2026 06:00:02,412872,0,0,,0,0,,,,,,,,,,,,,,,,,,,
01/06/2026 06:00:02,428221,0,0,,0,0,,,,,,,,,,,,,,,,,,,
01/06/2026 06:00:07,425897,0,0,,1,.0128,,,,,,,,,,,,,,,,,,,
01/06/2026 06:00:32,412872,1,.01,,6,.0639,,,,,,,,,,,,,,,,,,,
01/06/2026 06:00:32,428221,5,.0428,,3,.0289,,,,,,,,,,,,,,,,,,,
01/06/2026 06:00:37,425897,0,0,,0,0,,,,,,,,,,,,,,,,,,,
01/06/2026 06:01:02,412872,0,0,,0,0,,,,,,,,,,,,,,,,,,,
01/06/2026 06:01:02,428221,0,0,,0,0,,,,,,,,,,,,,,,,,,,
01/06/2026 06:01:07,425897,2,.0206,,2,.0406,,,,,,,,,,,,,,,,,,,
01/06/2026 06:01:32,412872,0,0,,1,.0167,,,,,,,,,,,,,,,,,,,
01/06/2026 06:01:32,428221,0,0,,3,.0278,,,,,,,,,,,,,,,,,,,
01/06/2026 06:01:37,425897,1,.0389,,0,0,,,,,,,,,,,,,,,,,,,
01/06/2026 06:02:02,412872,0,0,,2,.0789,,,,,,,,,,,,,,,,,,,
01/06/2026 06:02:02,428221,0,0,,0,0,,,,,,,,,,,,,,,,,,,
01/06/2026 06:02:07,425897,2,.0528,,1,.035,,,,,,,,,,,,,,,,,,,
01/06/2026 06:02:32,412872,0,0,,0,0,,,,,,,,,,,,,,,,,,,
01/06/2026 06:02:32,428221,3,.03,,3,.0278,,,,,,,,,,,,,,,,,,,
01/06/2026 06:02:37,425897,0,0,,1,.0389,,,,,,,,,,,,,,,,,,,
01/06/2026 06:03:02,412872,1,.0128,,1,.0128,,,,,,,,,,,,,,,,,,,
01/06/2026 06:03:02,428221,0,0,,1,.01,,,,,,,,,,,,,,,,,,,
01/06/2026 06:03:07,425897,2,.0578,,0,0,,,,,,,,,,,,,,,,,,,
01/06/2026 06:03:32,412872,0,0,,3,.0439,,,,,,,,,,,,,,,,,,,
01/06/2026 06:03:32,428221,0,0,,1,.0128,,,,,,,,,,,,,,,,,,,
01/06/2026 06:03:37,425897,2,.0806,,4,.1039,,,,,,,,,,,,,,,,,,,
01/06/2026 06:04:02,412872,0,0,,2,.0239,,,,,,,,,,,,,,,,,,,
01/06/2026 06:04:02,428221,0,0,,0,0,,,,,,,,,,,,,,,,,,,
01/06/2026 06:04:07,425897,1,.0289,,0,0,,,,,,,,,,,,,,,,,,,
01/06/2026 06:04:32,412872,0,0,,1,.0167,,,,,,,,,,,,,,,,,,,
01/06/2026 06:04:32,428221,4,.0417,,3,.0317,,,,,,,,,,,,,,,,,,,
01/06/2026 06:04:37,425897,0,0,,0,0,,,,,,,,,,,,,,,,,,,
01/06/2026 06:05:02,412872,0,0,,1,.0117,,,,,,,,,,,,,,,,,,,
01/06/2026 06:05:02,428221,1,.0089,,0,0,,,,,,,,,,,,,,,,,,,
01/06/2026 06:05:07,425897,1,.0456,,0,.04,,,,,,,,,,,,,,,,,,,
01/06/2026 06:05:32,412872,0,0,,0,0,,,,,,,,,,,,,,,,,,,
01/06/2026 06:05:32,428221,3,.0289,,3,.0278,,,,,,,,,,,,,,,,,,,
01/06/2026 06:05:37,425897,1,.0267,,1,.015,,,,,,,,,,,,,,,,,,,
01/06/2026 06:06:02,412872,1,.005,,1,.0089,,,,,,,,,,,,,,,,,,,
01/06/2026 06:06:02,428221,2,.0217,,4,.04,,,,,,,,,,,,,,,,,,,
01/06/2026 06:06:07,425897,0,0,,0,0,,,,,,,,,,,,,,,,,,,
01/06/2026 06:06:32,412872,0,0,,2,.0317,,,,,,,,,,,,,,,,,,,
01/06/2026 06:06:32,428221,1,.01,,2,.0189,,,,,,,,,,,,,,,,,,,
01/06/2026 06:06:37,425897,0,0,,0,0,,,,,,,,,,,,,,,,,,,
01/06/2026 06:07:02,412872,0,0,,4,.0467,,,,,,,,,,,,,,,,,,,
01/06/2026 06:07:02,428221,1,.01,,2,.0189,,,,,,,,,,,,,,,,,,,
01/06/2026 06:07:07,425897,1,.0417,,2,.0767,,,,,,,,,,,,,,,,,,,
01/06/2026 06:07:32,412872,1,.0139,,1,.0128,,,,,,,,,,,,,,,,,,,
01/06/2026 06:07:32,428221,4,.035,,4,.0306,,,,,,,,,,,,,,,,,,,
01/06/2026 06:07:37,425897,1,.02,,1,.0467,,,,,,,,,,,,,,,,,,,
01/06/2026 06:08:02,412872,1,.0117,,1,.0117,,,,,,,,,,,,,,,,,,,
01/06/2026 06:08:02,428221,3,.0367,,0,0,,,,,,,,,,,,,,,,,,,
01/06/2026 06:08:07,425897,2,.0406,,0,0,,,,,,,,,,,,,,,,,,,
01/06/2026 06:08:32,412872,0,0,,4,.0489,,,,,,,,,,,,,,,,,,,
01/06/2026 06:08:32,428221,4,.0389,,2,.0178,,,,,,,,,,,,,,,,,,,
01/06/2026 06:08:37,425897,0,0,,0,0,,,,,,,,,,,,,,,,,,,
01/06/2026 06:09:02,412872,1,.0156,,2,.0739,,,,,,,,,,,,,,,,,,,
01/06/2026 06:09:02,428221,2,.0167,,1,.0089,,,,,,,,,,,,,,,,,,,
01/06/2026 06:09:07,425897,0,0,,0,0,,,,,,,,,,,,,,,,,,,
01/06/2026 06:09:32,412872,0,0,,1,.0139,,,,,,,,,,,,,,,,,,,
01/06/2026 06:09:32,428221,1,.0089,,2,.0156,,,,,,,,,,,,,,,,,,,
01/06/2026 06:09:37,425897,4,.1189,,0,0,,,,,,,,,,,,,,,,,,,
01/06/2026 06:10:02,412872,0,0,,3,.0356,,,,,,,,,,,,,,,,,,,
01/06/2026 06:10:02,428221,0,0,,2,.0178,,,,,,,,,,,,,,,,,,,
01/06/2026 06:10:07,425897,2,.0878,,3,.0839,,,,,,,,,,,,,,,,,,,
01/06/2026 06:10:32,412872,0,0,,1,.0106,,,,,,,,,,,,,,,,,,,
01/06/2026 06:10:32,428221,4,.0306,,0,0,,,,,,,,,,,,,,,,,,,
01/06/2026 06:10:37,425897,2,.1039,,0,0,,,,,,,,,,,,,,,,,,,
01/06/2026 06:11:02,412872,0,0,,1,.0139,,,,,,,,,,,,,,,,,,,
01/06/2026 06:11:02,428221,4,.0306,,0,0,,,,,,,,,,,,,,,,,,,
01/06/2026 06:11:07,425897,3,.105,,2,.0517,,,,,,,,,,,,,,,,,,,
01/06/2026 06:11:32,412872,1,.0117,,1,.0139,,,,,,,,,,,,,,,,,,,
01/06/2026 06:11:32,428221,6,.0617,,5,.0406,,,,,,,,,,,,,,,,,,,
01/06/2026 06:11:37,425897,1,.03,,0,0,,,,,,,,,,,,,,,,,,,
01/06/2026 06:12:02,412872,0,0,,2,.0239,,,,,,,,,,,,,,,,,,,
01/06/2026 06:12:02,428221,1,.01,,4,.0328,,,,,,,,,,,,,,,,,,,
01/06/2026 06:12:07,425897,2,.0828,,3,.0567,,,,,,,,,,,,,,,,,,,
01/06/2026 06:12:32,412872,1,.0078,,3,.035,,,,,,,,,,,,,,,,,,,
01/06/2026 06:12:32,428221,3,.0289,,1,.0106,,,,,,,,,,,,,,,,,,,
01/06/2026 06:12:37,425897,3,.1089,,3,.1106,,,,,,,,,,,,,,,,,,,
01/06/2026 06:13:02,412872,0,0,,2,.0278,,,,,,,,,,,,,,,,,,,
01/06/2026 06:13:02,428221,2,.0139,,2,.015,,,,,,,,,,,,,,,,,,,
01/06/2026 06:13:07,425897,1,.0267,,0,0,,,,,,,,,,,,,,,,,,,
01/06/2026 06:13:32,412872,0,0,,1,.0167,,,,,,,,,,,,,,,,,,,
01/06/2026 06:13:32,428221,6,.0556,,6,.0478,,,,,,,,,,,,,,,,,,,
01/06/2026 06:13:37,425897,0,0,,2,.0867,,,,,,,,,,,,,,,,,,,
01/06/2026 06:14:02,412872,0,0,,0,.0267,,,,,,,,,,,,,,,,,,,
01/06/2026 06:14:02,428221,0,0,,3,.0328,,,,,,,,,,,,,,,,,,,
01/06/2026 06:14:07,425897,1,.02,,0,0,,,,,,,,,,,,,,,,,,,
01/06/2026 06:14:32,412872,0,0,,2,.0428,,,,,,,,,,,,,,,,,,,
01/06/2026 06:14:32,428221,2,.0217,,1,.01,,,,,,,,,,,,,,,,,,,
01/06/2026 06:14:37,425897,4,.13,,1,.0056,,,,,,,,,,,,,,,,,,,
01/06/2026 06:15:02,412872,0,0,,5,.0617,,,,,,,,,,,,,,,,,,,
01/06/2026 06:15:02,428221,2,.0156,,4,.0317,,,,,,,,,,,,,,,,,,,
01/06/2026 06:15:07,425897,4,.2467,,4,.1556,,,,,,,,,,,,,,,,,,,
01/06/2026 06:15:32,412872,3,.055,,1,.0167,,,,,,,,,,,,,,,,,,,
01/06/2026 06:15:32,428221,0,0,,0,0,,,,,,,,,,,,,,,,,,,
01/06/2026 06:15:37,425897,1,.0356,,2,.0267,,,,,,,,,,,,,,,,,,,
01/06/2026 06:16:02,412872,0,0,,3,.0389,,,,,,,,,,,,,,,,,,,
01/06/2026 06:16:02,428221,1,.0106,,0,0,,,,,,,,,,,,,,,,,,,
01/06/2026 06:16:07,425897,2,.0517,,0,0,,,,,,,,,,,,,,,,,,,
01/06/2026 06:16:32,412872,2,.0228,,2,.0239,,,,,,,,,,,,,,,,,,,
01/06/2026 06:16:32,428221,2,.0078,,2,.0167,,,,,,,,,,,,,,,,,,,
01/06/2026 06:16:37,425897,0,0,,0,0,,,,,,,,,,,,,,,,,,,
01/06/2026 06:17:02,412872,1,.0117,,1,.01,,,,,,,,,,,,,,,,,,,
01/06/2026 06:17:02,428221,6,.085,,9,.1206,,,,,,,,,,,,,,,,,,,
01/06/2026 06:17:07,425897,1,.0189,,2,.0717,,,,,,,,,,,,,,,,,,,
01/06/2026 06:17:32,412872,1,.0089,,0,0,,,,,,,,,,,,,,,,,,,
01/06/2026 06:17:32,428221,1,.0106,,0,0,,,,,,,,,,,,,,,,,,,
01/06/2026 06:17:37,425897,3,.105,,1,.1717,,,,,,,,,,,,,,,,,,,
01/06/2026 06:18:02,412872,0,0,,1,.015,,,,,,,,,,,,,,,,,,,
01/06/2026 06:18:02,428221,2,.0167,,1,.0056,,,,,,,,,,,,,,,,,,,
01/06/2026 06:18:07,425897,0,0,,0,0,,,,,,,,,,,,,,,,,,,
01/06/2026 06:18:32,412872,1,.0106,,1,.0128,,,,,,,,,,,,,,,,,,,
01/06/2026 06:18:32,428221,4,.04,,3,.0267,,,,,,,,,,,,,,,,,,,
01/06/2026 06:18:37,425897,1,.0267,,2,.0389,,,,,,,,,,,,,,,,,,,
01/06/2026 06:19:02,412872,1,.0256,,4,.0506,,,,,,,,,,,,,,,,,,,
01/06/2026 06:19:02,428221,1,.0117,,1,.0128,,,,,,,,,,,,,,,,,,,
01/06/2026 06:19:07,425897,3,.1028,,3,.0856,,,,,,,,,,,,,,,,,,,
01/06/2026 06:19:32,412872,1,.01,,1,.0106,,,,,,,,,,,,,,,,,,,
01/06/2026 06:19:32,428221,3,.0289,,3,.0317,,,,,,,,,,,,,,,,,,,
01/06/2026 06:19:37,425897,0,0,,2,.0517,,,,,,,,,,,,,,,,,,,
01/06/2026 06:20:02,412872,0,0,,4,.0528,,,,,,,,,,,,,,,,,,,
01/06/2026 06:20:02,428221,2,.0178,,3,.0256,,,,,,,,,,,,,,,,,,,
01/06/2026 06:20:07,425897,0,0,,2,.0728,,,,,,,,,,,,,,,,,,,
01/06/2026 06:20:32,412872,1,.0117,,5,.0656,,,,,,,,,,,,,,,,,,,
01/06/2026 06:20:32,428221,1,.0106,,0,0,,,,,,,,,,,,,,,,,,,
01/06/2026 06:20:37,425897,1,.01,,1,.0389,,,,,,,,,,,,,,,,,,,
01/06/2026 06:21:02,412872,0,0,,2,.0256,,,,,,,,,,,,,,,,,,,
01/06/2026 06:21:02,428221,0,0,,2,.015,,,,,,,,,,,,,,,,,,,
01/06/2026 06:21:07,425897,1,.2206,,0,0,,,,,,,,,,,,,,,,,,,
01/06/2026 06:21:32,412872,2,.0256,,0,0,,,,,,,,,,,,,,,,,,,
01/06/2026 06:21:32,428221,0,0,,2,.015,,,,,,,,,,,,,,,,,,,
01/06/2026 06:21:37,425897,2,.0517,,1,.005,,,,,,,,,,,,,,,,,,,
01/06/2026 06:22:02,412872,0,0,,2,.0239,,,,,,,,,,,,,,,,,,,
01/06/2026 06:22:02,428221,3,.0267,,3,.0278,,,,,,,,,,,,,,,,,,,
01/06/2026 06:22:07,425897,4,.1367,,4,.0706,,,,,,,,,,,,,,,,,,,
01/06/2026 06:22:32,412872,0,0,,3,.0339,,,,,,,,,,,,,,,,,,,
01/06/2026 06:22:32,428221,3,.0267,,3,.0278,,,,,,,,,,,,,,,,,,,
01/06/2026 06:22:37,425897,0,0,,0,0,,,,,,,,,,,,,,,,,,,
01/06/2026 06:23:02,412872,1,.0128,,5,.06,,,,,,,,,,,,,,,,,,,
01/06/2026 06:23:02,428221,4,.035,,3,.0228,,,,,,,,,,,,,,,,,,,
01/06/2026 06:23:07,425897,1,.0456,,1,.0406,,,,,,,,,,,,,,,,,,,
01/06/2026 06:23:32,412872,1,.0106,,2,.0256,,,,,,,,,,,,,,,,,,,
01/06/2026 06:23:32,428221,3,.0306,,1,.0056,,,,,,,,,,,,,,,,,,,
01/06/2026 06:23:37,425897,1,.0339,,1,.0106,,,,,,,,,,,,,,,,,,,
01/06/2026 06:24:02,412872,0,0,,5,.0567,,,,,,,,,,,,,,,,,,,
01/06/2026 06:24:02,428221,2,.0189,,3,.0256,,,,,,,,,,,,,,,,,,,
01/06/2026 06:24:07,425897,4,.155,,6,.1556,,,,,,,,,,,,,,,,,,,
01/06/2026 06:24:32,412872,0,0,,0,0,,,,,,,,,,,,,,,,,,,
01/06/2026 06:24:32,428221,3,.045,,9,.0856,,,,,,,,,,,,,,,,,,,
01/06/2026 06:24:37,425897,2,.0628,,2,.1939,,,,,,,,,,,,,,,,,,,
01/06/2026 06:25:02,412872,0,0,,1,.0139,,,,,,,,,,,,,,,,,,,
01/06/2026 06:25:02,428221,1,.0078,,0,0,,,,,,,,,,,,,,,,,,,
01/06/2026 06:25:07,425897,1,.0306,,1,.05,,,,,,,,,,,,,,,,,,,
01/06/2026 06:25:32,412872,1,.0128,,1,.0106,,,,,,,,,,,,,,,,,,,
01/06/2026 06:25:32,428221,1,.0078,,0,0,,,,,,,,,,,,,,,,,,,
01/06/2026 06:25:37,425897,0,0,,0,0,,,,,,,,,,,,,,,,,,,
01/06/2026 06:26:02,412872,0,0,,5,.0706,,,,,,,,,,,,,,,,,,,
01/06/2026 06:26:02,428221,6,.0567,,10,.0889,,,,,,,,,,,,,,,,,,,
01/06/2026 06:26:07,425897,0,.0328,,1,.0389,,,,,,,,,,,,,,,,,,,
01/06/2026 06:26:32,412872,0,0,,3,.0406,,,,,,,,,,,,,,,,,,,
01/06/2026 06:26:32,428221,2,.0206,,9,.0839,,,,,,,,,,,,,,,,,,,
01/06/2026 06:26:37,425897,4,.1167,,1,.0456,,,,,,,,,,,,,,,,,,,
01/06/2026 06:27:02,412872,0,0,,1,.0128,,,,,,,,,,,,,,,,,,,
01/06/2026 06:27:02,428221,1,.0078,,4,.0356,,,,,,,,,,,,,,,,,,,
01/06/2026 06:27:07,425897,3,.1589,,1,.1839,,,,,,,,,,,,,,,,,,,
01/06/2026 06:27:32,412872,0,0,,3,.0589,,,,,,,,,,,,,,,,,,,
01/06/2026 06:27:32,428221,0,0,,1,.0056,,,,,,,,,,,,,,,,,,,
01/06/2026 06:27:37,425897,2,.105,,0,0,,,,,,,,,,,,,,,,,,,
01/06/2026 06:28:02,412872,0,0,,2,.0256,,,,,,,,,,,,,,,,,,,
01/06/2026 06:28:02,428221,7,.0778,,6,.06,,,,,,,,,,,,,,,,,,,
01/06/2026 06:28:07,425897,1,.0467,,0,0,,,,,,,,,,,,,,,,,,,
01/06/2026 06:28:32,412872,0,0,,2,.0289,,,,,,,,,,,,,,,,,,,
01/06/2026 06:28:32,428221,0,0,,3,.025,,,,,,,,,,,,,,,,,,,
01/06/2026 06:28:37,425897,3,.0578,,1,.0117,,,,,,,,,,,,,,,,,,,
01/06/2026 06:29:02,412872,0,0,,1,.0106,,,,,,,,,,,,,,,,,,,
01/06/2026 06:29:02,428221,0,0,,3,.025,,,,,,,,,,,,,,,,,,,
01/06/2026 06:29:07,425897,5,.2017,,3,.08,,,,,,,,,,,,,,,,,,,
01/06/2026 06:29:32,412872,1,.0067,,5,.06,,,,,,,,,,,,,,,,,,,
01/06/2026 06:29:32,428221,3,.0167,,4,.0278,,,,,,,,,,,,,,,,,,,
01/06/2026 06:29:37,425897,1,.0328,,1,.0306,,,,,,,,,,,,,,,,,,,
01/06/2026 06:30:02,412872,0,0,,0,.0067,,,,,,,,,,,,,,,,,,,
01/06/2026 06:30:02,428221,2,.0189,,0,0,,,,,,,,,,,,,,,,,,,
01/06/2026 06:30:07,425897,0,.0156,,0,0,,,,,,,,,,,,,,,,,,,
01/06/2026 06:30:32,412872,0,0,,2,.0178,,,,,,,,,,,,,,,,,,,
01/06/2026 06:30:32,428221,4,.0656,,3,.0256,,,,,,,,,,,,,,,,,,,
01/06/2026 06:30:37,425897,1,.0067,,0,0,,,,,,,,,,,,,,,,,,,
01/06/2026 06:31:02,412872,1,.01,,1,.0117,,,,,,,,,,,,,,,,,,,
01/06/2026 06:31:02,428221,2,.02,,6,.055,,,,,,,,,,,,,,,,,,,
01/06/2026 06:31:07,425897,1,.0417,,1,.0878,,,,,,,,,,,,,,,,,,,
01/06/2026 06:31:32,412872,1,.0128,,5,.0706,,,,,,,,,,,,,,,,,,,
01/06/2026 06:31:32,428221,0,0,,2,.0206,,,,,,,,,,,,,,,,,,,
01/06/2026 06:31:37,425897,3,.1039,,3,.0939,,,,,,,,,,,,,,,,,,,
01/06/2026 06:32:02,412872,0,0,,3,.0406,,,,,,,,,,,,,,,,,,,
01/06/2026 06:32:02,428221,1,.01,,0,0,,,,,,,,,,,,,,,,,,,
01/06/2026 06:32:07,425897,2,.05,,2,.0906,,,,,,,,,,,,,,,,,,,
01/06/2026 06:32:32,412872,0,0,,5,.0639,,,,,,,,,,,,,,,,,,,
01/06/2026 06:32:32,428221,3,.03,,5,.0467,,,,,,,,,,,,,,,,,,,
01/06/2026 06:32:37,425897,2,.0739,,3,.0789,,,,,,,,,,,,,,,,,,,
01/06/2026 06:33:02,412872,2,.0189,,5,.0556,,,,,,,,,,,,,,,,,,,
01/06/2026 06:33:02,428221,8,.0756,,3,.0267,,,,,,,,,,,,,,,,,,,
01/06/2026 06:33:07,425897,2,.0739,,0,0,,,,,,,,,,,,,,,,,,,
01/06/2026 06:33:32,412872,0,0,,0,0,,,,,,,,,,,,,,,,,,,
01/06/2026 06:33:32,428221,0,0,,1,.0089,,,,,,,,,,,,,,,,,,,
01/06/2026 06:33:37,425897,1,.0217,,0,0,,,,,,,,,,,,,,,,,,,
01/06/2026 06:34:02,412872,0,0,,0,0,,,,,,,,,,,,,,,,,,,
01/06/2026 06:34:02,428221,4,.0356,,4,.0417,,,,,,,,,,,,,,,,,,,
01/06/2026 06:34:07,425897,1,.0378,,1,.0639,,,,,,,,,,,,,,,,,,,
01/06/2026 06:34:32,412872,0,0,,4,.0467,,,,,,,,,,,,,,,,,,,
01/06/2026 06:34:32,428221,4,.0356,,4,.0417,,,,,,,,,,,,,,,,,,,
01/06/2026 06:34:37,425897,2,.0539,,2,.0567,,,,,,,,,,,,,,,,,,,
01/06/2026 06:35:02,412872,0,0,,4,.0506,,,,,,,,,,,,,,,,,,,
01/06/2026 06:35:02,428221,1,.0067,,2,.0128,,,,,,,,,,,,,,,,,,,
01/06/2026 06:35:07,425897,3,.1267,,2,.07,,,,,,,,,,,,,,,,,,,
01/06/2026 06:35:32,412872,0,0,,2,.025,,,,,,,,,,,,,,,,,,,
01/06/2026 06:35:32,428221,2,.0206,,2,.0167,,,,,,,,,,,,,,,,,,,
01/06/2026 06:35:37,425897,4,.1628,,2,.0639,,,,,,,,,,,,,,,,,,,
01/06/2026 06:36:02,412872,0,0,,3,.04,,,,,,,,,,,,,,,,,,,
01/06/2026 06:36:02,428221,7,.0717,,4,.0389,,,,,,,,,,,,,,,,,,,
01/06/2026 06:36:07,425897,3,.1117,,1,.06,,,,,,,,,,,,,,,,,,,
01/06/2026 06:36:32,412872,2,.0256,,4,.0467,,,,,,,,,,,,,,,,,,,
01/06/2026 06:36:32,428221,0,0,,3,.0328,,,,,,,,,,,,,,,,,,,
01/06/2026 06:36:37,425897,1,.03,,1,.025,,,,,,,,,,,,,,,,,,,
01/06/2026 06:37:02,412872,0,0,,0,0,,,,,,,,,,,,,,,,,,,
01/06/2026 06:37:02,428221,0,0,,1,.0089,,,,,,,,,,,,,,,,,,,
01/06/2026 06:37:07,425897,1,.0817,,1,.0406,,,,,,,,,,,,,,,,,,,
01/06/2026 06:37:32,412872,1,.0128,,4,.0478,,,,,,,,,,,,,,,,,,,
01/06/2026 06:37:32,428221,2,.0156,,3,.0289,,,,,,,,,,,,,,,,,,,
01/06/2026 06:37:37,425897,2,.0517,,1,.0039,,,,,,,,,,,,,,,,,,,
01/06/2026 06:38:02,412872,0,0,,0,0,,,,,,,,,,,,,,,,,,,
01/06/2026 06:38:02,428221,3,.0267,,4,.0389,,,,,,,,,,,,,,,,,,,
01/06/2026 06:38:07,425897,0,0,,0,.0206,,,,,,,,,,,,,,,,,,,
01/06/2026 06:38:32,412872,3,.025,,2,.0217,,,,,,,,,,,,,,,,,,,
01/06/2026 06:38:32,428221,3,.0256,,2,.0139,,,,,,,,,,,,,,,,,,,
01/06/2026 06:38:37,425897,5,.18,,4,.0967,,,,,,,,,,,,,,,,,,,
01/06/2026 06:39:02,412872,1,.0106,,1,.0128,,,,,,,,,,,,,,,,,,,
01/06/2026 06:39:02,428221,2,.015,,2,.0128,,,,,,,,,,,,,,,,,,,
01/06/2026 06:39:07,425897,5,.14,,2,.0289,,,,,,,,,,,,,,,,,,,
01/06/2026 06:39:32,412872,2,.0256,,1,.0117,,,,,,,,,,,,,,,,,,,
01/06/2026 06:39:32,428221,2,.015,,2,.0128,,,,,,,,,,,,,,,,,,,
01/06/2026 06:39:37,425897,3,.1967,,4,.1567,,,,,,,,,,,,,,,,,,,
01/06/2026 06:40:02,412872,0,0,,1,.0106,,,,,,,,,,,,,,,,,,,
01/06/2026 06:40:02,428221,1,.01,,2,.02,,,,,,,,,,,,,,,,,,,
01/06/2026 06:40:07,425897,1,.0267,,0,.0306,,,,,,,,,,,,,,,,,,,
01/06/2026 06:40:32,412872,0,0,,0,0,,,,,,,,,,,,,,,,,,,
01/06/2026 06:40:32,428221,6,.0567,,5,.0467,,,,,,,,,,,,,,,,,,,
01/06/2026 06:40:37,425897,2,.0656,,1,.0128,,,,,,,,,,,,,,,,,,,
01/06/2026 06:41:02,412872,0,0,,2,.0206,,,,,,,,,,,,,,,,,,,
01/06/2026 06:41:02,428221,1,.0139,,3,.035,,,,,,,,,,,,,,,,,,,
01/06/2026 06:41:07,425897,1,.0567,,1,.0517,,,,,,,,,,,,,,,,,,,
01/06/2026 06:41:32,412872,1,.0139,,4,.0506,,,,,,,,,,,,,,,,,,,
01/06/2026 06:41:32,428221,2,.0239,,5,.0406,,,,,,,,,,,,,,,,,,,
01/06/2026 06:41:37,425897,4,.1256,,3,.0667,,,,,,,,,,,,,,,,,,,
01/06/2026 06:42:02,412872,1,.0117,,3,.0406,,,,,,,,,,,,,,,,,,,
01/06/2026 06:42:02,428221,6,.055,,5,.0617,,,,,,,,,,,,,,,,,,,
01/06/2026 06:42:07,425897,5,.185,,2,.035,,,,,,,,,,,,,,,,,,,
01/06/2026 06:42:32,412872,0,0,,8,.1139,,,,,,,,,,,,,,,,,,,
01/06/2026 06:42:32,428221,1,.0106,,0,0,,,,,,,,,,,,,,,,,,,
01/06/2026 06:42:37,425897,1,.03,,0,0,,,,,,,,,,,,,,,,,,,
01/06/2026 06:43:02,412872,0,0,,1,.01,,,,,,,,,,,,,,,,,,,
01/06/2026 06:43:02,428221,1,.0139,,2,.0189,,,,,,,,,,,,,,,,,,,
01/06/2026 06:43:07,425897,2,.0689,,0,0,,,,,,,,,,,,,,,,,,,
01/06/2026 06:43:32,412872,1,.0117,,5,.06,,,,,,,,,,,,,,,,,,,
01/06/2026 06:43:32,428221,6,.0539,,7,.0667,,,,,,,,,,,,,,,,,,,
01/06/2026 06:43:37,425897,1,.055,,0,0,,,,,,,,,,,,,,,,,,,
01/06/2026 06:44:02,412872,1,.0106,,3,.0328,,,,,,,,,,,,,,,,,,,
01/06/2026 06:44:02,428221,1,.0089,,4,.0378,,,,,,,,,,,,,,,,,,,
01/06/2026 06:44:07,425897,2,.1028,,1,.0317,,,,,,,,,,,,,,,,,,,
01/06/2026 06:44:32,412872,2,.0239,,3,.0367,,,,,,,,,,,,,,,,,,,
01/06/2026 06:44:32,428221,6,.0556,,7,.0589,,,,,,,,,,,,,,,,,,,
01/06/2026 06:44:37,425897,2,.0367,,1,.0417,,,,,,,,,,,,,,,,,,,
01/06/2026 06:45:02,412872,0,0,,1,.0167,,,,,,,,,,,,,,,,,,,
01/06/2026 06:45:02,428221,7,.0817,,8,.0839,,,,,,,,,,,,,,,,,,,
01/06/2026 06:45:07,425897,1,.0389,,1,.0056,,,,,,,,,,,,,,,,,,,
01/06/2026 06:45:32,412872,2,.0256,,1,.0117,,,,,,,,,,,,,,,,,,,
01/06/2026 06:45:32,428221,2,.0167,,1,.005,,,,,,,,,,,,,,,,,,,
01/06/2026 06:45:37,425897,0,.0167,,0,0,,,,,,,,,,,,,,,,,,,
01/06/2026 06:46:02,412872,0,0,,3,.04,,,,,,,,,,,,,,,,,,,
01/06/2026 06:46:02,428221,4,.0406,,6,.0506,,,,,,,,,,,,,,,,,,,
01/06/2026 06:46:07,425897,3,.07,,1,.0539,,,,,,,,,,,,,,,,,,,
01/06/2026 06:46:32,412872,0,0,,6,.0856,,,,,,,,,,,,,,,,,,,
01/06/2026 06:46:32,428221,3,.03,,8,.0689,,,,,,,,,,,,,,,,,,,
01/06/2026 06:46:37,425897,4,.1456,,4,.06,,,,,,,,,,,,,,,,,,,
01/06/2026 06:47:02,412872,0,0,,5,.065,,,,,,,,,,,,,,,,,,,
01/06/2026 06:47:02,428221,3,.025,,2,.0139,,,,,,,,,,,,,,,,,,,
01/06/2026 06:47:07,425897,3,.0656,,2,.0117,,,,,,,,,,,,,,,,,,,
01/06/2026 06:47:32,412872,2,.0239,,1,.015,,,,,,,,,,,,,,,,,,,
01/06/2026 06:47:32,428221,8,.085,,6,.0606,,,,,,,,,,,,,,,,,,,
01/06/2026 06:47:37,425897,2,.0739,,1,.0406,,,,,,,,,,,,,,,,,,,
01/06/2026 06:48:02,412872,0,0,,4,.0506,,,,,,,,,,,,,,,,,,,
01/06/2026 06:48:02,428221,4,.045,,6,.0756,,,,,,,,,,,,,,,,,,,
01/06/2026 06:48:07,425897,1,.0578,,2,.0778,,,,,,,,,,,,,,,,,,,
01/06/2026 06:48:32,412872,0,0,,3,.0367,,,,,,,,,,,,,,,,,,,
01/06/2026 06:48:32,428221,2,.0178,,1,.0078,,,,,,,,,,,,,,,,,,,
01/06/2026 06:48:37,425897,3,.0756,,2,.0478,,,,,,,,,,,,,,,,,,,
01/06/2026 06:49:02,412872,0,0,,3,.035,,,,,,,,,,,,,,,,,,,
01/06/2026 06:49:02,428221,6,.06,,3,.0256,,,,,,,,,,,,,,,,,,,
01/06/2026 06:49:07,425897,3,.1167,,3,.1256,,,,,,,,,,,,,,,,,,,
01/06/2026 06:49:32,412872,0,0,,1,.035,,,,,,,,,,,,,,,,,,,
01/06/2026 06:49:32,428221,5,.0428,,7,.0628,,,,,,,,,,,,,,,,,,,
01/06/2026 06:49:37,425897,2,.0956,,5,.1556,,,,,,,,,,,,,,,,,,,
01/06/2026 06:50:02,412872,1,.0139,,4,.0389,,,,,,,,,,,,,,,,,,,
01/06/2026 06:50:02,428221,4,.035,,3,.025,,,,,,,,,,,,,,,,,,,
01/06/2026 06:50:07,425897,0,0,,0,0,,,,,,,,,,,,,,,,,,,
01/06/2026 06:50:32,412872,0,0,,3,.0356,,,,,,,,,,,,,,,,,,,
01/06/2026 06:50:32,428221,8,.0867,,8,.0789,,,,,,,,,,,,,,,,,,,
01/06/2026 06:50:37,425897,1,.05,,1,.1039,,,,,,,,,,,,,,,,,,,
01/06/2026 06:51:02,412872,0,0,,3,.0378,,,,,,,,,,,,,,,,,,,
01/06/2026 06:51:02,428221,1,.01,,1,.0078,,,,,,,,,,,,,,,,,,,
01/06/2026 06:51:07,425897,2,.07,,2,.0467,,,,,,,,,,,,,,,,,,,
01/06/2026 06:51:32,412872,0,0,,6,.0728,,,,,,,,,,,,,,,,,,,
01/06/2026 06:51:32,428221,0,0,,2,.0278,,,,,,,,,,,,,,,,,,,
01/06/2026 06:51:37,425897,5,.1628,,3,.0428,,,,,,,,,,,,,,,,,,,
01/06/2026 06:52:02,412872,1,.0106,,1,.0106,,,,,,,,,,,,,,,,,,,
01/06/2026 06:52:02,428221,4,.0406,,5,.0478,,,,,,,,,,,,,,,,,,,
01/06/2026 06:52:07,425897,4,.1539,,5,.18,,,,,,,,,,,,,,,,,,,
01/06/2026 06:52:32,412872,0,0,,0,.0056,,,,,,,,,,,,,,,,,,,
01/06/2026 06:52:32,428221,4,.0406,,5,.0478,,,,,,,,,,,,,,,,,,,
01/06/2026 06:52:37,425897,2,.0739,,4,.1117,,,,,,,,,,,,,,,,,,,
01/06/2026 06:53:02,412872,0,0,,3,.0289,,,,,,,,,,,,,,,,,,,
01/06/2026 06:53:02,428221,4,.045,,4,.0417,,,,,,,,,,,,,,,,,,,
01/06/2026 06:53:07,425897,0,0,,1,.0356,,,,,,,,,,,,,,,,,,,
01/06/2026 06:53:32,412872,2,.0239,,2,.0189,,,,,,,,,,,,,,,,,,,
01/06/2026 06:53:32,428221,8,.0989,,12,.15,,,,,,,,,,,,,,,,,,,
01/06/2026 06:53:37,425897,1,.0228,,0,.035,,,,,,,,,,,,,,,,,,,
01/06/2026 06:54:02,412872,1,.0139,,4,.0517,,,,,,,,,,,,,,,,,,,
01/06/2026 06:54:02,428221,2,.0217,,2,.0178,,,,,,,,,,,,,,,,,,,
01/06/2026 06:54:07,425897,3,.105,,2,.1067,,,,,,,,,,,,,,,,,,,
01/06/2026 06:54:32,412872,1,.015,,11,.1606,,,,,,,,,,,,,,,,,,,
01/06/2026 06:54:32,428221,3,.0317,,4,.0356,,,,,,,,,,,,,,,,,,,
01/06/2026 06:54:37,425897,2,.085,,2,.0978,,,,,,,,,,,,,,,,,,,
01/06/2026 06:55:02,412872,0,0,,2,.025,,,,,,,,,,,,,,,,,,,
01/06/2026 06:55:02,428221,2,.02,,6,.0567,,,,,,,,,,,,,,,,,,,
01/06/2026 06:55:07,425897,2,.0606,,1,.03,,,,,,,,,,,,,,,,,,,
01/06/2026 06:55:32,412872,0,0,,2,.0228,,,,,,,,,,,,,,,,,,,
01/06/2026 06:55:32,428221,1,.0128,,3,.0256,,,,,,,,,,,,,,,,,,,
01/06/2026 06:55:37,425897,3,.1217,,1,.0356,,,,,,,,,,,,,,,,,,,
01/06/2026 06:56:02,412872,0,0,,2,.0256,,,,,,,,,,,,,,,,,,,
01/06/2026 06:56:02,428221,10,.1039,,10,.1006,,,,,,,,,,,,,,,,,,,
01/06/2026 06:56:07,425897,2,.32,,2,.225,,,,,,,,,,,,,,,,,,,
01/06/2026 06:56:32,412872,0,0,,0,0,,,,,,,,,,,,,,,,,,,
01/06/2026 06:56:32,428221,1,.01,,2,.0189,,,,,,,,,,,,,,,,,,,
01/06/2026 06:56:37,425897,3,.145,,4,.05,,,,,,,,,,,,,,,,,,,
01/06/2026 06:57:02,412872,1,.0128,,4,.0589,,,,,,,,,,,,,,,,,,,
01/06/2026 06:57:02,428221,3,.0267,,2,.0167,,,,,,,,,,,,,,,,,,,
01/06/2026 06:57:07,425897,2,.0889,,4,.0867,,,,,,,,,,,,,,,,,,,
01/06/2026 06:57:32,412872,1,.0106,,4,.0589,,,,,,,,,,,,,,,,,,,
01/06/2026 06:57:32,428221,5,.0517,,6,.1067,,,,,,,,,,,,,,,,,,,
01/06/2026 06:57:37,425897,3,.22,,3,.1217,,,,,,,,,,,,,,,,,,,
01/06/2026 06:58:02,412872,0,0,,6,.0706,,,,,,,,,,,,,,,,,,,
01/06/2026 06:58:02,428221,4,.04,,7,.1078,,,,,,,,,,,,,,,,,,,
01/06/2026 06:58:07,425897,2,.1628,,0,0,,,,,,,,,,,,,,,,,,,
01/06/2026 06:58:32,412872,4,.05,,4,.0856,,,,,,,,,,,,,,,,,,,
01/06/2026 06:58:32,428221,7,.07,,5,.0506,,,,,,,,,,,,,,,,,,,
01/06/2026 06:58:37,425897,3,.0989,,2,.0078,,,,,,,,,,,,,,,,,,,
01/06/2026 06:59:02,412872,0,0,,11,.16,,,,,,,,,,,,,,,,,,,
01/06/2026 06:59:02,428221,7,.075,,7,.0639,,,,,,,,,,,,,,,,,,,
01/06/2026 06:59:07,425897,2,.07,,4,.2378,,,,,,,,,,,,,,,,,,,
01/06/2026 06:59:32,412872,1,.01,,3,.0406,,,,,,,,,,,,,,,,,,,
01/06/2026 06:59:32,428221,1,.01,,0,0,,,,,,,,,,,,,,,,,,,
01/06/2026 06:59:37,425897,5,.5189,,3,.0967,,,,,,,,,,,,,,,,,,,
01/06/2026 07:00:02,412872,0,0,,3,.0378,,,,,,,,,,,,,,,,,,,
01/06/2026 07:00:02,428221,1,.0106,,2,.02,,,,,,,,,,,,,,,,,,,
01/06/2026 07:00:07,425897,2,.0706,,3,.0656,,,,,,,,,,,,,,,,,,,
01/06/2026 07:00:32,412872,0,0,,3,.0339,,,,,,,,,,,,,,,,,,,
01/06/2026 07:00:32,428221,3,.0267,,3,.0239,,,,,,,,,,,,,,,,,,,
01/06/2026 07:00:37,425897,1,.0406,,0,0,,,,,,,,,,,,,,,,,,,
01/06/2026 07:01:02,412872,0,0,,3,.0378,,,,,,,,,,,,,,,,,,,
01/06/2026 07:01:02,428221,1,.0078,,1,.01,,,,,,,,,,,,,,,,,,,
01/06/2026 07:01:07,425897,2,.0989,,3,.1306,,,,,,,,,,,,,,,,,,,
01/06/2026 07:01:32,412872,0,0,,2,.0256,,,,,,,,,,,,,,,,,,,
01/06/2026 07:01:32,428221,7,.0756,,6,.0517,,,,,,,,,,,,,,,,,,,
01/06/2026 07:01:37,425897,3,.0917,,2,.1056,,,,,,,,,,,,,,,,,,,
01/06/2026 07:02:02,412872,1,.0117,,4,.0506,,,,,,,,,,,,,,,,,,,
01/06/2026 07:02:02,428221,2,.0206,,3,.0289,,,,,,,,,,,,,,,,,,,
01/06/2026 07:02:07,425897,1,.035,,2,.0478,,,,,,,,,,,,,,,,,,,
01/06/2026 07:02:32,412872,1,.0128,,7,.0839,,,,,,,,,,,,,,,,,,,
01/06/2026 07:02:32,428221,1,.0089,,2,.02,,,,,,,,,,,,,,,,,,,
01/06/2026 07:02:37,425897,0,0,,1,.035,,,,,,,,,,,,,,,,,,,
01/06/2026 07:03:02,412872,1,.0117,,1,.0106,,,,,,,,,,,,,,,,,,,
01/06/2026 07:03:02,428221,3,.025,,3,.0278,,,,,,,,,,,,,,,,,,,
01/06/2026 07:03:07,425897,0,.0017,,3,.1517,,,,,,,,,,,,,,,,,,,
01/06/2026 07:03:32,412872,0,0,,3,.0378,,,,,,,,,,,,,,,,,,,
01/06/2026 07:03:32,428221,3,.0417,,4,.04,,,,,,,,,,,,,,,,,,,
01/06/2026 07:03:37,425897,2,.0917,,0,0,,,,,,,,,,,,,,,,,,,
01/06/2026 07:04:02,412872,1,.0239,,6,.08,,,,,,,,,,,,,,,,,,,
01/06/2026 07:04:02,428221,2,.02,,8,.0739,,,,,,,,,,,,,,,,,,,
01/06/2026 07:04:07,425897,3,.1206,,4,.175,,,,,,,,,,,,,,,,,,,
01/06/2026 07:04:32,412872,1,.0106,,3,.0339,,,,,,,,,,,,,,,,,,,
01/06/2026 07:04:32,428221,9,.0928,,9,.095,,,,,,,,,,,,,,,,,,,
01/06/2026 07:04:37,425897,4,.155,,2,.0517,,,,,,,,,,,,,,,,,,,
01/06/2026 07:05:02,412872,0,0,,4,.0506,,,,,,,,,,,,,,,,,,,
01/06/2026 07:05:02,428221,1,.01,,2,.02,,,,,,,,,,,,,,,,,,,
01/06/2026 07:05:07,425897,2,.0867,,2,.065,,,,,,,,,,,,,,,,,,,
01/06/2026 07:05:32,412872,1,.015,,1,.0128,,,,,,,,,,,,,,,,,,,
01/06/2026 07:05:32,428221,0,0,,0,0,,,,,,,,,,,,,,,,,,,
01/06/2026 07:05:37,425897,1,.0389,,2,.0856,,,,,,,,,,,,,,,,,,,
01/06/2026 07:06:02,412872,1,.005,,3,.0339,,,,,,,,,,,,,,,,,,,
01/06/2026 07:06:02,428221,1,.0106,,5,.055,,,,,,,,,,,,,,,,,,,
01/06/2026 07:06:07,425897,1,.04,,2,.1117,,,,,,,,,,,,,,,,,,,
01/06/2026 07:06:32,412872,1,.0128,,4,.0456,,,,,,,,,,,,,,,,,,,
01/06/2026 07:06:32,428221,3,.0278,,3,.0278,,,,,,,,,,,,,,,,,,,
01/06/2026 07:06:37,425897,4,.0939,,3,.0739,,,,,,,,,,,,,,,,,,,
01/06/2026 07:07:02,412872,0,0,,2,.0278,,,,,,,,,,,,,,,,,,,
01/06/2026 07:07:02,428221,3,.0278,,3,.0278,,,,,,,,,,,,,,,,,,,
01/06/2026 07:07:07,425897,1,.0478,,1,.055,,,,,,,,,,,,,,,,,,,
01/06/2026 07:07:32,412872,1,.0356,,6,.095,,,,,,,,,,,,,,,,,,,
01/06/2026 07:07:32,428221,11,.1228,,6,.075,,,,,,,,,,,,,,,,,,,
01/06/2026 07:07:37,425897,3,.105,,2,.0389,,,,,,,,,,,,,,,,,,,
01/06/2026 07:08:02,412872,0,0,,7,.0928,,,,,,,,,,,,,,,,,,,
01/06/2026 07:08:02,428221,0,0,,2,.015,,,,,,,,,,,,,,,,,,,
01/06/2026 07:08:07,425897,1,.0367,,2,.13,,,,,,,,,,,,,,,,,,,
01/06/2026 07:08:32,412872,1,.0139,,1,.0106,,,,,,,,,,,,,,,,,,,
01/06/2026 07:08:32,428221,2,.0178,,2,.0189,,,,,,,,,,,,,,,,,,,
01/06/2026 07:08:37,425897,2,.0917,,2,.0806,,,,,,,,,,,,,,,,,,,
01/06/2026 07:09:02,412872,2,.0189,,7,.0839,,,,,,,,,,,,,,,,,,,
01/06/2026 07:09:02,428221,2,.02,,5,.0467,,,,,,,,,,,,,,,,,,,
01/06/2026 07:09:07,425897,4,.1517,,6,.1639,,,,,,,,,,,,,,,,,,,
01/06/2026 07:09:32,412872,2,.0306,,3,.045,,,,,,,,,,,,,,,,,,,
01/06/2026 07:09:32,428221,3,.0328,,8,.1178,,,,,,,,,,,,,,,,,,,
01/06/2026 07:09:37,425897,5,.1428,,3,.1278,,,,,,,,,,,,,,,,,,,
01/06/2026 07:10:02,412872,2,.0256,,4,.0378,,,,,,,,,,,,,,,,,,,
01/06/2026 07:10:02,428221,8,.0828,,4,.0467,,,,,,,,,,,,,,,,,,,
01/06/2026 07:10:07,425897,1,.0406,,1,.0128,,,,,,,,,,,,,,,,,,,
01/06/2026 07:10:32,412872,0,0,,3,.0439,,,,,,,,,,,,,,,,,,,
01/06/2026 07:10:32,428221,6,.065,,4,.0778,,,,,,,,,,,,,,,,,,,
01/06/2026 07:10:37,425897,2,.055,,0,0,,,,,,,,,,,,,,,,,,,
01/06/2026 07:11:02,412872,1,.0039,,1,.02,,,,,,,,,,,,,,,,,,,
01/06/2026 07:11:02,428221,0,0,,0,0,,,,,,,,,,,,,,,,,,,
01/06/2026 07:11:07,425897,2,.0706,,2,.0928,,,,,,,,,,,,,,,,,,,
01/06/2026 07:11:32,412872,2,.0317,,11,.175,,,,,,,,,,,,,,,,,,,
01/06/2026 07:11:32,428221,0,0,,3,.0256,,,,,,,,,,,,,,,,,,,
01/06/2026 07:11:37,425897,5,.1817,,3,.08,,,,,,,,,,,,,,,,,,,
01/06/2026 07:12:02,412872,0,0,,3,.0367,,,,,,,,,,,,,,,,,,,
01/06/2026 07:12:02,428221,3,.03,,5,.0367,,,,,,,,,,,,,,,,,,,
01/06/2026 07:12:07,425897,5,.1517,,3,.0939,,,,,,,,,,,,,,,,,,,
01/06/2026 07:12:32,412872,1,.015,,7,.0878,,,,,,,,,,,,,,,,,,,
01/06/2026 07:12:32,428221,4,.0356,,9,.0756,,,,,,,,,,,,,,,,,,,
01/06/2026 07:12:37,425897,3,.1167,,3,.1217,,,,,,,,,,,,,,,,,,,
01/06/2026 07:13:02,412872,2,.0189,,3,.0428,,,,,,,,,,,,,,,,,,,
01/06/2026 07:13:02,428221,11,.125,,9,.0889,,,,,,,,,,,,,,,,,,,
01/06/2026 07:13:07,425897,3,.06,,2,.075,,,,,,,,,,,,,,,,,,,
01/06/2026 07:13:32,412872,1,.0128,,2,.0267,,,,,,,,,,,,,,,,,,,
01/06/2026 07:13:32,428221,3,.0267,,6,.0578,,,,,,,,,,,,,,,,,,,
01/06/2026 07:13:37,425897,2,.1278,,5,.1839,,,,,,,,,,,,,,,,,,,
01/06/2026 07:14:02,412872,0,0,,3,.0417,,,,,,,,,,,,,,,,,,,
01/06/2026 07:14:02,428221,0,0,,1,.0089,,,,,,,,,,,,,,,,,,,
01/06/2026 07:14:07,425897,4,.1256,,2,.0728,,,,,,,,,,,,,,,,,,,
01/06/2026 07:14:32,412872,0,0,,5,.0739,,,,,,,,,,,,,,,,,,,
01/06/2026 07:14:32,428221,2,.015,,5,.045,,,,,,,,,,,,,,,,,,,
01/06/2026 07:14:37,425897,0,.035,,1,.0467,,,,,,,,,,,,,,,,,,,
01/06/2026 07:15:02,412872,1,.0128,,6,.0756,,,,,,,,,,,,,,,,,,,
01/06/2026 07:15:02,428221,3,.035,,6,.055,,,,,,,,,,,,,,,,,,,
01/06/2026 07:15:07,425897,3,.1928,,3,.1439,,,,,,,,,,,,,,,,,,,
01/06/2026 07:15:32,412872,1,.02,,5,.0628,,,,,,,,,,,,,,,,,,,
01/06/2026 07:15:32,428221,4,.0389,,2,.0167,,,,,,,,,,,,,,,,,,,
01/06/2026 07:15:37,425897,0,0,,1,.0478,,,,,,,,,,,,,,,,,,,
01/06/2026 07:16:02,412872,1,.0056,,6,.0767,,,,,,,,,,,,,,,,,,,
01/06/2026 07:16:02,428221,6,.065,,7,.0689,,,,,,,,,,,,,,,,,,,
01/06/2026 07:16:07,425897,1,.0606,,2,.0739,,,,,,,,,,,,,,,,,,,
01/06/2026 07:16:32,412872,0,0,,3,.0406,,,,,,,,,,,,,,,,,,,
01/06/2026 07:16:32,428221,1,.01,,0,0,,,,,,,,,,,,,,,,,,,
01/06/2026 07:16:37,425897,4,.14,,6,.1628,,,,,,,,,,,,,,,,,,,
01/06/2026 07:17:02,412872,3,.0639,,0,0,,,,,,,,,,,,,,,,,,,
01/06/2026 07:17:02,428221,1,.0078,,3,.0278,,,,,,,,,,,,,,,,,,,
01/06/2026 07:17:07,425897,6,.2167,,7,.1539,,,,,,,,,,,,,,,,,,,
01/06/2026 07:17:32,412872,3,.025,,2,.0206,,,,,,,,,,,,,,,,,,,
01/06/2026 07:17:32,428221,4,.0339,,4,.0356,,,,,,,,,,,,,,,,,,,
01/06/2026 07:17:37,425897,3,.1328,,1,.0039,,,,,,,,,,,,,,,,,,,
01/06/2026 07:18:02,412872,1,.0117,,3,.0339,,,,,,,,,,,,,,,,,,,
01/06/2026 07:18:02,428221,7,.075,,4,.0828,,,,,,,,,,,,,,,,,,,
01/06/2026 07:18:07,425897,2,.08,,1,.0389,,,,,,,,,,,,,,,,,,,
01/06/2026 07:18:32,412872,0,0,,0,0,,,,,,,,,,,,,,,,,,,
01/06/2026 07:18:32,428221,7,.0689,,8,.0717,,,,,,,,,,,,,,,,,,,
01/06/2026 07:18:37,425897,2,.0967,,3,.1006,,,,,,,,,,,,,,,,,,,
01/06/2026 07:19:02,412872,1,.0117,,13,.175,,,,,,,,,,,,,,,,,,,
01/06/2026 07:19:02,428221,2,.0189,,7,.0656,,,,,,,,,,,,,,,,,,,
01/06/2026 07:19:07,425897,5,.1778,,3,.0778,,,,,,,,,,,,,,,,,,,
01/06/2026 07:19:32,412872,0,0,,2,.0239,,,,,,,,,,,,,,,,,,,
01/06/2026 07:19:32,428221,0,0,,3,.025,,,,,,,,,,,,,,,,,,,
01/06/2026 07:19:37,425897,4,.1606,,6,.2328,,,,,,,,,,,,,,,,,,,
01/06/2026 07:20:02,412872,1,.015,,6,.0867,,,,,,,,,,,,,,,,,,,
01/06/2026 07:20:02,428221,3,.0267,,6,.0489,,,,,,,,,,,,,,,,,,,
01/06/2026 07:20:07,425897,0,0,,0,0,,,,,,,,,,,,,,,,,,,
01/06/2026 07:20:32,412872,1,.0117,,9,.115,,,,,,,,,,,,,,,,,,,
01/06/2026 07:20:32,428221,2,.0178,,5,.045,,,,,,,,,,,,,,,,,,,
01/06/2026 07:20:37,425897,2,.0756,,1,.0428,,,,,,,,,,,,,,,,,,,
01/06/2026 07:21:02,412872,3,.0378,,4,.0528,,,,,,,,,,,,,,,,,,,
01/06/2026 07:21:02,428221,2,.0239,,6,.0778,,,,,,,,,,,,,,,,,,,
01/06/2026 07:21:07,425897,3,.095,,1,.0639,,,,,,,,,,,,,,,,,,,
01/06/2026 07:21:32,412872,0,0,,4,.0517,,,,,,,,,,,,,,,,,,,
01/06/2026 07:21:32,428221,10,.13,,10,.1189,,,,,,,,,,,,,,,,,,,
01/06/2026 07:21:37,425897,4,.1556,,3,.1089,,,,,,,,,,,,,,,,,,,
01/06/2026 07:22:02,412872,1,.0139,,10,.1578,,,,,,,,,,,,,,,,,,,
01/06/2026 07:22:02,428221,2,.0217,,7,.0667,,,,,,,,,,,,,,,,,,,
01/06/2026 07:22:07,425897,2,.0778,,0,0,,,,,,,,,,,,,,,,,,,
01/06/2026 07:22:32,412872,0,0,,5,.065,,,,,,,,,,,,,,,,,,,
01/06/2026 07:22:32,428221,0,0,,0,0,,,,,,,,,,,,,,,,,,,
01/06/2026 07:22:37,425897,2,.1006,,0,0,,,,,,,,,,,,,,,,,,,
01/06/2026 07:23:02,412872,0,0,,5,.0756,,,,,,,,,,,,,,,,,,,
01/06/2026 07:23:02,428221,4,.0406,,1,.015,,,,,,,,,,,,,,,,,,,
01/06/2026 07:23:07,425897,1,.0267,,0,0,,,,,,,,,,,,,,,,,,,
01/06/2026 07:23:32,412872,1,.0117,,2,.0239,,,,,,,,,,,,,,,,,,,
01/06/2026 07:23:32,428221,3,.0278,,8,.0706,,,,,,,,,,,,,,,,,,,
01/06/2026 07:23:37,425897,2,.0667,,3,.1267,,,,,,,,,,,,,,,,,,,
01/06/2026 07:24:02,412872,0,0,,5,.0589,,,,,,,,,,,,,,,,,,,
01/06/2026 07:24:02,428221,2,.025,,7,.0689,,,,,,,,,,,,,,,,,,,
01/06/2026 07:24:07,425897,4,.1939,,4,.1167,,,,,,,,,,,,,,,,,,,
01/06/2026 07:24:32,412872,1,.0139,,7,.1,,,,,,,,,,,,,,,,,,,
01/06/2026 07:24:32,428221,13,.1478,,8,.085,,,,,,,,,,,,,,,,,,,
01/06/2026 07:24:37,425897,6,.2589,,7,.2206,,,,,,,,,,,,,,,,,,,
01/06/2026 07:25:02,412872,4,.0556,,3,.0428,,,,,,,,,,,,,,,,,,,
01/06/2026 07:25:02,428221,2,.015,,4,.0328,,,,,,,,,,,,,,,,,,,
01/06/2026 07:25:07,425897,2,.1228,,1,.0178,,,,,,,,,,,,,,,,,,,
01/06/2026 07:25:32,412872,0,0,,3,.0378,,,,,,,,,,,,,,,,,,,
01/06/2026 07:25:32,428221,0,0,,3,.03,,,,,,,,,,,,,,,,,,,
01/06/2026 07:25:37,425897,2,.0828,,1,.0517,,,,,,,,,,,,,,,,,,,
01/06/2026 07:26:02,412872,1,.0139,,2,.0228,,,,,,,,,,,,,,,,,,,
01/06/2026 07:26:02,428221,4,.0439,,5,.0489,,,,,,,,,,,,,,,,,,,
01/06/2026 07:26:07,425897,4,.155,,4,.1289,,,,,,,,,,,,,,,,,,,
01/06/2026 07:26:32,412872,0,.0028,,3,.0356,,,,,,,,,,,,,,,,,,,
01/06/2026 07:26:32,428221,4,.0406,,7,.0667,,,,,,,,,,,,,,,,,,,
01/06/2026 07:26:37,425897,4,.1306,,4,.1767,,,,,,,,,,,,,,,,,,,
01/06/2026 07:27:02,412872,3,.035,,9,.125,,,,,,,,,,,,,,,,,,,
01/06/2026 07:27:02,428221,4,.0406,,7,.0667,,,,,,,,,,,,,,,,,,,
01/06/2026 07:27:07,425897,6,.25,,5,.2489,,,,,,,,,,,,,,,,,,,
01/06/2026 07:27:32,412872,1,.0156,,4,.05,,,,,,,,,,,,,,,,,,,
01/06/2026 07:27:32,428221,6,.0689,,5,.055,,,,,,,,,,,,,,,,,,,
01/06/2026 07:27:37,425897,5,.1989,,5,.1939,,,,,,,,,,,,,,,,,,,
01/06/2026 07:28:02,412872,1,.015,,8,.1028,,,,,,,,,,,,,,,,,,,
01/06/2026 07:28:02,428221,0,0,,0,0,,,,,,,,,,,,,,,,,,,
01/06/2026 07:28:07,425897,1,.0289,,2,.1056,,,,,,,,,,,,,,,,,,,
01/06/2026 07:28:32,412872,1,.01,,2,.0367,,,,,,,,,,,,,,,,,,,
01/06/2026 07:28:32,428221,0,0,,5,.0506,,,,,,,,,,,,,,,,,,,
01/06/2026 07:28:37,425897,1,.0906,,3,.0856,,,,,,,,,,,,,,,,,,,
01/06/2026 07:29:02,412872,0,0,,5,.0578,,,,,,,,,,,,,,,,,,,
01/06/2026 07:29:02,428221,0,0,,5,.0506,,,,,,,,,,,,,,,,,,,
01/06/2026 07:29:07,425897,6,.29,,5,.1139,,,,,,,,,,,,,,,,,,,
01/06/2026 07:29:32,412872,0,0,,6,.08,,,,,,,,,,,,,,,,,,,
01/06/2026 07:29:32,428221,3,.0317,,12,.1156,,,,,,,,,,,,,,,,,,,
01/06/2026 07:29:37,425897,5,.2628,,5,.1867,,,,,,,,,,,,,,,,,,,
01/06/2026 07:30:02,412872,1,.0117,,7,.0956,,,,,,,,,,,,,,,,,,,
01/06/2026 07:30:02,428221,11,.1378,,8,.0839,,,,,,,,,,,,,,,,,,,
01/06/2026 07:30:07,425897,3,.095,,2,.0856,,,,,,,,,,,,,,,,,,,
01/06/2026 07:30:32,412872,1,.0089,,6,.08,,,,,,,,,,,,,,,,,,,
01/06/2026 07:30:32,428221,3,.0289,,8,.0739,,,,,,,,,,,,,,,,,,,
01/06/2026 07:30:37,425897,3,.1506,,2,.0617,,,,,,,,,,,,,,,,,,,
01/06/2026 07:31:02,412872,2,.0178,,4,.0589,,,,,,,,,,,,,,,,,,,
01/06/2026 07:31:02,428221,1,.0089,,2,.02,,,,,,,,,,,,,,,,,,,
01/06/2026 07:31:07,425897,2,.0889,,4,.1667,,,,,,,,,,,,,,,,,,,
01/06/2026 07:31:32,412872,0,0,,6,.0967,,,,,,,,,,,,,,,,,,,
01/06/2026 07:31:32,428221,3,.02,,6,.0567,,,,,,,,,,,,,,,,,,,
01/06/2026 07:31:37,425897,6,.2506,,4,.1267,,,,,,,,,,,,,,,,,,,
01/06/2026 07:32:02,412872,0,0,,5,.0528,,,,,,,,,,,,,,,,,,,
01/06/2026 07:32:02,428221,6,.05,,5,.0406,,,,,,,,,,,,,,,,,,,
01/06/2026 07:32:07,425897,3,.1628,,3,.07,,,,,,,,,,,,,,,,,,,
01/06/2026 07:32:32,412872,3,.0378,,3,.0389,,,,,,,,,,,,,,,,,,,
01/06/2026 07:32:32,428221,5,.0528,,6,.0706,,,,,,,,,,,,,,,,,,,
01/06/2026 07:32:37,425897,6,.2228,,3,.105,,,,,,,,,,,,,,,,,,,
01/06/2026 07:33:02,412872,1,.0156,,16,.29,,,,,,,,,,,,,,,,,,,
01/06/2026 07:33:02,428221,14,.155,,11,.12,,,,,,,,,,,,,,,,,,,
01/06/2026 07:33:07,425897,0,0,,3,.125,,,,,,,,,,,,,,,,,,,
01/06/2026 07:33:32,412872,0,0,,5,.0589,,,,,,,,,,,,,,,,,,,
01/06/2026 07:33:32,428221,1,.0106,,2,.0206,,,,,,,,,,,,,,,,,,,
01/06/2026 07:33:37,425897,5,.175,,4,.1889,,,,,,,,,,,,,,,,,,,
01/06/2026 07:34:02,412872,3,.0289,,6,.065,,,,,,,,,,,,,,,,,,,
01/06/2026 07:34:02,428221,2,.02,,1,.01,,,,,,,,,,,,,,,,,,,
01/06/2026 07:34:07,425897,4,.1756,,4,.1578,,,,,,,,,,,,,,,,,,,
01/06/2026 07:34:32,412872,0,0,,6,.0778,,,,,,,,,,,,,,,,,,,
01/06/2026 07:34:32,428221,2,.0239,,4,.035,,,,,,,,,,,,,,,,,,,
01/06/2026 07:34:37,425897,6,.2317,,6,.2178,,,,,,,,,,,,,,,,,,,
01/06/2026 07:35:02,412872,0,0,,5,.07,,,,,,,,,,,,,,,,,,,
01/06/2026 07:35:02,428221,6,.0628,,8,.0739,,,,,,,,,,,,,,,,,,,
01/06/2026 07:35:07,425897,1,.0206,,4,.1967,,,,,,,,,,,,,,,,,,,
01/06/2026 07:35:32,412872,1,.0128,,3,.0428,,,,,,,,,,,,,,,,,,,
01/06/2026 07:35:32,428221,6,.0628,,8,.0739,,,,,,,,,,,,,,,,,,,
01/06/2026 07:35:37,425897,2,.0728,,4,.125,,,,,,,,,,,,,,,,,,,
01/06/2026 07:36:02,412872,1,.0128,,6,.0817,,,,,,,,,,,,,,,,,,,
01/06/2026 07:36:02,428221,10,.11,,10,.1,,,,,,,,,,,,,,,,,,,
01/06/2026 07:36:07,425897,3,.1039,,1,.0217,,,,,,,,,,,,,,,,,,,
01/06/2026 07:36:32,412872,1,.0139,,15,.2306,,,,,,,,,,,,,,,,,,,
01/06/2026 07:36:32,428221,2,.0189,,5,.0467,,,,,,,,,,,,,,,,,,,
01/06/2026 07:36:37,425897,5,.1928,,5,.1517,,,,,,,,,,,,,,,,,,,
01/06/2026 07:37:02,412872,0,0,,3,.0378,,,,,,,,,,,,,,,,,,,
01/06/2026 07:37:02,428221,3,.0306,,8,.0806,,,,,,,,,,,,,,,,,,,
01/06/2026 07:37:07,425897,2,.1089,,4,.1089,,,,,,,,,,,,,,,,,,,
01/06/2026 07:37:32,412872,1,.0128,,0,0,,,,,,,,,,,,,,,,,,,
01/06/2026 07:37:32,428221,5,.0478,,8,.0706,,,,,,,,,,,,,,,,,,,
01/06/2026 07:37:37,425897,2,.06,,2,.0867,,,,,,,,,,,,,,,,,,,
01/06/2026 07:38:02,412872,1,.0089,,13,.1717,,,,,,,,,,,,,,,,,,,
01/06/2026 07:38:02,428221,6,.0617,,5,.05,,,,,,,,,,,,,,,,,,,
01/06/2026 07:38:07,425897,2,.075,,4,.1556,,,,,,,,,,,,,,,,,,,
01/06/2026 07:38:32,412872,2,.0217,,3,.0356,,,,,,,,,,,,,,,,,,,
01/06/2026 07:38:32,428221,11,.1306,,10,.1178,,,,,,,,,,,,,,,,,,,
01/06/2026 07:38:37,425897,2,.0789,,4,.2139,,,,,,,,,,,,,,,,,,,
01/06/2026 07:39:02,412872,1,.0106,,5,.08,,,,,,,,,,,,,,,,,,,
01/06/2026 07:39:02,428221,6,.0639,,6,.0889,,,,,,,,,,,,,,,,,,,
01/06/2026 07:39:07,425897,5,.16,,3,.22,,,,,,,,,,,,,,,,,,,
01/06/2026 07:39:32,412872,1,.0156,,6,.0767,,,,,,,,,,,,,,,,,,,
01/06/2026 07:39:32,428221,1,.0106,,6,.0606,,,,,,,,,,,,,,,,,,,
01/06/2026 07:39:37,425897,4,.1539,,5,.1856,,,,,,,,,,,,,,,,,,,
01/06/2026 07:40:02,412872,1,.0139,,11,.1428,,,,,,,,,,,,,,,,,,,
01/06/2026 07:40:02,428221,4,.0389,,3,.0278,,,,,,,,,,,,,,,,,,,
01/06/2026 07:40:07,425897,4,.1589,,3,.045,,,,,,,,,,,,,,,,,,,
01/06/2026 07:40:32,412872,3,.04,,9,.1317,,,,,,,,,,,,,,,,,,,
01/06/2026 07:40:32,428221,3,.03,,6,.0517,,,,,,,,,,,,,,,,,,,
01/06/2026 07:40:37,425897,1,.0139,,2,.1039,,,,,,,,,,,,,,,,,,,
01/06/2026 07:41:02,412872,0,0,,3,.0567,,,,,,,,,,,,,,,,,,,
01/06/2026 07:41:02,428221,5,.055,,6,.0506,,,,,,,,,,,,,,,,,,,
01/06/2026 07:41:07,425897,3,.1389,,4,.0567,,,,,,,,,,,,,,,,,,,
01/06/2026 07:41:32,412872,1,.0139,,10,.125,,,,,,,,,,,,,,,,,,,
01/06/2026 07:41:32,428221,13,.1517,,10,.1078,,,,,,,,,,,,,,,,,,,
01/06/2026 07:41:37,425897,4,.1378,,2,.0356,,,,,,,,,,,,,,,,,,,
01/06/2026 07:42:02,412872,1,.0178,,2,.0278,,,,,,,,,,,,,,,,,,,
01/06/2026 07:42:02,428221,4,.0428,,7,.0606,,,,,,,,,,,,,,,,,,,
01/06/2026 07:42:07,425897,6,.2117,,5,.195,,,,,,,,,,,,,,,,,,,
01/06/2026 07:42:32,412872,2,.0389,,6,.1028,,,,,,,,,,,,,,,,,,,
01/06/2026 07:42:32,428221,1,.0089,,1,.0089,,,,,,,,,,,,,,,,,,,
01/06/2026 07:42:37,425897,5,.1989,,5,.1389,,,,,,,,,,,,,,,,,,,
01/06/2026 07:43:02,412872,5,.0789,,5,.1,,,,,,,,,,,,,,,,,,,
01/06/2026 07:43:02,428221,4,.0367,,3,.0267,,,,,,,,,,,,,,,,,,,
01/06/2026 07:43:07,425897,7,.2117,,6,.1867,,,,,,,,,,,,,,,,,,,
01/06/2026 07:43:32,412872,0,.0056,,7,.1078,,,,,,,,,,,,,,,,,,,
01/06/2026 07:43:32,428221,4,.045,,7,.0817,,,,,,,,,,,,,,,,,,,
01/06/2026 07:43:37,425897,4,.1406,,3,.1067,,,,,,,,,,,,,,,,,,,
01/06/2026 07:44:02,412872,4,.07,,7,.1017,,,,,,,,,,,,,,,,,,,
01/06/2026 07:44:02,428221,8,.0856,,12,.1139,,,,,,,,,,,,,,,,,,,
01/06/2026 07:44:07,425897,4,.1506,,1,.095,,,,,,,,,,,,,,,,,,,
01/06/2026 07:44:32,412872,1,.0178,,7,.1428,,,,,,,,,,,,,,,,,,,
01/06/2026 07:44:32,428221,11,.1206,,9,.1017,,,,,,,,,,,,,,,,,,,
01/06/2026 07:44:37,425897,5,.2039,,6,.2267,,,,,,,,,,,,,,,,,,,
01/06/2026 07:45:02,412872,1,.01,,7,.0917,,,,,,,,,,,,,,,,,,,
01/06/2026 07:45:02,428221,1,.0089,,3,.0289,,,,,,,,,,,,,,,,,,,
01/06/2026 07:45:07,425897,6,.2356,,9,.3178,,,,,,,,,,,,,,,,,,,
01/06/2026 07:45:32,412872,1,.0156,,9,.1167,,,,,,,,,,,,,,,,,,,
01/06/2026 07:45:32,428221,0,0,,2,.0178,,,,,,,,,,,,,,,,,,,
01/06/2026 07:45:37,425897,1,.0389,,0,0,,,,,,,,,,,,,,,,,,,
01/06/2026 07:46:02,412872,1,.0167,,8,.1378,,,,,,,,,,,,,,,,,,,
01/06/2026 07:46:02,428221,2,.015,,3,.0217,,,,,,,,,,,,,,,,,,,
01/06/2026 07:46:07,425897,3,.1039,,5,.1289,,,,,,,,,,,,,,,,,,,
01/06/2026 07:46:32,412872,1,.0156,,7,.1256,,,,,,,,,,,,,,,,,,,
01/06/2026 07:46:32,428221,7,.0639,,5,.045,,,,,,,,,,,,,,,,,,,
01/06/2026 07:46:37,425897,3,.0989,,2,.08,,,,,,,,,,,,,,,,,,,
01/06/2026 07:47:02,412872,3,.045,,9,.1228,,,,,,,,,,,,,,,,,,,
01/06/2026 07:47:02,428221,11,.115,,7,.0628,,,,,,,,,,,,,,,,,,,
01/06/2026 07:47:07,425897,5,.135,,4,.1306,,,,,,,,,,,,,,,,,,,
01/06/2026 07:47:32,412872,5,.0678,,6,.0639,,,,,,,,,,,,,,,,,,,
01/06/2026 07:47:32,428221,4,.0356,,6,.0556,,,,,,,,,,,,,,,,,,,
01/06/2026 07:47:37,425897,6,.2039,,5,.14,,,,,,,,,,,,,,,,,,,
01/06/2026 07:48:02,412872,0,0,,2,.0306,,,,,,,,,,,,,,,,,,,
01/06/2026 07:48:02,428221,1,.0067,,3,.0256,,,,,,,,,,,,,,,,,,,
01/06/2026 07:48:07,425897,1,.0356,,2,.0506,,,,,,,,,,,,,,,,,,,
01/06/2026 07:48:32,412872,3,.0228,,4,.0478,,,,,,,,,,,,,,,,,,,
01/06/2026 07:48:32,428221,0,0,,0,0,,,,,,,,,,,,,,,,,,,
01/06/2026 07:48:37,425897,3,.1139,,2,.1556,,,,,,,,,,,,,,,,,,,
01/06/2026 07:49:02,412872,0,0,,2,.0228,,,,,,,,,,,,,,,,,,,
01/06/2026 07:49:02,428221,5,.035,,7,.0578,,,,,,,,,,,,,,,,,,,
01/06/2026 07:49:07,425897,5,.195,,8,.2339,,,,,,,,,,,,,,,,,,,
01/06/2026 07:49:32,412872,1,.0106,,6,.0767,,,,,,,,,,,,,,,,,,,
01/06/2026 07:49:32,428221,3,.03,,6,.0689,,,,,,,,,,,,,,,,,,,
01/06/2026 07:49:37,425897,6,.2328,,7,.2456,,,,,,,,,,,,,,,,,,,
01/06/2026 07:50:02,412872,0,0,,2,.0289,,,,,,,,,,,,,,,,,,,
01/06/2026 07:50:02,428221,13,.1567,,8,.0967,,,,,,,,,,,,,,,,,,,
01/06/2026 07:50:07,425897,5,.1967,,5,.0917,,,,,,,,,,,,,,,,,,,
01/06/2026 07:50:32,412872,0,0,,3,.05,,,,,,,,,,,,,,,,,,,
01/06/2026 07:50:32,428221,5,.0467,,5,.0517,,,,,,,,,,,,,,,,,,,
01/06/2026 07:50:37,425897,6,.2789,,6,.17,,,,,,,,,,,,,,,,,,,
01/06/2026 07:51:02,412872,1,.01,,0,0,,,,,,,,,,,,,,,,,,,
01/06/2026 07:51:02,428221,0,0,,0,0,,,,,,,,,,,,,,,,,,,
01/06/2026 07:51:07,425897,3,.1067,,4,.1789,,,,,,,,,,,,,,,,,,,
01/06/2026 07:51:32,412872,0,0,,4,.105,,,,,,,,,,,,,,,,,,,
01/06/2026 07:51:32,428221,3,.025,,3,.0278,,,,,,,,,,,,,,,,,,,
01/06/2026 07:51:37,425897,3,.1217,,2,.0078,,,,,,,,,,,,,,,,,,,
01/06/2026 07:52:02,412872,4,.1328,,3,.0567,,,,,,,,,,,,,,,,,,,
01/06/2026 07:52:02,428221,4,.0406,,12,.1067,,,,,,,,,,,,,,,,,,,
01/06/2026 07:52:07,425897,6,.2078,,4,.1389,,,,,,,,,,,,,,,,,,,
01/06/2026 07:52:32,412872,2,.0217,,11,.1567,,,,,,,,,,,,,,,,,,,
01/06/2026 07:52:32,428221,3,.0239,,7,.0528,,,,,,,,,,,,,,,,,,,
01/06/2026 07:52:37,425897,4,.3356,,4,.1678,,,,,,,,,,,,,,,,,,,
01/06/2026 07:53:02,412872,1,.0106,,4,.06,,,,,,,,,,,,,,,,,,,
01/06/2026 07:53:02,428221,7,.0828,,9,.0956,,,,,,,,,,,,,,,,,,,
01/06/2026 07:53:07,425897,6,.195,,6,.125,,,,,,,,,,,,,,,,,,,
01/06/2026 07:53:32,412872,1,.0106,,1,.0117,,,,,,,,,,,,,,,,,,,
01/06/2026 07:53:32,428221,7,.0828,,9,.0956,,,,,,,,,,,,,,,,,,,
01/06/2026 07:53:37,425897,4,.1306,,3,.095,,,,,,,,,,,,,,,,,,,
01/06/2026 07:54:02,412872,0,0,,7,.0917,,,,,,,,,,,,,,,,,,,
01/06/2026 07:54:02,428221,0,0,,2,.02,,,,,,,,,,,,,,,,,,,
01/06/2026 07:54:07,425897,5,.15,,2,.0539,,,,,,,,,,,,,,,,,,,
01/06/2026 07:54:32,412872,0,0,,6,.0728,,,,,,,,,,,,,,,,,,,
01/06/2026 07:54:32,428221,0,0,,2,.02,,,,,,,,,,,,,,,,,,,
01/06/2026 07:54:37,425897,7,.2139,,8,.2817,,,,,,,,,,,,,,,,,,,
01/06/2026 07:55:02,412872,1,.01,,2,.015,,,,,,,,,,,,,,,,,,,
01/06/2026 07:55:02,428221,5,.0567,,8,.0778,,,,,,,,,,,,,,,,,,,
01/06/2026 07:55:07,425897,3,.1428,,3,.1256,,,,,,,,,,,,,,,,,,,
01/06/2026 07:55:32,412872,1,.0156,,7,.0989,,,,,,,,,,,,,,,,,,,
01/06/2026 07:55:32,428221,11,.1206,,8,.1,,,,,,,,,,,,,,,,,,,
01/06/2026 07:55:37,425897,1,.0389,,1,.1817,,,,,,,,,,,,,,,,,,,
01/06/2026 07:56:02,412872,2,.0306,,2,.0356,,,,,,,,,,,,,,,,,,,
01/06/2026 07:56:02,428221,8,.1267,,10,.1339,,,,,,,,,,,,,,,,,,,
01/06/2026 07:56:07,425897,3,.1117,,5,.1967,,,,,,,,,,,,,,,,,,,
01/06/2026 07:56:32,412872,0,0,,7,.0878,,,,,,,,,,,,,,,,,,,
01/06/2026 07:56:32,428221,2,.0189,,6,.0539,,,,,,,,,,,,,,,,,,,
01/06/2026 07:56:37,425897,6,.2206,,6,.2089,,,,,,,,,,,,,,,,,,,
01/06/2026 07:57:02,412872,1,.0139,,7,.0939,,,,,,,,,,,,,,,,,,,
01/06/2026 07:57:02,428221,3,.0278,,5,.0489,,,,,,,,,,,,,,,,,,,
01/06/2026 07:57:07,425897,6,.2156,,4,.145,,,,,,,,,,,,,,,,,,,
01/06/2026 07:57:32,412872,1,.0117,,2,.0289,,,,,,,,,,,,,,,,,,,
01/06/2026 07:57:32,428221,7,.0678,,7,.06,,,,,,,,,,,,,,,,,,,
01/06/2026 07:57:37,425897,5,.22,,6,.2189,,,,,,,,,,,,,,,,,,,
01/06/2026 07:58:02,412872,2,.0256,,2,.025,,,,,,,,,,,,,,,,,,,
01/06/2026 07:58:02,428221,1,.01,,3,.0289,,,,,,,,,,,,,,,,,,,
01/06/2026 07:58:07,425897,7,.295,,6,.2178,,,,,,,,,,,,,,,,,,,
01/06/2026 07:58:32,412872,3,.0389,,2,.0228,,,,,,,,,,,,,,,,,,,
01/06/2026 07:58:32,428221,12,.1367,,12,.13,,,,,,,,,,,,,,,,,,,
01/06/2026 07:58:37,425897,3,.1178,,5,.1156,,,,,,,,,,,,,,,,,,,
01/06/2026 07:59:02,412872,1,.0117,,4,.0717,,,,,,,,,,,,,,,,,,,
01/06/2026 07:59:02,428221,3,.0328,,2,.02,,,,,,,,,,,,,,,,,,,
01/06/2026 07:59:07,425897,3,.1189,,4,.1317,,,,,,,,,,,,,,,,,,,
01/06/2026 07:59:32,412872,2,.03,,12,.1528,,,,,,,,,,,,,,,,,,,
01/06/2026 07:59:32,428221,2,.0167,,1,.01,,,,,,,,,,,,,,,,,,,
01/06/2026 07:59:37,425897,6,.2478,,6,.2317,,,,,,,,,,,,,,,,,,,
01/06/2026 08:00:02,412872,0,0,,5,.0689,,,,,,,,,,,,,,,,,,,
01/06/2026 08:00:02,428221,4,.0356,,7,.0628,,,,,,,,,,,,,,,,,,,
01/06/2026 08:00:07,425897,6,.2139,,6,.2139,,,,,,,,,,,,,,,,,,,
01/06/2026 08:00:32,412872,3,.0328,,5,.07,,,,,,,,,,,,,,,,,,,
01/06/2026 08:00:32,428221,4,.0339,,9,.0817,,,,,,,,,,,,,,,,,,,
01/06/2026 08:00:37,425897,5,.185,,0,0,,,,,,,,,,,,,,,,,,,
01/06/2026 08:01:02,412872,0,0,,2,.0217,,,,,,,,,,,,,,,,,,,
01/06/2026 08:01:02,428221,12,.1206,,7,.0989,,,,,,,,,,,,,,,,,,,
01/06/2026 08:01:07,425897,4,.1389,,5,.1389,,,,,,,,,,,,,,,,,,,
01/06/2026 08:01:32,412872,3,.0278,,5,.0667,,,,,,,,,,,,,,,,,,,
01/06/2026 08:01:32,428221,12,.1206,,7,.0989,,,,,,,,,,,,,,,,,,,
01/06/2026 08:01:37,425897,3,.0528,,3,.0939,,,,,,,,,,,,,,,,,,,
01/06/2026 08:02:02,412872,1,.01,,1,.0139,,,,,,,,,,,,,,,,,,,
01/06/2026 08:02:02,428221,2,.01,,8,.0606,,,,,,,,,,,,,,,,,,,
01/06/2026 08:02:07,425897,3,.1189,,5,.2278,,,,,,,,,,,,,,,,,,,
01/06/2026 08:02:32,412872,1,.05,,2,.03,,,,,,,,,,,,,,,,,,,
01/06/2026 08:02:32,428221,1,.0128,,7,.065,,,,,,,,,,,,,,,,,,,
01/06/2026 08:02:37,425897,5,.2106,,5,.1017,,,,,,,,,,,,,,,,,,,
01/06/2026 08:03:02,412872,0,0,,1,.0139,,,,,,,,,,,,,,,,,,,
01/06/2026 08:03:02,428221,0,0,,0,0,,,,,,,,,,,,,,,,,,,
01/06/2026 08:03:07,425897,0,0,,0,0,,,,,,,,,,,,,,,,,,,
01/06/2026 08:03:32,412872,0,0,,0,0,,,,,,,,,,,,,,,,,,,
01/06/2026 08:03:32,428221,0,0,,0,0,,,,,,,,,,,,,,,,,,,
01/06/2026 08:03:37,425897,0,0,,0,0,,,,,,,,,,,,,,,,,,,
01/06/2026 08:04:02,412872,0,0,,0,0,,,,,,,,,,,,,,,,,,,
01/06/2026 08:04:02,428221,0,0,,0,0,,,,,,,,,,,,,,,,,,,
01/06/2026 08:04:07,425897,0,0,,0,0,,,,,,,,,,,,,,,,,,,
01/06/2026 08:04:32,412872,0,0,,0,0,,,,,,,,,,,,,,,,,,,
01/06/2026 08:04:32,428221,0,0,,0,0,,,,,,,,,,,,,,,,,,,
01/06/2026 08:04:37,425897,0,0,,0,0,,,,,,,,,,,,,,,,,,,
01/06/2026 08:05:02,412872,0,0,,0,0,,,,,,,,,,,,,,,,,,,
01/06/2026 08:05:02,428221,0,0,,0,0,,,,,,,,,,,,,,,,,,,
01/06/2026 08:05:07,425897,0,0,,0,0,,,,,,,,,,,,,,,,,,,
01/06/2026 08:05:32,412872,0,0,,0,0,,,,,,,,,,,,,,,,,,,
01/06/2026 08:05:32,428221,0,0,,0,0,,,,,,,,,,,,,,,,,,,
01/06/2026 08:05:37,425897,0,0,,0,0,,,,,,,,,,,,,,,,,,,
01/06/2026 08:06:02,412872,0,0,,0,0,,,,,,,,,,,,,,,,,,,
01/06/2026 08:06:02,428221,0,0,,0,0,,,,,,,,,,,,,,,,,,,
01/06/2026 08:06:07,425897,0,0,,0,0,,,,,,,,,,,,,,,,,,,
01/06/2026 08:06:32,412872,0,0,,0,0,,,,,,,,,,,,,,,,,,,
01/06/2026 08:06:32,428221,0,0,,0,0,,,,,,,,,,,,,,,,,,,
01/06/2026 08:06:37,425897,0,0,,0,0,,,,,,,,,,,,,,,,,,,
01/06/2026 08:07:02,412872,0,0,,0,0,,,,,,,,,,,,,,,,,,,
01/06/2026 08:07:02,428221,0,0,,0,0,,,,,,,,,,,,,,,,,,,
01/06/2026 08:07:07,425897,0,0,,0,0,,,,,,,,,,,,,,,,,,,
01/06/2026 08:07:32,412872,0,0,,0,0,,,,,,,,,,,,,,,,,,,
01/06/2026 08:07:32,428221,0,0,,0,0,,,,,,,,,,,,,,,,,,,
01/06/2026 08:07:37,425897,0,0,,0,0,,,,,,,,,,,,,,,,,,,
01/06/2026 08:08:02,412872,0,0,,0,0,,,,,,,,,,,,,,,,,,,
01/06/2026 08:08:02,428221,0,0,,0,0,,,,,,,,,,,,,,,,,,,
01/06/2026 08:08:07,425897,0,0,,0,0,,,,,,,,,,,,,,,,,,,
01/06/2026 08:08:32,412872,0,0,,0,0,,,,,,,,,,,,,,,,,,,
01/06/2026 08:08:32,428221,0,0,,0,0,,,,,,,,,,,,,,,,,,,
01/06/2026 08:08:37,425897,0,0,,0,0,,,,,,,,,,,,,,,,,,,
01/06/2026 08:09:02,412872,0,0,,0,0,,,,,,,,,,,,,,,,,,,
01/06/2026 08:09:02,428221,0,0,,0,0,,,,,,,,,,,,,,,,,,,
01/06/2026 08:09:07,425897,0,0,,0,0,,,,,,,,,,,,,,,,,,,
01/06/2026 08:09:32,412872,0,0,,0,0,,,,,,,,,,,,,,,,,,,
01/06/2026 08:09:32,428221,0,0,,0,0,,,,,,,,,,,,,,,,,,,
01/06/2026 08:09:37,425897,0,0,,0,0,,,,,,,,,,,,,,,,,,,
01/06/2026 08:10:02,412872,0,0,,0,0,,,,,,,,,,,,,,,,,,,
01/06/2026 08:10:02,428221,0,0,,0,0,,,,,,,,,,,,,,,,,,,
01/06/2026 08:10:07,425897,0,0,,0,0,,,,,,,,,,,,,,,,,,,
01/06/2026 08:10:32,412872,0,0,,0,0,,,,,,,,,,,,,,,,,,,
01/06/2026 08:10:32,428221,0,0,,0,0,,,,,,,,,,,,,,,,,,,
01/06/2026 08:10:37,425897,0,0,,0,0,,,,,,,,,,,,,,,,,,,
01/06/2026 08:11:02,412872,0,0,,0,0,,,,,,,,,,,,,,,,,,,
01/06/2026 08:11:02,428221,0,0,,0,0,,,,,,,,,,,,,,,,,,,
01/06/2026 08:11:07,425897,0,0,,0,0,,,,,,,,,,,,,,,,,,,
01/06/2026 08:11:32,412872,0,0,,0,0,,,,,,,,,,,,,,,,,,,
01/06/2026 08:11:32,428221,0,0,,0,0,,,,,,,,,,,,,,,,,,,
01/06/2026 08:11:37,425897,0,0,,0,0,,,,,,,,,,,,,,,,,,,
01/06/2026 08:12:02,412872,0,0,,0,0,,,,,,,,,,,,,,,,,,,
01/06/2026 08:12:02,428221,0,0,,0,0,,,,,,,,,,,,,,,,,,,
01/06/2026 08:12:07,425897,0,0,,0,0,,,,,,,,,,,,,,,,,,,
01/06/2026 08:12:32,412872,0,0,,0,0,,,,,,,,,,,,,,,,,,,
01/06/2026 08:12:32,428221,0,0,,0,0,,,,,,,,,,,,,,,,,,,
01/06/2026 08:12:37,425897,0,0,,0,0,,,,,,,,,,,,,,,,,,,
01/06/2026 08:13:02,412872,0,0,,0,0,,,,,,,,,,,,,,,,,,,
01/06/2026 08:13:02,428221,0,0,,0,0,,,,,,,,,,,,,,,,,,,
01/06/2026 08:13:07,425897,0,0,,0,0,,,,,,,,,,,,,,,,,,,
01/06/2026 08:13:32,412872,0,0,,0,0,,,,,,,,,,,,,,,,,,,
01/06/2026 08:13:32,428221,0,0,,0,0,,,,,,,,,,,,,,,,,,,
01/06/2026 08:13:37,425897,0,0,,0,0,,,,,,,,,,,,,,,,,,,
01/06/2026 08:14:02,412872,0,0,,0,0,,,,,,,,,,,,,,,,,,,
01/06/2026 08:14:02,428221,0,0,,0,0,,,,,,,,,,,,,,,,,,,
01/06/2026 08:14:07,425897,0,0,,0,0,,,,,,,,,,,,,,,,,,,
01/06/2026 08:14:32,412872,0,0,,0,0,,,,,,,,,,,,,,,,,,,
01/06/2026 08:14:32,428221,0,0,,0,0,,,,,,,,,,,,,,,,,,,
01/06/2026 08:14:37,425897,0,0,,0,0,,,,,,,,,,,,,,,,,,,
01/06/2026 08:15:02,412872,0,0,,0,0,,,,,,,,,,,,,,,,,,,
01/06/2026 08:15:02,428221,0,0,,0,0,,,,,,,,,,,,,,,,,,,
01/06/2026 08:15:07,425897,0,0,,0,0,,,,,,,,,,,,,,,,,,,
01/06/2026 08:15:32,412872,0,0,,0,0,,,,,,,,,,,,,,,,,,,
01/06/2026 08:15:32,428221,0,0,,0,0,,,,,,,,,,,,,,,,,,,
01/06/2026 08:15:37,425897,0,0,,0,0,,,,,,,,,,,,,,,,,,,
01/06/2026 08:16:02,412872,0,0,,0,0,,,,,,,,,,,,,,,,,,,
01/06/2026 08:16:02,428221,0,0,,0,0,,,,,,,,,,,,,,,,,,,
01/06/2026 08:16:07,425897,0,0,,0,0,,,,,,,,,,,,,,,,,,,
01/06/2026 08:16:32,412872,0,0,,0,0,,,,,,,,,,,,,,,,,,,
01/06/2026 08:16:32,428221,0,0,,0,0,,,,,,,,,,,,,,,,,,,
01/06/2026 08:16:37,425897,0,0,,0,0,,,,,,,,,,,,,,,,,,,
01/06/2026 08:17:02,412872,0,0,,0,0,,,,,,,,,,,,,,,,,,,
01/06/2026 08:17:02,428221,0,0,,0,0,,,,,,,,,,,,,,,,,,,
01/06/2026 08:17:07,425897,0,0,,0,0,,,,,,,,,,,,,,,,,,,
01/06/2026 08:17:32,412872,0,0,,0,0,,,,,,,,,,,,,,,,,,,
01/06/2026 08:17:32,428221,0,0,,0,0,,,,,,,,,,,,,,,,,,,
01/06/2026 08:17:37,425897,0,0,,0,0,,,,,,,,,,,,,,,,,,,
01/06/2026 08:18:02,412872,0,0,,0,0,,,,,,,,,,,,,,,,,,,
01/06/2026 08:18:02,428221,0,0,,0,0,,,,,,,,,,,,,,,,,,,
01/06/2026 08:18:07,425897,0,0,,0,0,,,,,,,,,,,,,,,,,,,
01/06/2026 08:18:32,412872,0,0,,0,0,,,,,,,,,,,,,,,,,,,
01/06/2026 08:18:32,428221,0,0,,0,0,,,,,,,,,,,,,,,,,,,
01/06/2026 08:18:37,425897,0,0,,0,0,,,,,,,,,,,,,,,,,,,
01/06/2026 08:19:02,412872,0,0,,0,0,,,,,,,,,,,,,,,,,,,
01/06/2026 08:19:02,428221,0,0,,0,0,,,,,,,,,,,,,,,,,,,
01/06/2026 08:19:07,425897,0,0,,0,0,,,,,,,,,,,,,,,,,,,
01/06/2026 08:19:32,412872,0,0,,0,0,,,,,,,,,,,,,,,,,,,
01/06/2026 08:19:32,428221,0,0,,0,0,,,,,,,,,,,,,,,,,,,
01/06/2026 08:19:37,425897,0,0,,0,0,,,,,,,,,,,,,,,,,,,
01/06/2026 08:20:02,412872,0,0,,0,0,,,,,,,,,,,,,,,,,,,
01/06/2026 08:20:02,428221,0,0,,0,0,,,,,,,,,,,,,,,,,,,
01/06/2026 08:20:07,425897,0,0,,0,0,,,,,,,,,,,,,,,,,,,
01/06/2026 08:20:32,412872,0,0,,0,0,,,,,,,,,,,,,,,,,,,
01/06/2026 08:20:32,428221,0,0,,0,0,,,,,,,,,,,,,,,,,,,
01/06/2026 08:20:37,425897,0,0,,0,0,,,,,,,,,,,,,,,,,,,
01/06/2026 08:21:02,412872,0,0,,0,0,,,,,,,,,,,,,,,,,,,
01/06/2026 08:21:02,428221,0,0,,0,0,,,,,,,,,,,,,,,,,,,
01/06/2026 08:21:07,425897,0,0,,0,0,,,,,,,,,,,,,,,,,,,
01/06/2026 08:21:32,412872,0,0,,0,0,,,,,,,,,,,,,,,,,,,
01/06/2026 08:21:32,428221,0,0,,0,0,,,,,,,,,,,,,,,,,,,
01/06/2026 08:21:37,425897,0,0,,0,0,,,,,,,,,,,,,,,,,,,
01/06/2026 08:22:02,412872,0,0,,0,0,,,,,,,,,,,,,,,,,,,
01/06/2026 08:22:02,428221,0,0,,0,0,,,,,,,,,,,,,,,,,,,
01/06/2026 08:22:07,425897,0,0,,0,0,,,,,,,,,,,,,,,,,,,
01/06/2026 08:22:32,412872,0,0,,0,0,,,,,,,,,,,,,,,,,,,
01/06/2026 08:22:32,428221,0,0,,0,0,,,,,,,,,,,,,,,,,,,
01/06/2026 08:22:37,425897,0,0,,0,0,,,,,,,,,,,,,,,,,,,
01/06/2026 08:23:02,412872,0,0,,0,0,,,,,,,,,,,,,,,,,,,
01/06/2026 08:23:02,428221,0,0,,0,0,,,,,,,,,,,,,,,,,,,
01/06/2026 08:23:07,425897,0,0,,0,0,,,,,,,,,,,,,,,,,,,
01/06/2026 08:23:32,412872,0,0,,0,0,,,,,,,,,,,,,,,,,,,
01/06/2026 08:23:32,428221,0,0,,0,0,,,,,,,,,,,,,,,,,,,
01/06/2026 08:23:37,425897,0,0,,0,0,,,,,,,,,,,,,,,,,,,
01/06/2026 08:24:02,412872,0,0,,0,0,,,,,,,,,,,,,,,,,,,
01/06/2026 08:24:02,428221,0,0,,0,0,,,,,,,,,,,,,,,,,,,
01/06/2026 08:24:07,425897,0,0,,0,0,,,,,,,,,,,,,,,,,,,
01/06/2026 08:24:32,412872,0,0,,0,0,,,,,,,,,,,,,,,,,,,
01/06/2026 08:24:32,428221,0,0,,0,0,,,,,,,,,,,,,,,,,,,
01/06/2026 08:24:37,425897,0,0,,0,0,,,,,,,,,,,,,,,,,,,
01/06/2026 08:25:02,412872,0,0,,0,0,,,,,,,,,,,,,,,,,,,
01/06/2026 08:25:02,428221,0,0,,0,0,,,,,,,,,,,,,,,,,,,
01/06/2026 08:25:07,425897,0,0,,0,0,,,,,,,,,,,,,,,,,,,
01/06/2026 08:25:32,412872,0,0,,0,0,,,,,,,,,,,,,,,,,,,
01/06/2026 08:25:32,428221,0,0,,0,0,,,,,,,,,,,,,,,,,,,
01/06/2026 08:25:37,425897,0,0,,0,0,,,,,,,,,,,,,,,,,,,
01/06/2026 08:26:02,412872,0,0,,0,0,,,,,,,,,,,,,,,,,,,
01/06/2026 08:26:02,428221,0,0,,0,0,,,,,,,,,,,,,,,,,,,
01/06/2026 08:26:07,425897,0,0,,0,0,,,,,,,,,,,,,,,,,,,
01/06/2026 08:26:32,412872,0,0,,0,0,,,,,,,,,,,,,,,,,,,
01/06/2026 08:26:32,428221,0,0,,0,0,,,,,,,,,,,,,,,,,,,
01/06/2026 08:26:37,425897,0,0,,0,0,,,,,,,,,,,,,,,,,,,
01/06/2026 08:27:02,412872,0,0,,0,0,,,,,,,,,,,,,,,,,,,
01/06/2026 08:27:02,428221,0,0,,0,0,,,,,,,,,,,,,,,,,,,
01/06/2026 08:27:07,425897,0,0,,0,0,,,,,,,,,,,,,,,,,,,
01/06/2026 08:27:32,412872,0,0,,0,0,,,,,,,,,,,,,,,,,,,
01/06/2026 08:27:32,428221,0,0,,0,0,,,,,,,,,,,,,,,,,,,
01/06/2026 08:27:37,425897,0,0,,0,0,,,,,,,,,,,,,,,,,,,
01/06/2026 08:28:02,412872,0,0,,0,0,,,,,,,,,,,,,,,,,,,
01/06/2026 08:28:02,428221,0,0,,0,0,,,,,,,,,,,,,,,,,,,
01/06/2026 08:28:07,425897,0,0,,0,0,,,,,,,,,,,,,,,,,,,
01/06/2026 08:28:32,412872,0,0,,0,0,,,,,,,,,,,,,,,,,,,
01/06/2026 08:28:32,428221,0,0,,0,0,,,,,,,,,,,,,,,,,,,
01/06/2026 08:28:37,425897,0,0,,0,0,,,,,,,,,,,,,,,,,,,
01/06/2026 08:29:02,412872,0,0,,0,0,,,,,,,,,,,,,,,,,,,
01/06/2026 08:29:02,428221,0,0,,0,0,,,,,,,,,,,,,,,,,,,
01/06/2026 08:29:07,425897,0,0,,0,0,,,,,,,,,,,,,,,,,,,
01/06/2026 08:29:32,412872,0,0,,0,0,,,,,,,,,,,,,,,,,,,
01/06/2026 08:29:32,428221,0,0,,0,0,,,,,,,,,,,,,,,,,,,
01/06/2026 08:29:37,425897,0,0,,0,0,,,,,,,,,,,,,,,,,,,
01/06/2026 08:30:02,412872,0,0,,0,0,,,,,,,,,,,,,,,,,,,
01/06/2026 08:30:02,428221,0,0,,0,0,,,,,,,,,,,,,,,,,,,
01/06/2026 08:30:07,425897,0,0,,0,0,,,,,,,,,,,,,,,,,,,
01/06/2026 08:30:32,412872,0,0,,0,0,,,,,,,,,,,,,,,,,,,
01/06/2026 08:30:32,428221,0,0,,0,0,,,,,,,,,,,,,,,,,,,
01/06/2026 08:30:37,425897,0,0,,0,0,,,,,,,,,,,,,,,,,,,
01/06/2026 08:31:02,412872,0,0,,0,0,,,,,,,,,,,,,,,,,,,
01/06/2026 08:31:02,428221,0,0,,0,0,,,,,,,,,,,,,,,,,,,
01/06/2026 08:31:07,425897,0,0,,0,0,,,,,,,,,,,,,,,,,,,
01/06/2026 08:31:32,412872,0,0,,0,0,,,,,,,,,,,,,,,,,,,
01/06/2026 08:31:32,428221,0,0,,0,0,,,,,,,,,,,,,,,,,,,
01/06/2026 08:31:37,425897,0,0,,0,0,,,,,,,,,,,,,,,,,,,
01/06/2026 08:32:02,412872,0,0,,0,0,,,,,,,,,,,,,,,,,,,
01/06/2026 08:32:02,428221,0,0,,0,0,,,,,,,,,,,,,,,,,,,
01/06/2026 08:32:07,425897,0,0,,0,0,,,,,,,,,,,,,,,,,,,
01/06/2026 08:32:32,412872,0,0,,0,0,,,,,,,,,,,,,,,,,,,
01/06/2026 08:32:32,428221,0,0,,0,0,,,,,,,,,,,,,,,,,,,
01/06/2026 08:32:37,425897,0,0,,0,0,,,,,,,,,,,,,,,,,,,
01/06/2026 08:33:02,412872,0,0,,0,0,,,,,,,,,,,,,,,,,,,
01/06/2026 08:33:02,428221,0,0,,0,0,,,,,,,,,,,,,,,,,,,
01/06/2026 08:33:07,425897,0,0,,0,0,,,,,,,,,,,,,,,,,,,
01/06/2026 08:33:32,412872,0,0,,0,0,,,,,,,,,,,,,,,,,,,
01/06/2026 08:33:32,428221,0,0,,0,0,,,,,,,,,,,,,,,,,,,
01/06/2026 08:33:37,425897,0,0,,0,0,,,,,,,,,,,,,,,,,,,
01/06/2026 08:34:02,412872,0,0,,0,0,,,,,,,,,,,,,,,,,,,
01/06/2026 08:34:02,428221,0,0,,0,0,,,,,,,,,,,,,,,,,,,
01/06/2026 08:34:07,425897,0,0,,0,0,,,,,,,,,,,,,,,,,,,
01/06/2026 08:34:32,412872,0,0,,0,0,,,,,,,,,,,,,,,,,,,
01/06/2026 08:34:32,428221,0,0,,0,0,,,,,,,,,,,,,,,,,,,
01/06/2026 08:34:37,425897,0,0,,0,0,,,,,,,,,,,,,,,,,,,
01/06/2026 08:35:02,412872,0,0,,0,0,,,,,,,,,,,,,,,,,,,
01/06/2026 08:35:02,428221,0,0,,0,0,,,,,,,,,,,,,,,,,,,
01/06/2026 08:35:07,425897,0,0,,0,0,,,,,,,,,,,,,,,,,,,
01/06/2026 08:35:32,412872,0,0,,0,0,,,,,,,,,,,,,,,,,,,
01/06/2026 08:35:32,428221,0,0,,0,0,,,,,,,,,,,,,,,,,,,
01/06/2026 08:35:37,425897,0,0,,0,0,,,,,,,,,,,,,,,,,,,
01/06/2026 08:36:02,412872,0,0,,0,0,,,,,,,,,,,,,,,,,,,
01/06/2026 08:36:02,428221,0,0,,0,0,,,,,,,,,,,,,,,,,,,
01/06/2026 08:36:07,425897,0,0,,0,0,,,,,,,,,,,,,,,,,,,
01/06/2026 08:36:32,412872,0,0,,0,0,,,,,,,,,,,,,,,,,,,
01/06/2026 08:36:32,428221,0,0,,0,0,,,,,,,,,,,,,,,,,,,
01/06/2026 08:36:37,425897,0,0,,0,0,,,,,,,,,,,,,,,,,,,
01/06/2026 08:37:02,412872,0,0,,0,0,,,,,,,,,,,,,,,,,,,
01/06/2026 08:37:02,428221,0,0,,0,0,,,,,,,,,,,,,,,,,,,
01/06/2026 08:37:07,425897,0,0,,0,0,,,,,,,,,,,,,,,,,,,
01/06/2026 08:37:32,412872,0,0,,0,0,,,,,,,,,,,,,,,,,,,
01/06/2026 08:37:32,428221,0,0,,0,0,,,,,,,,,,,,,,,,,,,
01/06/2026 08:37:37,425897,0,0,,0,0,,,,,,,,,,,,,,,,,,,
01/06/2026 08:38:02,412872,0,0,,0,0,,,,,,,,,,,,,,,,,,,
01/06/2026 08:38:02,428221,0,0,,0,0,,,,,,,,,,,,,,,,,,,
01/06/2026 08:38:07,425897,0,0,,0,0,,,,,,,,,,,,,,,,,,,
01/06/2026 08:38:32,412872,0,0,,0,0,,,,,,,,,,,,,,,,,,,
01/06/2026 08:38:32,428221,0,0,,0,0,,,,,,,,,,,,,,,,,,,
01/06/2026 08:38:37,425897,0,0,,0,0,,,,,,,,,,,,,,,,,,,
01/06/2026 08:39:02,412872,0,0,,0,0,,,,,,,,,,,,,,,,,,,
01/06/2026 08:39:02,428221,0,0,,0,0,,,,,,,,,,,,,,,,,,,
01/06/2026 08:39:07,425897,0,0,,0,0,,,,,,,,,,,,,,,,,,,
01/06/2026 08:39:32,412872,0,0,,0,0,,,,,,,,,,,,,,,,,,,
01/06/2026 08:39:32,428221,0,0,,0,0,,,,,,,,,,,,,,,,,,,
01/06/2026 08:39:37,425897,0,0,,0,0,,,,,,,,,,,,,,,,,,,
01/06/2026 08:40:02,412872,0,0,,0,0,,,,,,,,,,,,,,,,,,,
01/06/2026 08:40:02,428221,0,0,,0,0,,,,,,,,,,,,,,,,,,,
01/06/2026 08:40:07,425897,0,0,,0,0,,,,,,,,,,,,,,,,,,,
01/06/2026 08:40:32,412872,0,0,,0,0,,,,,,,,,,,,,,,,,,,
01/06/2026 08:40:32,428221,0,0,,0,0,,,,,,,,,,,,,,,,,,,
01/06/2026 08:40:37,425897,0,0,,0,0,,,,,,,,,,,,,,,,,,,
01/06/2026 08:41:02,412872,0,0,,0,0,,,,,,,,,,,,,,,,,,,
01/06/2026 08:41:02,428221,0,0,,0,0,,,,,,,,,,,,,,,,,,,
01/06/2026 08:41:07,425897,0,0,,0,0,,,,,,,,,,,,,,,,,,,
01/06/2026 08:41:32,412872,0,0,,0,0,,,,,,,,,,,,,,,,,,,
01/06/2026 08:41:32,428221,0,0,,0,0,,,,,,,,,,,,,,,,,,,
01/06/2026 08:41:37,425897,0,0,,0,0,,,,,,,,,,,,,,,,,,,
01/06/2026 08:42:02,412872,0,0,,0,0,,,,,,,,,,,,,,,,,,,
01/06/2026 08:42:02,428221,0,0,,0,0,,,,,,,,,,,,,,,,,,,
01/06/2026 08:42:07,425897,0,0,,0,0,,,,,,,,,,,,,,,,,,,
01/06/2026 08:42:32,412872,0,0,,0,0,,,,,,,,,,,,,,,,,,,
01/06/2026 08:42:32,428221,0,0,,0,0,,,,,,,,,,,,,,,,,,,
01/06/2026 08:42:37,425897,0,0,,0,0,,,,,,,,,,,,,,,,,,,
01/06/2026 08:43:02,412872,0,0,,0,0,,,,,,,,,,,,,,,,,,,
01/06/2026 08:43:02,428221,0,0,,0,0,,,,,,,,,,,,,,,,,,,
01/06/2026 08:43:07,425897,0,0,,0,0,,,,,,,,,,,,,,,,,,,
01/06/2026 08:43:32,412872,0,0,,0,0,,,,,,,,,,,,,,,,,,,
01/06/2026 08:43:32,428221,0,0,,0,0,,,,,,,,,,,,,,,,,,,
01/06/2026 08:43:37,425897,0,0,,0,0,,,,,,,,,,,,,,,,,,,
01/06/2026 08:44:02,412872,0,0,,0,0,,,,,,,,,,,,,,,,,,,
01/06/2026 08:44:02,428221,0,0,,0,0,,,,,,,,,,,,,,,,,,,
01/06/2026 08:44:07,425897,0,0,,0,0,,,,,,,,,,,,,,,,,,,
01/06/2026 08:44:32,412872,0,0,,0,0,,,,,,,,,,,,,,,,,,,
01/06/2026 08:44:32,428221,0,0,,0,0,,,,,,,,,,,,,,,,,,,
01/06/2026 08:44:37,425897,0,0,,0,0,,,,,,,,,,,,,,,,,,,
01/06/2026 08:45:02,412872,0,0,,0,0,,,,,,,,,,,,,,,,,,,
01/06/2026 08:45:02,428221,0,0,,0,0,,,,,,,,,,,,,,,,,,,
01/06/2026 08:45:07,425897,0,0,,0,0,,,,,,,,,,,,,,,,,,,
01/06/2026 08:45:32,412872,0,0,,0,0,,,,,,,,,,,,,,,,,,,
01/06/2026 08:45:32,428221,0,0,,0,0,,,,,,,,,,,,,,,,,,,
01/06/2026 08:45:37,425897,0,0,,0,0,,,,,,,,,,,,,,,,,,,
01/06/2026 08:46:02,412872,0,0,,0,0,,,,,,,,,,,,,,,,,,,
01/06/2026 08:46:02,428221,0,0,,0,0,,,,,,,,,,,,,,,,,,,
01/06/2026 08:46:07,425897,0,0,,0,0,,,,,,,,,,,,,,,,,,,
01/06/2026 08:46:32,412872,0,0,,0,0,,,,,,,,,,,,,,,,,,,
01/06/2026 08:46:32,428221,0,0,,0,0,,,,,,,,,,,,,,,,,,,
01/06/2026 08:46:37,425897,0,0,,0,0,,,,,,,,,,,,,,,,,,,
01/06/2026 08:47:02,412872,0,0,,0,0,,,,,,,,,,,,,,,,,,,
01/06/2026 08:47:02,428221,0,0,,0,0,,,,,,,,,,,,,,,,,,,
01/06/2026 08:47:07,425897,0,0,,0,0,,,,,,,,,,,,,,,,,,,
01/06/2026 08:47:32,412872,0,0,,0,0,,,,,,,,,,,,,,,,,,,
01/06/2026 08:47:32,428221,0,0,,0,0,,,,,,,,,,,,,,,,,,,
01/06/2026 08:47:37,425897,0,0,,0,0,,,,,,,,,,,,,,,,,,,
01/06/2026 08:48:02,412872,0,0,,0,0,,,,,,,,,,,,,,,,,,,
01/06/2026 08:48:02,428221,0,0,,0,0,,,,,,,,,,,,,,,,,,,
01/06/2026 08:48:07,425897,0,0,,0,0,,,,,,,,,,,,,,,,,,,
01/06/2026 08:48:32,412872,0,0,,0,0,,,,,,,,,,,,,,,,,,,
01/06/2026 08:48:32,428221,0,0,,0,0,,,,,,,,,,,,,,,,,,,
01/06/2026 08:48:37,425897,0,0,,0,0,,,,,,,,,,,,,,,,,,,
01/06/2026 08:49:02,412872,0,0,,0,0,,,,,,,,,,,,,,,,,,,
01/06/2026 08:49:02,428221,0,0,,0,0,,,,,,,,,,,,,,,,,,,
01/06/2026 08:49:07,425897,0,0,,0,0,,,,,,,,,,,,,,,,,,,
01/06/2026 08:49:32,412872,0,0,,0,0,,,,,,,,,,,,,,,,,,,
01/06/2026 08:49:32,428221,0,0,,0,0,,,,,,,,,,,,,,,,,,,
01/06/2026 08:49:37,425897,0,0,,0,0,,,,,,,,,,,,,,,,,,,
01/06/2026 08:50:02,412872,0,0,,0,0,,,,,,,,,,,,,,,,,,,
01/06/2026 08:50:02,428221,0,0,,0,0,,,,,,,,,,,,,,,,,,,
01/06/2026 08:50:07,425897,0,0,,0,0,,,,,,,,,,,,,,,,,,,
01/06/2026 08:50:32,412872,0,0,,0,0,,,,,,,,,,,,,,,,,,,
01/06/2026 08:50:32,428221,0,0,,0,0,,,,,,,,,,,,,,,,,,,
01/06/2026 08:50:37,425897,0,0,,0,0,,,,,,,,,,,,,,,,,,,
01/06/2026 08:51:02,412872,0,0,,0,0,,,,,,,,,,,,,,,,,,,
01/06/2026 08:51:02,428221,0,0,,0,0,,,,,,,,,,,,,,,,,,,
01/06/2026 08:51:07,425897,0,0,,0,0,,,,,,,,,,,,,,,,,,,
01/06/2026 08:51:32,412872,0,0,,0,0,,,,,,,,,,,,,,,,,,,
01/06/2026 08:51:32,428221,0,0,,0,0,,,,,,,,,,,,,,,,,,,
01/06/2026 08:51:37,425897,0,0,,0,0,,,,,,,,,,,,,,,,,,,
01/06/2026 08:52:02,412872,0,0,,0,0,,,,,,,,,,,,,,,,,,,
01/06/2026 08:52:02,428221,0,0,,0,0,,,,,,,,,,,,,,,,,,,
01/06/2026 08:52:07,425897,0,0,,0,0,,,,,,,,,,,,,,,,,,,
01/06/2026 08:52:32,412872,0,0,,0,0,,,,,,,,,,,,,,,,,,,
01/06/2026 08:52:32,428221,0,0,,0,0,,,,,,,,,,,,,,,,,,,
01/06/2026 08:52:37,425897,0,0,,0,0,,,,,,,,,,,,,,,,,,,
01/06/2026 08:53:02,412872,0,0,,0,0,,,,,,,,,,,,,,,,,,,
01/06/2026 08:53:02,428221,0,0,,0,0,,,,,,,,,,,,,,,,,,,
01/06/2026 08:53:07,425897,0,0,,0,0,,,,,,,,,,,,,,,,,,,
01/06/2026 08:53:32,412872,0,0,,0,0,,,,,,,,,,,,,,,,,,,
01/06/2026 08:53:32,428221,0,0,,0,0,,,,,,,,,,,,,,,,,,,
01/06/2026 08:53:37,425897,0,0,,0,0,,,,,,,,,,,,,,,,,,,
01/06/2026 08:54:02,412872,0,0,,0,0,,,,,,,,,,,,,,,,,,,
01/06/2026 08:54:02,428221,0,0,,0,0,,,,,,,,,,,,,,,,,,,
01/06/2026 08:54:07,425897,0,0,,0,0,,,,,,,,,,,,,,,,,,,
01/06/2026 08:54:32,412872,0,0,,0,0,,,,,,,,,,,,,,,,,,,
01/06/2026 08:54:32,428221,0,0,,0,0,,,,,,,,,,,,,,,,,,,
01/06/2026 08:54:37,425897,0,0,,0,0,,,,,,,,,,,,,,,,,,,
01/06/2026 08:55:02,412872,0,0,,0,0,,,,,,,,,,,,,,,,,,,
01/06/2026 08:55:02,428221,0,0,,0,0,,,,,,,,,,,,,,,,,,,
01/06/2026 08:55:07,425897,0,0,,0,0,,,,,,,,,,,,,,,,,,,
01/06/2026 08:55:32,412872,0,0,,0,0,,,,,,,,,,,,,,,,,,,
01/06/2026 08:55:32,428221,0,0,,0,0,,,,,,,,,,,,,,,,,,,
01/06/2026 08:55:37,425897,0,0,,0,0,,,,,,,,,,,,,,,,,,,
01/06/2026 08:56:02,412872,0,0,,0,0,,,,,,,,,,,,,,,,,,,
01/06/2026 08:56:02,428221,0,0,,0,0,,,,,,,,,,,,,,,,,,,
01/06/2026 08:56:07,425897,0,0,,0,0,,,,,,,,,,,,,,,,,,,
01/06/2026 08:56:32,412872,0,0,,0,0,,,,,,,,,,,,,,,,,,,
01/06/2026 08:56:32,428221,0,0,,0,0,,,,,,,,,,,,,,,,,,,
01/06/2026 08:56:37,425897,0,0,,0,0,,,,,,,,,,,,,,,,,,,
01/06/2026 08:57:02,412872,0,0,,0,0,,,,,,,,,,,,,,,,,,,
01/06/2026 08:57:02,428221,0,0,,0,0,,,,,,,,,,,,,,,,,,,
01/06/2026 08:57:07,425897,0,0,,0,0,,,,,,,,,,,,,,,,,,,
01/06/2026 08:57:32,412872,0,0,,0,0,,,,,,,,,,,,,,,,,,,
01/06/2026 08:57:32,428221,0,0,,0,0,,,,,,,,,,,,,,,,,,,
01/06/2026 08:57:37,425897,0,0,,0,0,,,,,,,,,,,,,,,,,,,
01/06/2026 08:58:02,412872,0,0,,0,0,,,,,,,,,,,,,,,,,,,
01/06/2026 08:58:02,428221,0,0,,0,0,,,,,,,,,,,,,,,,,,,
01/06/2026 08:58:07,425897,0,0,,0,0,,,,,,,,,,,,,,,,,,,
01/06/2026 08:58:32,412872,0,0,,0,0,,,,,,,,,,,,,,,,,,,
01/06/2026 08:58:32,428221,0,0,,0,0,,,,,,,,,,,,,,,,,,,
01/06/2026 08:58:37,425897,0,0,,0,0,,,,,,,,,,,,,,,,,,,
01/06/2026 08:59:02,412872,0,0,,0,0,,,,,,,,,,,,,,,,,,,
01/06/2026 08:59:02,428221,0,0,,0,0,,,,,,,,,,,,,,,,,,,
01/06/2026 08:59:07,425897,0,0,,0,0,,,,,,,,,,,,,,,,,,,
01/06/2026 08:59:32,412872,0,0,,0,0,,,,,,,,,,,,,,,,,,,
01/06/2026 08:59:32,428221,0,0,,0,0,,,,,,,,,,,,,,,,,,,
01/06/2026 08:59:37,425897,0,0,,0,0,,,,,,,,,,,,,,,,,,,
01/06/2026 09:00:02,412872,0,0,,0,0,,,,,,,,,,,,,,,,,,,
01/06/2026 09:00:02,428221,0,0,,0,0,,,,,,,,,,,,,,,,,,,
01/06/2026 09:00:07,425897,0,0,,0,0,,,,,,,,,,,,,,,,,,,
01/06/2026 09:00:32,412872,0,0,,0,0,,,,,,,,,,,,,,,,,,,
01/06/2026 09:00:32,428221,0,0,,0,0,,,,,,,,,,,,,,,,,,,
01/06/2026 09:00:37,425897,0,0,,0,0,,,,,,,,,,,,,,,,,,,
01/06/2026 09:01:02,412872,0,0,,0,0,,,,,,,,,,,,,,,,,,,
01/06/2026 09:01:02,428221,0,0,,0,0,,,,,,,,,,,,,,,,,,,
01/06/2026 09:01:07,425897,0,0,,0,0,,,,,,,,,,,,,,,,,,,
01/06/2026 09:01:32,412872,0,0,,0,0,,,,,,,,,,,,,,,,,,,
01/06/2026 09:01:32,428221,0,0,,0,0,,,,,,,,,,,,,,,,,,,
01/06/2026 09:01:37,425897,0,0,,0,0,,,,,,,,,,,,,,,,,,,
01/06/2026 09:02:02,412872,0,0,,0,0,,,,,,,,,,,,,,,,,,,
01/06/2026 09:02:02,428221,0,0,,0,0,,,,,,,,,,,,,,,,,,,
01/06/2026 09:02:07,425897,0,0,,0,0,,,,,,,,,,,,,,,,,,,
01/06/2026 09:02:32,412872,0,0,,0,0,,,,,,,,,,,,,,,,,,,
01/06/2026 09:02:32,428221,0,0,,0,0,,,,,,,,,,,,,,,,,,,
01/06/2026 09:02:37,425897,0,0,,0,0,,,,,,,,,,,,,,,,,,,
01/06/2026 09:03:02,412872,0,0,,0,0,,,,,,,,,,,,,,,,,,,
01/06/2026 09:03:02,428221,0,0,,0,0,,,,,,,,,,,,,,,,,,,
01/06/2026 09:03:07,425897,0,0,,0,0,,,,,,,,,,,,,,,,,,,
01/06/2026 09:03:32,412872,0,0,,0,0,,,,,,,,,,,,,,,,,,,
01/06/2026 09:03:32,428221,0,0,,0,0,,,,,,,,,,,,,,,,,,,
01/06/2026 09:03:37,425897,0,0,,0,0,,,,,,,,,,,,,,,,,,,
01/06/2026 09:04:02,412872,0,0,,0,0,,,,,,,,,,,,,,,,,,,
01/06/2026 09:04:02,428221,0,0,,0,0,,,,,,,,,,,,,,,,,,,
01/06/2026 09:04:07,425897,0,0,,0,0,,,,,,,,,,,,,,,,,,,
01/06/2026 09:04:32,412872,0,0,,0,0,,,,,,,,,,,,,,,,,,,
01/06/2026 09:04:32,428221,0,0,,0,0,,,,,,,,,,,,,,,,,,,
01/06/2026 09:04:37,425897,0,0,,0,0,,,,,,,,,,,,,,,,,,,
01/06/2026 09:05:02,412872,0,0,,0,0,,,,,,,,,,,,,,,,,,,
01/06/2026 09:05:02,428221,0,0,,0,0,,,,,,,,,,,,,,,,,,,
01/06/2026 09:05:07,425897,0,0,,0,0,,,,,,,,,,,,,,,,,,,
01/06/2026 09:05:32,412872,0,0,,0,0,,,,,,,,,,,,,,,,,,,
01/06/2026 09:05:32,428221,0,0,,0,0,,,,,,,,,,,,,,,,,,,
01/06/2026 09:05:37,425897,0,0,,0,0,,,,,,,,,,,,,,,,,,,
01/06/2026 09:06:02,412872,0,0,,0,0,,,,,,,,,,,,,,,,,,,
01/06/2026 09:06:02,428221,0,0,,0,0,,,,,,,,,,,,,,,,,,,
01/06/2026 09:06:07,425897,0,0,,0,0,,,,,,,,,,,,,,,,,,,
01/06/2026 09:06:32,412872,0,0,,0,0,,,,,,,,,,,,,,,,,,,
01/06/2026 09:06:32,428221,0,0,,0,0,,,,,,,,,,,,,,,,,,,
01/06/2026 09:06:37,425897,0,0,,0,0,,,,,,,,,,,,,,,,,,,
01/06/2026 09:07:02,412872,0,0,,0,0,,,,,,,,,,,,,,,,,,,
01/06/2026 09:07:02,428221,0,0,,0,0,,,,,,,,,,,,,,,,,,,
01/06/2026 09:07:07,425897,0,0,,0,0,,,,,,,,,,,,,,,,,,,
01/06/2026 09:07:32,412872,0,0,,0,0,,,,,,,,,,,,,,,,,,,
01/06/2026 09:07:32,428221,0,0,,0,0,,,,,,,,,,,,,,,,,,,
01/06/2026 09:07:37,425897,0,0,,0,0,,,,,,,,,,,,,,,,,,,
01/06/2026 09:08:02,412872,0,0,,0,0,,,,,,,,,,,,,,,,,,,
01/06/2026 09:08:02,428221,0,0,,0,0,,,,,,,,,,,,,,,,,,,
01/06/2026 09:08:07,425897,0,0,,0,0,,,,,,,,,,,,,,,,,,,
01/06/2026 09:08:32,412872,0,0,,0,0,,,,,,,,,,,,,,,,,,,
01/06/2026 09:08:32,428221,0,0,,0,0,,,,,,,,,,,,,,,,,,,
01/06/2026 09:08:37,425897,0,0,,0,0,,,,,,,,,,,,,,,,,,,
01/06/2026 09:09:02,412872,0,0,,0,0,,,,,,,,,,,,,,,,,,,
01/06/2026 09:09:02,428221,0,0,,0,0,,,,,,,,,,,,,,,,,,,
01/06/2026 09:09:07,425897,0,0,,0,0,,,,,,,,,,,,,,,,,,,
01/06/2026 09:09:32,412872,0,0,,0,0,,,,,,,,,,,,,,,,,,,
01/06/2026 09:09:32,428221,0,0,,0,0,,,,,,,,,,,,,,,,,,,
01/06/2026 09:09:37,425897,0,0,,0,0,,,,,,,,,,,,,,,,,,,
01/06/2026 09:10:02,412872,0,0,,0,0,,,,,,,,,,,,,,,,,,,
01/06/2026 09:10:02,428221,0,0,,0,0,,,,,,,,,,,,,,,,,,,
01/06/2026 09:10:07,425897,0,0,,0,0,,,,,,,,,,,,,,,,,,,
01/06/2026 09:10:32,412872,0,0,,0,0,,,,,,,,,,,,,,,,,,,
01/06/2026 09:10:32,428221,0,0,,0,0,,,,,,,,,,,,,,,,,,,
01/06/2026 09:10:37,425897,0,0,,0,0,,,,,,,,,,,,,,,,,,,
01/06/2026 09:11:02,412872,0,0,,0,0,,,,,,,,,,,,,,,,,,,
01/06/2026 09:11:02,428221,0,0,,0,0,,,,,,,,,,,,,,,,,,,
01/06/2026 09:11:07,425897,0,0,,0,0,,,,,,,,,,,,,,,,,,,
01/06/2026 09:11:32,412872,0,0,,0,0,,,,,,,,,,,,,,,,,,,
01/06/2026 09:11:32,428221,0,0,,0,0,,,,,,,,,,,,,,,,,,,
01/06/2026 09:11:37,425897,0,0,,0,0,,,,,,,,,,,,,,,,,,,
01/06/2026 09:12:02,412872,0,0,,0,0,,,,,,,,,,,,,,,,,,,
01/06/2026 09:12:02,428221,0,0,,0,0,,,,,,,,,,,,,,,,,,,
01/06/2026 09:12:07,425897,0,0,,0,0,,,,,,,,,,,,,,,,,,,
01/06/2026 09:12:32,412872,0,0,,0,0,,,,,,,,,,,,,,,,,,,
01/06/2026 09:12:32,428221,0,0,,0,0,,,,,,,,,,,,,,,,,,,
01/06/2026 09:12:37,425897,0,0,,0,0,,,,,,,,,,,,,,,,,,,
01/06/2026 09:13:02,412872,0,0,,0,0,,,,,,,,,,,,,,,,,,,
01/06/2026 09:13:02,428221,0,0,,0,0,,,,,,,,,,,,,,,,,,,
01/06/2026 09:13:07,425897,0,0,,0,0,,,,,,,,,,,,,,,,,,,
01/06/2026 09:13:32,412872,0,0,,0,0,,,,,,,,,,,,,,,,,,,
01/06/2026 09:13:32,428221,0,0,,0,0,,,,,,,,,,,,,,,,,,,
01/06/2026 09:13:37,425897,0,0,,0,0,,,,,,,,,,,,,,,,,,,
01/06/2026 09:14:02,412872,0,0,,0,0,,,,,,,,,,,,,,,,,,,
01/06/2026 09:14:02,428221,0,0,,0,0,,,,,,,,,,,,,,,,,,,
01/06/2026 09:14:07,425897,0,0,,0,0,,,,,,,,,,,,,,,,,,,
01/06/2026 09:14:32,412872,0,0,,0,0,,,,,,,,,,,,,,,,,,,
01/06/2026 09:14:32,428221,0,0,,0,0,,,,,,,,,,,,,,,,,,,
01/06/2026 09:14:37,425897,0,0,,0,0,,,,,,,,,,,,,,,,,,,
01/06/2026 09:15:02,412872,0,0,,0,0,,,,,,,,,,,,,,,,,,,
01/06/2026 09:15:02,428221,0,0,,0,0,,,,,,,,,,,,,,,,,,,
01/06/2026 09:15:07,425897,0,0,,0,0,,,,,,,,,,,,,,,,,,,
01/06/2026 09:15:32,412872,0,0,,0,0,,,,,,,,,,,,,,,,,,,
01/06/2026 09:15:32,428221,0,0,,0,0,,,,,,,,,,,,,,,,,,,
01/06/2026 09:15:37,425897,0,0,,0,0,,,,,,,,,,,,,,,,,,,
01/06/2026 09:16:02,412872,0,0,,0,0,,,,,,,,,,,,,,,,,,,
01/06/2026 09:16:02,428221,0,0,,0,0,,,,,,,,,,,,,,,,,,,
01/06/2026 09:16:07,425897,0,0,,0,0,,,,,,,,,,,,,,,,,,,
01/06/2026 09:16:32,412872,0,0,,0,0,,,,,,,,,,,,,,,,,,,
01/06/2026 09:16:32,428221,0,0,,0,0,,,,,,,,,,,,,,,,,,,
01/06/2026 09:16:37,425897,0,0,,0,0,,,,,,,,,,,,,,,,,,,
01/06/2026 09:17:02,412872,0,0,,0,0,,,,,,,,,,,,,,,,,,,
01/06/2026 09:17:02,428221,0,0,,0,0,,,,,,,,,,,,,,,,,,,
01/06/2026 09:17:07,425897,0,0,,0,0,,,,,,,,,,,,,,,,,,,
01/06/2026 09:17:32,412872,0,0,,0,0,,,,,,,,,,,,,,,,,,,
01/06/2026 09:17:32,428221,0,0,,0,0,,,,,,,,,,,,,,,,,,,
01/06/2026 09:17:37,425897,0,0,,0,0,,,,,,,,,,,,,,,,,,,
01/06/2026 09:18:02,412872,0,0,,0,0,,,,,,,,,,,,,,,,,,,
01/06/2026 09:18:02,428221,0,0,,0,0,,,,,,,,,,,,,,,,,,,
01/06/2026 09:18:07,425897,0,0,,0,0,,,,,,,,,,,,,,,,,,,
01/06/2026 09:18:32,412872,0,0,,0,0,,,,,,,,,,,,,,,,,,,
01/06/2026 09:18:32,428221,0,0,,0,0,,,,,,,,,,,,,,,,,,,
01/06/2026 09:18:37,425897,0,0,,0,0,,,,,,,,,,,,,,,,,,,
01/06/2026 09:19:02,412872,0,0,,0,0,,,,,,,,,,,,,,,,,,,
01/06/2026 09:19:02,428221,0,0,,0,0,,,,,,,,,,,,,,,,,,,
01/06/2026 09:19:07,425897,0,0,,0,0,,,,,,,,,,,,,,,,,,,
01/06/2026 09:19:32,412872,0,0,,0,0,,,,,,,,,,,,,,,,,,,
01/06/2026 09:19:32,428221,0,0,,0,0,,,,,,,,,,,,,,,,,,,
01/06/2026 09:19:37,425897,0,0,,0,0,,,,,,,,,,,,,,,,,,,
01/06/2026 09:20:02,412872,0,0,,0,0,,,,,,,,,,,,,,,,,,,
01/06/2026 09:20:02,428221,0,0,,0,0,,,,,,,,,,,,,,,,,,,
01/06/2026 09:20:07,425897,0,0,,0,0,,,,,,,,,,,,,,,,,,,
01/06/2026 09:20:32,412872,0,0,,0,0,,,,,,,,,,,,,,,,,,,
01/06/2026 09:20:32,428221,0,0,,0,0,,,,,,,,,,,,,,,,,,,
01/06/2026 09:20:37,425897,0,0,,0,0,,,,,,,,,,,,,,,,,,,
01/06/2026 09:21:02,412872,0,0,,0,0,,,,,,,,,,,,,,,,,,,
01/06/2026 09:21:02,428221,0,0,,0,0,,,,,,,,,,,,,,,,,,,
01/06/2026 09:21:07,425897,0,0,,0,0,,,,,,,,,,,,,,,,,,,
01/06/2026 09:21:32,412872,0,0,,0,0,,,,,,,,,,,,,,,,,,,
01/06/2026 09:21:32,428221,0,0,,0,0,,,,,,,,,,,,,,,,,,,
01/06/2026 09:21:37,425897,0,0,,0,0,,,,,,,,,,,,,,,,,,,
01/06/2026 09:22:02,412872,0,0,,0,0,,,,,,,,,,,,,,,,,,,
01/06/2026 09:22:02,428221,0,0,,0,0,,,,,,,,,,,,,,,,,,,
01/06/2026 09:22:07,425897,0,0,,0,0,,,,,,,,,,,,,,,,,,,
01/06/2026 09:22:32,412872,0,0,,0,0,,,,,,,,,,,,,,,,,,,
01/06/2026 09:22:32,428221,0,0,,0,0,,,,,,,,,,,,,,,,,,,
01/06/2026 09:22:37,425897,0,0,,0,0,,,,,,,,,,,,,,,,,,,
01/06/2026 09:23:02,412872,0,0,,0,0,,,,,,,,,,,,,,,,,,,
01/06/2026 09:23:02,428221,0,0,,0,0,,,,,,,,,,,,,,,,,,,
01/06/2026 09:23:07,425897,0,0,,0,0,,,,,,,,,,,,,,,,,,,
01/06/2026 09:23:32,412872,0,0,,0,0,,,,,,,,,,,,,,,,,,,
01/06/2026 09:23:32,428221,0,0,,0,0,,,,,,,,,,,,,,,,,,,
01/06/2026 09:23:37,425897,0,0,,0,0,,,,,,,,,,,,,,,,,,,
01/06/2026 09:24:02,412872,0,0,,0,0,,,,,,,,,,,,,,,,,,,
01/06/2026 09:24:02,428221,0,0,,0,0,,,,,,,,,,,,,,,,,,,
01/06/2026 09:24:07,425897,0,0,,0,0,,,,,,,,,,,,,,,,,,,
01/06/2026 09:24:32,412872,0,0,,0,0,,,,,,,,,,,,,,,,,,,
01/06/2026 09:24:32,428221,0,0,,0,0,,,,,,,,,,,,,,,,,,,
01/06/2026 09:24:37,425897,0,0,,0,0,,,,,,,,,,,,,,,,,,,
01/06/2026 09:25:02,412872,0,0,,0,0,,,,,,,,,,,,,,,,,,,
01/06/2026 09:25:02,428221,0,0,,0,0,,,,,,,,,,,,,,,,,,,
01/06/2026 09:25:07,425897,0,0,,0,0,,,,,,,,,,,,,,,,,,,
01/06/2026 09:25:32,412872,0,0,,0,0,,,,,,,,,,,,,,,,,,,
01/06/2026 09:25:32,428221,0,0,,0,0,,,,,,,,,,,,,,,,,,,
01/06/2026 09:25:37,425897,0,0,,0,0,,,,,,,,,,,,,,,,,,,
01/06/2026 09:26:02,412872,0,0,,0,0,,,,,,,,,,,,,,,,,,,
01/06/2026 09:26:02,428221,0,0,,0,0,,,,,,,,,,,,,,,,,,,
01/06/2026 09:26:07,425897,0,0,,0,0,,,,,,,,,,,,,,,,,,,
01/06/2026 09:26:32,412872,0,0,,0,0,,,,,,,,,,,,,,,,,,,
01/06/2026 09:26:32,428221,0,0,,0,0,,,,,,,,,,,,,,,,,,,
01/06/2026 09:26:37,425897,0,0,,0,0,,,,,,,,,,,,,,,,,,,
01/06/2026 09:27:02,412872,0,0,,0,0,,,,,,,,,,,,,,,,,,,
01/06/2026 09:27:02,428221,0,0,,0,0,,,,,,,,,,,,,,,,,,,
01/06/2026 09:27:07,425897,0,0,,0,0,,,,,,,,,,,,,,,,,,,
01/06/2026 09:27:32,412872,0,0,,0,0,,,,,,,,,,,,,,,,,,,
01/06/2026 09:27:32,428221,0,0,,0,0,,,,,,,,,,,,,,,,,,,
01/06/2026 09:27:37,425897,0,0,,0,0,,,,,,,,,,,,,,,,,,,
01/06/2026 09:28:02,412872,0,0,,0,0,,,,,,,,,,,,,,,,,,,
01/06/2026 09:28:02,428221,0,0,,0,0,,,,,,,,,,,,,,,,,,,
01/06/2026 09:28:07,425897,0,0,,0,0,,,,,,,,,,,,,,,,,,,
01/06/2026 09:28:32,412872,0,0,,0,0,,,,,,,,,,,,,,,,,,,
01/06/2026 09:28:32,428221,0,0,,0,0,,,,,,,,,,,,,,,,,,,
01/06/2026 09:28:37,425897,0,0,,0,0,,,,,,,,,,,,,,,,,,,
01/06/2026 09:29:02,412872,0,0,,0,0,,,,,,,,,,,,,,,,,,,
01/06/2026 09:29:02,428221,0,0,,0,0,,,,,,,,,,,,,,,,,,,
01/06/2026 09:29:07,425897,0,0,,0,0,,,,,,,,,,,,,,,,,,,
01/06/2026 09:29:32,412872,0,0,,0,0,,,,,,,,,,,,,,,,,,,
01/06/2026 09:29:32,428221,0,0,,0,0,,,,,,,,,,,,,,,,,,,
01/06/2026 09:29:37,425897,0,0,,0,0,,,,,,,,,,,,,,,,,,,
01/06/2026 09:30:02,412872,0,0,,0,0,,,,,,,,,,,,,,,,,,,
01/06/2026 09:30:02,428221,0,0,,0,0,,,,,,,,,,,,,,,,,,,
01/06/2026 09:30:07,425897,0,0,,0,0,,,,,,,,,,,,,,,,,,,
01/06/2026 09:30:32,412872,0,0,,0,0,,,,,,,,,,,,,,,,,,,
01/06/2026 09:30:32,428221,0,0,,0,0,,,,,,,,,,,,,,,,,,,
01/06/2026 09:30:37,425897,0,0,,0,0,,,,,,,,,,,,,,,,,,,
01/06/2026 09:31:02,412872,0,0,,0,0,,,,,,,,,,,,,,,,,,,
01/06/2026 09:31:02,428221,0,0,,0,0,,,,,,,,,,,,,,,,,,,
01/06/2026 09:31:07,425897,0,0,,0,0,,,,,,,,,,,,,,,,,,,
01/06/2026 09:31:32,412872,0,0,,0,0,,,,,,,,,,,,,,,,,,,
01/06/2026 09:31:32,428221,0,0,,0,0,,,,,,,,,,,,,,,,,,,
01/06/2026 09:31:37,425897,0,0,,0,0,,,,,,,,,,,,,,,,,,,
01/06/2026 09:32:02,412872,0,0,,0,0,,,,,,,,,,,,,,,,,,,
01/06/2026 09:32:02,428221,0,0,,0,0,,,,,,,,,,,,,,,,,,,
01/06/2026 09:32:07,425897,0,0,,0,0,,,,,,,,,,,,,,,,,,,
01/06/2026 09:32:32,412872,0,0,,0,0,,,,,,,,,,,,,,,,,,,
01/06/2026 09:32:32,428221,0,0,,0,0,,,,,,,,,,,,,,,,,,,
01/06/2026 09:32:37,425897,0,0,,0,0,,,,,,,,,,,,,,,,,,,
01/06/2026 09:33:02,412872,0,0,,0,0,,,,,,,,,,,,,,,,,,,
01/06/2026 09:33:02,428221,0,0,,0,0,,,,,,,,,,,,,,,,,,,
01/06/2026 09:33:07,425897,0,0,,0,0,,,,,,,,,,,,,,,,,,,
01/06/2026 09:33:32,412872,0,0,,0,0,,,,,,,,,,,,,,,,,,,
01/06/2026 09:33:32,428221,0,0,,0,0,,,,,,,,,,,,,,,,,,,
01/06/2026 09:33:37,425897,0,0,,0,0,,,,,,,,,,,,,,,,,,,
01/06/2026 09:34:02,412872,0,0,,0,0,,,,,,,,,,,,,,,,,,,
01/06/2026 09:34:02,428221,0,0,,0,0,,,,,,,,,,,,,,,,,,,
01/06/2026 09:34:07,425897,0,0,,0,0,,,,,,,,,,,,,,,,,,,
01/06/2026 09:34:32,412872,0,0,,0,0,,,,,,,,,,,,,,,,,,,
01/06/2026 09:34:32,428221,0,0,,0,0,,,,,,,,,,,,,,,,,,,
01/06/2026 09:34:37,425897,0,0,,0,0,,,,,,,,,,,,,,,,,,,
01/06/2026 09:35:02,412872,0,0,,0,0,,,,,,,,,,,,,,,,,,,
01/06/2026 09:35:02,428221,0,0,,0,0,,,,,,,,,,,,,,,,,,,
01/06/2026 09:35:07,425897,0,0,,0,0,,,,,,,,,,,,,,,,,,,
01/06/2026 09:35:32,412872,0,0,,0,0,,,,,,,,,,,,,,,,,,,
01/06/2026 09:35:32,428221,0,0,,0,0,,,,,,,,,,,,,,,,,,,
01/06/2026 09:35:37,425897,0,0,,0,0,,,,,,,,,,,,,,,,,,,
01/06/2026 09:36:02,412872,0,0,,0,0,,,,,,,,,,,,,,,,,,,
01/06/2026 09:36:02,428221,0,0,,0,0,,,,,,,,,,,,,,,,,,,
01/06/2026 09:36:07,425897,0,0,,0,0,,,,,,,,,,,,,,,,,,,
01/06/2026 09:36:32,412872,0,0,,0,0,,,,,,,,,,,,,,,,,,,
01/06/2026 09:36:32,428221,0,0,,0,0,,,,,,,,,,,,,,,,,,,
01/06/2026 09:36:37,425897,0,0,,0,0,,,,,,,,,,,,,,,,,,,
01/06/2026 09:37:02,412872,0,0,,0,0,,,,,,,,,,,,,,,,,,,
01/06/2026 09:37:02,428221,0,0,,0,0,,,,,,,,,,,,,,,,,,,
01/06/2026 09:37:07,425897,0,0,,0,0,,,,,,,,,,,,,,,,,,,
01/06/2026 09:37:32,412872,0,0,,0,0,,,,,,,,,,,,,,,,,,,
01/06/2026 09:37:32,428221,0,0,,0,0,,,,,,,,,,,,,,,,,,,
01/06/2026 09:37:37,425897,0,0,,0,0,,,,,,,,,,,,,,,,,,,
01/06/2026 09:38:02,412872,0,0,,0,0,,,,,,,,,,,,,,,,,,,
01/06/2026 09:38:02,428221,0,0,,0,0,,,,,,,,,,,,,,,,,,,
01/06/2026 09:38:07,425897,0,0,,0,0,,,,,,,,,,,,,,,,,,,
01/06/2026 09:38:32,412872,0,0,,0,0,,,,,,,,,,,,,,,,,,,
01/06/2026 09:38:32,428221,0,0,,0,0,,,,,,,,,,,,,,,,,,,
01/06/2026 09:38:37,425897,0,0,,0,0,,,,,,,,,,,,,,,,,,,
01/06/2026 09:39:02,412872,0,0,,0,0,,,,,,,,,,,,,,,,,,,
01/06/2026 09:39:02,428221,0,0,,0,0,,,,,,,,,,,,,,,,,,,
01/06/2026 09:39:07,425897,0,0,,0,0,,,,,,,,,,,,,,,,,,,
01/06/2026 09:39:32,412872,0,0,,0,0,,,,,,,,,,,,,,,,,,,
01/06/2026 09:39:32,428221,0,0,,0,0,,,,,,,,,,,,,,,,,,,
01/06/2026 09:39:37,425897,0,0,,0,0,,,,,,,,,,,,,,,,,,,
01/06/2026 09:40:02,412872,0,0,,0,0,,,,,,,,,,,,,,,,,,,
01/06/2026 09:40:02,428221,0,0,,0,0,,,,,,,,,,,,,,,,,,,
01/06/2026 09:40:07,425897,0,0,,0,0,,,,,,,,,,,,,,,,,,,
01/06/2026 09:40:32,412872,0,0,,0,0,,,,,,,,,,,,,,,,,,,
01/06/2026 09:40:32,428221,0,0,,0,0,,,,,,,,,,,,,,,,,,,
01/06/2026 09:40:37,425897,0,0,,0,0,,,,,,,,,,,,,,,,,,,
01/06/2026 09:41:02,412872,0,0,,0,0,,,,,,,,,,,,,,,,,,,
01/06/2026 09:41:02,428221,0,0,,0,0,,,,,,,,,,,,,,,,,,,
01/06/2026 09:41:07,425897,0,0,,0,0,,,,,,,,,,,,,,,,,,,
01/06/2026 09:41:32,412872,0,0,,0,0,,,,,,,,,,,,,,,,,,,
01/06/2026 09:41:32,428221,0,0,,0,0,,,,,,,,,,,,,,,,,,,
01/06/2026 09:41:37,425897,0,0,,0,0,,,,,,,,,,,,,,,,,,,
01/06/2026 09:42:02,412872,0,0,,0,0,,,,,,,,,,,,,,,,,,,
01/06/2026 09:42:02,428221,0,0,,0,0,,,,,,,,,,,,,,,,,,,
01/06/2026 09:42:07,425897,0,0,,0,0,,,,,,,,,,,,,,,,,,,
01/06/2026 09:42:32,412872,0,0,,0,0,,,,,,,,,,,,,,,,,,,
01/06/2026 09:42:32,428221,0,0,,0,0,,,,,,,,,,,,,,,,,,,
01/06/2026 09:42:37,425897,0,0,,0,0,,,,,,,,,,,,,,,,,,,
01/06/2026 09:43:02,412872,0,0,,0,0,,,,,,,,,,,,,,,,,,,
01/06/2026 09:43:02,428221,0,0,,0,0,,,,,,,,,,,,,,,,,,,
01/06/2026 09:43:07,425897,0,0,,0,0,,,,,,,,,,,,,,,,,,,
01/06/2026 09:43:32,412872,0,0,,0,0,,,,,,,,,,,,,,,,,,,
01/06/2026 09:43:32,428221,0,0,,0,0,,,,,,,,,,,,,,,,,,,
01/06/2026 09:43:37,425897,0,0,,0,0,,,,,,,,,,,,,,,,,,,
01/06/2026 09:44:02,412872,0,0,,0,0,,,,,,,,,,,,,,,,,,,
01/06/2026 09:44:02,428221,0,0,,0,0,,,,,,,,,,,,,,,,,,,
01/06/2026 09:44:07,425897,0,0,,0,0,,,,,,,,,,,,,,,,,,,
01/06/2026 09:44:32,412872,0,0,,0,0,,,,,,,,,,,,,,,,,,,
01/06/2026 09:44:32,428221,0,0,,0,0,,,,,,,,,,,,,,,,,,,
01/06/2026 09:44:37,425897,0,0,,0,0,,,,,,,,,,,,,,,,,,,
01/06/2026 09:45:02,412872,0,0,,0,0,,,,,,,,,,,,,,,,,,,
01/06/2026 09:45:02,428221,0,0,,0,0,,,,,,,,,,,,,,,,,,,
01/06/2026 09:45:07,425897,0,0,,0,0,,,,,,,,,,,,,,,,,,,
01/06/2026 09:45:32,412872,0,0,,0,0,,,,,,,,,,,,,,,,,,,
01/06/2026 09:45:32,428221,0,0,,0,0,,,,,,,,,,,,,,,,,,,
01/06/2026 09:45:37,425897,0,0,,0,0,,,,,,,,,,,,,,,,,,,
01/06/2026 09:46:02,412872,0,0,,0,0,,,,,,,,,,,,,,,,,,,
01/06/2026 09:46:02,428221,0,0,,0,0,,,,,,,,,,,,,,,,,,,
01/06/2026 09:46:07,425897,0,0,,0,0,,,,,,,,,,,,,,,,,,,
01/06/2026 09:46:32,412872,0,0,,0,0,,,,,,,,,,,,,,,,,,,
01/06/2026 09:46:32,428221,0,0,,0,0,,,,,,,,,,,,,,,,,,,
01/06/2026 09:46:37,425897,0,0,,0,0,,,,,,,,,,,,,,,,,,,
01/06/2026 09:47:02,412872,0,0,,0,0,,,,,,,,,,,,,,,,,,,
01/06/2026 09:47:02,428221,0,0,,0,0,,,,,,,,,,,,,,,,,,,
01/06/2026 09:47:07,425897,0,0,,0,0,,,,,,,,,,,,,,,,,,,
01/06/2026 09:47:32,412872,0,0,,0,0,,,,,,,,,,,,,,,,,,,
01/06/2026 09:47:32,428221,0,0,,0,0,,,,,,,,,,,,,,,,,,,
01/06/2026 09:47:37,425897,0,0,,0,0,,,,,,,,,,,,,,,,,,,
01/06/2026 09:48:02,412872,0,0,,0,0,,,,,,,,,,,,,,,,,,,
01/06/2026 09:48:02,428221,0,0,,0,0,,,,,,,,,,,,,,,,,,,
01/06/2026 09:48:07,425897,0,0,,0,0,,,,,,,,,,,,,,,,,,,
01/06/2026 09:48:32,412872,0,0,,0,0,,,,,,,,,,,,,,,,,,,
01/06/2026 09:48:32,428221,0,0,,0,0,,,,,,,,,,,,,,,,,,,
01/06/2026 09:48:37,425897,0,0,,0,0,,,,,,,,,,,,,,,,,,,
01/06/2026 09:49:02,412872,0,0,,0,0,,,,,,,,,,,,,,,,,,,
01/06/2026 09:49:02,428221,0,0,,0,0,,,,,,,,,,,,,,,,,,,
01/06/2026 09:49:07,425897,0,0,,0,0,,,,,,,,,,,,,,,,,,,
01/06/2026 09:49:32,412872,0,0,,0,0,,,,,,,,,,,,,,,,,,,
01/06/2026 09:49:32,428221,0,0,,0,0,,,,,,,,,,,,,,,,,,,
01/06/2026 09:49:37,425897,0,0,,0,0,,,,,,,,,,,,,,,,,,,
01/06/2026 09:50:02,412872,0,0,,0,0,,,,,,,,,,,,,,,,,,,
01/06/2026 09:50:02,428221,0,0,,0,0,,,,,,,,,,,,,,,,,,,
01/06/2026 09:50:07,425897,0,0,,0,0,,,,,,,,,,,,,,,,,,,
01/06/2026 09:50:32,412872,0,0,,0,0,,,,,,,,,,,,,,,,,,,
01/06/2026 09:50:32,428221,0,0,,0,0,,,,,,,,,,,,,,,,,,,
01/06/2026 09:50:37,425897,0,0,,0,0,,,,,,,,,,,,,,,,,,,
01/06/2026 09:51:02,412872,0,0,,0,0,,,,,,,,,,,,,,,,,,,
01/06/2026 09:51:02,428221,0,0,,0,0,,,,,,,,,,,,,,,,,,,
01/06/2026 09:51:07,425897,0,0,,0,0,,,,,,,,,,,,,,,,,,,
01/06/2026 09:51:32,412872,0,0,,0,0,,,,,,,,,,,,,,,,,,,
01/06/2026 09:51:32,428221,0,0,,0,0,,,,,,,,,,,,,,,,,,,
01/06/2026 09:51:37,425897,0,0,,0,0,,,,,,,,,,,,,,,,,,,
01/06/2026 09:52:02,412872,0,0,,0,0,,,,,,,,,,,,,,,,,,,
01/06/2026 09:52:02,428221,0,0,,0,0,,,,,,,,,,,,,,,,,,,
01/06/2026 09:52:07,425897,0,0,,0,0,,,,,,,,,,,,,,,,,,,
01/06/2026 09:52:32,412872,0,0,,0,0,,,,,,,,,,,,,,,,,,,
01/06/2026 09:52:32,428221,0,0,,0,0,,,,,,,,,,,,,,,,,,,
01/06/2026 09:52:37,425897,0,0,,0,0,,,,,,,,,,,,,,,,,,,
01/06/2026 09:53:02,412872,0,0,,0,0,,,,,,,,,,,,,,,,,,,
01/06/2026 09:53:02,428221,0,0,,0,0,,,,,,,,,,,,,,,,,,,
01/06/2026 09:53:07,425897,0,0,,0,0,,,,,,,,,,,,,,,,,,,
01/06/2026 09:53:32,412872,0,0,,0,0,,,,,,,,,,,,,,,,,,,
01/06/2026 09:53:32,428221,0,0,,0,0,,,,,,,,,,,,,,,,,,,
01/06/2026 09:53:37,425897,0,0,,0,0,,,,,,,,,,,,,,,,,,,
01/06/2026 09:54:02,412872,0,0,,0,0,,,,,,,,,,,,,,,,,,,
01/06/2026 09:54:02,428221,0,0,,0,0,,,,,,,,,,,,,,,,,,,
01/06/2026 09:54:07,425897,0,0,,0,0,,,,,,,,,,,,,,,,,,,
01/06/2026 09:54:32,412872,0,0,,0,0,,,,,,,,,,,,,,,,,,,
01/06/2026 09:54:32,428221,0,0,,0,0,,,,,,,,,,,,,,,,,,,
01/06/2026 09:54:37,425897,0,0,,0,0,,,,,,,,,,,,,,,,,,,
01/06/2026 09:55:02,412872,0,0,,0,0,,,,,,,,,,,,,,,,,,,
01/06/2026 09:55:02,428221,0,0,,0,0,,,,,,,,,,,,,,,,,,,
01/06/2026 09:55:07,425897,0,0,,0,0,,,,,,,,,,,,,,,,,,,
01/06/2026 09:55:32,412872,0,0,,0,0,,,,,,,,,,,,,,,,,,,
01/06/2026 09:55:32,428221,0,0,,0,0,,,,,,,,,,,,,,,,,,,
01/06/2026 09:55:37,425897,0,0,,0,0,,,,,,,,,,,,,,,,,,,
01/06/2026 09:56:02,412872,0,0,,0,0,,,,,,,,,,,,,,,,,,,
01/06/2026 09:56:02,428221,0,0,,0,0,,,,,,,,,,,,,,,,,,,
01/06/2026 09:56:07,425897,0,0,,0,0,,,,,,,,,,,,,,,,,,,
01/06/2026 09:56:32,412872,0,0,,0,0,,,,,,,,,,,,,,,,,,,
01/06/2026 09:56:32,428221,0,0,,0,0,,,,,,,,,,,,,,,,,,,
01/06/2026 09:56:37,425897,0,0,,0,0,,,,,,,,,,,,,,,,,,,
01/06/2026 09:57:02,412872,0,0,,0,0,,,,,,,,,,,,,,,,,,,
01/06/2026 09:57:02,428221,0,0,,0,0,,,,,,,,,,,,,,,,,,,
01/06/2026 09:57:07,425897,0,0,,0,0,,,,,,,,,,,,,,,,,,,
01/06/2026 09:57:32,412872,0,0,,0,0,,,,,,,,,,,,,,,,,,,
01/06/2026 09:57:32,428221,0,0,,0,0,,,,,,,,,,,,,,,,,,,
01/06/2026 09:57:37,425897,0,0,,0,0,,,,,,,,,,,,,,,,,,,
01/06/2026 09:58:02,412872,0,0,,0,0,,,,,,,,,,,,,,,,,,,
01/06/2026 09:58:02,428221,0,0,,0,0,,,,,,,,,,,,,,,,,,,
01/06/2026 09:58:07,425897,0,0,,0,0,,,,,,,,,,,,,,,,,,,
01/06/2026 09:58:32,412872,0,0,,0,0,,,,,,,,,,,,,,,,,,,
01/06/2026 09:58:32,428221,0,0,,0,0,,,,,,,,,,,,,,,,,,,
01/06/2026 09:58:37,425897,0,0,,0,0,,,,,,,,,,,,,,,,,,,
01/06/2026 09:59:02,412872,0,0,,0,0,,,,,,,,,,,,,,,,,,,
01/06/2026 09:59:02,428221,0,0,,0,0,,,,,,,,,,,,,,,,,,,
01/06/2026 09:59:07,425897,0,0,,0,0,,,,,,,,,,,,,,,,,,,
01/06/2026 09:59:32,412872,0,0,,0,0,,,,,,,,,,,,,,,,,,,
01/06/2026 09:59:32,428221,2,.0217,,2,.02,,,,,,,,,,,,,,,,,,,
01/06/2026 09:59:37,425897,0,0,,0,0,,,,,,,,,,,,,,,,,,,
01/06/2026 10:00:02,412872,8,.1428,,5,.0828,,,,,,,,,,,,,,,,,,,
01/06/2026 10:00:02,428221,2,.0156,,1,.0078,,,,,,,,,,,,,,,,,,,
01/06/2026 10:00:07,425897,6,.27,,4,.115,,,,,,,,,,,,,,,,,,,
01/06/2026 10:00:32,412872,1,.0067,,5,.0828,,,,,,,,,,,,,,,,,,,
01/06/2026 10:00:32,428221,1,.0106,,8,.0789,,,,,,,,,,,,,,,,,,,
01/06/2026 10:00:37,425897,5,.225,,5,.2528,,,,,,,,,,,,,,,,,,,
01/06/2026 10:01:02,412872,3,.035,,5,.06,,,,,,,,,,,,,,,,,,,
01/06/2026 10:01:02,428221,1,.0039,,1,.0067,,,,,,,,,,,,,,,,,,,
01/06/2026 10:01:07,425897,2,.0778,,1,.0478,,,,,,,,,,,,,,,,,,,
01/06/2026 10:01:32,412872,4,.05,,1,.0128,,,,,,,,,,,,,,,,,,,
01/06/2026 10:01:32,428221,2,.02,,5,.0528,,,,,,,,,,,,,,,,,,,
01/06/2026 10:01:37,425897,1,.0089,,1,.015,,,,,,,,,,,,,,,,,,,
01/06/2026 10:02:02,412872,5,.075,,6,.1028,,,,,,,,,,,,,,,,,,,
01/06/2026 10:02:02,428221,2,.02,,5,.0528,,,,,,,,,,,,,,,,,,,
01/06/2026 10:02:07,425897,4,.165,,4,.1339,,,,,,,,,,,,,,,,,,,
01/06/2026 10:02:32,412872,2,.02,,2,.0256,,,,,,,,,,,,,,,,,,,
01/06/2026 10:02:32,428221,6,.065,,5,.0489,,,,,,,,,,,,,,,,,,,
01/06/2026 10:02:37,425897,5,.1967,,5,.205,,,,,,,,,,,,,,,,,,,
01/06/2026 10:03:02,412872,1,.0117,,2,.025,,,,,,,,,,,,,,,,,,,
01/06/2026 10:03:02,428221,5,.0467,,6,.0556,,,,,,,,,,,,,,,,,,,
01/06/2026 10:03:07,425897,2,.0756,,2,.05,,,,,,,,,,,,,,,,,,,
01/06/2026 10:03:32,412872,4,.0656,,5,.085,,,,,,,,,,,,,,,,,,,
01/06/2026 10:03:32,428221,5,.0428,,5,.0428,,,,,,,,,,,,,,,,,,,
01/06/2026 10:03:37,425897,2,.0667,,4,.1567,,,,,,,,,,,,,,,,,,,
01/06/2026 10:04:02,412872,0,0,,9,.1256,,,,,,,,,,,,,,,,,,,
01/06/2026 10:04:02,428221,3,.0289,,4,.0328,,,,,,,,,,,,,,,,,,,
01/06/2026 10:04:07,425897,4,.1539,,0,0,,,,,,,,,,,,,,,,,,,
01/06/2026 10:04:32,412872,4,.0506,,4,.05,,,,,,,,,,,,,,,,,,,
01/06/2026 10:04:32,428221,3,.0289,,4,.0389,,,,,,,,,,,,,,,,,,,
01/06/2026 10:04:37,425897,4,.1489,,6,.135,,,,,,,,,,,,,,,,,,,
01/06/2026 10:05:02,412872,4,.0528,,3,.0378,,,,,,,,,,,,,,,,,,,
01/06/2026 10:05:02,428221,3,.025,,4,.0328,,,,,,,,,,,,,,,,,,,
01/06/2026 10:05:07,425897,2,.1256,,3,.1328,,,,,,,,,,,,,,,,,,,
01/06/2026 10:05:32,412872,2,.0267,,5,.06,,,,,,,,,,,,,,,,,,,
01/06/2026 10:05:32,428221,1,.0106,,4,.0389,,,,,,,,,,,,,,,,,,,
01/06/2026 10:05:37,425897,5,.1839,,4,.1428,,,,,,,,,,,,,,,,,,,
01/06/2026 10:06:02,412872,1,.0128,,4,.06,,,,,,,,,,,,,,,,,,,
01/06/2026 10:06:02,428221,1,.0139,,3,.0267,,,,,,,,,,,,,,,,,,,
01/06/2026 10:06:07,425897,4,.1806,,5,.2217,,,,,,,,,,,,,,,,,,,
01/06/2026 10:06:32,412872,4,.0606,,4,.055,,,,,,,,,,,,,,,,,,,
01/06/2026 10:06:32,428221,1,.0139,,3,.0267,,,,,,,,,,,,,,,,,,,
01/06/2026 10:06:37,425897,5,.2,,5,.1956,,,,,,,,,,,,,,,,,,,
01/06/2026 10:07:02,412872,2,.0139,,3,.0389,,,,,,,,,,,,,,,,,,,
01/06/2026 10:07:02,428221,7,.1189,,7,.0939,,,,,,,,,,,,,,,,,,,
01/06/2026 10:07:07,425897,4,.1578,,4,.1528,,,,,,,,,,,,,,,,,,,
01/06/2026 10:07:32,412872,7,.1106,,2,.015,,,,,,,,,,,,,,,,,,,
01/06/2026 10:07:32,428221,6,.0639,,5,.0517,,,,,,,,,,,,,,,,,,,
01/06/2026 10:07:37,425897,4,.1778,,4,.3867,,,,,,,,,,,,,,,,,,,
01/06/2026 10:08:02,412872,1,.0089,,6,.0756,,,,,,,,,,,,,,,,,,,
01/06/2026 10:08:02,428221,9,.1067,,6,.0689,,,,,,,,,,,,,,,,,,,
01/06/2026 10:08:07,425897,2,.0689,,3,.0139,,,,,,,,,,,,,,,,,,,
01/06/2026 10:08:32,412872,3,.0367,,0,0,,,,,,,,,,,,,,,,,,,
01/06/2026 10:08:32,428221,9,.1067,,6,.0689,,,,,,,,,,,,,,,,,,,
01/06/2026 10:08:37,425897,2,.0578,,2,.0839,,,,,,,,,,,,,,,,,,,
01/06/2026 10:09:02,412872,3,.0367,,12,.1928,,,,,,,,,,,,,,,,,,,
01/06/2026 10:09:02,428221,2,.0139,,3,.0206,,,,,,,,,,,,,,,,,,,
01/06/2026 10:09:07,425897,4,.1556,,3,.0728,,,,,,,,,,,,,,,,,,,
01/06/2026 10:09:32,412872,4,.055,,4,.0539,,,,,,,,,,,,,,,,,,,
01/06/2026 10:09:32,428221,2,.0139,,3,.0206,,,,,,,,,,,,,,,,,,,
01/06/2026 10:09:37,425897,5,.2317,,6,.1917,,,,,,,,,,,,,,,,,,,
01/06/2026 10:10:02,412872,1,.0106,,1,.0067,,,,,,,,,,,,,,,,,,,
01/06/2026 10:10:02,428221,5,.0628,,5,.06,,,,,,,,,,,,,,,,,,,
01/06/2026 10:10:07,425897,0,0,,1,.0178,,,,,,,,,,,,,,,,,,,
01/06/2026 10:10:32,412872,6,.1039,,13,.215,,,,,,,,,,,,,,,,,,,
01/06/2026 10:10:32,428221,6,.0578,,7,.0639,,,,,,,,,,,,,,,,,,,
01/06/2026 10:10:37,425897,3,.1267,,2,.0978,,,,,,,,,,,,,,,,,,,
01/06/2026 10:11:02,412872,3,.025,,3,.0378,,,,,,,,,,,,,,,,,,,
01/06/2026 10:11:02,428221,6,.0578,,7,.0639,,,,,,,,,,,,,,,,,,,
01/06/2026 10:11:07,425897,6,.3217,,5,.125,,,,,,,,,,,,,,,,,,,
01/06/2026 10:11:32,412872,3,.0406,,7,.16,,,,,,,,,,,,,,,,,,,
01/06/2026 10:11:32,428221,4,.0328,,5,.0417,,,,,,,,,,,,,,,,,,,
01/06/2026 10:11:37,425897,5,.2,,4,.095,,,,,,,,,,,,,,,,,,,
01/06/2026 10:12:02,412872,1,.0139,,6,.085,,,,,,,,,,,,,,,,,,,
01/06/2026 10:12:02,428221,8,.0967,,6,.0678,,,,,,,,,,,,,,,,,,,
01/06/2026 10:12:07,425897,5,.1956,,3,.165,,,,,,,,,,,,,,,,,,,
01/06/2026 10:12:32,412872,5,.0828,,6,.0967,,,,,,,,,,,,,,,,,,,
01/06/2026 10:12:32,428221,8,.0967,,6,.0678,,,,,,,,,,,,,,,,,,,
01/06/2026 10:12:37,425897,1,.0439,,1,.0117,,,,,,,,,,,,,,,,,,,
01/06/2026 10:13:02,412872,2,.0328,,5,.0839,,,,,,,,,,,,,,,,,,,
01/06/2026 10:13:02,428221,7,.0839,,7,.07,,,,,,,,,,,,,,,,,,,
01/06/2026 10:13:07,425897,3,.1489,,3,.1056,,,,,,,,,,,,,,,,,,,
01/06/2026 10:13:32,412872,1,.0117,,1,.0117,,,,,,,,,,,,,,,,,,,
01/06/2026 10:13:32,428221,3,.0206,,1,.0117,,,,,,,,,,,,,,,,,,,
01/06/2026 10:13:37,425897,6,.1928,,5,.2406,,,,,,,,,,,,,,,,,,,
01/06/2026 10:14:02,412872,3,.0256,,8,.1139,,,,,,,,,,,,,,,,,,,
01/06/2026 10:14:02,428221,6,.055,,5,.0439,,,,,,,,,,,,,,,,,,,
01/06/2026 10:14:07,425897,4,.1578,,5,.2539,,,,,,,,,,,,,,,,,,,
01/06/2026 10:14:32,412872,1,.01,,10,.14,,,,,,,,,,,,,,,,,,,
01/06/2026 10:14:32,428221,4,.05,,5,.06,,,,,,,,,,,,,,,,,,,
01/06/2026 10:14:37,425897,5,.1789,,5,.2039,,,,,,,,,,,,,,,,,,,
01/06/2026 10:15:02,412872,5,.0767,,7,.1117,,,,,,,,,,,,,,,,,,,
01/06/2026 10:15:02,428221,2,.0189,,1,.0089,,,,,,,,,,,,,,,,,,,
01/06/2026 10:15:07,425897,5,.1678,,2,.0878,,,,,,,,,,,,,,,,,,,
01/06/2026 10:15:32,412872,2,.0239,,3,.045,,,,,,,,,,,,,,,,,,,
01/06/2026 10:15:32,428221,4,.0389,,4,.0339,,,,,,,,,,,,,,,,,,,
01/06/2026 10:15:37,425897,6,.2217,,5,.2978,,,,,,,,,,,,,,,,,,,
01/06/2026 10:16:02,412872,3,.0489,,5,.0789,,,,,,,,,,,,,,,,,,,
01/06/2026 10:16:02,428221,4,.0389,,4,.0339,,,,,,,,,,,,,,,,,,,
01/06/2026 10:16:07,425897,5,.1967,,4,.215,,,,,,,,,,,,,,,,,,,
01/06/2026 10:16:32,412872,9,.1306,,9,.1217,,,,,,,,,,,,,,,,,,,
01/06/2026 10:16:32,428221,3,.0306,,5,.045,,,,,,,,,,,,,,,,,,,
01/06/2026 10:16:37,425897,4,.2539,,5,.1589,,,,,,,,,,,,,,,,,,,
01/06/2026 10:17:02,412872,1,.015,,3,.0289,,,,,,,,,,,,,,,,,,,
01/06/2026 10:17:02,428221,4,.0456,,3,.0256,,,,,,,,,,,,,,,,,,,
01/06/2026 10:17:07,425897,1,.0367,,4,.145,,,,,,,,,,,,,,,,,,,
01/06/2026 10:17:32,412872,1,.0106,,3,.0406,,,,,,,,,,,,,,,,,,,
01/06/2026 10:17:32,428221,3,.0306,,4,.0428,,,,,,,,,,,,,,,,,,,
01/06/2026 10:17:37,425897,5,.2167,,6,.205,,,,,,,,,,,,,,,,,,,
01/06/2026 10:18:02,412872,3,.035,,4,.0478,,,,,,,,,,,,,,,,,,,
01/06/2026 10:18:02,428221,3,.0306,,4,.0428,,,,,,,,,,,,,,,,,,,
01/06/2026 10:18:07,425897,1,.0406,,3,.1367,,,,,,,,,,,,,,,,,,,
01/06/2026 10:18:32,412872,1,.0117,,2,.03,,,,,,,,,,,,,,,,,,,
01/06/2026 10:18:32,428221,1,.0089,,2,.0217,,,,,,,,,,,,,,,,,,,
01/06/2026 10:18:37,425897,1,.0128,,1,.0478,,,,,,,,,,,,,,,,,,,
01/06/2026 10:19:02,412872,3,.0339,,7,.0856,,,,,,,,,,,,,,,,,,,
01/06/2026 10:19:02,428221,1,.0089,,2,.0217,,,,,,,,,,,,,,,,,,,
01/06/2026 10:19:07,425897,2,.15,,3,.0839,,,,,,,,,,,,,,,,,,,
01/06/2026 10:19:32,412872,0,0,,3,.0378,,,,,,,,,,,,,,,,,,,
01/06/2026 10:19:32,428221,0,0,,5,.0406,,,,,,,,,,,,,,,,,,,
01/06/2026 10:19:37,425897,5,.1728,,3,.0867,,,,,,,,,,,,,,,,,,,
01/06/2026 10:20:02,412872,6,.085,,3,.04,,,,,,,,,,,,,,,,,,,
01/06/2026 10:20:02,428221,0,0,,5,.0406,,,,,,,,,,,,,,,,,,,
01/06/2026 10:20:07,425897,6,.2739,,5,.2217,,,,,,,,,,,,,,,,,,,
01/06/2026 10:20:32,412872,1,.01,,0,0,,,,,,,,,,,,,,,,,,,
01/06/2026 10:20:32,428221,3,.0256,,2,.0206,,,,,,,,,,,,,,,,,,,
01/06/2026 10:20:37,425897,4,.2006,,6,.2567,,,,,,,,,,,,,,,,,,,
01/06/2026 10:21:02,412872,3,.0428,,8,.1289,,,,,,,,,,,,,,,,,,,
01/06/2026 10:21:02,428221,3,.0256,,2,.0206,,,,,,,,,,,,,,,,,,,
01/06/2026 10:21:07,425897,5,.1678,,4,.1139,,,,,,,,,,,,,,,,,,,
01/06/2026 10:21:32,412872,2,.0278,,11,.1589,,,,,,,,,,,,,,,,,,,
01/06/2026 10:21:32,428221,4,.0456,,10,.1028,,,,,,,,,,,,,,,,,,,
01/06/2026 10:21:37,425897,4,.1528,,1,.0517,,,,,,,,,,,,,,,,,,,
01/06/2026 10:22:02,412872,2,.0267,,2,.0206,,,,,,,,,,,,,,,,,,,
01/06/2026 10:22:02,428221,4,.0428,,9,.0867,,,,,,,,,,,,,,,,,,,
01/06/2026 10:22:07,425897,4,.2317,,6,.2906,,,,,,,,,,,,,,,,,,,
01/06/2026 10:22:32,412872,2,.0239,,4,.05,,,,,,,,,,,,,,,,,,,
01/06/2026 10:22:32,428221,4,.0428,,9,.0867,,,,,,,,,,,,,,,,,,,
01/06/2026 10:22:37,425897,6,.2017,,7,.2078,,,,,,,,,,,,,,,,,,,
01/06/2026 10:23:02,412872,0,0,,3,.0356,,,,,,,,,,,,,,,,,,,
01/06/2026 10:23:02,428221,0,0,,2,.0156,,,,,,,,,,,,,,,,,,,
01/06/2026 10:23:07,425897,3,.1267,,4,.2128,,,,,,,,,,,,,,,,,,,
01/06/2026 10:23:32,412872,4,.05,,10,.1317,,,,,,,,,,,,,,,,,,,
01/06/2026 10:23:32,428221,1,.0106,,10,.0917,,,,,,,,,,,,,,,,,,,
01/06/2026 10:23:37,425897,4,.1217,,2,.0478,,,,,,,,,,,,,,,,,,,
01/06/2026 10:24:02,412872,0,0,,4,.0517,,,,,,,,,,,,,,,,,,,
01/06/2026 10:24:02,428221,1,.0106,,10,.0917,,,,,,,,,,,,,,,,,,,
01/06/2026 10:24:07,425897,5,.1878,,6,.1806,,,,,,,,,,,,,,,,,,,
01/06/2026 10:24:32,412872,2,.0267,,12,.1756,,,,,,,,,,,,,,,,,,,
01/06/2026 10:24:32,428221,6,.0567,,5,.0328,,,,,,,,,,,,,,,,,,,
01/06/2026 10:24:37,425897,5,.2289,,5,.2667,,,,,,,,,,,,,,,,,,,
01/06/2026 10:25:02,412872,3,.0328,,6,.0717,,,,,,,,,,,,,,,,,,,
01/06/2026 10:25:02,428221,6,.0778,,9,.1017,,,,,,,,,,,,,,,,,,,
01/06/2026 10:25:07,425897,5,.195,,2,.0939,,,,,,,,,,,,,,,,,,,
01/06/2026 10:25:32,412872,1,.005,,9,.1206,,,,,,,,,,,,,,,,,,,
01/06/2026 10:25:32,428221,4,.0428,,8,.0739,,,,,,,,,,,,,,,,,,,
01/06/2026 10:25:37,425897,4,.1367,,4,.085,,,,,,,,,,,,,,,,,,,
01/06/2026 10:26:02,412872,3,.04,,5,.0689,,,,,,,,,,,,,,,,,,,
01/06/2026 10:26:02,428221,6,.0539,,5,.0539,,,,,,,,,,,,,,,,,,,
01/06/2026 10:26:07,425897,5,.2206,,3,.1439,,,,,,,,,,,,,,,,,,,
01/06/2026 10:26:32,412872,1,.0117,,2,.0306,,,,,,,,,,,,,,,,,,,
01/06/2026 10:26:32,428221,6,.0567,,6,.0706,,,,,,,,,,,,,,,,,,,
01/06/2026 10:26:37,425897,5,.1839,,5,.2678,,,,,,,,,,,,,,,,,,,
01/06/2026 10:27:02,412872,3,.0367,,7,.0789,,,,,,,,,,,,,,,,,,,
01/06/2026 10:27:02,428221,6,.0567,,6,.0706,,,,,,,,,,,,,,,,,,,
01/06/2026 10:27:07,425897,5,.2328,,5,.2006,,,,,,,,,,,,,,,,,,,
01/06/2026 10:27:32,412872,3,.0406,,2,.0256,,,,,,,,,,,,,,,,,,,
01/06/2026 10:27:32,428221,1,.0106,,2,.0167,,,,,,,,,,,,,,,,,,,
01/06/2026 10:27:37,425897,2,.0689,,3,.1017,,,,,,,,,,,,,,,,,,,
01/06/2026 10:28:02,412872,2,.0156,,12,.1567,,,,,,,,,,,,,,,,,,,
01/06/2026 10:28:02,428221,0,0,,4,.0367,,,,,,,,,,,,,,,,,,,
01/06/2026 10:28:07,425897,2,.0778,,2,.1589,,,,,,,,,,,,,,,,,,,
01/06/2026 10:28:32,412872,2,.025,,2,.0256,,,,,,,,,,,,,,,,,,,
01/06/2026 10:28:32,428221,9,.1006,,9,.1006,,,,,,,,,,,,,,,,,,,
01/06/2026 10:28:37,425897,5,.205,,7,.2506,,,,,,,,,,,,,,,,,,,
01/06/2026 10:29:02,412872,5,.085,,11,.165,,,,,,,,,,,,,,,,,,,
01/06/2026 10:29:02,428221,8,.0778,,4,.035,,,,,,,,,,,,,,,,,,,
01/06/2026 10:29:07,425897,5,.2056,,4,.1539,,,,,,,,,,,,,,,,,,,
01/06/2026 10:29:32,412872,3,.0339,,1,.0139,,,,,,,,,,,,,,,,,,,
01/06/2026 10:29:32,428221,3,.03,,4,.0378,,,,,,,,,,,,,,,,,,,
01/06/2026 10:29:37,425897,4,.2128,,6,.2389,,,,,,,,,,,,,,,,,,,
01/06/2026 10:30:02,412872,6,.0889,,4,.0578,,,,,,,,,,,,,,,,,,,
01/06/2026 10:30:02,428221,1,.0089,,2,.0189,,,,,,,,,,,,,,,,,,,
01/06/2026 10:30:07,425897,3,.1417,,3,.0956,,,,,,,,,,,,,,,,,,,
01/06/2026 10:30:32,412872,3,.04,,10,.14,,,,,,,,,,,,,,,,,,,
01/06/2026 10:30:32,428221,1,.01,,2,.0156,,,,,,,,,,,,,,,,,,,
01/06/2026 10:30:37,425897,4,.1667,,4,.135,,,,,,,,,,,,,,,,,,,
01/06/2026 10:31:02,412872,2,.0278,,2,.0239,,,,,,,,,,,,,,,,,,,
01/06/2026 10:31:02,428221,5,.0467,,9,.0828,,,,,,,,,,,,,,,,,,,
01/06/2026 10:31:07,425897,4,.1856,,4,.2039,,,,,,,,,,,,,,,,,,,
01/06/2026 10:31:32,412872,4,.0556,,6,.0889,,,,,,,,,,,,,,,,,,,
01/06/2026 10:31:32,428221,6,.0589,,3,.0278,,,,,,,,,,,,,,,,,,,
01/06/2026 10:31:37,425897,3,.1517,,3,.1606,,,,,,,,,,,,,,,,,,,
01/06/2026 10:32:02,412872,2,.0206,,5,.0628,,,,,,,,,,,,,,,,,,,
01/06/2026 10:32:02,428221,5,.0589,,6,.0978,,,,,,,,,,,,,,,,,,,
01/06/2026 10:32:07,425897,3,.0967,,3,.085,,,,,,,,,,,,,,,,,,,
01/06/2026 10:32:32,412872,8,.1139,,1,.0117,,,,,,,,,,,,,,,,,,,
01/06/2026 10:32:32,428221,1,.0089,,2,.025,,,,,,,,,,,,,,,,,,,
01/06/2026 10:32:37,425897,6,.1956,,4,.1428,,,,,,,,,,,,,,,,,,,
01/06/2026 10:33:02,412872,1,.0228,,8,.105,,,,,,,,,,,,,,,,,,,
01/06/2026 10:33:02,428221,2,.0178,,6,.05,,,,,,,,,,,,,,,,,,,
01/06/2026 10:33:07,425897,5,.23,,2,.0406,,,,,,,,,,,,,,,,,,,
01/06/2026 10:33:32,412872,4,.0628,,4,.0489,,,,,,,,,,,,,,,,,,,
01/06/2026 10:33:32,428221,4,.0406,,4,.0717,,,,,,,,,,,,,,,,,,,
01/06/2026 10:33:37,425897,5,.1789,,5,.1867,,,,,,,,,,,,,,,,,,,
01/06/2026 10:34:02,412872,4,.0556,,9,.1378,,,,,,,,,,,,,,,,,,,
01/06/2026 10:34:02,428221,7,.085,,7,.0717,,,,,,,,,,,,,,,,,,,
01/06/2026 10:34:07,425897,3,.125,,3,.0706,,,,,,,,,,,,,,,,,,,
01/06/2026 10:34:32,412872,3,.045,,6,.0867,,,,,,,,,,,,,,,,,,,
01/06/2026 10:34:32,428221,4,.0406,,4,.0567,,,,,,,,,,,,,,,,,,,
01/06/2026 10:34:37,425897,4,.1228,,4,.185,,,,,,,,,,,,,,,,,,,
01/06/2026 10:35:02,412872,7,.0906,,9,.1178,,,,,,,,,,,,,,,,,,,
01/06/2026 10:35:02,428221,8,.0856,,9,.0906,,,,,,,,,,,,,,,,,,,
01/06/2026 10:35:07,425897,3,.1089,,2,.0428,,,,,,,,,,,,,,,,,,,
01/06/2026 10:35:32,412872,2,.0178,,7,.1556,,,,,,,,,,,,,,,,,,,
01/06/2026 10:35:32,428221,4,.03,,7,.0667,,,,,,,,,,,,,,,,,,,
01/06/2026 10:35:37,425897,3,.1167,,3,.1439,,,,,,,,,,,,,,,,,,,
01/06/2026 10:36:02,412872,1,.0467,,10,.2278,,,,,,,,,,,,,,,,,,,
01/06/2026 10:36:02,428221,5,.0439,,4,.0389,,,,,,,,,,,,,,,,,,,
01/06/2026 10:36:07,425897,3,.1139,,3,.2078,,,,,,,,,,,,,,,,,,,
01/06/2026 10:36:32,412872,0,0,,2,.0289,,,,,,,,,,,,,,,,,,,
01/06/2026 10:36:32,428221,6,.0617,,2,.0178,,,,,,,,,,,,,,,,,,,
01/06/2026 10:36:37,425897,0,0,,0,0,,,,,,,,,,,,,,,,,,,
01/06/2026 10:37:02,412872,8,.1228,,9,.1767,,,,,,,,,,,,,,,,,,,
01/06/2026 10:37:02,428221,3,.03,,3,.0217,,,,,,,,,,,,,,,,,,,
01/06/2026 10:37:07,425897,3,.1089,,2,.0689,,,,,,,,,,,,,,,,,,,
01/06/2026 10:37:32,412872,1,.0128,,8,.1278,,,,,,,,,,,,,,,,,,,
01/06/2026 10:37:32,428221,3,.0317,,4,.0339,,,,,,,,,,,,,,,,,,,
01/06/2026 10:37:37,425897,1,.03,,1,.0617,,,,,,,,,,,,,,,,,,,
01/06/2026 10:38:02,412872,2,.0306,,2,.0289,,,,,,,,,,,,,,,,,,,
01/06/2026 10:38:02,428221,2,.0189,,4,.0417,,,,,,,,,,,,,,,,,,,
01/06/2026 10:38:07,425897,4,.2406,,5,.2456,,,,,,,,,,,,,,,,,,,
01/06/2026 10:38:32,412872,3,.0389,,11,.1589,,,,,,,,,,,,,,,,,,,
01/06/2026 10:38:32,428221,1,.0106,,3,.04,,,,,,,,,,,,,,,,,,,
01/06/2026 10:38:37,425897,3,.12,,3,.1356,,,,,,,,,,,,,,,,,,,
01/06/2026 10:39:02,412872,0,0,,3,.0456,,,,,,,,,,,,,,,,,,,
01/06/2026 10:39:02,428221,5,.0489,,5,.0456,,,,,,,,,,,,,,,,,,,
01/06/2026 10:39:07,425897,5,.215,,2,.1289,,,,,,,,,,,,,,,,,,,
01/06/2026 10:39:32,412872,4,.06,,9,.125,,,,,,,,,,,,,,,,,,,
01/06/2026 10:39:32,428221,0,0,,0,0,,,,,,,,,,,,,,,,,,,
01/06/2026 10:39:37,425897,5,.2156,,6,.195,,,,,,,,,,,,,,,,,,,
01/06/2026 10:40:02,412872,3,.0389,,4,.0556,,,,,,,,,,,,,,,,,,,
01/06/2026 10:40:02,428221,1,.01,,1,.0117,,,,,,,,,,,,,,,,,,,
01/06/2026 10:40:07,425897,5,.1817,,4,.135,,,,,,,,,,,,,,,,,,,
01/06/2026 10:40:32,412872,2,.0289,,12,.2078,,,,,,,,,,,,,,,,,,,
01/06/2026 10:40:32,428221,5,.045,,10,.115,,,,,,,,,,,,,,,,,,,
01/06/2026 10:40:37,425897,5,.215,,4,.1556,,,,,,,,,,,,,,,,,,,
01/06/2026 10:41:02,412872,1,.0139,,7,.0839,,,,,,,,,,,,,,,,,,,
01/06/2026 10:41:02,428221,9,.1128,,6,.0739,,,,,,,,,,,,,,,,,,,
01/06/2026 10:41:07,425897,1,.0489,,2,.0917,,,,,,,,,,,,,,,,,,,
01/06/2026 10:41:32,412872,5,.06,,1,.0117,,,,,,,,,,,,,,,,,,,
01/06/2026 10:41:32,428221,2,.0206,,5,.0917,,,,,,,,,,,,,,,,,,,
01/06/2026 10:41:37,425897,3,.1178,,4,.1089,,,,,,,,,,,,,,,,,,,
01/06/2026 10:42:02,412872,1,.0106,,6,.0767,,,,,,,,,,,,,,,,,,,
01/06/2026 10:42:02,428221,6,.0639,,7,.0639,,,,,,,,,,,,,,,,,,,
01/06/2026 10:42:07,425897,5,.1967,,6,.2728,,,,,,,,,,,,,,,,,,,
01/06/2026 10:42:32,412872,4,.0517,,11,.1617,,,,,,,,,,,,,,,,,,,
01/06/2026 10:42:32,428221,5,.05,,6,.0578,,,,,,,,,,,,,,,,,,,
01/06/2026 10:42:37,425897,5,.2256,,4,.1367,,,,,,,,,,,,,,,,,,,
01/06/2026 10:43:02,412872,5,.0628,,4,.0528,,,,,,,,,,,,,,,,,,,
01/06/2026 10:43:02,428221,2,.0156,,8,.0839,,,,,,,,,,,,,,,,,,,
01/06/2026 10:43:07,425897,5,.2928,,4,.2028,,,,,,,,,,,,,,,,,,,
01/06/2026 10:43:32,412872,1,.0128,,9,.1617,,,,,,,,,,,,,,,,,,,
01/06/2026 10:43:32,428221,6,.0606,,8,.0839,,,,,,,,,,,,,,,,,,,
01/06/2026 10:43:37,425897,4,.1767,,2,.0856,,,,,,,,,,,,,,,,,,,
01/06/2026 10:44:02,412872,5,.0667,,2,.0256,,,,,,,,,,,,,,,,,,,
01/06/2026 10:44:02,428221,2,.0167,,3,.0239,,,,,,,,,,,,,,,,,,,
01/06/2026 10:44:07,425897,5,.4306,,3,.3156,,,,,,,,,,,,,,,,,,,
01/06/2026 10:44:32,412872,0,0,,10,.1256,,,,,,,,,,,,,,,,,,,
01/06/2026 10:44:32,428221,3,.0317,,8,.07,,,,,,,,,,,,,,,,,,,
01/06/2026 10:44:37,425897,4,.1739,,5,.2278,,,,,,,,,,,,,,,,,,,
01/06/2026 10:45:02,412872,7,.105,,6,.0956,,,,,,,,,,,,,,,,,,,
01/06/2026 10:45:02,428221,3,.0256,,5,.0456,,,,,,,,,,,,,,,,,,,
01/06/2026 10:45:07,425897,5,.2589,,4,.105,,,,,,,,,,,,,,,,,,,
01/06/2026 10:45:32,412872,0,0,,10,.1367,,,,,,,,,,,,,,,,,,,
01/06/2026 10:45:32,428221,3,.0406,,1,.01,,,,,,,,,,,,,,,,,,,
01/06/2026 10:45:37,425897,5,.2017,,5,.3,,,,,,,,,,,,,,,,,,,
01/06/2026 10:46:02,412872,5,.0656,,1,.0117,,,,,,,,,,,,,,,,,,,
01/06/2026 10:46:02,428221,4,.0506,,5,.1078,,,,,,,,,,,,,,,,,,,
01/06/2026 10:46:07,425897,5,.195,,4,.1078,,,,,,,,,,,,,,,,,,,
01/06/2026 10:46:32,412872,1,.0128,,8,.1089,,,,,,,,,,,,,,,,,,,
01/06/2026 10:46:32,428221,5,.0378,,6,.0467,,,,,,,,,,,,,,,,,,,
01/06/2026 10:46:37,425897,4,.2167,,5,.25,,,,,,,,,,,,,,,,,,,
01/06/2026 10:47:02,412872,5,.065,,5,.0656,,,,,,,,,,,,,,,,,,,
01/06/2026 10:47:02,428221,5,.0439,,8,.0739,,,,,,,,,,,,,,,,,,,
01/06/2026 10:47:07,425897,4,.1506,,3,.0878,,,,,,,,,,,,,,,,,,,
01/06/2026 10:47:32,412872,1,.0106,,2,.045,,,,,,,,,,,,,,,,,,,
01/06/2026 10:47:32,428221,3,.0278,,10,.1056,,,,,,,,,,,,,,,,,,,
01/06/2026 10:47:37,425897,5,.18,,5,.255,,,,,,,,,,,,,,,,,,,
01/06/2026 10:48:02,412872,5,.0756,,9,.1239,,,,,,,,,,,,,,,,,,,
01/06/2026 10:48:02,428221,6,.0556,,3,.0606,,,,,,,,,,,,,,,,,,,
01/06/2026 10:48:07,425897,6,.2089,,7,.3067,,,,,,,,,,,,,,,,,,,
01/06/2026 10:48:32,412872,4,.0656,,2,.0789,,,,,,,,,,,,,,,,,,,
01/06/2026 10:48:32,428221,3,.0417,,4,.0456,,,,,,,,,,,,,,,,,,,
01/06/2026 10:48:37,425897,5,.2339,,5,.2667,,,,,,,,,,,,,,,,,,,
01/06/2026 10:49:02,412872,3,.0328,,4,.0478,,,,,,,,,,,,,,,,,,,
01/06/2026 10:49:02,428221,7,.07,,5,.0706,,,,,,,,,,,,,,,,,,,
01/06/2026 10:49:07,425897,6,.2317,,6,.3117,,,,,,,,,,,,,,,,,,,
01/06/2026 10:49:32,412872,0,0,,1,.0117,,,,,,,,,,,,,,,,,,,
01/06/2026 10:49:32,428221,3,.0289,,4,.0428,,,,,,,,,,,,,,,,,,,
01/06/2026 10:49:37,425897,4,.2478,,3,.1578,,,,,,,,,,,,,,,,,,,
01/06/2026 10:50:02,412872,10,.2039,,7,.1239,,,,,,,,,,,,,,,,,,,
01/06/2026 10:50:02,428221,3,.045,,10,.1078,,,,,,,,,,,,,,,,,,,
01/06/2026 10:50:07,425897,4,.1706,,4,.1778,,,,,,,,,,,,,,,,,,,
01/06/2026 10:50:32,412872,1,.015,,4,.0506,,,,,,,,,,,,,,,,,,,
01/06/2026 10:50:32,428221,4,.045,,6,.0589,,,,,,,,,,,,,,,,,,,
01/06/2026 10:50:37,425897,5,.2417,,5,.2567,,,,,,,,,,,,,,,,,,,
01/06/2026 10:51:02,412872,2,.0267,,5,.0617,,,,,,,,,,,,,,,,,,,
01/06/2026 10:51:02,428221,2,.0156,,2,.0106,,,,,,,,,,,,,,,,,,,
01/06/2026 10:51:07,425897,4,.1478,,6,.175,,,,,,,,,,,,,,,,,,,
01/06/2026 10:51:32,412872,4,.0728,,9,.1489,,,,,,,,,,,,,,,,,,,
01/06/2026 10:51:32,428221,1,.0106,,6,.0606,,,,,,,,,,,,,,,,,,,
01/06/2026 10:51:37,425897,3,.0717,,0,0,,,,,,,,,,,,,,,,,,,
01/06/2026 10:52:02,412872,6,.1428,,9,.1906,,,,,,,,,,,,,,,,,,,
01/06/2026 10:52:02,428221,5,.0478,,6,.075,,,,,,,,,,,,,,,,,,,
01/06/2026 10:52:07,425897,3,.1339,,3,.0867,,,,,,,,,,,,,,,,,,,
01/06/2026 10:52:32,412872,1,.0128,,7,.0967,,,,,,,,,,,,,,,,,,,
01/06/2026 10:52:32,428221,4,.045,,8,.0767,,,,,,,,,,,,,,,,,,,
01/06/2026 10:52:37,425897,2,.0778,,2,.0817,,,,,,,,,,,,,,,,,,,
01/06/2026 10:53:02,412872,15,.2706,,4,.0539,,,,,,,,,,,,,,,,,,,
01/06/2026 10:53:02,428221,7,.0706,,6,.0567,,,,,,,,,,,,,,,,,,,
01/06/2026 10:53:07,425897,2,.0867,,3,.095,,,,,,,,,,,,,,,,,,,
01/06/2026 10:53:32,412872,1,.0078,,13,.1956,,,,,,,,,,,,,,,,,,,
01/06/2026 10:53:32,428221,1,.005,,3,.0239,,,,,,,,,,,,,,,,,,,
01/06/2026 10:53:37,425897,1,.04,,0,0,,,,,,,,,,,,,,,,,,,
01/06/2026 10:54:02,412872,3,.0356,,0,0,,,,,,,,,,,,,,,,,,,
01/06/2026 10:54:02,428221,3,.0317,,10,.09,,,,,,,,,,,,,,,,,,,
01/06/2026 10:54:07,425897,1,.0278,,1,.0406,,,,,,,,,,,,,,,,,,,
01/06/2026 10:54:32,412872,4,.0706,,7,.09,,,,,,,,,,,,,,,,,,,
01/06/2026 10:54:32,428221,1,.0089,,4,.04,,,,,,,,,,,,,,,,,,,
01/06/2026 10:54:37,425897,5,.2617,,4,.0978,,,,,,,,,,,,,,,,,,,
01/06/2026 10:55:02,412872,3,.0306,,0,0,,,,,,,,,,,,,,,,,,,
01/06/2026 10:55:02,428221,7,.07,,5,.0456,,,,,,,,,,,,,,,,,,,
01/06/2026 10:55:07,425897,3,.09,,3,.08,,,,,,,,,,,,,,,,,,,
01/06/2026 10:55:32,412872,8,.1417,,14,.2667,,,,,,,,,,,,,,,,,,,
01/06/2026 10:55:32,428221,4,.0528,,3,.0339,,,,,,,,,,,,,,,,,,,
01/06/2026 10:55:37,425897,0,0,,0,0,,,,,,,,,,,,,,,,,,,
01/06/2026 10:56:02,412872,1,.0139,,4,.05,,,,,,,,,,,,,,,,,,,
01/06/2026 10:56:02,428221,5,.0656,,9,.0828,,,,,,,,,,,,,,,,,,,
01/06/2026 10:56:07,425897,4,.1406,,2,.1056,,,,,,,,,,,,,,,,,,,
01/06/2026 10:56:32,412872,5,.0667,,3,.0428,,,,,,,,,,,,,,,,,,,
01/06/2026 10:56:32,428221,5,.0417,,6,.0556,,,,,,,,,,,,,,,,,,,
01/06/2026 10:56:37,425897,4,.1728,,3,.17,,,,,,,,,,,,,,,,,,,
01/06/2026 10:57:02,412872,2,.0217,,0,0,,,,,,,,,,,,,,,,,,,
01/06/2026 10:57:02,428221,7,.085,,6,.05,,,,,,,,,,,,,,,,,,,
01/06/2026 10:57:07,425897,4,.1317,,2,.2178,,,,,,,,,,,,,,,,,,,
01/06/2026 10:57:32,412872,4,.05,,11,.1478,,,,,,,,,,,,,,,,,,,
01/06/2026 10:57:32,428221,7,.0667,,4,.0328,,,,,,,,,,,,,,,,,,,
01/06/2026 10:57:37,425897,6,.2206,,6,.2006,,,,,,,,,,,,,,,,,,,
01/06/2026 10:58:02,412872,2,.0239,,3,.0328,,,,,,,,,,,,,,,,,,,
01/06/2026 10:58:02,428221,3,.0267,,0,0,,,,,,,,,,,,,,,,,,,
01/06/2026 10:58:07,425897,6,.2117,,5,.2356,,,,,,,,,,,,,,,,,,,
01/06/2026 10:58:32,412872,8,.1317,,8,.1206,,,,,,,,,,,,,,,,,,,
01/06/2026 10:58:32,428221,4,.0406,,9,.0939,,,,,,,,,,,,,,,,,,,
01/06/2026 10:58:37,425897,3,.0828,,4,.105,,,,,,,,,,,,,,,,,,,
01/06/2026 10:59:02,412872,5,.0606,,0,0,,,,,,,,,,,,,,,,,,,
01/06/2026 10:59:02,428221,4,.0417,,9,.1028,,,,,,,,,,,,,,,,,,,
01/06/2026 10:59:07,425897,5,.1939,,3,.1317,,,,,,,,,,,,,,,,,,,
01/06/2026 10:59:32,412872,1,.0139,,11,.1539,,,,,,,,,,,,,,,,,,,
01/06/2026 10:59:32,428221,5,.0517,,7,.0939,,,,,,,,,,,,,,,,,,,
01/06/2026 10:59:37,425897,4,.1967,,3,.0817,,,,,,,,,,,,,,,,,,,
01/06/2026 11:00:02,412872,4,.0556,,1,.0106,,,,,,,,,,,,,,,,,,,
01/06/2026 11:00:02,428221,2,.0217,,2,.0206,,,,,,,,,,,,,,,,,,,
01/06/2026 11:00:07,425897,5,.215,,6,.2156,,,,,,,,,,,,,,,,,,,
01/06/2026 11:00:32,412872,3,.0456,,12,.205,,,,,,,,,,,,,,,,,,,
01/06/2026 11:00:32,428221,3,.0306,,5,.045,,,,,,,,,,,,,,,,,,,
01/06/2026 11:00:37,425897,5,.2306,,2,.0756,,,,,,,,,,,,,,,,,,,
01/06/2026 11:01:02,412872,0,0,,8,.0956,,,,,,,,,,,,,,,,,,,
01/06/2026 11:01:02,428221,4,.0417,,4,.05,,,,,,,,,,,,,,,,,,,
01/06/2026 11:01:07,425897,1,.0528,,2,.0889,,,,,,,,,,,,,,,,,,,
01/06/2026 11:01:32,412872,10,.1456,,11,.145,,,,,,,,,,,,,,,,,,,
01/06/2026 11:01:32,428221,0,0,,4,.04,,,,,,,,,,,,,,,,,,,
01/06/2026 11:01:37,425897,3,.1339,,3,.0617,,,,,,,,,,,,,,,,,,,
01/06/2026 11:02:02,412872,1,.0139,,5,.0656,,,,,,,,,,,,,,,,,,,
01/06/2026 11:02:02,428221,5,.05,,7,.0678,,,,,,,,,,,,,,,,,,,
01/06/2026 11:02:07,425897,3,.4117,,2,.045,,,,,,,,,,,,,,,,,,,
01/06/2026 11:02:32,412872,0,0,,3,.0378,,,,,,,,,,,,,,,,,,,
01/06/2026 11:02:32,428221,0,0,,2,.0206,,,,,,,,,,,,,,,,,,,
01/06/2026 11:02:37,425897,8,.1889,,8,.1567,,,,,,,,,,,,,,,,,,,
01/06/2026 11:03:02,412872,0,0,,5,.075,,,,,,,,,,,,,,,,,,,
01/06/2026 11:03:02,428221,1,.0106,,5,.05,,,,,,,,,,,,,,,,,,,
01/06/2026 11:03:07,425897,2,.0228,,1,.0117,,,,,,,,,,,,,,,,,,,
01/06/2026 11:03:32,412872,6,.0889,,4,.0467,,,,,,,,,,,,,,,,,,,
01/06/2026 11:03:32,428221,3,.035,,8,.085,,,,,,,,,,,,,,,,,,,
01/06/2026 11:03:37,425897,1,.0078,,0,0,,,,,,,,,,,,,,,,,,,
01/06/2026 11:04:02,412872,5,.0806,,8,.11,,,,,,,,,,,,,,,,,,,
01/06/2026 11:04:02,428221,1,.0106,,7,.0639,,,,,,,,,,,,,,,,,,,
01/06/2026 11:04:07,425897,4,.04,,4,.0467,,,,,,,,,,,,,,,,,,,
01/06/2026 11:04:32,412872,5,.0517,,8,.1028,,,,,,,,,,,,,,,,,,,
01/06/2026 11:04:32,428221,7,.0767,,7,.0856,,,,,,,,,,,,,,,,,,,
01/06/2026 11:04:37,425897,8,.0878,,3,.0439,,,,,,,,,,,,,,,,,,,
01/06/2026 11:05:02,412872,3,.0356,,9,.1139,,,,,,,,,,,,,,,,,,,
01/06/2026 11:05:02,428221,2,.0178,,4,.0367,,,,,,,,,,,,,,,,,,,
01/06/2026 11:05:07,425897,7,.0689,,1,.0128,,,,,,,,,,,,,,,,,,,
01/06/2026 11:05:32,412872,4,.0617,,3,.04,,,,,,,,,,,,,,,,,,,
01/06/2026 11:05:32,428221,8,.0878,,6,.0756,,,,,,,,,,,,,,,,,,,
01/06/2026 11:05:37,425897,0,0,,2,.0356,,,,,,,,,,,,,,,,,,,
01/06/2026 11:06:02,412872,4,.0656,,9,.13,,,,,,,,,,,,,,,,,,,
01/06/2026 11:06:02,428221,6,.065,,6,.0656,,,,,,,,,,,,,,,,,,,
01/06/2026 11:06:07,425897,3,.0278,,2,.0189,,,,,,,,,,,,,,,,,,,
01/06/2026 11:06:32,412872,6,.075,,11,.145,,,,,,,,,,,,,,,,,,,
01/06/2026 11:06:32,428221,8,.0828,,6,.0517,,,,,,,,,,,,,,,,,,,
01/06/2026 11:06:37,425897,4,.0389,,2,.0206,,,,,,,,,,,,,,,,,,,
01/06/2026 11:07:02,412872,4,.0467,,9,.1178,,,,,,,,,,,,,,,,,,,
01/06/2026 11:07:02,428221,1,.0378,,4,.0367,,,,,,,,,,,,,,,,,,,
01/06/2026 11:07:07,425897,9,.0917,,4,.045,,,,,,,,,,,,,,,,,,,
01/06/2026 11:07:32,412872,6,.0717,,4,.055,,,,,,,,,,,,,,,,,,,
01/06/2026 11:07:32,428221,1,.01,,5,.0506,,,,,,,,,,,,,,,,,,,
01/06/2026 11:07:37,425897,6,.0606,,3,.0378,,,,,,,,,,,,,,,,,,,
01/06/2026 11:08:02,412872,3,.0406,,5,.06,,,,,,,,,,,,,,,,,,,
01/06/2026 11:08:02,428221,9,.0878,,4,.0367,,,,,,,,,,,,,,,,,,,
01/06/2026 11:08:07,425897,6,.0689,,1,.01,,,,,,,,,,,,,,,,,,,
01/06/2026 11:08:32,412872,4,.0528,,0,0,,,,,,,,,,,,,,,,,,,
01/06/2026 11:08:32,428221,5,.0467,,7,.0728,,,,,,,,,,,,,,,,,,,
01/06/2026 11:08:37,425897,2,.0178,,5,.0556,,,,,,,,,,,,,,,,,,,
01/06/2026 11:09:02,412872,1,.0078,,8,.11,,,,,,,,,,,,,,,,,,,
01/06/2026 11:09:02,428221,5,.055,,3,.03,,,,,,,,,,,,,,,,,,,
01/06/2026 11:09:07,425897,3,.0256,,1,.0117,,,,,,,,,,,,,,,,,,,
01/06/2026 11:09:32,412872,5,.0656,,4,.0506,,,,,,,,,,,,,,,,,,,
01/06/2026 11:09:32,428221,1,.0106,,0,0,,,,,,,,,,,,,,,,,,,
01/06/2026 11:09:37,425897,9,.0789,,3,.025,,,,,,,,,,,,,,,,,,,
01/06/2026 11:10:02,412872,0,0,,7,.125,,,,,,,,,,,,,,,,,,,
01/06/2026 11:10:02,428221,2,.015,,4,.0328,,,,,,,,,,,,,,,,,,,
01/06/2026 11:10:07,425897,5,.0489,,2,.0239,,,,,,,,,,,,,,,,,,,
01/06/2026 11:10:32,412872,10,.1267,,3,.0439,,,,,,,,,,,,,,,,,,,
01/06/2026 11:10:32,428221,1,.0067,,4,.03,,,,,,,,,,,,,,,,,,,
01/06/2026 11:10:37,425897,6,.0617,,2,.025,,,,,,,,,,,,,,,,,,,
01/06/2026 11:11:02,412872,0,0,,5,.0717,,,,,,,,,,,,,,,,,,,
01/06/2026 11:11:02,428221,1,.0089,,9,.0839,,,,,,,,,,,,,,,,,,,
01/06/2026 11:11:07,425897,1,.0106,,1,.0106,,,,,,,,,,,,,,,,,,,
01/06/2026 11:11:32,412872,8,.1167,,1,.0178,,,,,,,,,,,,,,,,,,,
01/06/2026 11:11:32,428221,9,.0989,,7,.1139,,,,,,,,,,,,,,,,,,,
01/06/2026 11:11:37,425897,1,.0067,,0,0,,,,,,,,,,,,,,,,,,,
01/06/2026 11:12:02,412872,1,.0067,,9,.1039,,,,,,,,,,,,,,,,,,,
01/06/2026 11:12:02,428221,2,.0189,,0,0,,,,,,,,,,,,,,,,,,,
01/06/2026 11:12:07,425897,13,.1289,,2,.0228,,,,,,,,,,,,,,,,,,,
01/06/2026 11:12:32,412872,9,.1789,,6,.1017,,,,,,,,,,,,,,,,,,,
01/06/2026 11:12:32,428221,6,.0689,,6,.0617,,,,,,,,,,,,,,,,,,,
01/06/2026 11:12:37,425897,5,.0556,,3,.0367,,,,,,,,,,,,,,,,,,,
01/06/2026 11:13:02,412872,0,0,,7,.1178,,,,,,,,,,,,,,,,,,,
01/06/2026 11:13:02,428221,6,.0628,,5,.0528,,,,,,,,,,,,,,,,,,,
01/06/2026 11:13:07,425897,6,.0656,,3,.0289,,,,,,,,,,,,,,,,,,,
01/06/2026 11:13:32,412872,5,.0517,,1,.0117,,,,,,,,,,,,,,,,,,,
01/06/2026 11:13:32,428221,5,.05,,6,.0556,,,,,,,,,,,,,,,,,,,
01/06/2026 11:13:37,425897,1,.01,,0,0,,,,,,,,,,,,,,,,,,,
01/06/2026 11:14:02,412872,0,0,,8,.1006,,,,,,,,,,,,,,,,,,,
01/06/2026 11:14:02,428221,1,.0117,,4,.035,,,,,,,,,,,,,,,,,,,
01/06/2026 11:14:07,425897,1,.0106,,3,.0428,,,,,,,,,,,,,,,,,,,
01/06/2026 11:14:32,412872,7,.1017,,7,.0889,,,,,,,,,,,,,,,,,,,
01/06/2026 11:14:32,428221,9,.0839,,6,.0606,,,,,,,,,,,,,,,,,,,
01/06/2026 11:14:37,425897,11,.1239,,1,.0117,,,,,,,,,,,,,,,,,,,
01/06/2026 11:15:02,412872,0,0,,7,.115,,,,,,,,,,,,,,,,,,,
01/06/2026 11:15:02,428221,5,.0539,,5,.0489,,,,,,,,,,,,,,,,,,,
01/06/2026 11:15:07,425897,10,.115,,2,.0267,,,,,,,,,,,,,,,,,,,
01/06/2026 11:15:32,412872,7,.1,,3,.0428,,,,,,,,,,,,,,,,,,,
01/06/2026 11:15:32,428221,6,.0628,,10,.0906,,,,,,,,,,,,,,,,,,,
01/06/2026 11:15:37,425897,5,.0528,,5,.06,,,,,,,,,,,,,,,,,,,
01/06/2026 11:16:02,412872,2,.0339,,14,.2306,,,,,,,,,,,,,,,,,,,
01/06/2026 11:16:02,428221,6,.0606,,7,.0678,,,,,,,,,,,,,,,,,,,
01/06/2026 11:16:07,425897,2,.02,,0,0,,,,,,,,,,,,,,,,,,,
01/06/2026 11:16:32,412872,5,.0678,,3,.035,,,,,,,,,,,,,,,,,,,
01/06/2026 11:16:32,428221,0,0,,3,.0256,,,,,,,,,,,,,,,,,,,
01/06/2026 11:16:37,425897,6,.0589,,2,.035,,,,,,,,,,,,,,,,,,,
01/06/2026 11:17:02,412872,0,0,,10,.1378,,,,,,,,,,,,,,,,,,,
01/06/2026 11:17:02,428221,2,.0178,,5,.0428,,,,,,,,,,,,,,,,,,,
01/06/2026 11:17:07,425897,11,.1178,,3,.0328,,,,,,,,,,,,,,,,,,,
01/06/2026 11:17:32,412872,4,.0506,,6,.0828,,,,,,,,,,,,,,,,,,,
01/06/2026 11:17:32,428221,1,.01,,8,.0928,,,,,,,,,,,,,,,,,,,
01/06/2026 11:17:37,425897,10,.1117,,2,.025,,,,,,,,,,,,,,,,,,,
01/06/2026 11:18:02,412872,3,.0317,,13,.22,,,,,,,,,,,,,,,,,,,
01/06/2026 11:18:02,428221,6,.055,,9,.0806,,,,,,,,,,,,,,,,,,,
01/06/2026 11:18:07,425897,4,.0417,,5,.0717,,,,,,,,,,,,,,,,,,,
01/06/2026 11:18:32,412872,0,0,,6,.075,,,,,,,,,,,,,,,,,,,
01/06/2026 11:18:32,428221,2,.0128,,3,.0228,,,,,,,,,,,,,,,,,,,
01/06/2026 11:18:37,425897,3,.0306,,0,0,,,,,,,,,,,,,,,,,,,
01/06/2026 11:19:02,412872,4,.0567,,4,.0556,,,,,,,,,,,,,,,,,,,
01/06/2026 11:19:02,428221,0,0,,2,.02,,,,,,,,,,,,,,,,,,,
01/06/2026 11:19:07,425897,1,.0106,,2,.0217,,,,,,,,,,,,,,,,,,,
01/06/2026 11:19:32,412872,5,.0717,,8,.1117,,,,,,,,,,,,,,,,,,,
01/06/2026 11:19:32,428221,1,.0106,,6,.0667,,,,,,,,,,,,,,,,,,,
01/06/2026 11:19:37,425897,7,.0789,,4,.0428,,,,,,,,,,,,,,,,,,,
01/06/2026 11:20:02,412872,1,.0189,,9,.145,,,,,,,,,,,,,,,,,,,
01/06/2026 11:20:02,428221,11,.1328,,12,.1239,,,,,,,,,,,,,,,,,,,
01/06/2026 11:20:07,425897,9,.1017,,1,.0106,,,,,,,,,,,,,,,,,,,
01/06/2026 11:20:32,412872,4,.0506,,5,.0678,,,,,,,,,,,,,,,,,,,
01/06/2026 11:20:32,428221,8,.08,,7,.0767,,,,,,,,,,,,,,,,,,,
01/06/2026 11:20:37,425897,2,.0206,,1,.0106,,,,,,,,,,,,,,,,,,,
01/06/2026 11:21:02,412872,5,.0578,,6,.0789,,,,,,,,,,,,,,,,,,,
01/06/2026 11:21:02,428221,8,.09,,7,.0756,,,,,,,,,,,,,,,,,,,
01/06/2026 11:21:07,425897,4,.0378,,4,.0467,,,,,,,,,,,,,,,,,,,
01/06/2026 11:21:32,412872,4,.0567,,8,.1078,,,,,,,,,,,,,,,,,,,
01/06/2026 11:21:32,428221,6,.0567,,4,.03,,,,,,,,,,,,,,,,,,,
01/06/2026 11:21:37,425897,5,.05,,3,.0206,,,,,,,,,,,,,,,,,,,
01/06/2026 11:22:02,412872,6,.0867,,4,.045,,,,,,,,,,,,,,,,,,,
01/06/2026 11:22:02,428221,1,.01,,10,.1006,,,,,,,,,,,,,,,,,,,
01/06/2026 11:22:07,425897,11,.1117,,2,.0228,,,,,,,,,,,,,,,,,,,
01/06/2026 11:22:32,412872,1,.0156,,4,.0556,,,,,,,,,,,,,,,,,,,
01/06/2026 11:22:32,428221,3,.0339,,10,.0967,,,,,,,,,,,,,,,,,,,
01/06/2026 11:22:37,425897,9,.1039,,1,.015,,,,,,,,,,,,,,,,,,,
01/06/2026 11:23:02,412872,5,.0639,,2,.0289,,,,,,,,,,,,,,,,,,,
01/06/2026 11:23:02,428221,10,.105,,9,.1006,,,,,,,,,,,,,,,,,,,
01/06/2026 11:23:07,425897,7,.0756,,7,.0878,,,,,,,,,,,,,,,,,,,
01/06/2026 11:23:32,412872,1,.0106,,11,.1606,,,,,,,,,,,,,,,,,,,
01/06/2026 11:23:32,428221,0,0,,1,.0106,,,,,,,,,,,,,,,,,,,
01/06/2026 11:23:37,425897,7,.0778,,1,.0089,,,,,,,,,,,,,,,,,,,
01/06/2026 11:24:02,412872,5,.0628,,2,.0278,,,,,,,,,,,,,,,,,,,
01/06/2026 11:24:02,428221,1,.0089,,8,.0928,,,,,,,,,,,,,,,,,,,
01/06/2026 11:24:07,425897,7,.0689,,3,.0356,,,,,,,,,,,,,,,,,,,
01/06/2026 11:24:32,412872,2,.0228,,6,.1017,,,,,,,,,,,,,,,,,,,
01/06/2026 11:24:32,428221,5,.0517,,8,.0867,,,,,,,,,,,,,,,,,,,
01/06/2026 11:24:37,425897,4,.0539,,1,.0128,,,,,,,,,,,,,,,,,,,
01/06/2026 11:25:02,412872,9,.1278,,4,.0578,,,,,,,,,,,,,,,,,,,
01/06/2026 11:25:02,428221,2,.0206,,3,.0306,,,,,,,,,,,,,,,,,,,
01/06/2026 11:25:07,425897,11,.1017,,2,.0078,,,,,,,,,,,,,,,,,,,
01/06/2026 11:25:32,412872,1,.0128,,9,.1128,,,,,,,,,,,,,,,,,,,
01/06/2026 11:25:32,428221,9,.1006,,6,.0667,,,,,,,,,,,,,,,,,,,
01/06/2026 11:25:37,425897,2,.02,,1,.0117,,,,,,,,,,,,,,,,,,,
01/06/2026 11:26:02,412872,7,.0939,,5,.0728,,,,,,,,,,,,,,,,,,,
01/06/2026 11:26:02,428221,3,.0289,,1,.0089,,,,,,,,,,,,,,,,,,,
01/06/2026 11:26:07,425897,2,.0189,,1,.0206,,,,,,,,,,,,,,,,,,,
01/06/2026 11:26:32,412872,0,0,,9,.13,,,,,,,,,,,,,,,,,,,
01/06/2026 11:26:32,428221,7,.065,,5,.0439,,,,,,,,,,,,,,,,,,,
01/06/2026 11:26:37,425897,3,.025,,1,.0128,,,,,,,,,,,,,,,,,,,
01/06/2026 11:27:02,412872,6,.0756,,2,.0256,,,,,,,,,,,,,,,,,,,
01/06/2026 11:27:02,428221,4,.03,,6,.05,,,,,,,,,,,,,,,,,,,
01/06/2026 11:27:07,425897,10,.1017,,7,.0756,,,,,,,,,,,,,,,,,,,
01/06/2026 11:27:32,412872,2,.02,,10,.1167,,,,,,,,,,,,,,,,,,,
01/06/2026 11:27:32,428221,4,.0367,,4,.0328,,,,,,,,,,,,,,,,,,,
01/06/2026 11:27:37,425897,8,.0828,,3,.0339,,,,,,,,,,,,,,,,,,,
01/06/2026 11:28:02,412872,6,.0739,,0,.0106,,,,,,,,,,,,,,,,,,,
01/06/2026 11:28:02,428221,6,.0678,,6,.0578,,,,,,,,,,,,,,,,,,,
01/06/2026 11:28:07,425897,5,.0539,,2,.0278,,,,,,,,,,,,,,,,,,,
01/06/2026 11:28:32,412872,1,.0056,,11,.145,,,,,,,,,,,,,,,,,,,
01/06/2026 11:28:32,428221,1,.0089,,3,.0306,,,,,,,,,,,,,,,,,,,
01/06/2026 11:28:37,425897,1,.01,,2,.0178,,,,,,,,,,,,,,,,,,,
01/06/2026 11:29:02,412872,4,.0506,,1,.0156,,,,,,,,,,,,,,,,,,,
01/06/2026 11:29:02,428221,8,.0906,,6,.0606,,,,,,,,,,,,,,,,,,,
01/06/2026 11:29:07,425897,5,.0428,,0,0,,,,,,,,,,,,,,,,,,,
01/06/2026 11:29:32,412872,1,.015,,15,.2178,,,,,,,,,,,,,,,,,,,
01/06/2026 11:29:32,428221,5,.0478,,6,.0617,,,,,,,,,,,,,,,,,,,
01/06/2026 11:29:37,425897,10,.1089,,4,.0306,,,,,,,,,,,,,,,,,,,
01/06/2026 11:30:02,412872,5,.07,,4,.06,,,,,,,,,,,,,,,,,,,
01/06/2026 11:30:02,428221,5,.0506,,5,.0506,,,,,,,,,,,,,,,,,,,
01/06/2026 11:30:07,425897,5,.06,,6,.0639,,,,,,,,,,,,,,,,,,,
01/06/2026 11:30:32,412872,1,.0178,,6,.0728,,,,,,,,,,,,,,,,,,,
01/06/2026 11:30:32,428221,3,.0356,,2,.0528,,,,,,,,,,,,,,,,,,,
01/06/2026 11:30:37,425897,3,.04,,2,.0239,,,,,,,,,,,,,,,,,,,
01/06/2026 11:31:02,412872,8,.105,,2,.025,,,,,,,,,,,,,,,,,,,
01/06/2026 11:31:02,428221,3,.0289,,9,.0839,,,,,,,,,,,,,,,,,,,
01/06/2026 11:31:07,425897,1,.0078,,1,.0128,,,,,,,,,,,,,,,,,,,
01/06/2026 11:31:32,412872,0,0,,6,.0728,,,,,,,,,,,,,,,,,,,
01/06/2026 11:31:32,428221,5,.0489,,10,.085,,,,,,,,,,,,,,,,,,,
01/06/2026 11:31:37,425897,1,.0089,,2,.0228,,,,,,,,,,,,,,,,,,,
01/06/2026 11:32:02,412872,9,.14,,5,.0528,,,,,,,,,,,,,,,,,,,
01/06/2026 11:32:02,428221,2,.0189,,4,.0339,,,,,,,,,,,,,,,,,,,
01/06/2026 11:32:07,425897,6,.0739,,3,.0256,,,,,,,,,,,,,,,,,,,
01/06/2026 11:32:32,412872,2,.0317,,12,.1839,,,,,,,,,,,,,,,,,,,
01/06/2026 11:32:32,428221,4,.0439,,3,.03,,,,,,,,,,,,,,,,,,,
01/06/2026 11:32:37,425897,13,.1378,,3,.0339,,,,,,,,,,,,,,,,,,,
01/06/2026 11:33:02,412872,3,.0467,,8,.1128,,,,,,,,,,,,,,,,,,,
01/06/2026 11:33:02,428221,1,.0089,,0,0,,,,,,,,,,,,,,,,,,,
01/06/2026 11:33:07,425897,10,.1128,,0,0,,,,,,,,,,,,,,,,,,,
01/06/2026 11:33:32,412872,4,.0428,,8,.1289,,,,,,,,,,,,,,,,,,,
01/06/2026 11:33:32,428221,6,.0717,,8,.0789,,,,,,,,,,,,,,,,,,,
01/06/2026 11:33:37,425897,1,.0089,,2,.0239,,,,,,,,,,,,,,,,,,,
01/06/2026 11:34:02,412872,10,.1828,,5,.0867,,,,,,,,,,,,,,,,,,,
01/06/2026 11:34:02,428221,2,.0206,,10,.0928,,,,,,,,,,,,,,,,,,,
01/06/2026 11:34:07,425897,4,.0378,,2,.0256,,,,,,,,,,,,,,,,,,,
01/06/2026 11:34:32,412872,3,.0417,,2,.0267,,,,,,,,,,,,,,,,,,,
01/06/2026 11:34:32,428221,2,.02,,4,.0406,,,,,,,,,,,,,,,,,,,
01/06/2026 11:34:37,425897,8,.0756,,4,.0539,,,,,,,,,,,,,,,,,,,
01/06/2026 11:35:02,412872,1,.0139,,5,.0728,,,,,,,,,,,,,,,,,,,
01/06/2026 11:35:02,428221,0,0,,0,0,,,,,,,,,,,,,,,,,,,
01/06/2026 11:35:07,425897,6,.0717,,3,.0267,,,,,,,,,,,,,,,,,,,
01/06/2026 11:35:32,412872,5,.06,,3,.0367,,,,,,,,,,,,,,,,,,,
01/06/2026 11:35:32,428221,7,.0728,,5,.0456,,,,,,,,,,,,,,,,,,,
01/06/2026 11:35:37,425897,0,0,,1,.0117,,,,,,,,,,,,,,,,,,,
01/06/2026 11:36:02,412872,2,.0267,,8,.1278,,,,,,,,,,,,,,,,,,,
01/06/2026 11:36:02,428221,5,.0639,,9,.1006,,,,,,,,,,,,,,,,,,,
01/06/2026 11:36:07,425897,4,.0539,,2,.015,,,,,,,,,,,,,,,,,,,
01/06/2026 11:36:32,412872,6,.0739,,7,.1289,,,,,,,,,,,,,,,,,,,
01/06/2026 11:36:32,428221,1,.005,,10,.0906,,,,,,,,,,,,,,,,,,,
01/06/2026 11:36:37,425897,6,.0606,,4,.0367,,,,,,,,,,,,,,,,,,,
01/06/2026 11:37:02,412872,3,.045,,10,.1289,,,,,,,,,,,,,,,,,,,
01/06/2026 11:37:02,428221,1,.01,,3,.03,,,,,,,,,,,,,,,,,,,
01/06/2026 11:37:07,425897,11,.12,,2,.02,,,,,,,,,,,,,,,,,,,
01/06/2026 11:37:32,412872,10,.1317,,9,.1189,,,,,,,,,,,,,,,,,,,
01/06/2026 11:37:32,428221,1,.01,,1,.0078,,,,,,,,,,,,,,,,,,,
01/06/2026 11:37:37,425897,11,.1239,,2,.0328,,,,,,,,,,,,,,,,,,,
01/06/2026 11:38:02,412872,2,.0256,,12,.1956,,,,,,,,,,,,,,,,,,,
01/06/2026 11:38:02,428221,4,.0378,,6,.06,,,,,,,,,,,,,,,,,,,
01/06/2026 11:38:07,425897,3,.03,,4,.05,,,,,,,,,,,,,,,,,,,
01/06/2026 11:38:32,412872,6,.08,,4,.055,,,,,,,,,,,,,,,,,,,
01/06/2026 11:38:32,428221,4,.04,,7,.0667,,,,,,,,,,,,,,,,,,,
01/06/2026 11:38:37,425897,2,.0178,,4,.0517,,,,,,,,,,,,,,,,,,,
01/06/2026 11:39:02,412872,2,.0278,,10,.1456,,,,,,,,,,,,,,,,,,,
01/06/2026 11:39:02,428221,6,.0639,,8,.075,,,,,,,,,,,,,,,,,,,
01/06/2026 11:39:07,425897,6,.065,,4,.0367,,,,,,,,,,,,,,,,,,,
01/06/2026 11:39:32,412872,4,.0556,,7,.165,,,,,,,,,,,,,,,,,,,
01/06/2026 11:39:32,428221,8,.1017,,7,.0906,,,,,,,,,,,,,,,,,,,
01/06/2026 11:39:37,425897,11,.1056,,1,.0128,,,,,,,,,,,,,,,,,,,
01/06/2026 11:40:02,412872,2,.0217,,4,.0528,,,,,,,,,,,,,,,,,,,
01/06/2026 11:40:02,428221,2,.0206,,7,.0689,,,,,,,,,,,,,,,,,,,
01/06/2026 11:40:07,425897,6,.0589,,9,.0978,,,,,,,,,,,,,,,,,,,
01/06/2026 11:40:32,412872,7,.0856,,3,.0406,,,,,,,,,,,,,,,,,,,
01/06/2026 11:40:32,428221,7,.07,,8,.0817,,,,,,,,,,,,,,,,,,,
01/06/2026 11:40:37,425897,5,.0506,,0,0,,,,,,,,,,,,,,,,,,,
01/06/2026 11:41:02,412872,1,.01,,9,.1067,,,,,,,,,,,,,,,,,,,
01/06/2026 11:41:02,428221,4,.0367,,8,.0939,,,,,,,,,,,,,,,,,,,
01/06/2026 11:41:07,425897,0,0,,1,.01,,,,,,,,,,,,,,,,,,,
01/06/2026 11:41:32,412872,6,.0667,,4,.0506,,,,,,,,,,,,,,,,,,,
01/06/2026 11:41:32,428221,5,.05,,10,.0928,,,,,,,,,,,,,,,,,,,
01/06/2026 11:41:37,425897,2,.0289,,4,.0589,,,,,,,,,,,,,,,,,,,
01/06/2026 11:42:02,412872,1,.0089,,11,.1567,,,,,,,,,,,,,,,,,,,
01/06/2026 11:42:02,428221,6,.07,,5,.0528,,,,,,,,,,,,,,,,,,,
01/06/2026 11:42:07,425897,7,.0878,,4,.0339,,,,,,,,,,,,,,,,,,,
01/06/2026 11:42:32,412872,11,.1728,,6,.0856,,,,,,,,,,,,,,,,,,,
01/06/2026 11:42:32,428221,2,.015,,5,.0389,,,,,,,,,,,,,,,,,,,
01/06/2026 11:42:37,425897,13,.135,,6,.0556,,,,,,,,,,,,,,,,,,,
01/06/2026 11:43:02,412872,2,.0128,,6,.0806,,,,,,,,,,,,,,,,,,,
01/06/2026 11:43:02,428221,8,.0817,,7,.065,,,,,,,,,,,,,,,,,,,
01/06/2026 11:43:07,425897,9,.1239,,4,.05,,,,,,,,,,,,,,,,,,,
01/06/2026 11:43:32,412872,8,.115,,4,.0467,,,,,,,,,,,,,,,,,,,
01/06/2026 11:43:32,428221,2,.0217,,10,.1,,,,,,,,,,,,,,,,,,,
01/06/2026 11:43:37,425897,2,.0167,,1,.0117,,,,,,,,,,,,,,,,,,,
01/06/2026 11:44:02,412872,0,0,,8,.12,,,,,,,,,,,,,,,,,,,
01/06/2026 11:44:02,428221,6,.0589,,7,.0617,,,,,,,,,,,,,,,,,,,
01/06/2026 11:44:07,425897,6,.0856,,4,.05,,,,,,,,,,,,,,,,,,,
01/06/2026 11:44:32,412872,7,.0839,,5,.0539,,,,,,,,,,,,,,,,,,,
01/06/2026 11:44:32,428221,0,0,,5,.0439,,,,,,,,,,,,,,,,,,,
01/06/2026 11:44:37,425897,11,.1406,,1,.005,,,,,,,,,,,,,,,,,,,
01/06/2026 11:45:02,412872,1,.0117,,9,.1217,,,,,,,,,,,,,,,,,,,
01/06/2026 11:45:02,428221,8,.0767,,6,.0567,,,,,,,,,,,,,,,,,,,
01/06/2026 11:45:07,425897,8,.085,,3,.0289,,,,,,,,,,,,,,,,,,,
01/06/2026 11:45:32,412872,3,.0289,,11,.1828,,,,,,,,,,,,,,,,,,,
01/06/2026 11:45:32,428221,1,.0139,,9,.0828,,,,,,,,,,,,,,,,,,,
01/06/2026 11:45:37,425897,6,.0639,,2,.0217,,,,,,,,,,,,,,,,,,,
01/06/2026 11:46:02,412872,2,.0289,,5,.0828,,,,,,,,,,,,,,,,,,,
01/06/2026 11:46:02,428221,2,.015,,10,.0928,,,,,,,,,,,,,,,,,,,
01/06/2026 11:46:07,425897,5,.0439,,1,.0128,,,,,,,,,,,,,,,,,,,
01/06/2026 11:46:32,412872,3,.0456,,5,.0667,,,,,,,,,,,,,,,,,,,
01/06/2026 11:46:32,428221,5,.0528,,7,.0656,,,,,,,,,,,,,,,,,,,
01/06/2026 11:46:37,425897,3,.0317,,2,.0239,,,,,,,,,,,,,,,,,,,
01/06/2026 11:47:02,412872,3,.0267,,13,.1889,,,,,,,,,,,,,,,,,,,
01/06/2026 11:47:02,428221,1,.0106,,4,.0378,,,,,,,,,,,,,,,,,,,
01/06/2026 11:47:07,425897,6,.06,,3,.0256,,,,,,,,,,,,,,,,,,,
01/06/2026 11:47:32,412872,7,.1039,,3,.0428,,,,,,,,,,,,,,,,,,,
01/06/2026 11:47:32,428221,1,.0078,,6,.0606,,,,,,,,,,,,,,,,,,,
01/06/2026 11:47:37,425897,9,.095,,3,.0378,,,,,,,,,,,,,,,,,,,
01/06/2026 11:48:02,412872,2,.0189,,6,.0706,,,,,,,,,,,,,,,,,,,
01/06/2026 11:48:02,428221,3,.0289,,9,.0889,,,,,,,,,,,,,,,,,,,
01/06/2026 11:48:07,425897,4,.0428,,2,.0156,,,,,,,,,,,,,,,,,,,
01/06/2026 11:48:32,412872,3,.0389,,3,.0378,,,,,,,,,,,,,,,,,,,
01/06/2026 11:48:32,428221,4,.0356,,5,.0406,,,,,,,,,,,,,,,,,,,
01/06/2026 11:48:37,425897,0,0,,0,0,,,,,,,,,,,,,,,,,,,
01/06/2026 11:49:02,412872,4,.0517,,3,.0317,,,,,,,,,,,,,,,,,,,
01/06/2026 11:49:02,428221,7,.08,,6,.0667,,,,,,,,,,,,,,,,,,,
01/06/2026 11:49:07,425897,2,.0206,,5,.06,,,,,,,,,,,,,,,,,,,
01/06/2026 11:49:32,412872,5,.0706,,13,.1928,,,,,,,,,,,,,,,,,,,
01/06/2026 11:49:32,428221,9,.0956,,6,.0578,,,,,,,,,,,,,,,,,,,
01/06/2026 11:49:37,425897,6,.0639,,3,.0306,,,,,,,,,,,,,,,,,,,
01/06/2026 11:50:02,412872,6,.0728,,6,.08,,,,,,,,,,,,,,,,,,,
01/06/2026 11:50:02,428221,5,.0489,,5,.0528,,,,,,,,,,,,,,,,,,,
01/06/2026 11:50:07,425897,13,.1378,,4,.0556,,,,,,,,,,,,,,,,,,,
01/06/2026 11:50:32,412872,0,0,,9,.145,,,,,,,,,,,,,,,,,,,
01/06/2026 11:50:32,428221,5,.0556,,9,.1006,,,,,,,,,,,,,,,,,,,
01/06/2026 11:50:37,425897,11,.1456,,1,.0178,,,,,,,,,,,,,,,,,,,
01/06/2026 11:51:02,412872,6,.0989,,14,.2539,,,,,,,,,,,,,,,,,,,
01/06/2026 11:51:02,428221,6,.06,,7,.0739,,,,,,,,,,,,,,,,,,,
01/06/2026 11:51:07,425897,2,.0156,,1,.0178,,,,,,,,,,,,,,,,,,,
01/06/2026 11:51:32,412872,4,.085,,10,.155,,,,,,,,,,,,,,,,,,,
01/06/2026 11:51:32,428221,0,0,,1,.01,,,,,,,,,,,,,,,,,,,
01/06/2026 11:51:37,425897,3,.025,,3,.0289,,,,,,,,,,,,,,,,,,,
01/06/2026 11:52:02,412872,9,.1278,,5,.0728,,,,,,,,,,,,,,,,,,,
01/06/2026 11:52:02,428221,1,.0089,,1,.0089,,,,,,,,,,,,,,,,,,,
01/06/2026 11:52:07,425897,9,.0839,,5,.0489,,,,,,,,,,,,,,,,,,,
01/06/2026 11:52:32,412872,1,.015,,11,.1639,,,,,,,,,,,,,,,,,,,
01/06/2026 11:52:32,428221,1,.0056,,4,.0439,,,,,,,,,,,,,,,,,,,
01/06/2026 11:52:37,425897,9,.1178,,2,.0256,,,,,,,,,,,,,,,,,,,
01/06/2026 11:53:02,412872,9,.1089,,4,.0478,,,,,,,,,,,,,,,,,,,
01/06/2026 11:53:02,428221,3,.0278,,10,.1,,,,,,,,,,,,,,,,,,,
01/06/2026 11:53:07,425897,7,.0778,,2,.0206,,,,,,,,,,,,,,,,,,,
01/06/2026 11:53:32,412872,2,.0189,,11,.1506,,,,,,,,,,,,,,,,,,,
01/06/2026 11:53:32,428221,0,0,,1,.0078,,,,,,,,,,,,,,,,,,,
01/06/2026 11:53:37,425897,0,0,,1,.0139,,,,,,,,,,,,,,,,,,,
01/06/2026 11:54:02,412872,7,.0906,,5,.0606,,,,,,,,,,,,,,,,,,,
01/06/2026 11:54:02,428221,2,.0178,,1,.0067,,,,,,,,,,,,,,,,,,,
01/06/2026 11:54:07,425897,4,.0356,,7,.0756,,,,,,,,,,,,,,,,,,,
01/06/2026 11:54:32,412872,2,.015,,11,.1867,,,,,,,,,,,,,,,,,,,
01/06/2026 11:54:32,428221,10,.1078,,11,.1017,,,,,,,,,,,,,,,,,,,
01/06/2026 11:54:37,425897,12,.1239,,3,.0339,,,,,,,,,,,,,,,,,,,
01/06/2026 11:55:02,412872,5,.0667,,4,.065,,,,,,,,,,,,,,,,,,,
01/06/2026 11:55:02,428221,9,.1078,,8,.0778,,,,,,,,,,,,,,,,,,,
01/06/2026 11:55:07,425897,7,.0728,,1,.015,,,,,,,,,,,,,,,,,,,
01/06/2026 11:55:32,412872,1,.0039,,13,.1906,,,,,,,,,,,,,,,,,,,
01/06/2026 11:55:32,428221,7,.0689,,8,.075,,,,,,,,,,,,,,,,,,,
01/06/2026 11:55:37,425897,0,0,,0,0,,,,,,,,,,,,,,,,,,,
01/06/2026 11:56:02,412872,8,.0889,,3,.035,,,,,,,,,,,,,,,,,,,
01/06/2026 11:56:02,428221,8,.1006,,3,.0339,,,,,,,,,,,,,,,,,,,
01/06/2026 11:56:07,425897,5,.0439,,1,.015,,,,,,,,,,,,,,,,,,,
01/06/2026 11:56:32,412872,1,.0128,,10,.1267,,,,,,,,,,,,,,,,,,,
01/06/2026 11:56:32,428221,2,.0189,,8,.08,,,,,,,,,,,,,,,,,,,
01/06/2026 11:56:37,425897,2,.0156,,1,.0067,,,,,,,,,,,,,,,,,,,
01/06/2026 11:57:02,412872,10,.14,,2,.0256,,,,,,,,,,,,,,,,,,,
01/06/2026 11:57:02,428221,7,.0689,,8,.0678,,,,,,,,,,,,,,,,,,,
01/06/2026 11:57:07,425897,7,.0639,,3,.035,,,,,,,,,,,,,,,,,,,
01/06/2026 11:57:32,412872,1,.0078,,10,.1267,,,,,,,,,,,,,,,,,,,
01/06/2026 11:57:32,428221,5,.0528,,9,.0817,,,,,,,,,,,,,,,,,,,
01/06/2026 11:57:37,425897,3,.03,,2,.0239,,,,,,,,,,,,,,,,,,,
01/06/2026 11:58:02,412872,2,.0278,,3,.0367,,,,,,,,,,,,,,,,,,,
01/06/2026 11:58:02,428221,8,.0817,,6,.065,,,,,,,,,,,,,,,,,,,
01/06/2026 11:58:07,425897,5,.0506,,4,.0406,,,,,,,,,,,,,,,,,,,
01/06/2026 11:58:32,412872,2,.0239,,8,.1,,,,,,,,,,,,,,,,,,,
01/06/2026 11:58:32,428221,0,0,,0,0,,,,,,,,,,,,,,,,,,,
01/06/2026 11:58:37,425897,0,0,,1,.0128,,,,,,,,,,,,,,,,,,,
01/06/2026 11:59:02,412872,3,.0367,,4,.0528,,,,,,,,,,,,,,,,,,,
01/06/2026 11:59:02,428221,0,0,,2,.065,,,,,,,,,,,,,,,,,,,
01/06/2026 11:59:07,425897,4,.0428,,4,.0456,,,,,,,,,,,,,,,,,,,
01/06/2026 11:59:32,412872,2,.0206,,6,.08,,,,,,,,,,,,,,,,,,,
01/06/2026 11:59:32,428221,9,.1378,,11,.1339,,,,,,,,,,,,,,,,,,,
01/06/2026 11:59:37,425897,6,.0639,,5,.0606,,,,,,,,,,,,,,,,,,,
01/06/2026 12:00:02,412872,10,.1828,,4,.0728,,,,,,,,,,,,,,,,,,,
01/06/2026 12:00:02,428221,4,.0267,,11,.1128,,,,,,,,,,,,,,,,,,,
01/06/2026 12:00:07,425897,7,.0717,,2,.0217,,,,,,,,,,,,,,,,,,,
01/06/2026 12:00:32,412872,4,.05,,12,.165,,,,,,,,,,,,,,,,,,,
01/06/2026 12:00:32,428221,6,.0628,,3,.0317,,,,,,,,,,,,,,,,,,,
01/06/2026 12:00:37,425897,6,.0656,,1,.0128,,,,,,,,,,,,,,,,,,,
01/06/2026 12:01:02,412872,7,.0928,,6,.0789,,,,,,,,,,,,,,,,,,,
01/06/2026 12:01:02,428221,3,.0256,,1,.0078,,,,,,,,,,,,,,,,,,,
01/06/2026 12:01:07,425897,1,.0078,,3,.0356,,,,,,,,,,,,,,,,,,,
01/06/2026 12:01:32,412872,2,.0189,,4,.0478,,,,,,,,,,,,,,,,,,,
01/06/2026 12:01:32,428221,7,.0728,,8,.075,,,,,,,,,,,,,,,,,,,
01/06/2026 12:01:37,425897,8,.0839,,4,.0417,,,,,,,,,,,,,,,,,,,
01/06/2026 12:02:02,412872,7,.1078,,4,.0567,,,,,,,,,,,,,,,,,,,
01/06/2026 12:02:02,428221,4,.0389,,9,.0817,,,,,,,,,,,,,,,,,,,
01/06/2026 12:02:07,425897,7,.0656,,2,.0206,,,,,,,,,,,,,,,,,,,
01/06/2026 12:02:32,412872,3,.035,,17,.25,,,,,,,,,,,,,,,,,,,
01/06/2026 12:02:32,428221,8,.0756,,9,.0856,,,,,,,,,,,,,,,,,,,
01/06/2026 12:02:37,425897,4,.0428,,2,.0156,,,,,,,,,,,,,,,,,,,
01/06/2026 12:03:02,412872,10,.1667,,10,.1367,,,,,,,,,,,,,,,,,,,
01/06/2026 12:03:02,428221,1,.01,,2,.02,,,,,,,,,,,,,,,,,,,
01/06/2026 12:03:07,425897,3,.0289,,5,.0617,,,,,,,,,,,,,,,,,,,
01/06/2026 12:03:32,412872,5,.0639,,10,.1478,,,,,,,,,,,,,,,,,,,
01/06/2026 12:03:32,428221,4,.0367,,3,.025,,,,,,,,,,,,,,,,,,,
01/06/2026 12:03:37,425897,5,.0506,,2,.025,,,,,,,,,,,,,,,,,,,
01/06/2026 12:04:02,412872,6,.0706,,8,.135,,,,,,,,,,,,,,,,,,,
01/06/2026 12:04:02,428221,10,.11,,4,.0439,,,,,,,,,,,,,,,,,,,
01/06/2026 12:04:07,425897,7,.0678,,6,.0739,,,,,,,,,,,,,,,,,,,
01/06/2026 12:04:32,412872,9,.12,,4,.045,,,,,,,,,,,,,,,,,,,
01/06/2026 12:04:32,428221,4,.045,,8,.0806,,,,,,,,,,,,,,,,,,,
01/06/2026 12:04:37,425897,8,.085,,6,.0678,,,,,,,,,,,,,,,,,,,
01/06/2026 12:05:02,412872,5,.0617,,11,.1606,,,,,,,,,,,,,,,,,,,
01/06/2026 12:05:02,428221,6,.0556,,4,.04,,,,,,,,,,,,,,,,,,,
01/06/2026 12:05:07,425897,10,.1078,,2,.0239,,,,,,,,,,,,,,,,,,,
01/06/2026 12:05:32,412872,6,.07,,4,.0306,,,,,,,,,,,,,,,,,,,
01/06/2026 12:05:32,428221,0,0,,3,.0239,,,,,,,,,,,,,,,,,,,
01/06/2026 12:05:37,425897,2,.0206,,0,0,,,,,,,,,,,,,,,,,,,
01/06/2026 12:06:02,412872,3,.0367,,12,.1489,,,,,,,,,,,,,,,,,,,
01/06/2026 12:06:02,428221,5,.055,,4,.0489,,,,,,,,,,,,,,,,,,,
01/06/2026 12:06:07,425897,2,.02,,2,.0206,,,,,,,,,,,,,,,,,,,
01/06/2026 12:06:32,412872,3,.0378,,11,.1639,,,,,,,,,,,,,,,,,,,
01/06/2026 12:06:32,428221,3,.0306,,5,.0578,,,,,,,,,,,,,,,,,,,
01/06/2026 12:06:37,425897,4,.0339,,1,.01,,,,,,,,,,,,,,,,,,,
01/06/2026 12:07:02,412872,2,.0239,,8,.1189,,,,,,,,,,,,,,,,,,,
01/06/2026 12:07:02,428221,4,.04,,8,.0678,,,,,,,,,,,,,,,,,,,
01/06/2026 12:07:07,425897,8,.0867,,3,.0267,,,,,,,,,,,,,,,,,,,
01/06/2026 12:07:32,412872,10,.1517,,4,.0567,,,,,,,,,,,,,,,,,,,
01/06/2026 12:07:32,428221,4,.04,,7,.0656,,,,,,,,,,,,,,,,,,,
01/06/2026 12:07:37,425897,12,.1328,,4,.04,,,,,,,,,,,,,,,,,,,
01/06/2026 12:08:02,412872,1,.0267,,13,.2106,,,,,,,,,,,,,,,,,,,
01/06/2026 12:08:02,428221,0,0,,4,.0356,,,,,,,,,,,,,,,,,,,
01/06/2026 12:08:07,425897,5,.055,,5,.0539,,,,,,,,,,,,,,,,,,,
01/06/2026 12:08:32,412872,5,.0739,,6,.09,,,,,,,,,,,,,,,,,,,
01/06/2026 12:08:32,428221,3,.03,,5,.045,,,,,,,,,,,,,,,,,,,
01/06/2026 12:08:37,425897,6,.0578,,4,.0406,,,,,,,,,,,,,,,,,,,
01/06/2026 12:09:02,412872,1,.01,,7,.0956,,,,,,,,,,,,,,,,,,,
01/06/2026 12:09:02,428221,2,.02,,6,.0606,,,,,,,,,,,,,,,,,,,
01/06/2026 12:09:07,425897,4,.0539,,3,.0389,,,,,,,,,,,,,,,,,,,
01/06/2026 12:09:32,412872,9,.1256,,3,.0356,,,,,,,,,,,,,,,,,,,
01/06/2026 12:09:32,428221,5,.0517,,5,.0456,,,,,,,,,,,,,,,,,,,
01/06/2026 12:09:37,425897,5,.0456,,2,.0217,,,,,,,,,,,,,,,,,,,
01/06/2026 12:10:02,412872,0,0,,11,.1728,,,,,,,,,,,,,,,,,,,
01/06/2026 12:10:02,428221,6,.0717,,8,.09,,,,,,,,,,,,,,,,,,,
01/06/2026 12:10:07,425897,8,.0728,,1,.0117,,,,,,,,,,,,,,,,,,,
01/06/2026 12:10:32,412872,11,.1828,,7,.09,,,,,,,,,,,,,,,,,,,
01/06/2026 12:10:32,428221,0,0,,4,.0439,,,,,,,,,,,,,,,,,,,
01/06/2026 12:10:37,425897,4,.0406,,2,.0328,,,,,,,,,,,,,,,,,,,
01/06/2026 12:11:02,412872,0,0,,11,.1556,,,,,,,,,,,,,,,,,,,
01/06/2026 12:11:02,428221,10,.1139,,8,.0989,,,,,,,,,,,,,,,,,,,
01/06/2026 12:11:07,425897,4,.0339,,2,.0139,,,,,,,,,,,,,,,,,,,
01/06/2026 12:11:32,412872,8,.1228,,1,.0128,,,,,,,,,,,,,,,,,,,
01/06/2026 12:11:32,428221,3,.0417,,11,.12,,,,,,,,,,,,,,,,,,,
01/06/2026 12:11:37,425897,5,.0506,,4,.0456,,,,,,,,,,,,,,,,,,,
01/06/2026 12:12:02,412872,4,.0456,,12,.1556,,,,,,,,,,,,,,,,,,,
01/06/2026 12:12:02,428221,6,.06,,9,.0939,,,,,,,,,,,,,,,,,,,
01/06/2026 12:12:07,425897,4,.0406,,4,.0539,,,,,,,,,,,,,,,,,,,
01/06/2026 12:12:32,412872,9,.1189,,2,.0206,,,,,,,,,,,,,,,,,,,
01/06/2026 12:12:32,428221,0,0,,0,0,,,,,,,,,,,,,,,,,,,
01/06/2026 12:12:37,425897,5,.0517,,5,.06,,,,,,,,,,,,,,,,,,,
01/06/2026 12:13:02,412872,1,.0089,,6,.08,,,,,,,,,,,,,,,,,,,
01/06/2026 12:13:02,428221,2,.0156,,1,.0089,,,,,,,,,,,,,,,,,,,
01/06/2026 12:13:07,425897,2,.0167,,0,0,,,,,,,,,,,,,,,,,,,
01/06/2026 12:13:32,412872,8,.1189,,6,.09,,,,,,,,,,,,,,,,,,,
01/06/2026 12:13:32,428221,3,.025,,11,.0967,,,,,,,,,,,,,,,,,,,
01/06/2026 12:13:37,425897,1,.0067,,1,.0178,,,,,,,,,,,,,,,,,,,
01/06/2026 12:14:02,412872,1,.0039,,11,.1539,,,,,,,,,,,,,,,,,,,
01/06/2026 12:14:02,428221,4,.0417,,7,.0689,,,,,,,,,,,,,,,,,,,
01/06/2026 12:14:07,425897,0,0,,5,.06,,,,,,,,,,,,,,,,,,,
01/06/2026 12:14:32,412872,10,.1478,,9,.1089,,,,,,,,,,,,,,,,,,,
01/06/2026 12:14:32,428221,1,.0089,,2,.02,,,,,,,,,,,,,,,,,,,
01/06/2026 12:14:37,425897,10,.1139,,1,.0106,,,,,,,,,,,,,,,,,,,
01/06/2026 12:15:02,412872,3,.03,,3,.0378,,,,,,,,,,,,,,,,,,,
01/06/2026 12:15:02,428221,3,.0289,,1,.0056,,,,,,,,,,,,,,,,,,,
01/06/2026 12:15:07,425897,10,.1,,3,.0317,,,,,,,,,,,,,,,,,,,
01/06/2026 12:15:32,412872,8,.1039,,7,.09,,,,,,,,,,,,,,,,,,,
01/06/2026 12:15:32,428221,9,.1006,,9,.0917,,,,,,,,,,,,,,,,,,,
01/06/2026 12:15:37,425897,8,.085,,4,.0478,,,,,,,,,,,,,,,,,,,
01/06/2026 12:16:02,412872,4,.0556,,9,.1328,,,,,,,,,,,,,,,,,,,
01/06/2026 12:16:02,428221,9,.1178,,10,.1167,,,,,,,,,,,,,,,,,,,
01/06/2026 12:16:07,425897,2,.0206,,1,.0128,,,,,,,,,,,,,,,,,,,
01/06/2026 12:16:32,412872,5,.0706,,4,.0506,,,,,,,,,,,,,,,,,,,
01/06/2026 12:16:32,428221,5,.0489,,8,.0867,,,,,,,,,,,,,,,,,,,
01/06/2026 12:16:37,425897,3,.0317,,1,.0217,,,,,,,,,,,,,,,,,,,
01/06/2026 12:17:02,412872,3,.0339,,4,.0478,,,,,,,,,,,,,,,,,,,
01/06/2026 12:17:02,428221,6,.0656,,9,.0978,,,,,,,,,,,,,,,,,,,
01/06/2026 12:17:07,425897,12,.1167,,4,.0406,,,,,,,,,,,,,,,,,,,
01/06/2026 12:17:32,412872,6,.0839,,10,.1378,,,,,,,,,,,,,,,,,,,
01/06/2026 12:17:32,428221,2,.02,,3,.0256,,,,,,,,,,,,,,,,,,,
01/06/2026 12:17:37,425897,8,.0856,,2,.015,,,,,,,,,,,,,,,,,,,
01/06/2026 12:18:02,412872,3,.0378,,9,.1217,,,,,,,,,,,,,,,,,,,
01/06/2026 12:18:02,428221,4,.04,,7,.0717,,,,,,,,,,,,,,,,,,,
01/06/2026 12:18:07,425897,10,.1406,,2,.0906,,,,,,,,,,,,,,,,,,,
01/06/2026 12:18:32,412872,3,.0367,,8,.1256,,,,,,,,,,,,,,,,,,,
01/06/2026 12:18:32,428221,6,.0578,,7,.0678,,,,,,,,,,,,,,,,,,,
01/06/2026 12:18:37,425897,4,.0339,,2,.0206,,,,,,,,,,,,,,,,,,,
01/06/2026 12:19:02,412872,7,.0867,,2,.0367,,,,,,,,,,,,,,,,,,,
01/06/2026 12:19:02,428221,1,.0106,,4,.0467,,,,,,,,,,,,,,,,,,,
01/06/2026 12:19:07,425897,6,.0606,,3,.0428,,,,,,,,,,,,,,,,,,,
01/06/2026 12:19:32,412872,1,.0128,,7,.095,,,,,,,,,,,,,,,,,,,
01/06/2026 12:19:32,428221,0,0,,0,.0089,,,,,,,,,,,,,,,,,,,
01/06/2026 12:19:37,425897,9,.0789,,4,.0378,,,,,,,,,,,,,,,,,,,
01/06/2026 12:20:02,412872,7,.1078,,6,.075,,,,,,,,,,,,,,,,,,,
01/06/2026 12:20:02,428221,12,.1428,,9,.0806,,,,,,,,,,,,,,,,,,,
01/06/2026 12:20:07,425897,11,.1106,,2,.0228,,,,,,,,,,,,,,,,,,,
01/06/2026 12:20:32,412872,1,.01,,13,.19,,,,,,,,,,,,,,,,,,,
01/06/2026 12:20:32,428221,2,.0056,,5,.0478,,,,,,,,,,,,,,,,,,,
01/06/2026 12:20:37,425897,4,.04,,2,.025,,,,,,,,,,,,,,,,,,,
01/06/2026 12:21:02,412872,7,.0956,,11,.175,,,,,,,,,,,,,,,,,,,
01/06/2026 12:21:02,428221,3,.0256,,3,.0267,,,,,,,,,,,,,,,,,,,
01/06/2026 12:21:07,425897,3,.0278,,7,.0806,,,,,,,,,,,,,,,,,,,
01/06/2026 12:21:32,412872,1,.0106,,6,.0739,,,,,,,,,,,,,,,,,,,
01/06/2026 12:21:32,428221,10,.1117,,5,.065,,,,,,,,,,,,,,,,,,,
01/06/2026 12:21:37,425897,2,.0189,,3,.035,,,,,,,,,,,,,,,,,,,
01/06/2026 12:22:02,412872,10,.155,,5,.0678,,,,,,,,,,,,,,,,,,,
01/06/2026 12:22:02,428221,3,.0317,,7,.0617,,,,,,,,,,,,,,,,,,,
01/06/2026 12:22:07,425897,7,.0928,,4,.0428,,,,,,,,,,,,,,,,,,,
01/06/2026 12:22:32,412872,2,.0178,,6,.0656,,,,,,,,,,,,,,,,,,,
01/06/2026 12:22:32,428221,1,.0089,,3,.0256,,,,,,,,,,,,,,,,,,,
01/06/2026 12:22:37,425897,9,.0967,,5,.0656,,,,,,,,,,,,,,,,,,,
01/06/2026 12:23:02,412872,6,.0817,,0,0,,,,,,,,,,,,,,,,,,,
01/06/2026 12:23:02,428221,8,.0739,,9,.0756,,,,,,,,,,,,,,,,,,,
01/06/2026 12:23:07,425897,4,.0378,,1,.0078,,,,,,,,,,,,,,,,,,,
01/06/2026 12:23:32,412872,2,.0206,,12,.1856,,,,,,,,,,,,,,,,,,,
01/06/2026 12:23:32,428221,6,.0606,,4,.0378,,,,,,,,,,,,,,,,,,,
01/06/2026 12:23:37,425897,1,.01,,0,0,,,,,,,,,,,,,,,,,,,
01/06/2026 12:24:02,412872,11,.1728,,6,.0839,,,,,,,,,,,,,,,,,,,
01/06/2026 12:24:02,428221,5,.0567,,3,.0239,,,,,,,,,,,,,,,,,,,
01/06/2026 12:24:07,425897,4,.0417,,2,.0217,,,,,,,,,,,,,,,,,,,
01/06/2026 12:24:32,412872,2,.0156,,5,.0606,,,,,,,,,,,,,,,,,,,
01/06/2026 12:24:32,428221,1,.01,,4,.0356,,,,,,,,,,,,,,,,,,,
01/06/2026 12:24:37,425897,4,.0378,,6,.0689,,,,,,,,,,,,,,,,,,,
01/06/2026 12:25:02,412872,6,.08,,0,0,,,,,,,,,,,,,,,,,,,
01/06/2026 12:25:02,428221,2,.0367,,1,.0078,,,,,,,,,,,,,,,,,,,
01/06/2026 12:25:07,425897,4,.0717,,3,.0317,,,,,,,,,,,,,,,,,,,
01/06/2026 12:25:32,412872,0,0,,7,.1,,,,,,,,,,,,,,,,,,,
01/06/2026 12:25:32,428221,6,.055,,9,.125,,,,,,,,,,,,,,,,,,,
01/06/2026 12:25:37,425897,11,.1367,,5,.0667,,,,,,,,,,,,,,,,,,,
01/06/2026 12:26:02,412872,11,.1878,,5,.1128,,,,,,,,,,,,,,,,,,,
01/06/2026 12:26:02,428221,13,.1367,,10,.0989,,,,,,,,,,,,,,,,,,,
01/06/2026 12:26:07,425897,9,.0967,,4,.0528,,,,,,,,,,,,,,,,,,,
01/06/2026 12:26:32,412872,1,.0078,,12,.1889,,,,,,,,,,,,,,,,,,,
01/06/2026 12:26:32,428221,0,0,,3,.0306,,,,,,,,,,,,,,,,,,,
01/06/2026 12:26:37,425897,6,.0589,,0,0,,,,,,,,,,,,,,,,,,,
01/06/2026 12:27:02,412872,8,.1389,,2,.0217,,,,,,,,,,,,,,,,,,,
01/06/2026 12:27:02,428221,1,.01,,5,.0367,,,,,,,,,,,,,,,,,,,
01/06/2026 12:27:07,425897,6,.0606,,1,.0106,,,,,,,,,,,,,,,,,,,
01/06/2026 12:27:32,412872,1,.0106,,16,.23,,,,,,,,,,,,,,,,,,,
01/06/2026 12:27:32,428221,10,.1056,,9,.0928,,,,,,,,,,,,,,,,,,,
01/06/2026 12:27:37,425897,10,.0989,,3,.0356,,,,,,,,,,,,,,,,,,,
01/06/2026 12:28:02,412872,10,.1939,,2,.0217,,,,,,,,,,,,,,,,,,,
01/06/2026 12:28:02,428221,3,.0367,,6,.1378,,,,,,,,,,,,,,,,,,,
01/06/2026 12:28:07,425897,3,.0328,,2,.0289,,,,,,,,,,,,,,,,,,,
01/06/2026 12:28:32,412872,0,0,,12,.1789,,,,,,,,,,,,,,,,,,,
01/06/2026 12:28:32,428221,6,.0656,,5,.0667,,,,,,,,,,,,,,,,,,,
01/06/2026 12:28:37,425897,3,.0278,,1,.0117,,,,,,,,,,,,,,,,,,,
01/06/2026 12:29:02,412872,10,.1456,,3,.0378,,,,,,,,,,,,,,,,,,,
01/06/2026 12:29:02,428221,1,.0089,,5,.0456,,,,,,,,,,,,,,,,,,,
01/06/2026 12:29:07,425897,4,.0439,,2,.0267,,,,,,,,,,,,,,,,,,,
01/06/2026 12:29:32,412872,0,0,,12,.1589,,,,,,,,,,,,,,,,,,,
01/06/2026 12:29:32,428221,8,.0839,,4,.0378,,,,,,,,,,,,,,,,,,,
01/06/2026 12:29:37,425897,8,.075,,2,.02,,,,,,,,,,,,,,,,,,,
01/06/2026 12:30:02,412872,12,.2017,,6,.085,,,,,,,,,,,,,,,,,,,
01/06/2026 12:30:02,428221,4,.0378,,9,.0906,,,,,,,,,,,,,,,,,,,
01/06/2026 12:30:07,425897,13,.1578,,2,.0228,,,,,,,,,,,,,,,,,,,
01/06/2026 12:30:32,412872,2,.025,,10,.1356,,,,,,,,,,,,,,,,,,,
01/06/2026 12:30:32,428221,4,.0317,,10,.0856,,,,,,,,,,,,,,,,,,,
01/06/2026 12:30:37,425897,8,.0778,,5,.0728,,,,,,,,,,,,,,,,,,,
01/06/2026 12:31:02,412872,7,.1028,,6,.075,,,,,,,,,,,,,,,,,,,
01/06/2026 12:31:02,428221,1,.0117,,4,.0456,,,,,,,,,,,,,,,,,,,
01/06/2026 12:31:07,425897,1,.0089,,0,0,,,,,,,,,,,,,,,,,,,
01/06/2026 12:31:32,412872,4,.0506,,4,.0506,,,,,,,,,,,,,,,,,,,
01/06/2026 12:31:32,428221,2,.0178,,7,.0678,,,,,,,,,,,,,,,,,,,
01/06/2026 12:31:37,425897,6,.0478,,2,.02,,,,,,,,,,,,,,,,,,,
01/06/2026 12:32:02,412872,7,.0828,,11,.1428,,,,,,,,,,,,,,,,,,,
01/06/2026 12:32:02,428221,7,.0767,,5,.06,,,,,,,,,,,,,,,,,,,
01/06/2026 12:32:07,425897,6,.0578,,2,.015,,,,,,,,,,,,,,,,,,,
01/06/2026 12:32:32,412872,5,.065,,6,.08,,,,,,,,,,,,,,,,,,,
01/06/2026 12:32:32,428221,5,.0556,,10,.1028,,,,,,,,,,,,,,,,,,,
01/06/2026 12:32:37,425897,9,.0967,,2,.0178,,,,,,,,,,,,,,,,,,,
01/06/2026 12:33:02,412872,3,.0478,,7,.0939,,,,,,,,,,,,,,,,,,,
01/06/2026 12:33:02,428221,8,.0817,,7,.0867,,,,,,,,,,,,,,,,,,,
01/06/2026 12:33:07,425897,2,.02,,3,.0267,,,,,,,,,,,,,,,,,,,
01/06/2026 12:33:32,412872,6,.0828,,2,.0306,,,,,,,,,,,,,,,,,,,
01/06/2026 12:33:32,428221,2,.02,,2,.0206,,,,,,,,,,,,,,,,,,,
01/06/2026 12:33:37,425897,2,.0267,,2,.0206,,,,,,,,,,,,,,,,,,,
01/06/2026 12:34:02,412872,2,.0239,,6,.0889,,,,,,,,,,,,,,,,,,,
01/06/2026 12:34:02,428221,6,.0628,,3,.0278,,,,,,,,,,,,,,,,,,,
01/06/2026 12:34:07,425897,3,.0267,,1,.0078,,,,,,,,,,,,,,,,,,,
01/06/2026 12:34:32,412872,8,.1067,,1,.0117,,,,,,,,,,,,,,,,,,,
01/06/2026 12:34:32,428221,2,.0189,,9,.08,,,,,,,,,,,,,,,,,,,
01/06/2026 12:34:37,425897,8,.085,,3,.0289,,,,,,,,,,,,,,,,,,,
01/06/2026 12:35:02,412872,2,.0217,,8,.1178,,,,,,,,,,,,,,,,,,,
01/06/2026 12:35:02,428221,3,.0239,,5,.0417,,,,,,,,,,,,,,,,,,,
01/06/2026 12:35:07,425897,11,.125,,5,.0556,,,,,,,,,,,,,,,,,,,
01/06/2026 12:35:32,412872,6,.1306,,9,.1578,,,,,,,,,,,,,,,,,,,
01/06/2026 12:35:32,428221,0,0,,2,.0217,,,,,,,,,,,,,,,,,,,
01/06/2026 12:35:37,425897,8,.0789,,3,.02,,,,,,,,,,,,,,,,,,,
01/06/2026 12:36:02,412872,10,.1689,,7,.14,,,,,,,,,,,,,,,,,,,
01/06/2026 12:36:02,428221,2,.0117,,4,.0278,,,,,,,,,,,,,,,,,,,
01/06/2026 12:36:07,425897,5,.055,,2,.0239,,,,,,,,,,,,,,,,,,,
01/06/2026 12:36:32,412872,8,.1489,,11,.1728,,,,,,,,,,,,,,,,,,,
01/06/2026 12:36:32,428221,10,.1039,,12,.115,,,,,,,,,,,,,,,,,,,
01/06/2026 12:36:37,425897,1,.0089,,0,0,,,,,,,,,,,,,,,,,,,
01/06/2026 12:37:02,412872,4,.175,,12,.2439,,,,,,,,,,,,,,,,,,,
01/06/2026 12:37:02,428221,6,.0678,,9,.0939,,,,,,,,,,,,,,,,,,,
01/06/2026 12:37:07,425897,8,.09,,0,0,,,,,,,,,,,,,,,,,,,
01/06/2026 12:37:32,412872,6,.1128,,6,.1056,,,,,,,,,,,,,,,,,,,
01/06/2026 12:37:32,428221,7,.0739,,7,.0739,,,,,,,,,,,,,,,,,,,
01/06/2026 12:37:37,425897,11,.1217,,1,.0106,,,,,,,,,,,,,,,,,,,
01/06/2026 12:38:02,412872,3,.0639,,5,.1306,,,,,,,,,,,,,,,,,,,
01/06/2026 12:38:02,428221,5,.0489,,6,.0467,,,,,,,,,,,,,,,,,,,
01/06/2026 12:38:07,425897,6,.0806,,1,.0128,,,,,,,,,,,,,,,,,,,
01/06/2026 12:38:32,412872,10,.1478,,2,.0306,,,,,,,,,,,,,,,,,,,
01/06/2026 12:38:32,428221,0,0,,5,.0417,,,,,,,,,,,,,,,,,,,
01/06/2026 12:38:37,425897,2,.0217,,1,.0128,,,,,,,,,,,,,,,,,,,
01/06/2026 12:39:02,412872,2,.035,,11,.165,,,,,,,,,,,,,,,,,,,
01/06/2026 12:39:02,428221,8,.0678,,9,.0889,,,,,,,,,,,,,,,,,,,
01/06/2026 12:39:07,425897,2,.0217,,2,.0217,,,,,,,,,,,,,,,,,,,
01/06/2026 12:39:32,412872,8,.1089,,4,.055,,,,,,,,,,,,,,,,,,,
01/06/2026 12:39:32,428221,1,.005,,5,.0406,,,,,,,,,,,,,,,,,,,
01/06/2026 12:39:37,425897,12,.1189,,3,.0689,,,,,,,,,,,,,,,,,,,
01/06/2026 12:40:02,412872,0,0,,4,.055,,,,,,,,,,,,,,,,,,,
01/06/2026 12:40:02,428221,4,.0339,,6,.0539,,,,,,,,,,,,,,,,,,,
01/06/2026 12:40:07,425897,7,.0667,,0,0,,,,,,,,,,,,,,,,,,,
01/06/2026 12:40:32,412872,8,.1017,,4,.0489,,,,,,,,,,,,,,,,,,,
01/06/2026 12:40:32,428221,4,.0367,,8,.0728,,,,,,,,,,,,,,,,,,,
01/06/2026 12:40:37,425897,4,.0456,,2,.0189,,,,,,,,,,,,,,,,,,,
01/06/2026 12:41:02,412872,1,.0067,,12,.18,,,,,,,,,,,,,,,,,,,
01/06/2026 12:41:02,428221,3,.0289,,3,.0239,,,,,,,,,,,,,,,,,,,
01/06/2026 12:41:07,425897,4,.035,,1,.0117,,,,,,,,,,,,,,,,,,,
01/06/2026 12:41:32,412872,6,.0689,,2,.0256,,,,,,,,,,,,,,,,,,,
01/06/2026 12:41:32,428221,7,.07,,4,.0339,,,,,,,,,,,,,,,,,,,
01/06/2026 12:41:37,425897,2,.0178,,1,.0117,,,,,,,,,,,,,,,,,,,
01/06/2026 12:42:02,412872,0,0,,5,.0606,,,,,,,,,,,,,,,,,,,
01/06/2026 12:42:02,428221,6,.0739,,9,.0906,,,,,,,,,,,,,,,,,,,
01/06/2026 12:42:07,425897,8,.0706,,3,.055,,,,,,,,,,,,,,,,,,,
01/06/2026 12:42:32,412872,11,.1578,,3,.0467,,,,,,,,,,,,,,,,,,,
01/06/2026 12:42:32,428221,0,0,,2,.0156,,,,,,,,,,,,,,,,,,,
01/06/2026 12:42:37,425897,4,.0389,,1,.0106,,,,,,,,,,,,,,,,,,,
01/06/2026 12:43:02,412872,0,0,,14,.2017,,,,,,,,,,,,,,,,,,,
01/06/2026 12:43:02,428221,2,.0189,,5,.04,,,,,,,,,,,,,,,,,,,
01/06/2026 12:43:07,425897,7,.075,,0,0,,,,,,,,,,,,,,,,,,,
01/06/2026 12:43:32,412872,10,.1439,,4,.0728,,,,,,,,,,,,,,,,,,,
01/06/2026 12:43:32,428221,1,.0117,,7,.0756,,,,,,,,,,,,,,,,,,,
01/06/2026 12:43:37,425897,1,.01,,2,.0356,,,,,,,,,,,,,,,,,,,
01/06/2026 12:44:02,412872,0,0,,6,.0978,,,,,,,,,,,,,,,,,,,
01/06/2026 12:44:02,428221,1,.0106,,3,.0278,,,,,,,,,,,,,,,,,,,
01/06/2026 12:44:07,425897,2,.0206,,4,.0478,,,,,,,,,,,,,,,,,,,
01/06/2026 12:44:32,412872,7,.115,,4,.0556,,,,,,,,,,,,,,,,,,,
01/06/2026 12:44:32,428221,8,.0878,,7,.0789,,,,,,,,,,,,,,,,,,,
01/06/2026 12:44:37,425897,9,.0828,,3,.0389,,,,,,,,,,,,,,,,,,,
01/06/2026 12:45:02,412872,3,.0339,,15,.2339,,,,,,,,,,,,,,,,,,,
01/06/2026 12:45:02,428221,1,.0106,,4,.0367,,,,,,,,,,,,,,,,,,,
01/06/2026 12:45:07,425897,11,.1139,,3,.0289,,,,,,,,,,,,,,,,,,,
01/06/2026 12:45:32,412872,8,.1406,,3,.0517,,,,,,,,,,,,,,,,,,,
01/06/2026 12:45:32,428221,11,.1017,,5,.0467,,,,,,,,,,,,,,,,,,,
01/06/2026 12:45:37,425897,4,.06,,2,.025,,,,,,,,,,,,,,,,,,,
01/06/2026 12:46:02,412872,1,.0178,,11,.1428,,,,,,,,,,,,,,,,,,,
01/06/2026 12:46:02,428221,7,.0817,,8,.0906,,,,,,,,,,,,,,,,,,,
01/06/2026 12:46:07,425897,2,.0139,,2,.0206,,,,,,,,,,,,,,,,,,,
01/06/2026 12:46:32,412872,9,.1428,,8,.1128,,,,,,,,,,,,,,,,,,,
01/06/2026 12:46:32,428221,3,.025,,4,.0439,,,,,,,,,,,,,,,,,,,
01/06/2026 12:46:37,425897,10,.0928,,2,.0117,,,,,,,,,,,,,,,,,,,
01/06/2026 12:47:02,412872,5,.0728,,7,.0817,,,,,,,,,,,,,,,,,,,
01/06/2026 12:47:02,428221,1,.01,,0,0,,,,,,,,,,,,,,,,,,,
01/06/2026 12:47:07,425897,8,.0767,,4,.0406,,,,,,,,,,,,,,,,,,,
01/06/2026 12:47:32,412872,6,.085,,6,.0889,,,,,,,,,,,,,,,,,,,
01/06/2026 12:47:32,428221,0,0,,1,.01,,,,,,,,,,,,,,,,,,,
01/06/2026 12:47:37,425897,6,.0656,,2,.0239,,,,,,,,,,,,,,,,,,,
01/06/2026 12:48:02,412872,4,.0656,,5,.0878,,,,,,,,,,,,,,,,,,,
01/06/2026 12:48:02,428221,1,.0106,,9,.0856,,,,,,,,,,,,,,,,,,,
01/06/2026 12:48:07,425897,3,.025,,3,.0389,,,,,,,,,,,,,,,,,,,
01/06/2026 12:48:32,412872,0,0,,9,.18,,,,,,,,,,,,,,,,,,,
01/06/2026 12:48:32,428221,14,.1589,,12,.1256,,,,,,,,,,,,,,,,,,,
01/06/2026 12:48:37,425897,3,.0239,,2,.0156,,,,,,,,,,,,,,,,,,,
01/06/2026 12:49:02,412872,3,.2339,,7,.42,,,,,,,,,,,,,,,,,,,
01/06/2026 12:49:02,428221,6,.0656,,7,.065,,,,,,,,,,,,,,,,,,,
01/06/2026 12:49:07,425897,6,.055,,3,.0317,,,,,,,,,,,,,,,,,,,
01/06/2026 12:49:32,412872,4,.595,,5,.6306,,,,,,,,,,,,,,,,,,,
01/06/2026 12:49:32,428221,6,.0628,,8,.075,,,,,,,,,,,,,,,,,,,
01/06/2026 12:49:37,425897,10,.0978,,2,.0178,,,,,,,,,,,,,,,,,,,
01/06/2026 12:50:02,412872,4,.685,,3,.6767,,,,,,,,,,,,,,,,,,,
01/06/2026 12:50:02,428221,4,.0356,,3,.025,,,,,,,,,,,,,,,,,,,
01/06/2026 12:50:07,425897,9,.0978,,4,.03,,,,,,,,,,,,,,,,,,,
01/06/2026 12:50:32,412872,2,.8656,,1,.865,,,,,,,,,,,,,,,,,,,
01/06/2026 12:50:32,428221,8,.0856,,9,.1139,,,,,,,,,,,,,,,,,,,
01/06/2026 12:50:37,425897,4,.0306,,0,0,,,,,,,,,,,,,,,,,,,
01/06/2026 12:51:02,412872,2,.5339,,2,.3606,,,,,,,,,,,,,,,,,,,
01/06/2026 12:51:02,428221,3,.0339,,9,.0889,,,,,,,,,,,,,,,,,,,
01/06/2026 12:51:07,425897,1,.0089,,4,.0617,,,,,,,,,,,,,,,,,,,
01/06/2026 12:51:32,412872,4,.7789,,3,.7617,,,,,,,,,,,,,,,,,,,
01/06/2026 12:51:32,428221,5,.0539,,4,.0617,,,,,,,,,,,,,,,,,,,
01/06/2026 12:51:37,425897,4,.0378,,2,.0228,,,,,,,,,,,,,,,,,,,
01/06/2026 12:52:02,412872,2,.6189,,3,.75,,,,,,,,,,,,,,,,,,,
01/06/2026 12:52:02,428221,0,0,,6,.05,,,,,,,,,,,,,,,,,,,
01/06/2026 12:52:07,425897,6,.0689,,2,.0217,,,,,,,,,,,,,,,,,,,
01/06/2026 12:52:32,412872,2,.8378,,1,.6778,,,,,,,,,,,,,,,,,,,
01/06/2026 12:52:32,428221,2,.0189,,2,.0117,,,,,,,,,,,,,,,,,,,
01/06/2026 12:52:37,425897,6,.0567,,2,.015,,,,,,,,,,,,,,,,,,,
01/06/2026 12:53:02,412872,1,.9028,,1,.8267,,,,,,,,,,,,,,,,,,,
01/06/2026 12:53:02,428221,1,.0156,,7,.0628,,,,,,,,,,,,,,,,,,,
01/06/2026 12:53:07,425897,5,.0606,,5,.0406,,,,,,,,,,,,,,,,,,,
01/06/2026 12:53:32,412872,2,.78,,2,.6289,,,,,,,,,,,,,,,,,,,
01/06/2026 12:53:32,428221,5,.0456,,10,.1106,,,,,,,,,,,,,,,,,,,
01/06/2026 12:53:37,425897,6,.0617,,4,.0389,,,,,,,,,,,,,,,,,,,
01/06/2026 12:54:02,412872,1,.6717,,2,.6306,,,,,,,,,,,,,,,,,,,
01/06/2026 12:54:02,428221,5,.0539,,10,.1067,,,,,,,,,,,,,,,,,,,
01/06/2026 12:54:07,425897,3,.0289,,6,.0839,,,,,,,,,,,,,,,,,,,
01/06/2026 12:54:32,412872,1,.8017,,1,.9167,,,,,,,,,,,,,,,,,,,
01/06/2026 12:54:32,428221,7,.0806,,7,.0728,,,,,,,,,,,,,,,,,,,
01/06/2026 12:54:37,425897,9,.1006,,1,.0106,,,,,,,,,,,,,,,,,,,
01/06/2026 12:55:02,412872,2,.6828,,2,.6406,,,,,,,,,,,,,,,,,,,
01/06/2026 12:55:02,428221,7,.07,,9,.0806,,,,,,,,,,,,,,,,,,,
01/06/2026 12:55:07,425897,1,.0106,,2,.0239,,,,,,,,,,,,,,,,,,,
01/06/2026 12:55:32,412872,4,.6067,,4,.51,,,,,,,,,,,,,,,,,,,
01/06/2026 12:55:32,428221,6,.055,,5,.0428,,,,,,,,,,,,,,,,,,,
01/06/2026 12:55:37,425897,6,.0717,,6,.0817,,,,,,,,,,,,,,,,,,,
01/06/2026 12:56:02,412872,5,.5467,,5,.4428,,,,,,,,,,,,,,,,,,,
01/06/2026 12:56:02,428221,5,.0439,,11,.0928,,,,,,,,,,,,,,,,,,,
01/06/2026 12:56:07,425897,4,.0389,,3,.0389,,,,,,,,,,,,,,,,,,,
01/06/2026 12:56:32,412872,6,.395,,6,.4606,,,,,,,,,,,,,,,,,,,
01/06/2026 12:56:32,428221,7,.0867,,3,.03,,,,,,,,,,,,,,,,,,,
01/06/2026 12:56:37,425897,8,.08,,2,.0267,,,,,,,,,,,,,,,,,,,
01/06/2026 12:57:02,412872,6,.5928,,6,.5628,,,,,,,,,,,,,,,,,,,
01/06/2026 12:57:02,428221,3,.0356,,11,.115,,,,,,,,,,,,,,,,,,,
01/06/2026 12:57:07,425897,7,.0717,,4,.08,,,,,,,,,,,,,,,,,,,
01/06/2026 12:57:32,412872,8,.3789,,6,.3317,,,,,,,,,,,,,,,,,,,
01/06/2026 12:57:32,428221,5,.0456,,3,.0289,,,,,,,,,,,,,,,,,,,
01/06/2026 12:57:37,425897,9,.085,,6,.0667,,,,,,,,,,,,,,,,,,,
01/06/2026 12:58:02,412872,6,.2628,,8,.36,,,,,,,,,,,,,,,,,,,
01/06/2026 12:58:02,428221,5,.0717,,6,.0767,,,,,,,,,,,,,,,,,,,
01/06/2026 12:58:07,425897,6,.055,,0,0,,,,,,,,,,,,,,,,,,,
01/06/2026 12:58:32,412872,4,.2106,,7,.2678,,,,,,,,,,,,,,,,,,,
01/06/2026 12:58:32,428221,5,.0506,,9,.0817,,,,,,,,,,,,,,,,,,,
01/06/2026 12:58:37,425897,0,0,,0,0,,,,,,,,,,,,,,,,,,,
01/06/2026 12:59:02,412872,6,.4556,,7,.5656,,,,,,,,,,,,,,,,,,,
01/06/2026 12:59:02,428221,6,.0589,,7,.0806,,,,,,,,,,,,,,,,,,,
01/06/2026 12:59:07,425897,7,.07,,4,.0406,,,,,,,,,,,,,,,,,,,
01/06/2026 12:59:32,412872,6,.5489,,5,.53,,,,,,,,,,,,,,,,,,,
01/06/2026 12:59:32,428221,3,.0306,,5,.0528,,,,,,,,,,,,,,,,,,,
01/06/2026 12:59:37,425897,5,.065,,1,.0139,,,,,,,,,,,,,,,,,,,
01/06/2026 13:00:02,412872,5,.415,,6,.4189,,,,,,,,,,,,,,,,,,,
01/06/2026 13:00:02,428221,0,0,,1,.0089,,,,,,,,,,,,,,,,,,,
01/06/2026 13:00:07,425897,12,.12,,2,.0078,,,,,,,,,,,,,,,,,,,
01/06/2026 13:00:32,412872,7,.4906,,6,.4139,,,,,,,,,,,,,,,,,,,
01/06/2026 13:00:32,428221,7,.0906,,10,.1039,,,,,,,,,,,,,,,,,,,
01/06/2026 13:00:37,425897,16,.1728,,4,.0289,,,,,,,,,,,,,,,,,,,
01/06/2026 13:01:02,412872,8,.4678,,4,.4589,,,,,,,,,,,,,,,,,,,
01/06/2026 13:01:02,428221,3,.0328,,8,.0817,,,,,,,,,,,,,,,,,,,
01/06/2026 13:01:07,425897,3,.0278,,2,.025,,,,,,,,,,,,,,,,,,,
01/06/2026 13:01:32,412872,5,.425,,6,.4856,,,,,,,,,,,,,,,,,,,
01/06/2026 13:01:32,428221,5,.0578,,8,.0939,,,,,,,,,,,,,,,,,,,
01/06/2026 13:01:37,425897,3,.0289,,1,.0106,,,,,,,,,,,,,,,,,,,
01/06/2026 13:02:02,412872,9,.3239,,10,.3789,,,,,,,,,,,,,,,,,,,
01/06/2026 13:02:02,428221,2,.0267,,2,.02,,,,,,,,,,,,,,,,,,,
01/06/2026 13:02:07,425897,9,.0828,,0,0,,,,,,,,,,,,,,,,,,,
01/06/2026 13:02:32,412872,7,.11,,8,.2117,,,,,,,,,,,,,,,,,,,
01/06/2026 13:02:32,428221,1,.0117,,5,.0456,,,,,,,,,,,,,,,,,,,
01/06/2026 13:02:37,425897,10,.1078,,2,.0217,,,,,,,,,,,,,,,,,,,
01/06/2026 13:03:02,412872,1,.015,,8,.1017,,,,,,,,,,,,,,,,,,,
01/06/2026 13:03:02,428221,2,.0306,,9,.115,,,,,,,,,,,,,,,,,,,
01/06/2026 13:03:07,425897,3,.03,,1,.0106,,,,,,,,,,,,,,,,,,,
01/06/2026 13:03:32,412872,7,.1056,,3,.035,,,,,,,,,,,,,,,,,,,
01/06/2026 13:03:32,428221,3,.0289,,9,.0878,,,,,,,,,,,,,,,,,,,
01/06/2026 13:03:37,425897,3,.0289,,1,.0089,,,,,,,,,,,,,,,,,,,
01/06/2026 13:04:02,412872,4,.0678,,7,.1067,,,,,,,,,,,,,,,,,,,
01/06/2026 13:04:02,428221,8,.075,,5,.0617,,,,,,,,,,,,,,,,,,,
01/06/2026 13:04:07,425897,3,.0278,,2,.0128,,,,,,,,,,,,,,,,,,,
01/06/2026 13:04:32,412872,8,.105,,7,.095,,,,,,,,,,,,,,,,,,,
01/06/2026 13:04:32,428221,6,.0706,,9,.0956,,,,,,,,,,,,,,,,,,,
01/06/2026 13:04:37,425897,7,.0717,,1,.0106,,,,,,,,,,,,,,,,,,,
01/06/2026 13:05:02,412872,0,0,,9,.1589,,,,,,,,,,,,,,,,,,,
01/06/2026 13:05:02,428221,3,.0289,,4,.0417,,,,,,,,,,,,,,,,,,,
01/06/2026 13:05:07,425897,5,.06,,4,.0478,,,,,,,,,,,,,,,,,,,
01/06/2026 13:05:32,412872,8,.1056,,4,.0556,,,,,,,,,,,,,,,,,,,
01/06/2026 13:05:32,428221,11,.105,,6,.0589,,,,,,,,,,,,,,,,,,,
01/06/2026 13:05:37,425897,9,.1056,,4,.0656,,,,,,,,,,,,,,,,,,,
01/06/2026 13:06:02,412872,1,.0117,,8,.0906,,,,,,,,,,,,,,,,,,,
01/06/2026 13:06:02,428221,3,.0278,,7,.0906,,,,,,,,,,,,,,,,,,,
01/06/2026 13:06:07,425897,0,0,,1,.0106,,,,,,,,,,,,,,,,,,,
01/06/2026 13:06:32,412872,4,.0467,,4,.0539,,,,,,,,,,,,,,,,,,,
01/06/2026 13:06:32,428221,8,.0867,,5,.0567,,,,,,,,,,,,,,,,,,,
01/06/2026 13:06:37,425897,2,.0167,,0,0,,,,,,,,,,,,,,,,,,,
01/06/2026 13:07:02,412872,2,.0306,,10,.1656,,,,,,,,,,,,,,,,,,,
01/06/2026 13:07:02,428221,2,.025,,2,.0178,,,,,,,,,,,,,,,,,,,
01/06/2026 13:07:07,425897,5,.0556,,3,.0339,,,,,,,,,,,,,,,,,,,
01/06/2026 13:07:32,412872,6,.0789,,0,0,,,,,,,,,,,,,,,,,,,
01/06/2026 13:07:32,428221,2,.02,,3,.0289,,,,,,,,,,,,,,,,,,,
01/06/2026 13:07:37,425897,13,.1889,,4,.0517,,,,,,,,,,,,,,,,,,,
01/06/2026 13:08:02,412872,3,.0267,,11,.1439,,,,,,,,,,,,,,,,,,,
01/06/2026 13:08:02,428221,2,.0178,,10,.0967,,,,,,,,,,,,,,,,,,,
01/06/2026 13:08:07,425897,4,.035,,1,.0039,,,,,,,,,,,,,,,,,,,
01/06/2026 13:08:32,412872,6,.0789,,5,.0678,,,,,,,,,,,,,,,,,,,
01/06/2026 13:08:32,428221,4,.0439,,8,.1139,,,,,,,,,,,,,,,,,,,
01/06/2026 13:08:37,425897,3,.025,,3,.025,,,,,,,,,,,,,,,,,,,
01/06/2026 13:09:02,412872,0,0,,5,.0689,,,,,,,,,,,,,,,,,,,
01/06/2026 13:09:02,428221,1,.0139,,5,.0856,,,,,,,,,,,,,,,,,,,
01/06/2026 13:09:07,425897,5,.0478,,4,.0456,,,,,,,,,,,,,,,,,,,
01/06/2026 13:09:32,412872,13,.2106,,3,.05,,,,,,,,,,,,,,,,,,,
01/06/2026 13:09:32,428221,3,.0328,,1,.0117,,,,,,,,,,,,,,,,,,,
01/06/2026 13:09:37,425897,5,.0456,,3,.0267,,,,,,,,,,,,,,,,,,,
01/06/2026 13:10:02,412872,2,.0167,,19,.265,,,,,,,,,,,,,,,,,,,
01/06/2026 13:10:02,428221,4,.0467,,7,.0689,,,,,,,,,,,,,,,,,,,
01/06/2026 13:10:07,425897,10,.1017,,3,.035,,,,,,,,,,,,,,,,,,,
01/06/2026 13:10:32,412872,7,.095,,7,.1017,,,,,,,,,,,,,,,,,,,
01/06/2026 13:10:32,428221,12,.1517,,8,.0978,,,,,,,,,,,,,,,,,,,
01/06/2026 13:10:37,425897,10,.1067,,6,.0667,,,,,,,,,,,,,,,,,,,
01/06/2026 13:11:02,412872,0,0,,9,.1228,,,,,,,,,,,,,,,,,,,
01/06/2026 13:11:02,428221,5,.035,,8,.0628,,,,,,,,,,,,,,,,,,,
01/06/2026 13:11:07,425897,3,.0217,,4,.0489,,,,,,,,,,,,,,,,,,,
01/06/2026 13:11:32,412872,10,.16,,0,.0128,,,,,,,,,,,,,,,,,,,
01/06/2026 13:11:32,428221,6,.0656,,6,.065,,,,,,,,,,,,,,,,,,,
01/06/2026 13:11:37,425897,3,.0328,,1,.01,,,,,,,,,,,,,,,,,,,
01/06/2026 13:12:07,425897,8,.0778,,2,.0228,,,,,,,,,,,,,,,,,,,
01/06/2026 13:12:32,412872,8,.1106,,5,.0667,,,,,,,,,,,,,,,,,,,
01/06/2026 13:12:32,428221,0,0,,4,.0367,,,,,,,,,,,,,,,,,,,
01/06/2026 13:12:37,425897,9,.0856,,4,.0306,,,,,,,,,,,,,,,,,,,
01/06/2026 13:13:02,412872,3,.0456,,2,.0239,,,,,,,,,,,,,,,,,,,
01/06/2026 13:13:02,428221,8,.0867,,9,.09,,,,,,,,,,,,,,,,,,,
01/06/2026 13:13:07,425897,4,.0339,,1,.0128,,,,,,,,,,,,,,,,,,,
01/06/2026 13:13:32,412872,9,.1478,,7,.0956,,,,,,,,,,,,,,,,,,,
01/06/2026 13:13:32,428221,4,.0439,,8,.0778,,,,,,,,,,,,,,,,,,,
01/06/2026 13:13:37,425897,1,.0078,,4,.0406,,,,,,,,,,,,,,,,,,,
01/06/2026 13:14:02,412872,3,.0428,,3,.0378,,,,,,,,,,,,,,,,,,,
01/06/2026 13:14:02,428221,5,.055,,7,.06,,,,,,,,,,,,,,,,,,,
01/06/2026 13:14:07,425897,3,.0278,,0,0,,,,,,,,,,,,,,,,,,,
01/06/2026 13:14:32,412872,8,.1128,,7,.0978,,,,,,,,,,,,,,,,,,,
01/06/2026 13:14:32,428221,5,.0556,,6,.0717,,,,,,,,,,,,,,,,,,,
01/06/2026 13:14:37,425897,8,.0789,,2,.0167,,,,,,,,,,,,,,,,,,,
01/06/2026 13:15:02,412872,3,.0356,,4,.0517,,,,,,,,,,,,,,,,,,,
01/06/2026 13:15:02,428221,6,.07,,4,.0378,,,,,,,,,,,,,,,,,,,
01/06/2026 13:15:07,425897,12,.13,,1,.0039,,,,,,,,,,,,,,,,,,,
01/06/2026 13:15:32,412872,5,.0528,,8,.0956,,,,,,,,,,,,,,,,,,,
01/06/2026 13:15:32,428221,7,.0628,,6,.0578,,,,,,,,,,,,,,,,,,,
01/06/2026 13:15:37,425897,10,.0978,,4,.0589,,,,,,,,,,,,,,,,,,,
01/06/2026 13:16:02,412872,6,.0706,,8,.11,,,,,,,,,,,,,,,,,,,
01/06/2026 13:16:02,428221,5,.06,,9,.115,,,,,,,,,,,,,,,,,,,
01/06/2026 13:16:07,425897,1,.01,,2,.0106,,,,,,,,,,,,,,,,,,,
01/06/2026 13:16:32,412872,2,.0306,,6,.0756,,,,,,,,,,,,,,,,,,,
01/06/2026 13:16:32,428221,6,.0617,,10,.1189,,,,,,,,,,,,,,,,,,,
01/06/2026 13:16:37,425897,4,.04,,2,.0117,,,,,,,,,,,,,,,,,,,
01/06/2026 13:17:02,412872,5,.0567,,5,.05,,,,,,,,,,,,,,,,,,,
01/06/2026 13:17:02,428221,6,.0628,,4,.0856,,,,,,,,,,,,,,,,,,,
01/06/2026 13:17:07,425897,8,.0856,,4,.0439,,,,,,,,,,,,,,,,,,,
01/06/2026 13:17:32,412872,0,0,,11,.1428,,,,,,,,,,,,,,,,,,,
01/06/2026 13:17:32,428221,5,.0439,,2,.0239,,,,,,,,,,,,,,,,,,,
01/06/2026 13:17:37,425897,8,.0828,,4,.0356,,,,,,,,,,,,,,,,,,,
01/06/2026 13:18:02,412872,8,.14,,10,.1806,,,,,,,,,,,,,,,,,,,
01/06/2026 13:18:02,428221,2,.0178,,7,.07,,,,,,,,,,,,,,,,,,,
01/06/2026 13:18:07,425897,3,.0267,,3,.0356,,,,,,,,,,,,,,,,,,,
01/06/2026 13:18:32,412872,6,.125,,5,.1189,,,,,,,,,,,,,,,,,,,
01/06/2026 13:18:32,428221,2,.0217,,10,.0939,,,,,,,,,,,,,,,,,,,
01/06/2026 13:18:37,425897,3,.0456,,5,.0528,,,,,,,,,,,,,,,,,,,
01/06/2026 13:19:02,412872,11,.1778,,9,.1478,,,,,,,,,,,,,,,,,,,
01/06/2026 13:19:02,428221,6,.0628,,8,.075,,,,,,,,,,,,,,,,,,,
01/06/2026 13:19:07,425897,4,.0339,,1,.01,,,,,,,,,,,,,,,,,,,
01/06/2026 13:19:32,412872,2,.035,,10,.1406,,,,,,,,,,,,,,,,,,,
01/06/2026 13:19:32,428221,4,.0417,,8,.0828,,,,,,,,,,,,,,,,,,,
01/06/2026 13:19:37,425897,5,.0428,,4,.0406,,,,,,,,,,,,,,,,,,,
01/06/2026 13:20:02,412872,10,.1367,,6,.0789,,,,,,,,,,,,,,,,,,,
01/06/2026 13:20:02,428221,3,.0378,,5,.0478,,,,,,,,,,,,,,,,,,,
01/06/2026 13:20:07,425897,9,.0867,,3,.0356,,,,,,,,,,,,,,,,,,,
01/06/2026 13:20:32,412872,2,.0289,,10,.1367,,,,,,,,,,,,,,,,,,,
01/06/2026 13:20:32,428221,13,.12,,4,.04,,,,,,,,,,,,,,,,,,,
01/06/2026 13:20:37,425897,2,.02,,5,.055,,,,,,,,,,,,,,,,,,,
01/06/2026 13:21:02,412872,9,.1289,,0,.0189,,,,,,,,,,,,,,,,,,,
01/06/2026 13:21:02,428221,2,.0178,,8,.0739,,,,,,,,,,,,,,,,,,,
01/06/2026 13:21:07,425897,3,.0278,,1,.0106,,,,,,,,,,,,,,,,,,,
01/06/2026 13:21:32,412872,0,0,,10,.1317,,,,,,,,,,,,,,,,,,,
01/06/2026 13:21:32,428221,5,.0506,,7,.0756,,,,,,,,,,,,,,,,,,,
01/06/2026 13:21:37,425897,2,.0167,,3,.0356,,,,,,,,,,,,,,,,,,,
01/06/2026 13:22:02,412872,12,.1889,,3,.045,,,,,,,,,,,,,,,,,,,
01/06/2026 13:22:02,428221,4,.0406,,5,.0728,,,,,,,,,,,,,,,,,,,
01/06/2026 13:22:07,425897,8,.0756,,2,.0228,,,,,,,,,,,,,,,,,,,
01/06/2026 13:22:32,412872,4,.04,,12,.1767,,,,,,,,,,,,,,,,,,,
01/06/2026 13:22:32,428221,2,.0178,,7,.0717,,,,,,,,,,,,,,,,,,,
01/06/2026 13:22:37,425897,4,.0506,,9,.0878,,,,,,,,,,,,,,,,,,,
01/06/2026 13:23:02,412872,9,.1478,,1,.0156,,,,,,,,,,,,,,,,,,,
01/06/2026 13:23:02,428221,12,.1339,,7,.065,,,,,,,,,,,,,,,,,,,
01/06/2026 13:23:07,425897,6,.0528,,1,.0117,,,,,,,,,,,,,,,,,,,
01/06/2026 13:23:32,412872,0,0,,12,.1928,,,,,,,,,,,,,,,,,,,
01/06/2026 13:23:32,428221,7,.075,,6,.0756,,,,,,,,,,,,,,,,,,,
01/06/2026 13:23:37,425897,0,0,,1,.0106,,,,,,,,,,,,,,,,,,,
01/06/2026 13:24:02,412872,4,.0556,,4,.07,,,,,,,,,,,,,,,,,,,
01/06/2026 13:24:02,428221,3,.0306,,10,.0939,,,,,,,,,,,,,,,,,,,
01/06/2026 13:24:07,425897,7,.0656,,6,.0828,,,,,,,,,,,,,,,,,,,
01/06/2026 13:24:32,412872,1,.0167,,15,.235,,,,,,,,,,,,,,,,,,,
01/06/2026 13:24:32,428221,10,.11,,5,.07,,,,,,,,,,,,,,,,,,,
01/06/2026 13:24:37,425897,7,.08,,3,.035,,,,,,,,,,,,,,,,,,,
01/06/2026 13:25:02,412872,7,.0928,,4,.0506,,,,,,,,,,,,,,,,,,,
01/06/2026 13:25:02,428221,1,.0089,,1,.01,,,,,,,,,,,,,,,,,,,
01/06/2026 13:25:07,425897,8,.0817,,3,.0328,,,,,,,,,,,,,,,,,,,
01/06/2026 13:25:32,412872,1,.0067,,10,.1317,,,,,,,,,,,,,,,,,,,
01/06/2026 13:25:32,428221,9,.1039,,7,.065,,,,,,,,,,,,,,,,,,,
01/06/2026 13:25:37,425897,4,.0356,,2,.0217,,,,,,,,,,,,,,,,,,,
01/06/2026 13:26:02,412872,8,.115,,5,.07,,,,,,,,,,,,,,,,,,,
01/06/2026 13:26:02,428221,7,.0517,,7,.0628,,,,,,,,,,,,,,,,,,,
01/06/2026 13:26:07,425897,1,.0089,,2,.025,,,,,,,,,,,,,,,,,,,
01/06/2026 13:26:32,412872,0,0,,16,.2478,,,,,,,,,,,,,,,,,,,
01/06/2026 13:26:32,428221,2,.0189,,6,.0789,,,,,,,,,,,,,,,,,,,
01/06/2026 13:26:37,425897,7,.0617,,4,.0389,,,,,,,,,,,,,,,,,,,
01/06/2026 13:27:02,412872,7,.0867,,5,.065,,,,,,,,,,,,,,,,,,,
01/06/2026 13:27:02,428221,7,.0806,,11,.1378,,,,,,,,,,,,,,,,,,,
01/06/2026 13:27:07,425897,6,.0606,,2,.0156,,,,,,,,,,,,,,,,,,,
01/06/2026 13:27:32,412872,1,.01,,9,.1356,,,,,,,,,,,,,,,,,,,
01/06/2026 13:27:32,428221,1,.01,,3,.0306,,,,,,,,,,,,,,,,,,,
01/06/2026 13:27:37,425897,10,.11,,0,0,,,,,,,,,,,,,,,,,,,
01/06/2026 13:28:02,412872,4,.0489,,4,.06,,,,,,,,,,,,,,,,,,,
01/06/2026 13:28:02,428221,1,.01,,5,.0428,,,,,,,,,,,,,,,,,,,
01/06/2026 13:28:07,425897,10,.1256,,4,.0506,,,,,,,,,,,,,,,,,,,
01/06/2026 13:28:32,412872,2,.0517,,6,.1828,,,,,,,,,,,,,,,,,,,
01/06/2026 13:28:32,428221,9,.1017,,8,.0906,,,,,,,,,,,,,,,,,,,
01/06/2026 13:28:37,425897,2,.015,,1,.0228,,,,,,,,,,,,,,,,,,,
01/06/2026 13:29:02,412872,3,.0506,,5,.085,,,,,,,,,,,,,,,,,,,
01/06/2026 13:29:02,428221,2,.025,,10,.1067,,,,,,,,,,,,,,,,,,,
01/06/2026 13:29:07,425897,1,.01,,4,.0456,,,,,,,,,,,,,,,,,,,
01/06/2026 13:29:32,412872,6,.06,,14,.1678,,,,,,,,,,,,,,,,,,,
01/06/2026 13:29:32,428221,6,.0628,,9,.0839,,,,,,,,,,,,,,,,,,,
01/06/2026 13:29:37,425897,6,.0578,,2,.0228,,,,,,,,,,,,,,,,,,,
01/06/2026 13:30:02,412872,6,.095,,8,.1056,,,,,,,,,,,,,,,,,,,
01/06/2026 13:30:02,428221,4,.0467,,9,.1078,,,,,,,,,,,,,,,,,,,
01/06/2026 13:30:07,425897,11,.105,,1,.0078,,,,,,,,,,,,,,,,,,,
01/06/2026 13:30:32,412872,6,.0739,,6,.0817,,,,,,,,,,,,,,,,,,,
01/06/2026 13:30:32,428221,0,0,,1,.0089,,,,,,,,,,,,,,,,,,,
01/06/2026 13:30:37,425897,9,.0928,,4,.0328,,,,,,,,,,,,,,,,,,,
01/06/2026 13:31:02,412872,2,.0289,,6,.0778,,,,,,,,,,,,,,,,,,,
01/06/2026 13:31:02,428221,8,.0856,,8,.0767,,,,,,,,,,,,,,,,,,,
01/06/2026 13:31:07,425897,4,.0328,,5,.0539,,,,,,,,,,,,,,,,,,,
01/06/2026 13:31:32,412872,5,.0839,,4,.0606,,,,,,,,,,,,,,,,,,,
01/06/2026 13:31:32,428221,3,.0367,,10,.1128,,,,,,,,,,,,,,,,,,,
01/06/2026 13:31:37,425897,4,.035,,0,0,,,,,,,,,,,,,,,,,,,
01/06/2026 13:32:02,412872,9,.2006,,7,.0917,,,,,,,,,,,,,,,,,,,
01/06/2026 13:32:02,428221,3,.0317,,7,.08,,,,,,,,,,,,,,,,,,,
01/06/2026 13:32:07,425897,13,.1289,,2,.025,,,,,,,,,,,,,,,,,,,
01/06/2026 13:32:32,412872,5,.07,,6,.0889,,,,,,,,,,,,,,,,,,,
01/06/2026 13:32:32,428221,6,.0956,,7,.1,,,,,,,,,,,,,,,,,,,
01/06/2026 13:32:37,425897,4,.0556,,2,.0228,,,,,,,,,,,,,,,,,,,
01/06/2026 13:33:02,412872,6,.115,,12,.2006,,,,,,,,,,,,,,,,,,,
01/06/2026 13:33:02,428221,1,.01,,6,.0689,,,,,,,,,,,,,,,,,,,
01/06/2026 13:33:07,425897,6,.0806,,1,.0039,,,,,,,,,,,,,,,,,,,
01/06/2026 13:33:32,412872,7,.12,,11,.2039,,,,,,,,,,,,,,,,,,,
01/06/2026 13:33:32,428221,5,.045,,5,.0506,,,,,,,,,,,,,,,,,,,
01/06/2026 13:33:37,425897,2,.0189,,0,0,,,,,,,,,,,,,,,,,,,
01/06/2026 13:34:02,412872,4,.0506,,3,.0506,,,,,,,,,,,,,,,,,,,
01/06/2026 13:34:02,428221,5,.0439,,6,.0789,,,,,,,,,,,,,,,,,,,
01/06/2026 13:34:07,425897,4,.035,,5,.06,,,,,,,,,,,,,,,,,,,
01/06/2026 13:34:32,412872,9,.1356,,4,.0489,,,,,,,,,,,,,,,,,,,
01/06/2026 13:34:32,428221,2,.0217,,4,.0339,,,,,,,,,,,,,,,,,,,
01/06/2026 13:34:37,425897,7,.0728,,1,.0106,,,,,,,,,,,,,,,,,,,
01/06/2026 13:35:02,412872,2,.025,,12,.17,,,,,,,,,,,,,,,,,,,
01/06/2026 13:35:02,428221,10,.1067,,7,.1267,,,,,,,,,,,,,,,,,,,
01/06/2026 13:35:07,425897,7,.0728,,2,.0256,,,,,,,,,,,,,,,,,,,
01/06/2026 13:35:32,412872,10,.1756,,8,.1178,,,,,,,,,,,,,,,,,,,
01/06/2026 13:35:32,428221,2,.0256,,5,.0617,,,,,,,,,,,,,,,,,,,
01/06/2026 13:35:37,425897,7,.0689,,2,.0156,,,,,,,,,,,,,,,,,,,
01/06/2026 13:36:02,412872,0,0,,9,.1578,,,,,,,,,,,,,,,,,,,
01/06/2026 13:36:02,428221,8,.0956,,6,.0606,,,,,,,,,,,,,,,,,,,
01/06/2026 13:36:07,425897,0,.0028,,5,.055,,,,,,,,,,,,,,,,,,,
01/06/2026 13:36:32,412872,10,.1456,,3,.0367,,,,,,,,,,,,,,,,,,,
01/06/2026 13:36:32,428221,5,.0556,,9,.0856,,,,,,,,,,,,,,,,,,,
01/06/2026 13:36:37,425897,3,.0239,,2,.0206,,,,,,,,,,,,,,,,,,,
01/06/2026 13:37:02,412872,0,0,,10,.1306,,,,,,,,,,,,,,,,,,,
01/06/2026 13:37:02,428221,8,.0678,,11,.095,,,,,,,,,,,,,,,,,,,
01/06/2026 13:37:07,425897,7,.075,,1,.0089,,,,,,,,,,,,,,,,,,,
01/06/2026 13:37:32,412872,11,.1378,,2,.0289,,,,,,,,,,,,,,,,,,,
01/06/2026 13:37:32,428221,6,.0578,,5,.0578,,,,,,,,,,,,,,,,,,,
01/06/2026 13:37:37,425897,7,.0706,,1,.0106,,,,,,,,,,,,,,,,,,,
01/06/2026 13:38:02,412872,1,.0117,,7,.09,,,,,,,,,,,,,,,,,,,
01/06/2026 13:38:02,428221,6,.0678,,4,.0928,,,,,,,,,,,,,,,,,,,
01/06/2026 13:38:07,425897,3,.0478,,0,0,,,,,,,,,,,,,,,,,,,
01/06/2026 13:38:32,412872,9,.1689,,6,.1056,,,,,,,,,,,,,,,,,,,
01/06/2026 13:38:32,428221,3,.0256,,3,.03,,,,,,,,,,,,,,,,,,,
01/06/2026 13:38:37,425897,0,0,,0,0,,,,,,,,,,,,,,,,,,,
01/06/2026 13:39:02,412872,1,.0106,,15,.2328,,,,,,,,,,,,,,,,,,,
01/06/2026 13:39:02,428221,2,.0156,,10,.0917,,,,,,,,,,,,,,,,,,,
01/06/2026 13:39:07,425897,6,.0867,,6,.0739,,,,,,,,,,,,,,,,,,,
01/06/2026 13:39:32,412872,11,.2028,,3,.03,,,,,,,,,,,,,,,,,,,
01/06/2026 13:39:32,428221,5,.0439,,6,.0578,,,,,,,,,,,,,,,,,,,
01/06/2026 13:39:37,425897,12,.125,,2,.0289,,,,,,,,,,,,,,,,,,,
01/06/2026 13:40:02,412872,1,.01,,7,.0889,,,,,,,,,,,,,,,,,,,
01/06/2026 13:40:02,428221,3,.0278,,3,.0328,,,,,,,,,,,,,,,,,,,
01/06/2026 13:40:07,425897,6,.065,,1,.0039,,,,,,,,,,,,,,,,,,,
01/06/2026 13:40:32,412872,10,.1467,,3,.0506,,,,,,,,,,,,,,,,,,,
01/06/2026 13:40:32,428221,10,.1189,,9,.1128,,,,,,,,,,,,,,,,,,,
01/06/2026 13:40:37,425897,4,.045,,7,.1139,,,,,,,,,,,,,,,,,,,
01/06/2026 13:41:02,412872,6,.0817,,11,.1506,,,,,,,,,,,,,,,,,,,
01/06/2026 13:41:02,428221,2,.0189,,1,.01,,,,,,,,,,,,,,,,,,,
01/06/2026 13:41:07,425897,2,.0178,,1,0,,,,,,,,,,,,,,,,,,,
01/06/2026 13:41:32,412872,11,.275,,8,.1856,,,,,,,,,,,,,,,,,,,
01/06/2026 13:41:32,428221,1,.0089,,4,.0406,,,,,,,,,,,,,,,,,,,
01/06/2026 13:41:37,425897,3,.0289,,2,.0289,,,,,,,,,,,,,,,,,,,
01/06/2026 13:42:02,412872,3,.0356,,7,.1128,,,,,,,,,,,,,,,,,,,
01/06/2026 13:42:02,428221,1,.0089,,10,.0928,,,,,,,,,,,,,,,,,,,
01/06/2026 13:42:07,425897,9,.0956,,7,.0689,,,,,,,,,,,,,,,,,,,
01/06/2026 13:42:32,412872,9,.1806,,7,.1417,,,,,,,,,,,,,,,,,,,
01/06/2026 13:42:32,428221,1,.0078,,2,.0167,,,,,,,,,,,,,,,,,,,
01/06/2026 13:42:37,425897,13,.145,,2,.0239,,,,,,,,,,,,,,,,,,,
01/06/2026 13:43:02,412872,4,.0467,,11,.1478,,,,,,,,,,,,,,,,,,,
01/06/2026 13:43:02,428221,7,.0689,,9,.09,,,,,,,,,,,,,,,,,,,
01/06/2026 13:43:07,425897,4,.0306,,4,.045,,,,,,,,,,,,,,,,,,,
01/06/2026 13:43:32,412872,7,.1067,,5,.0739,,,,,,,,,,,,,,,,,,,
01/06/2026 13:43:32,428221,4,.0489,,1,.0128,,,,,,,,,,,,,,,,,,,
01/06/2026 13:43:37,425897,2,.0178,,6,.0689,,,,,,,,,,,,,,,,,,,
01/06/2026 13:44:02,412872,5,.055,,6,.0756,,,,,,,,,,,,,,,,,,,
01/06/2026 13:44:02,428221,1,.0078,,1,.0078,,,,,,,,,,,,,,,,,,,
01/06/2026 13:44:07,425897,3,.0289,,2,.0128,,,,,,,,,,,,,,,,,,,
01/06/2026 13:44:32,412872,2,.0206,,7,.0928,,,,,,,,,,,,,,,,,,,
01/06/2026 13:44:32,428221,11,.1206,,9,.0989,,,,,,,,,,,,,,,,,,,
01/06/2026 13:44:37,425897,8,.0928,,1,.0106,,,,,,,,,,,,,,,,,,,
01/06/2026 13:45:02,412872,5,.0739,,7,.08,,,,,,,,,,,,,,,,,,,
01/06/2026 13:45:02,428221,8,.1417,,5,.1228,,,,,,,,,,,,,,,,,,,
01/06/2026 13:45:07,425897,11,.1117,,5,.0428,,,,,,,,,,,,,,,,,,,
01/06/2026 13:45:32,412872,7,.1239,,9,.1278,,,,,,,,,,,,,,,,,,,
01/06/2026 13:45:32,428221,6,.0639,,7,.0739,,,,,,,,,,,,,,,,,,,
01/06/2026 13:45:37,425897,7,.085,,5,.08,,,,,,,,,,,,,,,,,,,
01/06/2026 13:46:02,412872,6,.08,,6,.0789,,,,,,,,,,,,,,,,,,,
01/06/2026 13:46:02,428221,9,.1106,,8,.09,,,,,,,,,,,,,,,,,,,
01/06/2026 13:46:07,425897,1,.0106,,2,.025,,,,,,,,,,,,,,,,,,,
01/06/2026 13:46:32,412872,6,.0756,,12,.1539,,,,,,,,,,,,,,,,,,,
01/06/2026 13:46:32,428221,4,.0439,,2,.0256,,,,,,,,,,,,,,,,,,,
01/06/2026 13:46:37,425897,2,.0167,,2,.02,,,,,,,,,,,,,,,,,,,
01/06/2026 13:47:02,412872,6,.08,,1,.0128,,,,,,,,,,,,,,,,,,,
01/06/2026 13:47:02,428221,9,.0939,,7,.0606,,,,,,,,,,,,,,,,,,,
01/06/2026 13:47:07,425897,4,.04,,4,.0439,,,,,,,,,,,,,,,,,,,
01/06/2026 13:47:32,412872,3,.0478,,12,.1678,,,,,,,,,,,,,,,,,,,
01/06/2026 13:47:32,428221,2,.02,,5,.0478,,,,,,,,,,,,,,,,,,,
01/06/2026 13:47:37,425897,12,.1206,,4,.0356,,,,,,,,,,,,,,,,,,,
01/06/2026 13:48:02,412872,8,.1017,,0,0,,,,,,,,,,,,,,,,,,,
01/06/2026 13:48:02,428221,3,.02,,9,.08,,,,,,,,,,,,,,,,,,,
01/06/2026 13:48:07,425897,7,.0806,,2,.0256,,,,,,,,,,,,,,,,,,,
01/06/2026 13:48:32,412872,2,.0278,,10,.1439,,,,,,,,,,,,,,,,,,,
01/06/2026 13:48:32,428221,8,.0856,,9,.1078,,,,,,,,,,,,,,,,,,,
01/06/2026 13:48:37,425897,2,.0178,,0,0,,,,,,,,,,,,,,,,,,,
01/06/2026 13:49:02,412872,10,.1806,,9,.1417,,,,,,,,,,,,,,,,,,,
01/06/2026 13:49:02,428221,4,.0356,,2,.0189,,,,,,,,,,,,,,,,,,,
01/06/2026 13:49:07,425897,3,.03,,2,.0178,,,,,,,,,,,,,,,,,,,
01/06/2026 13:49:32,412872,3,.0578,,7,.1167,,,,,,,,,,,,,,,,,,,
01/06/2026 13:49:32,428221,10,.1089,,5,.0506,,,,,,,,,,,,,,,,,,,
01/06/2026 13:49:37,425897,7,.075,,4,.0867,,,,,,,,,,,,,,,,,,,
01/06/2026 13:50:02,412872,8,.12,,8,.1139,,,,,,,,,,,,,,,,,,,
01/06/2026 13:50:02,428221,4,.0406,,10,.095,,,,,,,,,,,,,,,,,,,
01/06/2026 13:50:07,425897,12,.1228,,3,.0389,,,,,,,,,,,,,,,,,,,
01/06/2026 13:50:32,412872,3,.0328,,15,.2039,,,,,,,,,,,,,,,,,,,
01/06/2026 13:50:32,428221,8,.09,,7,.0789,,,,,,,,,,,,,,,,,,,
01/06/2026 13:50:37,425897,13,.1406,,1,.0039,,,,,,,,,,,,,,,,,,,
01/06/2026 13:51:02,412872,7,.1139,,9,.13,,,,,,,,,,,,,,,,,,,
01/06/2026 13:51:02,428221,7,.0739,,6,.0617,,,,,,,,,,,,,,,,,,,
01/06/2026 13:51:07,425897,5,.0656,,3,.0389,,,,,,,,,,,,,,,,,,,
01/06/2026 13:51:32,412872,2,.0228,,12,.1506,,,,,,,,,,,,,,,,,,,
01/06/2026 13:51:32,428221,0,0,,2,.0189,,,,,,,,,,,,,,,,,,,
01/06/2026 13:51:37,425897,6,.0817,,5,.0856,,,,,,,,,,,,,,,,,,,
01/06/2026 13:52:02,412872,9,.1239,,3,.04,,,,,,,,,,,,,,,,,,,
01/06/2026 13:52:02,428221,1,.0056,,6,.0439,,,,,,,,,,,,,,,,,,,
01/06/2026 13:52:07,425897,4,.0278,,2,.0139,,,,,,,,,,,,,,,,,,,
01/06/2026 13:52:32,412872,0,0,,15,.2106,,,,,,,,,,,,,,,,,,,
01/06/2026 13:52:32,428221,3,.0317,,8,.0756,,,,,,,,,,,,,,,,,,,
01/06/2026 13:52:37,425897,8,.1017,,2,.04,,,,,,,,,,,,,,,,,,,
01/06/2026 13:53:02,412872,11,.1806,,4,.0639,,,,,,,,,,,,,,,,,,,
01/06/2026 13:53:02,428221,4,.04,,11,.1417,,,,,,,,,,,,,,,,,,,
01/06/2026 13:53:07,425897,13,.1278,,3,.0339,,,,,,,,,,,,,,,,,,,
01/06/2026 13:53:32,412872,2,.0139,,9,.1078,,,,,,,,,,,,,,,,,,,
01/06/2026 13:53:32,428221,5,.0506,,6,.06,,,,,,,,,,,,,,,,,,,
01/06/2026 13:53:37,425897,11,.1178,,3,.0317,,,,,,,,,,,,,,,,,,,
01/06/2026 13:54:02,412872,12,.2028,,3,.0517,,,,,,,,,,,,,,,,,,,
01/06/2026 13:54:02,428221,7,.0856,,7,.0856,,,,,,,,,,,,,,,,,,,
01/06/2026 13:54:07,425897,4,.0556,,1,.0078,,,,,,,,,,,,,,,,,,,
01/06/2026 13:54:32,412872,1,.0078,,12,.16,,,,,,,,,,,,,,,,,,,
01/06/2026 13:54:32,428221,3,.0356,,4,.0417,,,,,,,,,,,,,,,,,,,
01/06/2026 13:54:37,425897,6,.0656,,8,.095,,,,,,,,,,,,,,,,,,,
01/06/2026 13:55:02,412872,8,.1106,,3,.0306,,,,,,,,,,,,,,,,,,,
01/06/2026 13:55:02,428221,12,.1356,,2,.0167,,,,,,,,,,,,,,,,,,,
01/06/2026 13:55:07,425897,7,.09,,4,.0478,,,,,,,,,,,,,,,,,,,
01/06/2026 13:55:32,412872,2,.025,,17,.28,,,,,,,,,,,,,,,,,,,
01/06/2026 13:55:32,428221,7,.0756,,8,.0789,,,,,,,,,,,,,,,,,,,
01/06/2026 13:55:37,425897,9,.095,,7,.0839,,,,,,,,,,,,,,,,,,,
01/06/2026 13:56:02,412872,11,.2039,,8,.1239,,,,,,,,,,,,,,,,,,,
01/06/2026 13:56:02,428221,4,.04,,11,.1089,,,,,,,,,,,,,,,,,,,
01/06/2026 13:56:07,425897,0,0,,3,.0656,,,,,,,,,,,,,,,,,,,
01/06/2026 13:56:32,412872,3,.0339,,4,.0606,,,,,,,,,,,,,,,,,,,
01/06/2026 13:56:32,428221,10,.1139,,9,.0867,,,,,,,,,,,,,,,,,,,
01/06/2026 13:56:37,425897,4,.0656,,1,.01,,,,,,,,,,,,,,,,,,,
01/06/2026 13:57:02,412872,2,.0217,,3,.0378,,,,,,,,,,,,,,,,,,,
01/06/2026 13:57:02,428221,0,0,,0,0,,,,,,,,,,,,,,,,,,,
01/06/2026 13:57:07,425897,6,.065,,5,.0478,,,,,,,,,,,,,,,,,,,
01/06/2026 13:57:32,412872,2,.035,,4,.0539,,,,,,,,,,,,,,,,,,,
01/06/2026 13:57:32,428221,3,.0339,,3,.0567,,,,,,,,,,,,,,,,,,,
01/06/2026 13:57:37,425897,11,.1178,,1,.0117,,,,,,,,,,,,,,,,,,,
01/06/2026 13:58:02,412872,10,.1156,,4,.0428,,,,,,,,,,,,,,,,,,,
01/06/2026 13:58:02,428221,6,.0589,,6,.0528,,,,,,,,,,,,,,,,,,,
01/06/2026 13:58:07,425897,0,0,,0,0,,,,,,,,,,,,,,,,,,,
01/06/2026 13:58:32,412872,2,.025,,8,.1178,,,,,,,,,,,,,,,,,,,
01/06/2026 13:58:32,428221,4,.0689,,8,.0806,,,,,,,,,,,,,,,,,,,
01/06/2026 13:58:37,425897,1,.01,,1,.0139,,,,,,,,,,,,,,,,,,,
01/06/2026 13:59:02,412872,8,.1339,,3,.0367,,,,,,,,,,,,,,,,,,,
01/06/2026 13:59:02,428221,7,.0789,,8,.0839,,,,,,,,,,,,,,,,,,,
01/06/2026 13:59:07,425897,4,.0356,,2,.0178,,,,,,,,,,,,,,,,,,,
01/06/2026 13:59:32,412872,5,.0589,,4,.0428,,,,,,,,,,,,,,,,,,,
01/06/2026 13:59:32,428221,6,.075,,6,.07,,,,,,,,,,,,,,,,,,,
01/06/2026 13:59:37,425897,6,.0589,,1,.0039,,,,,,,,,,,,,,,,,,,
01/06/2026 14:00:02,412872,8,.1267,,10,.1567,,,,,,,,,,,,,,,,,,,
01/06/2026 14:00:02,428221,9,.09,,7,.0878,,,,,,,,,,,,,,,,,,,
01/06/2026 14:00:07,425897,10,.1106,,8,.0667,,,,,,,,,,,,,,,,,,,
01/06/2026 14:00:32,412872,7,.085,,4,.0456,,,,,,,,,,,,,,,,,,,
01/06/2026 14:00:32,428221,7,.0739,,6,.0756,,,,,,,,,,,,,,,,,,,
01/06/2026 14:00:37,425897,9,.1267,,3,.045,,,,,,,,,,,,,,,,,,,
01/06/2026 14:01:02,412872,7,.1578,,5,.0878,,,,,,,,,,,,,,,,,,,
01/06/2026 14:01:02,428221,6,.0678,,7,.0667,,,,,,,,,,,,,,,,,,,
01/06/2026 14:01:07,425897,3,.0239,,2,.0139,,,,,,,,,,,,,,,,,,,
01/06/2026 14:01:32,412872,4,.06,,2,.0217,,,,,,,,,,,,,,,,,,,
01/06/2026 14:01:32,428221,3,.03,,4,.0417,,,,,,,,,,,,,,,,,,,
01/06/2026 14:01:37,425897,3,.0306,,3,.0278,,,,,,,,,,,,,,,,,,,
01/06/2026 14:02:02,412872,2,.0339,,10,.1439,,,,,,,,,,,,,,,,,,,
01/06/2026 14:02:02,428221,10,.1456,,7,.1139,,,,,,,,,,,,,,,,,,,
01/06/2026 14:02:07,425897,7,.0706,,1,.0117,,,,,,,,,,,,,,,,,,,
01/06/2026 14:02:32,412872,7,.1006,,2,.0256,,,,,,,,,,,,,,,,,,,
01/06/2026 14:02:32,428221,0,0,,3,.0217,,,,,,,,,,,,,,,,,,,
01/06/2026 14:02:37,425897,9,.0967,,4,.0539,,,,,,,,,,,,,,,,,,,
01/06/2026 14:03:02,412872,2,.0167,,9,.115,,,,,,,,,,,,,,,,,,,
01/06/2026 14:03:02,428221,6,.07,,7,.0789,,,,,,,,,,,,,,,,,,,
01/06/2026 14:03:07,425897,9,.0878,,4,.0317,,,,,,,,,,,,,,,,,,,
01/06/2026 14:03:32,412872,5,.06,,1,.0128,,,,,,,,,,,,,,,,,,,
01/06/2026 14:03:32,428221,5,.0539,,4,.0367,,,,,,,,,,,,,,,,,,,
01/06/2026 14:03:37,425897,8,.0856,,4,.045,,,,,,,,,,,,,,,,,,,
01/06/2026 14:04:02,412872,3,.05,,11,.175,,,,,,,,,,,,,,,,,,,
01/06/2026 14:04:02,428221,6,.055,,10,.09,,,,,,,,,,,,,,,,,,,
01/06/2026 14:04:07,425897,5,.05,,3,.0267,,,,,,,,,,,,,,,,,,,
01/06/2026 14:04:32,412872,8,.1339,,7,.0978,,,,,,,,,,,,,,,,,,,
01/06/2026 14:04:32,428221,7,.0717,,3,.0789,,,,,,,,,,,,,,,,,,,
01/06/2026 14:04:37,425897,9,.0728,,4,.0478,,,,,,,,,,,,,,,,,,,
01/06/2026 14:05:02,412872,0,0,,4,.11,,,,,,,,,,,,,,,,,,,
01/06/2026 14:05:02,428221,2,.0189,,4,.0406,,,,,,,,,,,,,,,,,,,
01/06/2026 14:05:07,425897,6,.0567,,1,.0106,,,,,,,,,,,,,,,,,,,
01/06/2026 14:05:32,412872,7,.0856,,2,.0267,,,,,,,,,,,,,,,,,,,
01/06/2026 14:05:32,428221,11,.1189,,6,.055,,,,,,,,,,,,,,,,,,,
01/06/2026 14:05:37,425897,8,.0828,,2,.0428,,,,,,,,,,,,,,,,,,,
01/06/2026 14:06:02,412872,4,.0417,,13,.1856,,,,,,,,,,,,,,,,,,,
01/06/2026 14:06:02,428221,6,.0578,,6,.06,,,,,,,,,,,,,,,,,,,
01/06/2026 14:06:07,425897,2,.0178,,0,0,,,,,,,,,,,,,,,,,,,
01/06/2026 14:06:32,412872,6,.105,,7,.0989,,,,,,,,,,,,,,,,,,,
01/06/2026 14:06:32,428221,5,.0556,,8,.0828,,,,,,,,,,,,,,,,,,,
01/06/2026 14:06:37,425897,6,.0678,,3,.0328,,,,,,,,,,,,,,,,,,,
01/06/2026 14:07:02,412872,0,0,,10,.1306,,,,,,,,,,,,,,,,,,,
01/06/2026 14:07:02,428221,6,.0628,,10,.1217,,,,,,,,,,,,,,,,,,,
01/06/2026 14:07:07,425897,12,.1306,,6,.07,,,,,,,,,,,,,,,,,,,
01/06/2026 14:07:32,412872,13,.1578,,3,.0256,,,,,,,,,,,,,,,,,,,
01/06/2026 14:07:32,428221,3,.035,,8,.0889,,,,,,,,,,,,,,,,,,,
01/06/2026 14:07:37,425897,7,.0706,,4,.0406,,,,,,,,,,,,,,,,,,,
01/06/2026 14:08:02,412872,2,.0228,,14,.1906,,,,,,,,,,,,,,,,,,,
01/06/2026 14:08:02,428221,0,0,,4,.0456,,,,,,,,,,,,,,,,,,,
01/06/2026 14:08:07,425897,8,.095,,4,.0467,,,,,,,,,,,,,,,,,,,
01/06/2026 14:08:32,412872,12,.1928,,2,.0167,,,,,,,,,,,,,,,,,,,
01/06/2026 14:08:32,428221,11,.1156,,8,.085,,,,,,,,,,,,,,,,,,,
01/06/2026 14:08:37,425897,2,.0156,,4,.0456,,,,,,,,,,,,,,,,,,,
01/06/2026 14:09:02,412872,1,.0139,,11,.1567,,,,,,,,,,,,,,,,,,,
01/06/2026 14:09:02,428221,0,0,,4,.0389,,,,,,,,,,,,,,,,,,,
01/06/2026 14:09:07,425897,3,.0278,,0,0,,,,,,,,,,,,,,,,,,,
01/06/2026 14:09:32,412872,7,.1,,5,.0717,,,,,,,,,,,,,,,,,,,
01/06/2026 14:09:32,428221,8,.0956,,7,.0717,,,,,,,,,,,,,,,,,,,
01/06/2026 14:09:37,425897,9,.1089,,2,.0256,,,,,,,,,,,,,,,,,,,
01/06/2026 14:10:02,412872,0,0,,8,.1556,,,,,,,,,,,,,,,,,,,
01/06/2026 14:10:02,428221,4,.0506,,7,.0789,,,,,,,,,,,,,,,,,,,
01/06/2026 14:10:07,425897,8,.0767,,4,.045,,,,,,,,,,,,,,,,,,,
01/06/2026 14:10:32,412872,9,.125,,6,.0717,,,,,,,,,,,,,,,,,,,
01/06/2026 14:10:32,428221,4,.0439,,12,.1356,,,,,,,,,,,,,,,,,,,
01/06/2026 14:10:37,425897,11,.1406,,4,.0478,,,,,,,,,,,,,,,,,,,
01/06/2026 14:11:02,412872,2,.0839,,8,.1867,,,,,,,,,,,,,,,,,,,
01/06/2026 14:11:02,428221,5,.055,,11,.1089,,,,,,,,,,,,,,,,,,,
01/06/2026 14:11:07,425897,10,.1106,,3,.0278,,,,,,,,,,,,,,,,,,,
01/06/2026 14:11:32,412872,9,.1489,,7,.0967,,,,,,,,,,,,,,,,,,,
01/06/2026 14:11:32,428221,2,.0206,,9,.075,,,,,,,,,,,,,,,,,,,
01/06/2026 14:11:37,425897,7,.0828,,3,.0339,,,,,,,,,,,,,,,,,,,
01/06/2026 14:12:02,412872,3,.0367,,8,.1167,,,,,,,,,,,,,,,,,,,
01/06/2026 14:12:02,428221,8,.0839,,6,.0578,,,,,,,,,,,,,,,,,,,
01/06/2026 14:12:07,425897,10,.1167,,6,.0828,,,,,,,,,,,,,,,,,,,
01/06/2026 14:12:32,412872,8,.115,,6,.085,,,,,,,,,,,,,,,,,,,
01/06/2026 14:12:32,428221,2,.0189,,3,.0278,,,,,,,,,,,,,,,,,,,
01/06/2026 14:12:37,425897,8,.085,,7,.0928,,,,,,,,,,,,,,,,,,,
01/06/2026 14:13:02,412872,5,.0617,,2,.0278,,,,,,,,,,,,,,,,,,,
01/06/2026 14:13:02,428221,5,.0578,,4,.0539,,,,,,,,,,,,,,,,,,,
01/06/2026 14:13:07,425897,13,.1428,,1,.0128,,,,,,,,,,,,,,,,,,,
01/06/2026 14:13:32,412872,1,.015,,9,.1206,,,,,,,,,,,,,,,,,,,
01/06/2026 14:13:32,428221,8,.1528,,8,.1717,,,,,,,,,,,,,,,,,,,
01/06/2026 14:13:37,425897,11,.1039,,5,.0406,,,,,,,,,,,,,,,,,,,
01/06/2026 14:14:02,412872,4,.0528,,7,.1006,,,,,,,,,,,,,,,,,,,
01/06/2026 14:14:02,428221,5,.0617,,12,.1939,,,,,,,,,,,,,,,,,,,
01/06/2026 14:14:07,425897,2,.0189,,1,.01,,,,,,,,,,,,,,,,,,,
01/06/2026 14:14:32,412872,3,.045,,7,.115,,,,,,,,,,,,,,,,,,,
01/06/2026 14:14:32,428221,7,.0856,,7,.0867,,,,,,,,,,,,,,,,,,,
01/06/2026 14:14:37,425897,9,.1106,,5,.0689,,,,,,,,,,,,,,,,,,,
01/06/2026 14:15:02,412872,6,.08,,2,.0228,,,,,,,,,,,,,,,,,,,
01/06/2026 14:15:02,428221,4,.07,,4,.0628,,,,,,,,,,,,,,,,,,,
01/06/2026 14:15:07,425897,8,.0828,,0,0,,,,,,,,,,,,,,,,,,,
01/06/2026 14:15:32,412872,7,.0989,,6,.0778,,,,,,,,,,,,,,,,,,,
01/06/2026 14:15:32,428221,6,.0728,,7,.0617,,,,,,,,,,,,,,,,,,,
01/06/2026 14:15:37,425897,11,.1139,,2,.025,,,,,,,,,,,,,,,,,,,
01/06/2026 14:16:02,412872,6,.075,,8,.1039,,,,,,,,,,,,,,,,,,,
01/06/2026 14:16:02,428221,9,.1156,,9,.1289,,,,,,,,,,,,,,,,,,,
01/06/2026 14:16:07,425897,2,.015,,4,.0406,,,,,,,,,,,,,,,,,,,
01/06/2026 14:16:32,412872,3,.0567,,9,.1356,,,,,,,,,,,,,,,,,,,
01/06/2026 14:16:32,428221,5,.0539,,8,.0856,,,,,,,,,,,,,,,,,,,
01/06/2026 14:16:37,425897,8,.075,,3,.0217,,,,,,,,,,,,,,,,,,,
01/06/2026 14:17:02,412872,9,.0928,,1,.01,,,,,,,,,,,,,,,,,,,
01/06/2026 14:17:02,428221,4,.0406,,5,.045,,,,,,,,,,,,,,,,,,,
01/06/2026 14:17:07,425897,10,.0939,,3,.0367,,,,,,,,,,,,,,,,,,,
01/06/2026 14:17:32,412872,4,.0506,,11,.1667,,,,,,,,,,,,,,,,,,,
01/06/2026 14:17:32,428221,11,.1317,,8,.0939,,,,,,,,,,,,,,,,,,,
01/06/2026 14:17:37,425897,5,.1978,,4,.1828,,,,,,,,,,,,,,,,,,,
01/06/2026 14:18:02,412872,11,.1378,,2,.0189,,,,,,,,,,,,,,,,,,,
01/06/2026 14:18:02,428221,1,.0039,,1,.0067,,,,,,,,,,,,,,,,,,,
01/06/2026 14:18:07,425897,6,.195,,6,.1806,,,,,,,,,,,,,,,,,,,
01/06/2026 14:18:32,412872,0,0,,8,.1089,,,,,,,,,,,,,,,,,,,
01/06/2026 14:18:32,428221,3,.0328,,6,.06,,,,,,,,,,,,,,,,,,,
01/06/2026 14:18:37,425897,2,.0906,,2,.0956,,,,,,,,,,,,,,,,,,,
01/06/2026 14:19:02,412872,9,.1256,,6,.0767,,,,,,,,,,,,,,,,,,,
01/06/2026 14:19:02,428221,10,.1267,,10,.1328,,,,,,,,,,,,,,,,,,,
01/06/2026 14:19:07,425897,3,.1628,,4,.1489,,,,,,,,,,,,,,,,,,,
01/06/2026 14:19:32,412872,1,.0128,,11,.1578,,,,,,,,,,,,,,,,,,,
01/06/2026 14:19:32,428221,2,.0178,,10,.1039,,,,,,,,,,,,,,,,,,,
01/06/2026 14:19:37,425897,7,.2406,,4,.1256,,,,,,,,,,,,,,,,,,,
01/06/2026 14:20:02,412872,10,.1356,,3,.0367,,,,,,,,,,,,,,,,,,,
01/06/2026 14:20:02,428221,5,.0606,,8,.0839,,,,,,,,,,,,,,,,,,,
01/06/2026 14:20:07,425897,7,.2967,,9,.3878,,,,,,,,,,,,,,,,,,,
01/06/2026 14:20:32,412872,1,.0078,,9,.12,,,,,,,,,,,,,,,,,,,
01/06/2026 14:20:32,428221,6,.1128,,6,.0739,,,,,,,,,,,,,,,,,,,
01/06/2026 14:20:37,425897,7,.2867,,6,.2889,,,,,,,,,,,,,,,,,,,
01/06/2026 14:21:02,412872,9,.1167,,1,.005,,,,,,,,,,,,,,,,,,,
01/06/2026 14:21:02,428221,1,.0117,,2,.0206,,,,,,,,,,,,,,,,,,,
01/06/2026 14:21:07,425897,5,.2467,,5,.2356,,,,,,,,,,,,,,,,,,,
01/06/2026 14:21:32,412872,0,0,,10,.1306,,,,,,,,,,,,,,,,,,,
01/06/2026 14:21:32,428221,5,.05,,4,.0356,,,,,,,,,,,,,,,,,,,
01/06/2026 14:21:37,425897,7,.2339,,6,.2689,,,,,,,,,,,,,,,,,,,
01/06/2026 14:22:02,412872,8,.0989,,3,.0267,,,,,,,,,,,,,,,,,,,
01/06/2026 14:22:02,428221,5,.0489,,11,.12,,,,,,,,,,,,,,,,,,,
01/06/2026 14:22:07,425897,5,.2239,,6,.3006,,,,,,,,,,,,,,,,,,,
01/06/2026 14:22:32,412872,1,.0106,,14,.215,,,,,,,,,,,,,,,,,,,
01/06/2026 14:22:32,428221,2,.0217,,10,.1128,,,,,,,,,,,,,,,,,,,
01/06/2026 14:22:37,425897,6,.2828,,6,.2689,,,,,,,,,,,,,,,,,,,
01/06/2026 14:23:02,412872,12,.205,,2,.035,,,,,,,,,,,,,,,,,,,
01/06/2026 14:23:02,428221,7,.085,,8,.09,,,,,,,,,,,,,,,,,,,
01/06/2026 14:23:07,425897,6,.185,,6,.245,,,,,,,,,,,,,,,,,,,
01/06/2026 14:23:32,412872,4,.0506,,17,.2328,,,,,,,,,,,,,,,,,,,
01/06/2026 14:23:32,428221,0,0,,1,.0117,,,,,,,,,,,,,,,,,,,
01/06/2026 14:23:37,425897,6,.2278,,5,.1767,,,,,,,,,,,,,,,,,,,
01/06/2026 14:24:02,412872,12,.1767,,5,.0617,,,,,,,,,,,,,,,,,,,
01/06/2026 14:24:02,428221,3,.0306,,4,.0389,,,,,,,,,,,,,,,,,,,
01/06/2026 14:24:07,425897,5,.2006,,7,.1906,,,,,,,,,,,,,,,,,,,
01/06/2026 14:24:32,412872,1,.02,,9,.1439,,,,,,,,,,,,,,,,,,,
01/06/2026 14:24:32,428221,7,.1028,,8,.1117,,,,,,,,,,,,,,,,,,,
01/06/2026 14:24:37,425897,6,.2428,,8,.2967,,,,,,,,,,,,,,,,,,,
01/06/2026 14:25:02,412872,10,.16,,6,.0928,,,,,,,,,,,,,,,,,,,
01/06/2026 14:25:02,428221,8,.1717,,6,.1289,,,,,,,,,,,,,,,,,,,
01/06/2026 14:25:07,425897,6,.225,,7,.2739,,,,,,,,,,,,,,,,,,,
01/06/2026 14:25:32,412872,0,0,,14,.22,,,,,,,,,,,,,,,,,,,
01/06/2026 14:25:32,428221,8,.1628,,7,.1589,,,,,,,,,,,,,,,,,,,
01/06/2026 14:25:37,425897,7,.2367,,9,.315,,,,,,,,,,,,,,,,,,,
01/06/2026 14:26:02,412872,8,.2417,,8,.2128,,,,,,,,,,,,,,,,,,,
01/06/2026 14:26:02,428221,8,.2039,,4,.0739,,,,,,,,,,,,,,,,,,,
01/06/2026 14:26:07,425897,6,.3067,,6,.2467,,,,,,,,,,,,,,,,,,,
01/06/2026 14:26:32,412872,1,.0156,,10,.16,,,,,,,,,,,,,,,,,,,
01/06/2026 14:26:32,428221,1,.01,,1,.0078,,,,,,,,,,,,,,,,,,,
01/06/2026 14:26:37,425897,6,.2689,,8,.2389,,,,,,,,,,,,,,,,,,,
01/06/2026 14:27:02,412872,3,.0456,,7,.09,,,,,,,,,,,,,,,,,,,
01/06/2026 14:27:02,428221,5,.0467,,7,.0739,,,,,,,,,,,,,,,,,,,
01/06/2026 14:27:07,425897,7,.2356,,8,.2289,,,,,,,,,,,,,,,,,,,
01/06/2026 14:27:32,412872,3,.0417,,13,.1817,,,,,,,,,,,,,,,,,,,
01/06/2026 14:27:32,428221,6,.0606,,5,.0528,,,,,,,,,,,,,,,,,,,
01/06/2026 14:27:37,425897,5,.1678,,7,.2789,,,,,,,,,,,,,,,,,,,
01/06/2026 14:28:02,412872,11,.1906,,5,.0806,,,,,,,,,,,,,,,,,,,
01/06/2026 14:28:02,428221,6,.0728,,10,.1028,,,,,,,,,,,,,,,,,,,
01/06/2026 14:28:07,425897,6,.2617,,5,.2378,,,,,,,,,,,,,,,,,,,
01/06/2026 14:28:32,412872,9,.1078,,12,.1789,,,,,,,,,,,,,,,,,,,
01/06/2026 14:28:32,428221,5,.0556,,8,.0839,,,,,,,,,,,,,,,,,,,
01/06/2026 14:28:37,425897,5,.2056,,7,.2528,,,,,,,,,,,,,,,,,,,
01/06/2026 14:29:02,412872,4,.0606,,11,.1367,,,,,,,,,,,,,,,,,,,
01/06/2026 14:29:02,428221,4,.0556,,8,.1178,,,,,,,,,,,,,,,,,,,
01/06/2026 14:29:07,425897,6,.2528,,4,.18,,,,,,,,,,,,,,,,,,,
01/06/2026 14:29:32,412872,6,.0717,,2,.0278,,,,,,,,,,,,,,,,,,,
01/06/2026 14:29:32,428221,1,.0056,,2,.0139,,,,,,,,,,,,,,,,,,,
01/06/2026 14:29:37,425897,5,.1917,,5,.2317,,,,,,,,,,,,,,,,,,,
01/06/2026 14:30:02,412872,6,.0939,,13,.2417,,,,,,,,,,,,,,,,,,,
01/06/2026 14:30:02,428221,7,.0789,,4,.0328,,,,,,,,,,,,,,,,,,,
01/06/2026 14:30:07,425897,7,.2789,,6,.3767,,,,,,,,,,,,,,,,,,,
01/06/2026 14:30:32,412872,8,.1256,,7,.1117,,,,,,,,,,,,,,,,,,,
01/06/2026 14:30:32,428221,4,.04,,4,.0628,,,,,,,,,,,,,,,,,,,
01/06/2026 14:30:37,425897,7,.2539,,9,.3117,,,,,,,,,,,,,,,,,,,
01/06/2026 14:31:02,412872,2,.0356,,11,.1417,,,,,,,,,,,,,,,,,,,
01/06/2026 14:31:02,428221,4,.0556,,10,.1256,,,,,,,,,,,,,,,,,,,
01/06/2026 14:31:07,425897,7,.2417,,9,.2739,,,,,,,,,,,,,,,,,,,
01/06/2026 14:31:32,412872,7,.1367,,8,.11,,,,,,,,,,,,,,,,,,,
01/06/2026 14:31:32,428221,8,.12,,8,.1217,,,,,,,,,,,,,,,,,,,
01/06/2026 14:31:37,425897,4,.1528,,4,.1467,,,,,,,,,,,,,,,,,,,
01/06/2026 14:32:02,412872,3,.04,,13,.1817,,,,,,,,,,,,,,,,,,,
01/06/2026 14:32:02,428221,2,.025,,0,0,,,,,,,,,,,,,,,,,,,
01/06/2026 14:32:07,425897,5,.2289,,5,.1956,,,,,,,,,,,,,,,,,,,
01/06/2026 14:32:32,412872,11,.1439,,8,.1106,,,,,,,,,,,,,,,,,,,
01/06/2026 14:32:32,428221,6,.0917,,4,.0789,,,,,,,,,,,,,,,,,,,
01/06/2026 14:32:37,425897,4,.22,,7,.2639,,,,,,,,,,,,,,,,,,,
01/06/2026 14:33:02,412872,3,.0317,,11,.1467,,,,,,,,,,,,,,,,,,,
01/06/2026 14:33:02,428221,7,.1639,,7,.1506,,,,,,,,,,,,,,,,,,,
01/06/2026 14:33:07,425897,6,.265,,7,.3478,,,,,,,,,,,,,,,,,,,
01/06/2026 14:33:32,412872,10,.1167,,6,.08,,,,,,,,,,,,,,,,,,,
01/06/2026 14:33:32,428221,6,.1206,,8,.1917,,,,,,,,,,,,,,,,,,,
01/06/2026 14:33:37,425897,7,.26,,9,.2856,,,,,,,,,,,,,,,,,,,
01/06/2026 14:34:02,412872,1,.0106,,15,.2189,,,,,,,,,,,,,,,,,,,
01/06/2026 14:34:02,428221,5,.1017,,7,.1228,,,,,,,,,,,,,,,,,,,
01/06/2026 14:34:07,425897,5,.1667,,6,.2306,,,,,,,,,,,,,,,,,,,
01/06/2026 14:34:32,412872,10,.1456,,3,.05,,,,,,,,,,,,,,,,,,,
01/06/2026 14:34:32,428221,5,.0706,,8,.0956,,,,,,,,,,,,,,,,,,,
01/06/2026 14:34:37,425897,6,.1989,,6,.3017,,,,,,,,,,,,,,,,,,,
01/06/2026 14:35:02,412872,4,.0389,,12,.1667,,,,,,,,,,,,,,,,,,,
01/06/2026 14:35:02,428221,1,.0078,,1,.0039,,,,,,,,,,,,,,,,,,,
01/06/2026 14:35:07,425897,6,.2339,,8,.2889,,,,,,,,,,,,,,,,,,,
01/06/2026 14:35:32,412872,10,.2389,,6,.1206,,,,,,,,,,,,,,,,,,,
01/06/2026 14:35:32,428221,1,.015,,7,.0928,,,,,,,,,,,,,,,,,,,
01/06/2026 14:35:37,425897,6,.265,,8,.2539,,,,,,,,,,,,,,,,,,,
01/06/2026 14:36:02,412872,1,.0178,,11,.2239,,,,,,,,,,,,,,,,,,,
01/06/2026 14:36:02,428221,4,.0467,,2,.0228,,,,,,,,,,,,,,,,,,,
01/06/2026 14:36:07,425897,7,.245,,9,.3206,,,,,,,,,,,,,,,,,,,
01/06/2026 14:36:32,412872,6,.0778,,4,.0567,,,,,,,,,,,,,,,,,,,
01/06/2026 14:36:32,428221,3,.0439,,6,.0867,,,,,,,,,,,,,,,,,,,
01/06/2026 14:36:37,425897,7,.27,,5,.18,,,,,,,,,,,,,,,,,,,
01/06/2026 14:37:02,412872,1,.0067,,12,.15,,,,,,,,,,,,,,,,,,,
01/06/2026 14:37:02,428221,5,.0578,,3,.0306,,,,,,,,,,,,,,,,,,,
01/06/2026 14:37:07,425897,6,.2128,,4,.1406,,,,,,,,,,,,,,,,,,,
01/06/2026 14:37:32,412872,6,.0856,,3,.0439,,,,,,,,,,,,,,,,,,,
01/06/2026 14:37:32,428221,11,.1306,,9,.1267,,,,,,,,,,,,,,,,,,,
01/06/2026 14:37:37,425897,6,.22,,7,.305,,,,,,,,,,,,,,,,,,,
01/06/2026 14:38:02,412872,1,.0089,,13,.1756,,,,,,,,,,,,,,,,,,,
01/06/2026 14:38:02,428221,1,.01,,2,.0156,,,,,,,,,,,,,,,,,,,
01/06/2026 14:38:07,425897,5,.2278,,5,.2367,,,,,,,,,,,,,,,,,,,
01/06/2026 14:38:32,412872,10,.1367,,6,.0728,,,,,,,,,,,,,,,,,,,
01/06/2026 14:38:32,428221,8,.0956,,7,.0828,,,,,,,,,,,,,,,,,,,
01/06/2026 14:38:37,425897,7,.2339,,8,.2439,,,,,,,,,,,,,,,,,,,
01/06/2026 14:39:02,412872,1,.0067,,13,.1556,,,,,,,,,,,,,,,,,,,
01/06/2026 14:39:02,428221,10,.1717,,6,.0856,,,,,,,,,,,,,,,,,,,
01/06/2026 14:39:07,425897,6,.2356,,10,.2778,,,,,,,,,,,,,,,,,,,
01/06/2026 14:39:32,412872,13,.1889,,2,.0267,,,,,,,,,,,,,,,,,,,
01/06/2026 14:39:32,428221,4,.04,,10,.1139,,,,,,,,,,,,,,,,,,,
01/06/2026 14:39:37,425897,6,.2339,,6,.3489,,,,,,,,,,,,,,,,,,,
01/06/2026 14:40:02,412872,3,.0389,,14,.1889,,,,,,,,,,,,,,,,,,,
01/06/2026 14:40:02,428221,5,.0606,,9,.0978,,,,,,,,,,,,,,,,,,,
01/06/2026 14:40:07,425897,6,.215,,8,.2628,,,,,,,,,,,,,,,,,,,
01/06/2026 14:40:32,412872,12,.1767,,4,.0567,,,,,,,,,,,,,,,,,,,
01/06/2026 14:40:32,428221,4,.0567,,5,.0589,,,,,,,,,,,,,,,,,,,
01/06/2026 14:40:37,425897,6,.2,,9,.3406,,,,,,,,,,,,,,,,,,,
01/06/2026 14:41:02,412872,5,.1056,,9,.3306,,,,,,,,,,,,,,,,,,,
01/06/2026 14:41:02,428221,3,.03,,4,.0367,,,,,,,,,,,,,,,,,,,
01/06/2026 14:41:07,425897,6,.2067,,7,.2778,,,,,,,,,,,,,,,,,,,
01/06/2026 14:41:32,412872,10,.4228,,4,.1878,,,,,,,,,,,,,,,,,,,
01/06/2026 14:41:32,428221,4,.0578,,8,.1128,,,,,,,,,,,,,,,,,,,
01/06/2026 14:41:37,425897,7,.2156,,7,.2628,,,,,,,,,,,,,,,,,,,
01/06/2026 14:42:02,412872,5,.3889,,7,.3978,,,,,,,,,,,,,,,,,,,
01/06/2026 14:42:02,428221,4,.0628,,9,.1217,,,,,,,,,,,,,,,,,,,
01/06/2026 14:42:07,425897,7,.2206,,10,.335,,,,,,,,,,,,,,,,,,,
01/06/2026 14:42:32,412872,7,.3339,,7,.3817,,,,,,,,,,,,,,,,,,,
01/06/2026 14:42:32,428221,1,.015,,6,.0739,,,,,,,,,,,,,,,,,,,
01/06/2026 14:42:37,425897,6,.2189,,7,.3306,,,,,,,,,,,,,,,,,,,
01/06/2026 14:43:02,412872,7,.35,,9,.495,,,,,,,,,,,,,,,,,,,
01/06/2026 14:43:02,428221,9,.1278,,7,.1206,,,,,,,,,,,,,,,,,,,
01/06/2026 14:43:07,425897,6,.2428,,6,.2178,,,,,,,,,,,,,,,,,,,
01/06/2026 14:43:32,412872,4,.18,,8,.3117,,,,,,,,,,,,,,,,,,,
01/06/2026 14:43:32,428221,1,.0117,,4,.0406,,,,,,,,,,,,,,,,,,,
01/06/2026 14:43:37,425897,7,.2117,,7,.2917,,,,,,,,,,,,,,,,,,,
01/06/2026 14:44:02,412872,8,.32,,9,.3439,,,,,,,,,,,,,,,,,,,
01/06/2026 14:44:02,428221,5,.0556,,4,.0406,,,,,,,,,,,,,,,,,,,
01/06/2026 14:44:07,425897,3,.15,,3,.1267,,,,,,,,,,,,,,,,,,,
01/06/2026 14:44:32,412872,8,.5028,,7,.4428,,,,,,,,,,,,,,,,,,,
01/06/2026 14:44:32,428221,10,.1256,,11,.1217,,,,,,,,,,,,,,,,,,,
01/06/2026 14:44:37,425897,7,.2117,,4,.1167,,,,,,,,,,,,,,,,,,,
01/06/2026 14:45:02,412872,6,.42,,5,.295,,,,,,,,,,,,,,,,,,,
01/06/2026 14:45:02,428221,5,.0628,,8,.0989,,,,,,,,,,,,,,,,,,,
01/06/2026 14:45:07,425897,7,.2756,,8,.2489,,,,,,,,,,,,,,,,,,,
01/06/2026 14:45:32,412872,7,.2939,,8,.355,,,,,,,,,,,,,,,,,,,
01/06/2026 14:45:32,428221,5,.0589,,8,.0856,,,,,,,,,,,,,,,,,,,
01/06/2026 14:45:37,425897,6,.215,,6,.2189,,,,,,,,,,,,,,,,,,,
01/06/2026 14:46:02,412872,6,.4417,,6,.5628,,,,,,,,,,,,,,,,,,,
01/06/2026 14:46:02,428221,6,.1189,,7,.1117,,,,,,,,,,,,,,,,,,,
01/06/2026 14:46:07,425897,6,.2356,,7,.2628,,,,,,,,,,,,,,,,,,,
01/06/2026 14:46:32,412872,6,.6278,,4,.5106,,,,,,,,,,,,,,,,,,,
01/06/2026 14:46:32,428221,7,.0928,,5,.0539,,,,,,,,,,,,,,,,,,,
01/06/2026 14:46:37,425897,5,.175,,8,.2339,,,,,,,,,,,,,,,,,,,
01/06/2026 14:47:02,412872,4,.4617,,5,.6267,,,,,,,,,,,,,,,,,,,
01/06/2026 14:47:02,428221,3,.035,,5,.0506,,,,,,,,,,,,,,,,,,,
01/06/2026 14:47:07,425897,5,.2306,,5,.2406,,,,,,,,,,,,,,,,,,,
01/06/2026 14:47:32,412872,8,.5039,,7,.5089,,,,,,,,,,,,,,,,,,,
01/06/2026 14:47:32,428221,10,.1339,,7,.0917,,,,,,,,,,,,,,,,,,,
01/06/2026 14:47:37,425897,4,.2167,,5,.175,,,,,,,,,,,,,,,,,,,
01/06/2026 14:48:02,412872,5,.45,,3,.27,,,,,,,,,,,,,,,,,,,
01/06/2026 14:48:02,428221,4,.0517,,7,.0889,,,,,,,,,,,,,,,,,,,
01/06/2026 14:48:07,425897,5,.1967,,5,.2328,,,,,,,,,,,,,,,,,,,
01/06/2026 14:48:32,412872,6,.2978,,6,.2689,,,,,,,,,,,,,,,,,,,
01/06/2026 14:48:32,428221,10,.1139,,5,.0489,,,,,,,,,,,,,,,,,,,
01/06/2026 14:48:37,425897,6,.2178,,8,.3678,,,,,,,,,,,,,,,,,,,
01/06/2026 14:49:02,412872,8,.4039,,7,.4039,,,,,,,,,,,,,,,,,,,
01/06/2026 14:49:02,428221,3,.0539,,3,.0767,,,,,,,,,,,,,,,,,,,
01/06/2026 14:49:07,425897,7,.2539,,7,.2567,,,,,,,,,,,,,,,,,,,
01/06/2026 14:49:32,412872,5,.46,,6,.4328,,,,,,,,,,,,,,,,,,,
01/06/2026 14:49:32,428221,2,.0239,,3,.045,,,,,,,,,,,,,,,,,,,
01/06/2026 14:49:37,425897,7,.2367,,9,.2967,,,,,,,,,,,,,,,,,,,
01/06/2026 14:50:02,412872,6,.485,,5,.4967,,,,,,,,,,,,,,,,,,,
01/06/2026 14:50:02,428221,7,.1039,,9,.1067,,,,,,,,,,,,,,,,,,,
01/06/2026 14:50:07,425897,6,.1978,,7,.3678,,,,,,,,,,,,,,,,,,,
01/06/2026 14:50:32,412872,6,.4189,,6,.4228,,,,,,,,,,,,,,,,,,,
01/06/2026 14:50:32,428221,7,.0967,,7,.0928,,,,,,,,,,,,,,,,,,,
01/06/2026 14:50:37,425897,5,.2128,,6,.2939,,,,,,,,,,,,,,,,,,,
01/06/2026 14:51:02,412872,7,.4567,,7,.4106,,,,,,,,,,,,,,,,,,,
01/06/2026 14:51:02,428221,2,.0306,,10,.1017,,,,,,,,,,,,,,,,,,,
01/06/2026 14:51:07,425897,7,.2617,,7,.2778,,,,,,,,,,,,,,,,,,,
01/06/2026 14:51:32,412872,6,.385,,5,.4339,,,,,,,,,,,,,,,,,,,
01/06/2026 14:51:32,428221,3,.0339,,2,.0228,,,,,,,,,,,,,,,,,,,
01/06/2026 14:51:37,425897,5,.2428,,6,.29,,,,,,,,,,,,,,,,,,,
01/06/2026 14:52:02,412872,6,.3539,,6,.3928,,,,,,,,,,,,,,,,,,,
01/06/2026 14:52:02,428221,3,.0278,,1,.005,,,,,,,,,,,,,,,,,,,
01/06/2026 14:52:07,425897,6,.2106,,6,.3856,,,,,,,,,,,,,,,,,,,
01/06/2026 14:52:32,412872,6,.3678,,7,.42,,,,,,,,,,,,,,,,,,,
01/06/2026 14:52:32,428221,3,.0306,,5,.0556,,,,,,,,,,,,,,,,,,,
01/06/2026 14:52:37,425897,5,.1828,,7,.245,,,,,,,,,,,,,,,,,,,
01/06/2026 14:53:02,412872,7,.5739,,6,.4828,,,,,,,,,,,,,,,,,,,
01/06/2026 14:53:02,428221,12,.1728,,7,.1339,,,,,,,,,,,,,,,,,,,
01/06/2026 14:53:07,425897,6,.2389,,6,.2728,,,,,,,,,,,,,,,,,,,
01/06/2026 14:53:32,412872,7,.5139,,6,.4756,,,,,,,,,,,,,,,,,,,
01/06/2026 14:53:32,428221,10,.1306,,6,.1228,,,,,,,,,,,,,,,,,,,
01/06/2026 14:53:37,425897,5,.1867,,6,.2139,,,,,,,,,,,,,,,,,,,
01/06/2026 14:54:02,412872,6,.3978,,6,.405,,,,,,,,,,,,,,,,,,,
01/06/2026 14:54:02,428221,3,.0428,,8,.0839,,,,,,,,,,,,,,,,,,,
01/06/2026 14:54:07,425897,5,.2228,,5,.245,,,,,,,,,,,,,,,,,,,
01/06/2026 14:54:32,412872,8,.5106,,5,.2989,,,,,,,,,,,,,,,,,,,
01/06/2026 14:54:32,428221,1,.0128,,2,.0206,,,,,,,,,,,,,,,,,,,
01/06/2026 14:54:37,425897,5,.19,,4,.1717,,,,,,,,,,,,,,,,,,,
01/06/2026 14:55:02,412872,7,.35,,9,.4089,,,,,,,,,,,,,,,,,,,
01/06/2026 14:55:02,428221,4,.0406,,3,.0328,,,,,,,,,,,,,,,,,,,
01/06/2026 14:55:07,425897,5,.1639,,8,.2867,,,,,,,,,,,,,,,,,,,
01/06/2026 14:55:32,412872,6,.6228,,5,.4928,,,,,,,,,,,,,,,,,,,
01/06/2026 14:55:32,428221,7,.1,,7,.08,,,,,,,,,,,,,,,,,,,
01/06/2026 14:55:37,425897,4,.205,,4,.1378,,,,,,,,,,,,,,,,,,,
01/06/2026 14:56:02,412872,3,.1239,,3,.17,,,,,,,,,,,,,,,,,,,
01/06/2026 14:56:02,428221,6,.0778,,8,.1106,,,,,,,,,,,,,,,,,,,
01/06/2026 14:56:07,425897,5,.1928,,6,.4917,,,,,,,,,,,,,,,,,,,
01/06/2026 14:56:32,412872,5,.2528,,5,.2028,,,,,,,,,,,,,,,,,,,
01/06/2026 14:56:32,428221,5,.0817,,6,.1039,,,,,,,,,,,,,,,,,,,
01/06/2026 14:56:37,425897,5,.1878,,4,.13,,,,,,,,,,,,,,,,,,,
01/06/2026 14:57:02,412872,7,.2306,,6,.2289,,,,,,,,,,,,,,,,,,,
01/06/2026 14:57:02,428221,5,.0778,,9,.1456,,,,,,,,,,,,,,,,,,,
01/06/2026 14:57:07,425897,6,.195,,7,.395,,,,,,,,,,,,,,,,,,,
01/06/2026 14:57:32,412872,7,.2817,,8,.3167,,,,,,,,,,,,,,,,,,,
01/06/2026 14:57:32,428221,3,.0689,,6,.1106,,,,,,,,,,,,,,,,,,,
01/06/2026 14:57:37,425897,6,.2206,,9,.2867,,,,,,,,,,,,,,,,,,,
01/06/2026 14:58:02,412872,5,.5739,,4,.2217,,,,,,,,,,,,,,,,,,,
01/06/2026 14:58:02,428221,2,.0167,,5,.0489,,,,,,,,,,,,,,,,,,,
01/06/2026 14:58:07,425897,7,.3028,,9,.2617,,,,,,,,,,,,,,,,,,,
01/06/2026 14:58:32,412872,7,.2606,,6,.2756,,,,,,,,,,,,,,,,,,,
01/06/2026 14:58:32,428221,9,.1156,,8,.1067,,,,,,,,,,,,,,,,,,,
01/06/2026 14:58:37,425897,7,.2128,,8,.3228,,,,,,,,,,,,,,,,,,,
01/06/2026 14:59:02,412872,10,.3439,,3,.105,,,,,,,,,,,,,,,,,,,
01/06/2026 14:59:02,428221,5,.0617,,10,.115,,,,,,,,,,,,,,,,,,,
01/06/2026 14:59:07,425897,7,.2256,,7,.3506,,,,,,,,,,,,,,,,,,,
01/06/2026 14:59:32,412872,9,.3889,,7,.2356,,,,,,,,,,,,,,,,,,,
01/06/2026 14:59:32,428221,4,.1206,,10,.235,,,,,,,,,,,,,,,,,,,
01/06/2026 14:59:37,425897,3,.1,,7,.25,,,,,,,,,,,,,,,,,,,
01/06/2026 15:00:02,412872,10,.3317,,7,.21,,,,,,,,,,,,,,,,,,,
01/06/2026 15:00:02,428221,7,.1717,,8,.1628,,,,,,,,,,,,,,,,,,,
01/06/2026 15:00:07,425897,6,.2728,,6,.2917,,,,,,,,,,,,,,,,,,,
01/06/2026 15:00:32,412872,5,.21,,8,.5239,,,,,,,,,,,,,,,,,,,
01/06/2026 15:00:32,428221,2,.1089,,2,.0506,,,,,,,,,,,,,,,,,,,
01/06/2026 15:00:37,425897,7,.2378,,6,.255,,,,,,,,,,,,,,,,,,,
01/06/2026 15:01:02,412872,6,.5589,,4,.38,,,,,,,,,,,,,,,,,,,
01/06/2026 15:01:02,428221,5,.0556,,5,.0439,,,,,,,,,,,,,,,,,,,
01/06/2026 15:01:07,425897,6,.1906,,7,.3006,,,,,,,,,,,,,,,,,,,
01/06/2026 15:01:32,412872,8,.4128,,6,.2656,,,,,,,,,,,,,,,,,,,
01/06/2026 15:01:32,428221,3,.0328,,9,.1039,,,,,,,,,,,,,,,,,,,
01/06/2026 15:01:37,425897,8,.2739,,9,.3278,,,,,,,,,,,,,,,,,,,
01/06/2026 15:02:02,412872,6,.4217,,7,.5289,,,,,,,,,,,,,,,,,,,
01/06/2026 15:02:02,428221,5,.07,,8,.1028,,,,,,,,,,,,,,,,,,,
01/06/2026 15:02:07,425897,6,.27,,9,.3378,,,,,,,,,,,,,,,,,,,
01/06/2026 15:02:32,412872,6,.5567,,5,.365,,,,,,,,,,,,,,,,,,,
01/06/2026 15:02:32,428221,4,.0428,,5,.07,,,,,,,,,,,,,,,,,,,
01/06/2026 15:02:37,425897,6,.1989,,7,.2317,,,,,,,,,,,,,,,,,,,
01/06/2026 15:03:02,412872,6,.3539,,5,.3006,,,,,,,,,,,,,,,,,,,
01/06/2026 15:03:02,428221,7,.1,,5,.09,,,,,,,,,,,,,,,,,,,
01/06/2026 15:03:07,425897,6,.2367,,7,.2328,,,,,,,,,,,,,,,,,,,
01/06/2026 15:03:32,412872,6,.24,,6,.2356,,,,,,,,,,,,,,,,,,,
01/06/2026 15:03:32,428221,2,.0206,,4,.0339,,,,,,,,,,,,,,,,,,,
01/06/2026 15:03:37,425897,5,.1728,,6,.2678,,,,,,,,,,,,,,,,,,,
01/06/2026 15:04:02,412872,5,.2117,,5,.1778,,,,,,,,,,,,,,,,,,,
01/06/2026 15:04:02,428221,1,.0106,,6,.0606,,,,,,,,,,,,,,,,,,,
01/06/2026 15:04:07,425897,4,.14,,5,.2489,,,,,,,,,,,,,,,,,,,
01/06/2026 15:04:32,412872,7,.2217,,6,.2439,,,,,,,,,,,,,,,,,,,
01/06/2026 15:04:32,428221,4,.0456,,3,.0339,,,,,,,,,,,,,,,,,,,
01/06/2026 15:04:37,425897,7,.2889,,8,.345,,,,,,,,,,,,,,,,,,,
01/06/2026 15:05:02,412872,4,.2067,,5,.1856,,,,,,,,,,,,,,,,,,,
01/06/2026 15:05:02,428221,0,0,,1,.0128,,,,,,,,,,,,,,,,,,,
01/06/2026 15:05:07,425897,5,.1956,,7,.3189,,,,,,,,,,,,,,,,,,,
01/06/2026 15:05:32,412872,6,.2317,,7,.245,,,,,,,,,,,,,,,,,,,
01/06/2026 15:05:32,428221,5,.0567,,8,.0817,,,,,,,,,,,,,,,,,,,
01/06/2026 15:05:37,425897,7,.2489,,8,.2967,,,,,,,,,,,,,,,,,,,
01/06/2026 15:06:02,412872,7,.2978,,6,.2206,,,,,,,,,,,,,,,,,,,
01/06/2026 15:06:02,428221,7,.1178,,3,.05,,,,,,,,,,,,,,,,,,,
01/06/2026 15:06:07,425897,6,.2428,,7,.415,,,,,,,,,,,,,,,,,,,
01/06/2026 15:06:32,412872,6,.245,,7,.285,,,,,,,,,,,,,,,,,,,
01/06/2026 15:06:32,428221,4,.045,,2,.03,,,,,,,,,,,,,,,,,,,
01/06/2026 15:06:37,425897,8,.2689,,9,.27,,,,,,,,,,,,,,,,,,,
01/06/2026 15:07:02,412872,6,.2539,,7,.3467,,,,,,,,,,,,,,,,,,,
01/06/2026 15:07:02,428221,9,.1039,,7,.1156,,,,,,,,,,,,,,,,,,,
01/06/2026 15:07:07,425897,6,.2117,,8,.27,,,,,,,,,,,,,,,,,,,
01/06/2026 15:07:32,412872,6,.2967,,5,.3156,,,,,,,,,,,,,,,,,,,
01/06/2026 15:07:32,428221,4,.045,,6,.085,,,,,,,,,,,,,,,,,,,
01/06/2026 15:07:37,425897,7,.2928,,8,.2889,,,,,,,,,,,,,,,,,,,
01/06/2026 15:08:02,412872,6,.235,,6,.2628,,,,,,,,,,,,,,,,,,,
01/06/2026 15:08:02,428221,6,.0739,,8,.1028,,,,,,,,,,,,,,,,,,,
01/06/2026 15:08:07,425897,7,.2289,,6,.2617,,,,,,,,,,,,,,,,,,,
01/06/2026 15:08:32,412872,5,.2178,,7,.2678,,,,,,,,,,,,,,,,,,,
01/06/2026 15:08:32,428221,3,.0517,,5,.06,,,,,,,,,,,,,,,,,,,
01/06/2026 15:08:37,425897,6,.2228,,6,.27,,,,,,,,,,,,,,,,,,,
01/06/2026 15:09:02,412872,6,.225,,2,.0767,,,,,,,,,,,,,,,,,,,
01/06/2026 15:09:02,428221,0,0,,0,0,,,,,,,,,,,,,,,,,,,
01/06/2026 15:09:07,425897,6,.2306,,7,.3056,,,,,,,,,,,,,,,,,,,
01/06/2026 15:09:32,412872,4,.1467,,6,.2367,,,,,,,,,,,,,,,,,,,
01/06/2026 15:09:32,428221,4,.045,,8,.0928,,,,,,,,,,,,,,,,,,,
01/06/2026 15:09:37,425897,6,.235,,8,.3639,,,,,,,,,,,,,,,,,,,
01/06/2026 15:10:02,412872,3,.1278,,6,.25,,,,,,,,,,,,,,,,,,,
01/06/2026 15:10:02,428221,9,.11,,5,.0639,,,,,,,,,,,,,,,,,,,
01/06/2026 15:10:07,425897,7,.2706,,8,.275,,,,,,,,,,,,,,,,,,,
01/06/2026 15:10:32,412872,6,.22,,7,.2906,,,,,,,,,,,,,,,,,,,
01/06/2026 15:10:32,428221,0,0,,4,.0456,,,,,,,,,,,,,,,,,,,
01/06/2026 15:10:37,425897,5,.2606,,7,.29,,,,,,,,,,,,,,,,,,,
01/06/2026 15:11:02,412872,4,.145,,6,.215,,,,,,,,,,,,,,,,,,,
01/06/2026 15:11:02,428221,12,.1578,,8,.0939,,,,,,,,,,,,,,,,,,,
01/06/2026 15:11:07,425897,6,.2217,,5,.325,,,,,,,,,,,,,,,,,,,
01/06/2026 15:11:32,412872,5,.1906,,7,.2856,,,,,,,,,,,,,,,,,,,
01/06/2026 15:11:32,428221,1,.0139,,2,.0267,,,,,,,,,,,,,,,,,,,
01/06/2026 15:11:37,425897,6,.2378,,6,.2506,,,,,,,,,,,,,,,,,,,
01/06/2026 15:12:02,412872,1,.0506,,1,.005,,,,,,,,,,,,,,,,,,,
01/06/2026 15:12:02,428221,5,.065,,4,.0539,,,,,,,,,,,,,,,,,,,
01/06/2026 15:12:07,425897,5,.2589,,7,.2739,,,,,,,,,,,,,,,,,,,
01/06/2026 15:12:32,412872,7,.2356,,5,.2128,,,,,,,,,,,,,,,,,,,
01/06/2026 15:12:32,428221,5,.0678,,7,.0939,,,,,,,,,,,,,,,,,,,
01/06/2026 15:12:37,425897,7,.2406,,8,.3228,,,,,,,,,,,,,,,,,,,
01/06/2026 15:13:02,412872,6,.2228,,7,.2517,,,,,,,,,,,,,,,,,,,
01/06/2026 15:13:02,428221,9,.135,,8,.1056,,,,,,,,,,,,,,,,,,,
01/06/2026 15:13:07,425897,6,.2417,,8,.315,,,,,,,,,,,,,,,,,,,
01/06/2026 15:13:32,412872,5,.165,,7,.2228,,,,,,,,,,,,,,,,,,,
01/06/2026 15:13:32,428221,5,.095,,8,.1378,,,,,,,,,,,,,,,,,,,
01/06/2026 15:13:37,425897,6,.2356,,6,.24,,,,,,,,,,,,,,,,,,,
01/06/2026 15:14:02,412872,7,.2567,,7,.24,,,,,,,,,,,,,,,,,,,
01/06/2026 15:14:02,428221,5,.2939,,8,.3506,,,,,,,,,,,,,,,,,,,
01/06/2026 15:14:07,425897,7,.2439,,6,.23,,,,,,,,,,,,,,,,,,,
01/06/2026 15:14:32,412872,4,.1906,,6,.33,,,,,,,,,,,,,,,,,,,
01/06/2026 15:14:32,428221,4,.2328,,5,.2017,,,,,,,,,,,,,,,,,,,
01/06/2026 15:14:37,425897,4,.1667,,6,.285,,,,,,,,,,,,,,,,,,,
01/06/2026 15:15:02,412872,8,.2567,,7,.2228,,,,,,,,,,,,,,,,,,,
01/06/2026 15:15:02,428221,7,.0878,,2,.0156,,,,,,,,,,,,,,,,,,,
01/06/2026 15:15:07,425897,6,.2278,,6,.2378,,,,,,,,,,,,,,,,,,,
01/06/2026 15:15:32,412872,8,.265,,7,.27,,,,,,,,,,,,,,,,,,,
01/06/2026 15:15:32,428221,4,.0528,,10,.125,,,,,,,,,,,,,,,,,,,
01/06/2026 15:15:37,425897,6,.225,,8,.2478,,,,,,,,,,,,,,,,,,,
01/06/2026 15:16:02,412872,5,.2267,,7,.2467,,,,,,,,,,,,,,,,,,,
01/06/2026 15:16:02,428221,4,.0667,,9,.1467,,,,,,,,,,,,,,,,,,,
01/06/2026 15:16:07,425897,6,.23,,4,.2117,,,,,,,,,,,,,,,,,,,
01/06/2026 15:16:32,412872,5,.1656,,7,.2378,,,,,,,,,,,,,,,,,,,
01/06/2026 15:16:32,428221,4,.2317,,5,.2867,,,,,,,,,,,,,,,,,,,
01/06/2026 15:16:37,425897,6,.275,,3,.43,,,,,,,,,,,,,,,,,,,
01/06/2026 15:17:02,412872,6,.2278,,6,.2356,,,,,,,,,,,,,,,,,,,
01/06/2026 15:17:02,428221,6,.3578,,6,.4506,,,,,,,,,,,,,,,,,,,
01/06/2026 15:17:07,425897,5,.1417,,3,.1039,,,,,,,,,,,,,,,,,,,
01/06/2026 15:17:32,412872,6,.2378,,5,.2156,,,,,,,,,,,,,,,,,,,
01/06/2026 15:17:32,428221,5,.4806,,5,.4217,,,,,,,,,,,,,,,,,,,
01/06/2026 15:17:37,425897,6,.21,,8,.2339,,,,,,,,,,,,,,,,,,,
01/06/2026 15:18:02,412872,6,.225,,7,.2956,,,,,,,,,,,,,,,,,,,
01/06/2026 15:18:02,428221,6,.4328,,6,.2889,,,,,,,,,,,,,,,,,,,
01/06/2026 15:18:07,425897,7,.2217,,4,.2556,,,,,,,,,,,,,,,,,,,
01/06/2026 15:18:32,412872,5,.21,,5,.2228,,,,,,,,,,,,,,,,,,,
01/06/2026 15:18:32,428221,9,.39,,8,.3428,,,,,,,,,,,,,,,,,,,
01/06/2026 15:18:37,425897,5,.1689,,4,.205,,,,,,,,,,,,,,,,,,,
01/06/2026 15:19:02,412872,6,.2828,,8,.3528,,,,,,,,,,,,,,,,,,,
01/06/2026 15:19:02,428221,6,.5078,,5,.3689,,,,,,,,,,,,,,,,,,,
01/06/2026 15:19:07,425897,6,.23,,8,.2639,,,,,,,,,,,,,,,,,,,
01/06/2026 15:19:32,412872,6,.2739,,6,.2317,,,,,,,,,,,,,,,,,,,
01/06/2026 15:19:32,428221,3,.47,,5,.4239,,,,,,,,,,,,,,,,,,,
01/06/2026 15:19:37,425897,6,.2156,,4,.2228,,,,,,,,,,,,,,,,,,,
01/06/2026 15:20:02,412872,6,.3639,,5,.2389,,,,,,,,,,,,,,,,,,,
01/06/2026 15:20:02,428221,6,.4589,,7,.4728,,,,,,,,,,,,,,,,,,,
01/06/2026 15:20:07,425897,5,.1928,,5,.16,,,,,,,,,,,,,,,,,,,
01/06/2026 15:20:32,412872,6,.3317,,6,.3967,,,,,,,,,,,,,,,,,,,
01/06/2026 15:20:32,428221,2,.1289,,3,.235,,,,,,,,,,,,,,,,,,,
01/06/2026 15:20:37,425897,6,.2139,,4,.1478,,,,,,,,,,,,,,,,,,,
01/06/2026 15:21:02,412872,5,.3478,,5,.4778,,,,,,,,,,,,,,,,,,,
01/06/2026 15:21:02,428221,8,.1506,,6,.1289,,,,,,,,,,,,,,,,,,,
01/06/2026 15:21:07,425897,7,.2039,,5,.1789,,,,,,,,,,,,,,,,,,,
01/06/2026 15:21:32,412872,5,.2539,,6,.3289,,,,,,,,,,,,,,,,,,,
01/06/2026 15:21:32,428221,7,.1739,,6,.1367,,,,,,,,,,,,,,,,,,,
01/06/2026 15:21:37,425897,7,.2267,,4,.1956,,,,,,,,,,,,,,,,,,,
01/06/2026 15:22:02,412872,4,.3517,,5,.3317,,,,,,,,,,,,,,,,,,,
01/06/2026 15:22:02,428221,4,.1117,,10,.2467,,,,,,,,,,,,,,,,,,,
01/06/2026 15:22:07,425897,6,.2217,,4,.1367,,,,,,,,,,,,,,,,,,,
01/06/2026 15:22:32,412872,6,.2628,,6,.3067,,,,,,,,,,,,,,,,,,,
01/06/2026 15:22:32,428221,5,.5656,,3,.2428,,,,,,,,,,,,,,,,,,,
01/06/2026 15:22:37,425897,7,.2289,,8,.26,,,,,,,,,,,,,,,,,,,
01/06/2026 15:23:02,412872,6,.3406,,6,.27,,,,,,,,,,,,,,,,,,,
01/06/2026 15:23:02,428221,4,.2628,,3,.1439,,,,,,,,,,,,,,,,,,,
01/06/2026 15:23:07,425897,7,.2278,,7,.2689,,,,,,,,,,,,,,,,,,,
01/06/2026 15:23:32,412872,5,.2589,,6,.3156,,,,,,,,,,,,,,,,,,,
01/06/2026 15:23:32,428221,2,.0256,,5,.0606,,,,,,,,,,,,,,,,,,,
01/06/2026 15:23:37,425897,6,.2,,4,.175,,,,,,,,,,,,,,,,,,,
01/06/2026 15:24:02,412872,5,.2789,,5,.3156,,,,,,,,,,,,,,,,,,,
01/06/2026 15:24:02,428221,2,.0228,,7,.0806,,,,,,,,,,,,,,,,,,,
01/06/2026 15:24:07,425897,6,.2106,,6,.205,,,,,,,,,,,,,,,,,,,
01/06/2026 15:24:32,412872,7,.2756,,6,.2539,,,,,,,,,,,,,,,,,,,
01/06/2026 15:24:32,428221,5,.0628,,8,.0978,,,,,,,,,,,,,,,,,,,
01/06/2026 15:24:37,425897,4,.1989,,6,.2417,,,,,,,,,,,,,,,,,,,
01/06/2026 15:25:02,412872,5,.2039,,5,.3039,,,,,,,,,,,,,,,,,,,
01/06/2026 15:25:02,428221,5,.0778,,7,.1039,,,,,,,,,,,,,,,,,,,
01/06/2026 15:25:07,425897,6,.2939,,9,.3478,,,,,,,,,,,,,,,,,,,
01/06/2026 15:25:32,412872,5,.2528,,7,.3656,,,,,,,,,,,,,,,,,,,
01/06/2026 15:25:32,428221,7,.1828,,7,.1239,,,,,,,,,,,,,,,,,,,
01/06/2026 15:25:37,425897,7,.1967,,9,.2606,,,,,,,,,,,,,,,,,,,
01/06/2026 15:26:02,412872,4,.25,,6,.3556,,,,,,,,,,,,,,,,,,,
01/06/2026 15:26:02,428221,3,.0478,,2,.0667,,,,,,,,,,,,,,,,,,,
01/06/2026 15:26:07,425897,6,.26,,5,.195,,,,,,,,,,,,,,,,,,,
01/06/2026 15:26:32,412872,5,.1889,,7,.2806,,,,,,,,,,,,,,,,,,,
01/06/2026 15:26:32,428221,5,.0756,,8,.135,,,,,,,,,,,,,,,,,,,
01/06/2026 15:26:37,425897,6,.2228,,8,.2189,,,,,,,,,,,,,,,,,,,
01/06/2026 15:27:02,412872,4,.1989,,5,.1989,,,,,,,,,,,,,,,,,,,
01/06/2026 15:27:02,428221,3,.0539,,6,.0856,,,,,,,,,,,,,,,,,,,
01/06/2026 15:27:07,425897,6,.2267,,7,.2856,,,,,,,,,,,,,,,,,,,
01/06/2026 15:27:32,412872,5,.17,,4,.1806,,,,,,,,,,,,,,,,,,,
01/06/2026 15:27:32,428221,3,.055,,9,.1439,,,,,,,,,,,,,,,,,,,
01/06/2026 15:27:37,425897,5,.1678,,4,.2367,,,,,,,,,,,,,,,,,,,
01/06/2026 15:28:02,412872,6,.2517,,8,.2678,,,,,,,,,,,,,,,,,,,
01/06/2026 15:28:02,428221,5,.1178,,7,.1628,,,,,,,,,,,,,,,,,,,
01/06/2026 15:28:07,425897,6,.1839,,3,.095,,,,,,,,,,,,,,,,,,,
01/06/2026 15:28:32,412872,6,.2378,,6,.2678,,,,,,,,,,,,,,,,,,,
01/06/2026 15:28:32,428221,7,.4667,,4,.2639,,,,,,,,,,,,,,,,,,,
01/06/2026 15:28:37,425897,5,.1728,,6,.2289,,,,,,,,,,,,,,,,,,,
01/06/2026 15:29:02,412872,7,.295,,7,.2428,,,,,,,,,,,,,,,,,,,
01/06/2026 15:29:02,428221,4,.125,,4,.06,,,,,,,,,,,,,,,,,,,
01/06/2026 15:29:07,425897,6,.2056,,9,.265,,,,,,,,,,,,,,,,,,,
01/06/2026 15:29:32,412872,7,.2328,,5,.2006,,,,,,,,,,,,,,,,,,,
01/06/2026 15:29:32,428221,1,.0139,,6,.115,,,,,,,,,,,,,,,,,,,
01/06/2026 15:29:37,425897,7,.2556,,8,.31,,,,,,,,,,,,,,,,,,,
01/06/2026 15:30:02,412872,6,.3506,,7,.365,,,,,,,,,,,,,,,,,,,
01/06/2026 15:30:02,428221,5,.0778,,7,.115,,,,,,,,,,,,,,,,,,,
01/06/2026 15:30:07,425897,6,.2178,,7,.2489,,,,,,,,,,,,,,,,,,,
01/06/2026 15:30:32,412872,7,.24,,6,.3106,,,,,,,,,,,,,,,,,,,
01/06/2026 15:30:32,428221,2,.02,,5,.045,,,,,,,,,,,,,,,,,,,
01/06/2026 15:30:37,425897,7,.2517,,9,.3528,,,,,,,,,,,,,,,,,,,
01/06/2026 15:31:02,412872,6,.29,,7,.2828,,,,,,,,,,,,,,,,,,,
01/06/2026 15:31:02,428221,13,.21,,6,.0789,,,,,,,,,,,,,,,,,,,
01/06/2026 15:31:07,425897,8,.2656,,11,.2878,,,,,,,,,,,,,,,,,,,
01/06/2026 15:31:32,412872,6,.4328,,6,.505,,,,,,,,,,,,,,,,,,,
01/06/2026 15:31:32,428221,4,.0639,,3,.0517,,,,,,,,,,,,,,,,,,,
01/06/2026 15:31:37,425897,7,.2328,,9,.2739,,,,,,,,,,,,,,,,,,,
01/06/2026 15:32:02,412872,6,.32,,6,.3356,,,,,,,,,,,,,,,,,,,
01/06/2026 15:32:02,428221,3,.0378,,2,.025,,,,,,,,,,,,,,,,,,,
01/06/2026 15:32:07,425897,6,.3078,,7,.3317,,,,,,,,,,,,,,,,,,,
01/06/2026 15:32:32,412872,3,.1406,,6,.2417,,,,,,,,,,,,,,,,,,,
01/06/2026 15:32:32,428221,2,.0256,,5,.0689,,,,,,,,,,,,,,,,,,,
01/06/2026 15:32:37,425897,7,.2306,,8,.2739,,,,,,,,,,,,,,,,,,,
01/06/2026 15:33:02,412872,6,.21,,5,.2306,,,,,,,,,,,,,,,,,,,
01/06/2026 15:33:02,428221,3,.035,,5,.0528,,,,,,,,,,,,,,,,,,,
01/06/2026 15:33:07,425897,7,.2189,,6,.2717,,,,,,,,,,,,,,,,,,,
01/06/2026 15:33:32,412872,5,.2028,,7,.25,,,,,,,,,,,,,,,,,,,
01/06/2026 15:33:32,428221,5,.0517,,1,.0078,,,,,,,,,,,,,,,,,,,
01/06/2026 15:33:37,425897,6,.2239,,7,.2928,,,,,,,,,,,,,,,,,,,
01/06/2026 15:34:02,412872,7,.2206,,6,.2239,,,,,,,,,,,,,,,,,,,
01/06/2026 15:34:02,428221,1,.0128,,3,.0278,,,,,,,,,,,,,,,,,,,
01/06/2026 15:34:07,425897,6,.2406,,7,.2628,,,,,,,,,,,,,,,,,,,
01/06/2026 15:34:32,412872,6,.2678,,7,.2906,,,,,,,,,,,,,,,,,,,
01/06/2026 15:34:32,428221,10,.1606,,6,.0939,,,,,,,,,,,,,,,,,,,
01/06/2026 15:34:37,425897,5,.2067,,8,.26,,,,,,,,,,,,,,,,,,,
01/06/2026 15:35:02,412872,7,.2506,,7,.245,,,,,,,,,,,,,,,,,,,
01/06/2026 15:35:02,428221,4,.08,,3,.0556,,,,,,,,,,,,,,,,,,,
01/06/2026 15:35:07,425897,6,.2406,,8,.2228,,,,,,,,,,,,,,,,,,,
01/06/2026 15:35:32,412872,6,.2106,,5,.1878,,,,,,,,,,,,,,,,,,,
01/06/2026 15:35:32,428221,2,.0228,,8,.0828,,,,,,,,,,,,,,,,,,,
01/06/2026 15:35:37,425897,6,.2589,,6,.2239,,,,,,,,,,,,,,,,,,,
01/06/2026 15:36:02,412872,7,.2656,,7,.27,,,,,,,,,,,,,,,,,,,
01/06/2026 15:36:02,428221,4,.0456,,7,.0756,,,,,,,,,,,,,,,,,,,
01/06/2026 15:36:07,425897,6,.2617,,10,.32,,,,,,,,,,,,,,,,,,,
01/06/2026 15:36:32,412872,5,.2067,,6,.3256,,,,,,,,,,,,,,,,,,,
01/06/2026 15:36:32,428221,5,.0628,,8,.1006,,,,,,,,,,,,,,,,,,,
01/06/2026 15:36:37,425897,5,.2178,,5,.245,,,,,,,,,,,,,,,,,,,
01/06/2026 15:37:02,412872,7,.2417,,6,.2178,,,,,,,,,,,,,,,,,,,
01/06/2026 15:37:02,428221,3,.06,,9,.125,,,,,,,,,,,,,,,,,,,
01/06/2026 15:37:07,425897,6,.2017,,6,.1939,,,,,,,,,,,,,,,,,,,
01/06/2026 15:37:32,412872,6,.1778,,7,.2539,,,,,,,,,,,,,,,,,,,
01/06/2026 15:37:32,428221,9,.135,,10,.155,,,,,,,,,,,,,,,,,,,
01/06/2026 15:37:37,425897,5,.1906,,8,.2806,,,,,,,,,,,,,,,,,,,
01/06/2026 15:38:02,412872,6,.2289,,6,.2056,,,,,,,,,,,,,,,,,,,
01/06/2026 15:38:02,428221,3,.0606,,4,.0767,,,,,,,,,,,,,,,,,,,
01/06/2026 15:38:07,425897,6,.22,,6,.2356,,,,,,,,,,,,,,,,,,,
01/06/2026 15:38:32,412872,6,.25,,5,.17,,,,,,,,,,,,,,,,,,,
01/06/2026 15:38:32,428221,3,.05,,2,.0378,,,,,,,,,,,,,,,,,,,
01/06/2026 15:38:37,425897,7,.2789,,7,.28,,,,,,,,,,,,,,,,,,,
01/06/2026 15:39:02,412872,4,.18,,4,.1567,,,,,,,,,,,,,,,,,,,
01/06/2026 15:39:02,428221,5,.0678,,10,.1289,,,,,,,,,,,,,,,,,,,
01/06/2026 15:39:07,425897,6,.2,,8,.3228,,,,,,,,,,,,,,,,,,,
01/06/2026 15:39:32,412872,7,.2439,,5,.21,,,,,,,,,,,,,,,,,,,
01/06/2026 15:39:32,428221,3,.0339,,8,.1006,,,,,,,,,,,,,,,,,,,
01/06/2026 15:39:37,425897,8,.2717,,8,.2567,,,,,,,,,,,,,,,,,,,
01/06/2026 15:40:02,412872,7,.21,,8,.24,,,,,,,,,,,,,,,,,,,
01/06/2026 15:40:02,428221,4,.0528,,6,.0678,,,,,,,,,,,,,,,,,,,
01/06/2026 15:40:07,425897,5,.1867,,6,.4017,,,,,,,,,,,,,,,,,,,
01/06/2026 15:40:32,412872,3,.1278,,5,.1917,,,,,,,,,,,,,,,,,,,
01/06/2026 15:40:32,428221,10,.13,,8,.1139,,,,,,,,,,,,,,,,,,,
01/06/2026 15:40:37,425897,7,.2439,,7,.3656,,,,,,,,,,,,,,,,,,,
01/06/2026 15:41:02,412872,6,.2089,,7,.2739,,,,,,,,,,,,,,,,,,,
01/06/2026 15:41:02,428221,3,.0739,,6,.1556,,,,,,,,,,,,,,,,,,,
01/06/2026 15:41:07,425897,6,.2167,,7,.3056,,,,,,,,,,,,,,,,,,,
01/06/2026 15:41:32,412872,5,.2078,,6,.2517,,,,,,,,,,,,,,,,,,,
01/06/2026 15:41:32,428221,7,.09,,4,.0606,,,,,,,,,,,,,,,,,,,
01/06/2026 15:41:37,425897,6,.185,,5,.25,,,,,,,,,,,,,,,,,,,
01/06/2026 15:42:02,412872,6,.2106,,8,.2806,,,,,,,,,,,,,,,,,,,
01/06/2026 15:42:02,428221,1,.0156,,10,.1167,,,,,,,,,,,,,,,,,,,
01/06/2026 15:42:07,425897,6,.2506,,7,.2539,,,,,,,,,,,,,,,,,,,
01/06/2026 15:42:32,412872,8,.2656,,6,.205,,,,,,,,,,,,,,,,,,,
01/06/2026 15:42:32,428221,7,.0878,,5,.0578,,,,,,,,,,,,,,,,,,,
01/06/2026 15:42:37,425897,6,.2167,,5,.2578,,,,,,,,,,,,,,,,,,,
01/06/2026 15:43:02,412872,6,.1956,,6,.2117,,,,,,,,,,,,,,,,,,,
01/06/2026 15:43:02,428221,1,.01,,5,.0478,,,,,,,,,,,,,,,,,,,
01/06/2026 15:43:07,425897,6,.2306,,8,.3139,,,,,,,,,,,,,,,,,,,
01/06/2026 15:43:32,412872,5,.16,,6,.2278,,,,,,,,,,,,,,,,,,,
01/06/2026 15:43:32,428221,12,.1417,,9,.0878,,,,,,,,,,,,,,,,,,,
01/06/2026 15:43:37,425897,6,.2367,,6,.235,,,,,,,,,,,,,,,,,,,
01/06/2026 15:44:02,412872,5,.195,,5,.185,,,,,,,,,,,,,,,,,,,
01/06/2026 15:44:02,428221,1,.0156,,4,.0517,,,,,,,,,,,,,,,,,,,
01/06/2026 15:44:07,425897,5,.2478,,7,.32,,,,,,,,,,,,,,,,,,,
01/06/2026 15:44:32,412872,4,.1156,,5,.1678,,,,,,,,,,,,,,,,,,,
01/06/2026 15:44:32,428221,3,.0417,,2,.0217,,,,,,,,,,,,,,,,,,,
01/06/2026 15:44:37,425897,7,.2606,,4,.2339,,,,,,,,,,,,,,,,,,,
01/06/2026 15:45:02,412872,7,.2217,,4,.1528,,,,,,,,,,,,,,,,,,,
01/06/2026 15:45:02,428221,9,.135,,8,.1028,,,,,,,,,,,,,,,,,,,
01/06/2026 15:45:07,425897,7,.215,,8,.2789,,,,,,,,,,,,,,,,,,,
01/06/2026 15:45:32,412872,6,.22,,6,.2239,,,,,,,,,,,,,,,,,,,
01/06/2026 15:45:32,428221,6,.06,,10,.1178,,,,,,,,,,,,,,,,,,,
01/06/2026 15:45:37,425897,8,.265,,8,.2817,,,,,,,,,,,,,,,,,,,
01/06/2026 15:46:02,412872,6,.2067,,7,.2817,,,,,,,,,,,,,,,,,,,
01/06/2026 15:46:02,428221,3,.0417,,5,.06,,,,,,,,,,,,,,,,,,,
01/06/2026 15:46:07,425897,6,.225,,7,.265,,,,,,,,,,,,,,,,,,,
01/06/2026 15:46:32,412872,5,.1878,,5,.1628,,,,,,,,,,,,,,,,,,,
01/06/2026 15:46:32,428221,10,.1478,,6,.085,,,,,,,,,,,,,,,,,,,
01/06/2026 15:46:37,425897,7,.2228,,7,.3056,,,,,,,,,,,,,,,,,,,
01/06/2026 15:47:02,412872,6,.2139,,6,.2328,,,,,,,,,,,,,,,,,,,
01/06/2026 15:47:02,428221,2,.0378,,3,.0506,,,,,,,,,,,,,,,,,,,
01/06/2026 15:47:07,425897,6,.2706,,8,.2567,,,,,,,,,,,,,,,,,,,
01/06/2026 15:47:32,412872,8,.2556,,7,.2728,,,,,,,,,,,,,,,,,,,
01/06/2026 15:47:32,428221,0,0,,5,.0467,,,,,,,,,,,,,,,,,,,
01/06/2026 15:47:37,425897,7,.2228,,10,.2906,,,,,,,,,,,,,,,,,,,
01/06/2026 15:48:02,412872,7,.2739,,7,.315,,,,,,,,,,,,,,,,,,,
01/06/2026 15:48:02,428221,8,.0767,,6,.0589,,,,,,,,,,,,,,,,,,,
01/06/2026 15:48:07,425897,6,.2089,,7,.2906,,,,,,,,,,,,,,,,,,,
01/06/2026 15:48:32,412872,7,.2489,,7,.25,,,,,,,,,,,,,,,,,,,
01/06/2026 15:48:32,428221,5,.0717,,8,.1067,,,,,,,,,,,,,,,,,,,
01/06/2026 15:48:37,425897,6,.2206,,5,.1806,,,,,,,,,,,,,,,,,,,
01/06/2026 15:49:02,412872,7,.2839,,6,.2628,,,,,,,,,,,,,,,,,,,
01/06/2026 15:49:02,428221,1,.0139,,3,.0339,,,,,,,,,,,,,,,,,,,
01/06/2026 15:49:07,425897,6,.2139,,7,.285,,,,,,,,,,,,,,,,,,,
01/06/2026 15:49:32,412872,7,.2056,,6,.2506,,,,,,,,,,,,,,,,,,,
01/06/2026 15:49:32,428221,9,.1278,,11,.1256,,,,,,,,,,,,,,,,,,,
01/06/2026 15:49:37,425897,8,.2678,,7,.2739,,,,,,,,,,,,,,,,,,,
01/06/2026 15:50:02,412872,4,.145,,7,.2567,,,,,,,,,,,,,,,,,,,
01/06/2026 15:50:02,428221,1,.0056,,2,.0228,,,,,,,,,,,,,,,,,,,
01/06/2026 15:50:07,425897,6,.3,,7,.2967,,,,,,,,,,,,,,,,,,,
01/06/2026 15:50:32,412872,7,.2606,,6,.26,,,,,,,,,,,,,,,,,,,
01/06/2026 15:50:32,428221,2,.0217,,3,.025,,,,,,,,,,,,,,,,,,,
01/06/2026 15:50:37,425897,7,.2678,,7,.2806,,,,,,,,,,,,,,,,,,,
01/06/2026 15:51:02,412872,5,.1828,,8,.2828,,,,,,,,,,,,,,,,,,,
01/06/2026 15:51:02,428221,8,.0928,,6,.0578,,,,,,,,,,,,,,,,,,,
01/06/2026 15:51:07,425897,6,.19,,8,.23,,,,,,,,,,,,,,,,,,,
01/06/2026 15:51:32,412872,7,.2278,,5,.2017,,,,,,,,,,,,,,,,,,,
01/06/2026 15:51:32,428221,3,.04,,9,.1067,,,,,,,,,,,,,,,,,,,
01/06/2026 15:51:37,425897,6,.2328,,6,.2239,,,,,,,,,,,,,,,,,,,
01/06/2026 15:52:02,412872,6,.2028,,7,.285,,,,,,,,,,,,,,,,,,,
01/06/2026 15:52:02,428221,2,.0267,,4,.0589,,,,,,,,,,,,,,,,,,,
01/06/2026 15:52:07,425897,6,.2567,,6,.32,,,,,,,,,,,,,,,,,,,
01/06/2026 15:52:32,412872,6,.2367,,7,.2467,,,,,,,,,,,,,,,,,,,
01/06/2026 15:52:32,428221,10,.1339,,7,.1039,,,,,,,,,,,,,,,,,,,
01/06/2026 15:52:37,425897,7,.2278,,7,.34,,,,,,,,,,,,,,,,,,,
01/06/2026 15:53:02,412872,6,.2317,,5,.2328,,,,,,,,,,,,,,,,,,,
01/06/2026 15:53:02,428221,1,.0117,,1,.0206,,,,,,,,,,,,,,,,,,,
01/06/2026 15:53:07,425897,6,.22,,6,.25,,,,,,,,,,,,,,,,,,,
01/06/2026 15:53:32,412872,4,.1967,,7,.2389,,,,,,,,,,,,,,,,,,,
01/06/2026 15:53:32,428221,5,.06,,2,.0189,,,,,,,,,,,,,,,,,,,
01/06/2026 15:53:37,425897,7,.2378,,9,.3528,,,,,,,,,,,,,,,,,,,
01/06/2026 15:54:02,412872,8,.2828,,6,.2528,,,,,,,,,,,,,,,,,,,
01/06/2026 15:54:02,428221,1,.01,,9,.1006,,,,,,,,,,,,,,,,,,,
01/06/2026 15:54:07,425897,7,.2128,,4,.2428,,,,,,,,,,,,,,,,,,,
01/06/2026 15:54:32,412872,6,.2317,,8,.3106,,,,,,,,,,,,,,,,,,,
01/06/2026 15:54:32,428221,4,.0489,,8,.0889,,,,,,,,,,,,,,,,,,,
01/06/2026 15:54:37,425897,7,.2206,,4,.2117,,,,,,,,,,,,,,,,,,,
01/06/2026 15:55:02,412872,5,.2189,,6,.2917,,,,,,,,,,,,,,,,,,,
01/06/2026 15:55:02,428221,1,.0039,,2,.0178,,,,,,,,,,,,,,,,,,,
01/06/2026 15:55:07,425897,5,.1856,,5,.3228,,,,,,,,,,,,,,,,,,,
01/06/2026 15:55:32,412872,7,.2889,,6,.2406,,,,,,,,,,,,,,,,,,,
01/06/2026 15:55:32,428221,9,.1389,,8,.1117,,,,,,,,,,,,,,,,,,,
01/06/2026 15:55:37,425897,7,.2539,,4,.1767,,,,,,,,,,,,,,,,,,,
01/06/2026 15:56:02,412872,7,.46,,4,.3678,,,,,,,,,,,,,,,,,,,
01/06/2026 15:56:02,428221,1,.0006,,3,.0328,,,,,,,,,,,,,,,,,,,
01/06/2026 15:56:07,425897,6,.2217,,5,.205,,,,,,,,,,,,,,,,,,,
01/06/2026 15:56:32,412872,2,.085,,8,.2806,,,,,,,,,,,,,,,,,,,
01/06/2026 15:56:32,428221,1,.015,,3,.0367,,,,,,,,,,,,,,,,,,,
01/06/2026 15:56:37,425897,6,.3067,,5,.2178,,,,,,,,,,,,,,,,,,,
01/06/2026 15:57:02,412872,7,.2756,,6,.22,,,,,,,,,,,,,,,,,,,
01/06/2026 15:57:02,428221,4,.0439,,9,.1167,,,,,,,,,,,,,,,,,,,
01/06/2026 15:57:07,425897,7,.2317,,7,.2217,,,,,,,,,,,,,,,,,,,
01/06/2026 15:57:32,412872,7,.2317,,6,.2767,,,,,,,,,,,,,,,,,,,
01/06/2026 15:57:32,428221,6,.0778,,4,.0428,,,,,,,,,,,,,,,,,,,
01/06/2026 15:57:37,425897,7,.235,,8,.34,,,,,,,,,,,,,,,,,,,
01/06/2026 15:58:02,412872,5,.2928,,7,.4317,,,,,,,,,,,,,,,,,,,
01/06/2026 15:58:02,428221,4,.0528,,3,.0556,,,,,,,,,,,,,,,,,,,
01/06/2026 15:58:07,425897,5,.4267,,5,.445,,,,,,,,,,,,,,,,,,,
01/06/2026 15:58:32,412872,5,.3128,,6,.4278,,,,,,,,,,,,,,,,,,,
01/06/2026 15:58:32,428221,9,.1739,,7,.1267,,,,,,,,,,,,,,,,,,,
01/06/2026 15:58:37,425897,5,.2828,,9,.3556,,,,,,,,,,,,,,,,,,,
01/06/2026 15:59:02,412872,5,.2706,,6,.3328,,,,,,,,,,,,,,,,,,,
01/06/2026 15:59:02,428221,3,.0967,,2,.0506,,,,,,,,,,,,,,,,,,,
01/06/2026 15:59:07,425897,6,.245,,7,.2456,,,,,,,,,,,,,,,,,,,
01/06/2026 15:59:32,412872,4,.1889,,5,.2356,,,,,,,,,,,,,,,,,,,
01/06/2026 15:59:32,428221,2,.0206,,3,.0328,,,,,,,,,,,,,,,,,,,
01/06/2026 15:59:37,425897,5,.1989,,8,.2517,,,,,,,,,,,,,,,,,,,
01/06/2026 16:00:02,412872,4,.1817,,6,.2728,,,,,,,,,,,,,,,,,,,
01/06/2026 16:00:02,428221,3,.0306,,3,.0339,,,,,,,,,,,,,,,,,,,
01/06/2026 16:00:07,425897,5,.2689,,5,.2206,,,,,,,,,,,,,,,,,,,
01/06/2026 16:00:32,412872,6,.2389,,6,.2706,,,,,,,,,,,,,,,,,,,
01/06/2026 16:00:32,428221,3,.04,,5,.0878,,,,,,,,,,,,,,,,,,,
01/06/2026 16:00:37,425897,5,.2489,,6,.2839,,,,,,,,,,,,,,,,,,,
01/06/2026 16:01:02,412872,4,.3567,,5,.4106,,,,,,,,,,,,,,,,,,,
01/06/2026 16:01:02,428221,2,.0228,,1,.0117,,,,,,,,,,,,,,,,,,,
01/06/2026 16:01:07,425897,4,.2689,,6,.3467,,,,,,,,,,,,,,,,,,,
01/06/2026 16:01:32,412872,6,.3506,,5,.385,,,,,,,,,,,,,,,,,,,
01/06/2026 16:01:32,428221,11,.1739,,7,.0967,,,,,,,,,,,,,,,,,,,
01/06/2026 16:01:37,425897,4,.1556,,5,.26,,,,,,,,,,,,,,,,,,,
01/06/2026 16:02:02,412872,4,.4678,,5,.3678,,,,,,,,,,,,,,,,,,,
01/06/2026 16:02:02,428221,4,.0456,,2,.025,,,,,,,,,,,,,,,,,,,
01/06/2026 16:02:07,425897,6,.2606,,6,.2156,,,,,,,,,,,,,,,,,,,
01/06/2026 16:02:32,412872,5,.6206,,5,.49,,,,,,,,,,,,,,,,,,,
01/06/2026 16:02:32,428221,5,.06,,2,.0228,,,,,,,,,,,,,,,,,,,
01/06/2026 16:02:37,425897,6,.2267,,3,.235,,,,,,,,,,,,,,,,,,,
01/06/2026 16:03:02,412872,5,.545,,5,.4278,,,,,,,,,,,,,,,,,,,
01/06/2026 16:03:02,428221,3,.0467,,3,.0289,,,,,,,,,,,,,,,,,,,
01/06/2026 16:03:07,425897,6,.2517,,5,.3956,,,,,,,,,,,,,,,,,,,
01/06/2026 16:03:32,412872,4,.2478,,6,.3128,,,,,,,,,,,,,,,,,,,
01/06/2026 16:03:32,428221,4,.0467,,4,.0428,,,,,,,,,,,,,,,,,,,
01/06/2026 16:03:37,425897,7,.2039,,6,.1556,,,,,,,,,,,,,,,,,,,
01/06/2026 16:04:02,412872,7,.2606,,6,.2528,,,,,,,,,,,,,,,,,,,
01/06/2026 16:04:02,428221,1,.0117,,4,.0517,,,,,,,,,,,,,,,,,,,
01/06/2026 16:04:07,425897,5,.1656,,5,.3317,,,,,,,,,,,,,,,,,,,
01/06/2026 16:04:32,412872,6,.3789,,7,.3567,,,,,,,,,,,,,,,,,,,
01/06/2026 16:04:32,428221,8,.11,,9,.12,,,,,,,,,,,,,,,,,,,
01/06/2026 16:04:37,425897,7,.2439,,5,.1256,,,,,,,,,,,,,,,,,,,
01/06/2026 16:05:02,412872,6,.3839,,5,.2906,,,,,,,,,,,,,,,,,,,
01/06/2026 16:05:02,428221,2,.0206,,1,.0139,,,,,,,,,,,,,,,,,,,
01/06/2026 16:05:07,425897,7,.235,,7,.2239,,,,,,,,,,,,,,,,,,,
01/06/2026 16:05:32,412872,4,.4339,,5,.685,,,,,,,,,,,,,,,,,,,
01/06/2026 16:05:32,428221,2,.0239,,4,.0406,,,,,,,,,,,,,,,,,,,
01/06/2026 16:05:37,425897,6,.2089,,7,.2539,,,,,,,,,,,,,,,,,,,
01/06/2026 16:06:02,412872,4,.445,,5,.4817,,,,,,,,,,,,,,,,,,,
01/06/2026 16:06:02,428221,1,.015,,6,.07,,,,,,,,,,,,,,,,,,,
01/06/2026 16:06:07,425897,7,.225,,5,.155,,,,,,,,,,,,,,,,,,,
01/06/2026 16:06:32,412872,7,.3806,,6,.3428,,,,,,,,,,,,,,,,,,,
01/06/2026 16:06:32,428221,3,.0339,,5,.0517,,,,,,,,,,,,,,,,,,,
01/06/2026 16:06:37,425897,5,.1956,,5,.1917,,,,,,,,,,,,,,,,,,,
01/06/2026 16:07:02,412872,5,.3039,,6,.4267,,,,,,,,,,,,,,,,,,,
01/06/2026 16:07:02,428221,2,.0217,,1,.0089,,,,,,,,,,,,,,,,,,,
01/06/2026 16:07:07,425897,7,.2789,,7,.2406,,,,,,,,,,,,,,,,,,,
01/06/2026 16:07:32,412872,6,.315,,7,.4017,,,,,,,,,,,,,,,,,,,
01/06/2026 16:07:32,428221,6,.0706,,4,.045,,,,,,,,,,,,,,,,,,,
01/06/2026 16:07:37,425897,6,.26,,8,.3217,,,,,,,,,,,,,,,,,,,
01/06/2026 16:08:02,412872,4,.3706,,5,.4756,,,,,,,,,,,,,,,,,,,
01/06/2026 16:08:02,428221,0,0,,3,.0239,,,,,,,,,,,,,,,,,,,
01/06/2026 16:08:07,425897,7,.2606,,7,.2667,,,,,,,,,,,,,,,,,,,
01/06/2026 16:08:32,412872,7,.3328,,7,.3467,,,,,,,,,,,,,,,,,,,
01/06/2026 16:08:32,428221,5,.0517,,1,.0056,,,,,,,,,,,,,,,,,,,
01/06/2026 16:08:37,425897,6,.215,,8,.2828,,,,,,,,,,,,,,,,,,,
01/06/2026 16:09:02,412872,7,.3778,,5,.38,,,,,,,,,,,,,,,,,,,
01/06/2026 16:09:02,428221,6,.0617,,7,.0728,,,,,,,,,,,,,,,,,,,
01/06/2026 16:09:07,425897,6,.2828,,9,.34,,,,,,,,,,,,,,,,,,,
01/06/2026 16:09:32,412872,5,.4717,,5,.3578,,,,,,,,,,,,,,,,,,,
01/06/2026 16:09:32,428221,4,.0478,,5,.0489,,,,,,,,,,,,,,,,,,,
01/06/2026 16:09:37,425897,6,.3167,,6,.2689,,,,,,,,,,,,,,,,,,,
01/06/2026 16:10:02,412872,5,.2289,,6,.2756,,,,,,,,,,,,,,,,,,,
01/06/2026 16:10:02,428221,1,.0106,,2,.02,,,,,,,,,,,,,,,,,,,
01/06/2026 16:10:07,425897,7,.2778,,9,.305,,,,,,,,,,,,,,,,,,,
01/06/2026 16:10:32,412872,7,.26,,6,.2689,,,,,,,,,,,,,,,,,,,
01/06/2026 16:10:32,428221,10,.1567,,7,.1128,,,,,,,,,,,,,,,,,,,
01/06/2026 16:10:37,425897,5,.2117,,6,.3617,,,,,,,,,,,,,,,,,,,
01/06/2026 16:11:02,412872,5,.2956,,6,.3328,,,,,,,,,,,,,,,,,,,
01/06/2026 16:11:02,428221,2,.0528,,5,.0828,,,,,,,,,,,,,,,,,,,
01/06/2026 16:11:07,425897,4,.525,,6,.5106,,,,,,,,,,,,,,,,,,,
01/06/2026 16:11:32,412872,7,.2767,,6,.275,,,,,,,,,,,,,,,,,,,
01/06/2026 16:11:32,428221,3,.0356,,6,.0606,,,,,,,,,,,,,,,,,,,
01/06/2026 16:11:37,425897,6,.3606,,4,.3567,,,,,,,,,,,,,,,,,,,
01/06/2026 16:12:02,412872,5,.26,,6,.3667,,,,,,,,,,,,,,,,,,,
01/06/2026 16:12:02,428221,3,.0439,,7,.095,,,,,,,,,,,,,,,,,,,
01/06/2026 16:12:07,425897,6,.2189,,7,.2739,,,,,,,,,,,,,,,,,,,
01/06/2026 16:12:32,412872,7,.3239,,7,.3028,,,,,,,,,,,,,,,,,,,
01/06/2026 16:12:32,428221,2,.035,,5,.0667,,,,,,,,,,,,,,,,,,,
01/06/2026 16:12:37,425897,7,.2689,,9,.27,,,,,,,,,,,,,,,,,,,
01/06/2026 16:13:02,412872,3,.4756,,5,.5339,,,,,,,,,,,,,,,,,,,
01/06/2026 16:13:02,428221,4,.0567,,5,.0739,,,,,,,,,,,,,,,,,,,
01/06/2026 16:13:07,425897,7,.2728,,9,.2906,,,,,,,,,,,,,,,,,,,
01/06/2026 16:13:32,412872,4,.2706,,6,.2817,,,,,,,,,,,,,,,,,,,
01/06/2026 16:13:32,428221,9,.1606,,9,.1328,,,,,,,,,,,,,,,,,,,
01/06/2026 16:13:37,425897,6,.3089,,6,.355,,,,,,,,,,,,,,,,,,,
01/06/2026 16:14:02,412872,6,.2567,,5,.2278,,,,,,,,,,,,,,,,,,,
01/06/2026 16:14:02,428221,4,.1,,1,.0139,,,,,,,,,,,,,,,,,,,
01/06/2026 16:14:07,425897,6,.2306,,8,.335,,,,,,,,,,,,,,,,,,,
01/06/2026 16:14:32,412872,6,.345,,6,.3506,,,,,,,,,,,,,,,,,,,
01/06/2026 16:14:32,428221,3,.0689,,4,.0667,,,,,,,,,,,,,,,,,,,
01/06/2026 16:14:37,425897,5,.5039,,8,.3428,,,,,,,,,,,,,,,,,,,
01/06/2026 16:15:02,412872,3,.6389,,4,.66,,,,,,,,,,,,,,,,,,,
01/06/2026 16:15:02,428221,1,.0128,,10,.1356,,,,,,,,,,,,,,,,,,,
01/06/2026 16:15:07,425897,4,.2639,,5,.3017,,,,,,,,,,,,,,,,,,,
01/06/2026 16:15:32,412872,7,.3067,,7,.38,,,,,,,,,,,,,,,,,,,
01/06/2026 16:15:32,428221,5,.1089,,5,.105,,,,,,,,,,,,,,,,,,,
01/06/2026 16:15:37,425897,5,.1839,,8,.2628,,,,,,,,,,,,,,,,,,,
01/06/2026 16:16:02,412872,7,.2789,,6,.2039,,,,,,,,,,,,,,,,,,,
01/06/2026 16:16:02,428221,2,.0317,,5,.0678,,,,,,,,,,,,,,,,,,,
01/06/2026 16:16:07,425897,5,.2356,,6,.2378,,,,,,,,,,,,,,,,,,,
01/06/2026 16:16:32,412872,4,.2978,,6,.4667,,,,,,,,,,,,,,,,,,,
01/06/2026 16:16:32,428221,9,.1228,,6,.1039,,,,,,,,,,,,,,,,,,,
01/06/2026 16:16:37,425897,6,.2539,,7,.25,,,,,,,,,,,,,,,,,,,
01/06/2026 16:17:02,412872,6,.3906,,6,.4256,,,,,,,,,,,,,,,,,,,
01/06/2026 16:17:02,428221,2,.0206,,2,.01,,,,,,,,,,,,,,,,,,,
01/06/2026 16:17:07,425897,5,.2106,,6,.2606,,,,,,,,,,,,,,,,,,,
01/06/2026 16:17:32,412872,5,.3628,,6,.3439,,,,,,,,,,,,,,,,,,,
01/06/2026 16:17:32,428221,2,.0306,,3,.0317,,,,,,,,,,,,,,,,,,,
01/06/2026 16:17:37,425897,5,.2189,,6,.2267,,,,,,,,,,,,,,,,,,,
01/06/2026 16:18:02,412872,5,.2706,,6,.3628,,,,,,,,,,,,,,,,,,,
01/06/2026 16:18:02,428221,2,.0178,,3,.0317,,,,,,,,,,,,,,,,,,,
01/06/2026 16:18:07,425897,6,.2328,,6,.2439,,,,,,,,,,,,,,,,,,,
01/06/2026 16:18:32,412872,6,.3606,,6,.3167,,,,,,,,,,,,,,,,,,,
01/06/2026 16:18:32,428221,3,.045,,8,.1039,,,,,,,,,,,,,,,,,,,
01/06/2026 16:18:37,425897,5,.2156,,6,.195,,,,,,,,,,,,,,,,,,,
01/06/2026 16:19:02,412872,4,.3967,,5,.4417,,,,,,,,,,,,,,,,,,,
01/06/2026 16:19:02,428221,3,.055,,4,.0789,,,,,,,,,,,,,,,,,,,
01/06/2026 16:19:07,425897,4,.1589,,5,.2039,,,,,,,,,,,,,,,,,,,
01/06/2026 16:19:32,412872,4,.2317,,6,.2506,,,,,,,,,,,,,,,,,,,
01/06/2026 16:19:32,428221,9,.1406,,6,.0889,,,,,,,,,,,,,,,,,,,
01/06/2026 16:19:37,425897,6,.255,,6,.2539,,,,,,,,,,,,,,,,,,,
01/06/2026 16:20:02,412872,5,.2267,,5,.29,,,,,,,,,,,,,,,,,,,
01/06/2026 16:20:02,428221,0,0,,2,.0156,,,,,,,,,,,,,,,,,,,
01/06/2026 16:20:07,425897,6,.2806,,5,.225,,,,,,,,,,,,,,,,,,,
01/06/2026 16:20:32,412872,5,.2628,,7,.3689,,,,,,,,,,,,,,,,,,,
01/06/2026 16:20:32,428221,2,.0189,,2,.0206,,,,,,,,,,,,,,,,,,,
01/06/2026 16:20:37,425897,5,.1778,,2,.1239,,,,,,,,,,,,,,,,,,,
01/06/2026 16:21:02,412872,5,.475,,4,.4389,,,,,,,,,,,,,,,,,,,
01/06/2026 16:21:02,428221,4,.045,,5,.065,,,,,,,,,,,,,,,,,,,
01/06/2026 16:21:07,425897,5,.1989,,8,.2606,,,,,,,,,,,,,,,,,,,
01/06/2026 16:21:32,412872,6,.2767,,6,.3117,,,,,,,,,,,,,,,,,,,
01/06/2026 16:21:32,428221,3,.0467,,7,.0939,,,,,,,,,,,,,,,,,,,
01/06/2026 16:21:37,425897,7,.2656,,6,.2356,,,,,,,,,,,,,,,,,,,
01/06/2026 16:22:02,412872,5,.4239,,5,.4239,,,,,,,,,,,,,,,,,,,
01/06/2026 16:22:02,428221,5,.0717,,3,.0478,,,,,,,,,,,,,,,,,,,
01/06/2026 16:22:07,425897,7,.2656,,7,.3539,,,,,,,,,,,,,,,,,,,
01/06/2026 16:22:32,412872,5,.2506,,6,.2706,,,,,,,,,,,,,,,,,,,
01/06/2026 16:22:32,428221,8,.1378,,7,.11,,,,,,,,,,,,,,,,,,,
01/06/2026 16:22:37,425897,5,.2328,,8,.29,,,,,,,,,,,,,,,,,,,
01/06/2026 16:23:02,412872,6,.3067,,6,.2878,,,,,,,,,,,,,,,,,,,
01/06/2026 16:23:02,428221,0,0,,1,.0128,,,,,,,,,,,,,,,,,,,
01/06/2026 16:23:07,425897,5,.175,,6,.3206,,,,,,,,,,,,,,,,,,,
01/06/2026 16:23:32,412872,6,.265,,5,.2039,,,,,,,,,,,,,,,,,,,
01/06/2026 16:23:32,428221,4,.0406,,4,.04,,,,,,,,,,,,,,,,,,,
01/06/2026 16:23:37,425897,6,.2489,,5,.255,,,,,,,,,,,,,,,,,,,
01/06/2026 16:24:02,412872,6,.5106,,6,.4789,,,,,,,,,,,,,,,,,,,
01/06/2026 16:24:02,428221,2,.015,,5,.0628,,,,,,,,,,,,,,,,,,,
01/06/2026 16:24:07,425897,5,.2167,,6,.2339,,,,,,,,,,,,,,,,,,,
01/06/2026 16:24:32,412872,5,.3,,6,.3878,,,,,,,,,,,,,,,,,,,
01/06/2026 16:24:32,428221,5,.0567,,5,.0606,,,,,,,,,,,,,,,,,,,
01/06/2026 16:24:37,425897,6,.2456,,8,.3139,,,,,,,,,,,,,,,,,,,
01/06/2026 16:25:02,412872,7,.3,,7,.255,,,,,,,,,,,,,,,,,,,
01/06/2026 16:25:02,428221,1,.0139,,4,.0467,,,,,,,,,,,,,,,,,,,
01/06/2026 16:25:07,425897,6,.22,,9,.2767,,,,,,,,,,,,,,,,,,,
01/06/2026 16:25:32,412872,5,.3028,,6,.3106,,,,,,,,,,,,,,,,,,,
01/06/2026 16:25:32,428221,7,.09,,5,.06,,,,,,,,,,,,,,,,,,,
01/06/2026 16:25:37,425897,7,.2589,,5,.215,,,,,,,,,,,,,,,,,,,
01/06/2026 16:26:02,412872,7,.3439,,7,.3839,,,,,,,,,,,,,,,,,,,
01/06/2026 16:26:02,428221,1,.01,,4,.04,,,,,,,,,,,,,,,,,,,
01/06/2026 16:26:07,425897,6,.2178,,5,.26,,,,,,,,,,,,,,,,,,,
01/06/2026 16:26:32,412872,5,.2328,,6,.345,,,,,,,,,,,,,,,,,,,
01/06/2026 16:26:32,428221,2,.0206,,1,.0117,,,,,,,,,,,,,,,,,,,
01/06/2026 16:26:37,425897,5,.2078,,5,.215,,,,,,,,,,,,,,,,,,,
01/06/2026 16:27:02,412872,5,.33,,5,.395,,,,,,,,,,,,,,,,,,,
01/06/2026 16:27:02,428221,11,.1439,,3,.0356,,,,,,,,,,,,,,,,,,,
01/06/2026 16:27:07,425897,6,.2167,,7,.335,,,,,,,,,,,,,,,,,,,
01/06/2026 16:27:32,412872,5,.4756,,4,.5006,,,,,,,,,,,,,,,,,,,
01/06/2026 16:27:32,428221,6,.0839,,4,.0556,,,,,,,,,,,,,,,,,,,
01/06/2026 16:27:37,425897,8,.24,,9,.3406,,,,,,,,,,,,,,,,,,,
01/06/2026 16:28:02,412872,5,.3356,,6,.3906,,,,,,,,,,,,,,,,,,,
01/06/2026 16:28:02,428221,1,.0128,,4,.0367,,,,,,,,,,,,,,,,,,,
01/06/2026 16:28:07,425897,6,.1978,,10,.3667,,,,,,,,,,,,,,,,,,,
01/06/2026 16:28:32,412872,6,.33,,6,.335,,,,,,,,,,,,,,,,,,,
01/06/2026 16:28:32,428221,4,.045,,4,.0428,,,,,,,,,,,,,,,,,,,
01/06/2026 16:28:37,425897,8,.26,,10,.2556,,,,,,,,,,,,,,,,,,,
01/06/2026 16:29:02,412872,5,.3856,,6,.4578,,,,,,,,,,,,,,,,,,,
01/06/2026 16:29:02,428221,2,.0256,,1,.0306,,,,,,,,,,,,,,,,,,,
01/06/2026 16:29:07,425897,6,.2017,,10,.3328,,,,,,,,,,,,,,,,,,,
01/06/2026 16:29:32,412872,5,.5039,,3,.2789,,,,,,,,,,,,,,,,,,,
01/06/2026 16:29:32,428221,1,.0117,,3,.0328,,,,,,,,,,,,,,,,,,,
01/06/2026 16:29:37,425897,5,.21,,7,.3189,,,,,,,,,,,,,,,,,,,
01/06/2026 16:30:02,412872,5,.39,,6,.4989,,,,,,,,,,,,,,,,,,,
01/06/2026 16:30:02,428221,2,.0206,,3,.0328,,,,,,,,,,,,,,,,,,,
01/06/2026 16:30:07,425897,6,.2917,,8,.3467,,,,,,,,,,,,,,,,,,,
01/06/2026 16:30:32,412872,6,.2689,,5,.2378,,,,,,,,,,,,,,,,,,,
01/06/2026 16:30:32,428221,2,.0217,,2,.0178,,,,,,,,,,,,,,,,,,,
01/06/2026 16:30:37,425897,5,.2089,,7,.275,,,,,,,,,,,,,,,,,,,
01/06/2026 16:31:02,412872,6,.2506,,6,.2356,,,,,,,,,,,,,,,,,,,
01/06/2026 16:31:02,428221,1,.0117,,8,.1039,,,,,,,,,,,,,,,,,,,
01/06/2026 16:31:07,425897,5,.2706,,6,.2406,,,,,,,,,,,,,,,,,,,
01/06/2026 16:31:32,412872,5,.3156,,5,.2806,,,,,,,,,,,,,,,,,,,
01/06/2026 16:31:32,428221,10,.1328,,8,.1106,,,,,,,,,,,,,,,,,,,
01/06/2026 16:31:37,425897,7,.2706,,6,.3456,,,,,,,,,,,,,,,,,,,
01/06/2026 16:32:02,412872,4,.225,,6,.3406,,,,,,,,,,,,,,,,,,,
01/06/2026 16:32:02,428221,3,.0556,,1,.015,,,,,,,,,,,,,,,,,,,
01/06/2026 16:32:07,425897,6,.2717,,7,.2506,,,,,,,,,,,,,,,,,,,
01/06/2026 16:32:32,412872,4,.3106,,7,.3756,,,,,,,,,,,,,,,,,,,
01/06/2026 16:32:32,428221,3,.0328,,3,.0317,,,,,,,,,,,,,,,,,,,
01/06/2026 16:32:37,425897,7,.1778,,5,.275,,,,,,,,,,,,,,,,,,,
01/06/2026 16:33:02,412872,6,.2978,,5,.2078,,,,,,,,,,,,,,,,,,,
01/06/2026 16:33:02,428221,5,.0628,,8,.0967,,,,,,,,,,,,,,,,,,,
01/06/2026 16:33:07,425897,7,.2367,,5,.2028,,,,,,,,,,,,,,,,,,,
01/06/2026 16:33:32,412872,6,.3328,,7,.435,,,,,,,,,,,,,,,,,,,
01/06/2026 16:33:32,428221,6,.0928,,7,.1217,,,,,,,,,,,,,,,,,,,
01/06/2026 16:33:37,425897,6,.2478,,4,.315,,,,,,,,,,,,,,,,,,,
01/06/2026 16:34:02,412872,6,.4967,,5,.3556,,,,,,,,,,,,,,,,,,,
01/06/2026 16:34:02,428221,4,.09,,1,.0206,,,,,,,,,,,,,,,,,,,
01/06/2026 16:34:07,425897,6,.2089,,6,.2156,,,,,,,,,,,,,,,,,,,
01/06/2026 16:34:32,412872,6,.3917,,7,.3206,,,,,,,,,,,,,,,,,,,
01/06/2026 16:34:32,428221,8,.1456,,8,.1206,,,,,,,,,,,,,,,,,,,
01/06/2026 16:34:37,425897,7,.21,,5,.0989,,,,,,,,,,,,,,,,,,,
01/06/2026 16:35:02,412872,5,.2167,,6,.2317,,,,,,,,,,,,,,,,,,,
01/06/2026 16:35:02,428221,0,0,,1,.02,,,,,,,,,,,,,,,,,,,
01/06/2026 16:35:07,425897,7,.2306,,10,.315,,,,,,,,,,,,,,,,,,,
01/06/2026 16:35:32,412872,6,.33,,6,.3478,,,,,,,,,,,,,,,,,,,
01/06/2026 16:35:32,428221,2,.025,,2,.0206,,,,,,,,,,,,,,,,,,,
01/06/2026 16:35:37,425897,7,.2728,,10,.3406,,,,,,,,,,,,,,,,,,,
01/06/2026 16:36:02,412872,6,.2706,,6,.2717,,,,,,,,,,,,,,,,,,,
01/06/2026 16:36:02,428221,3,.04,,8,.1039,,,,,,,,,,,,,,,,,,,
01/06/2026 16:36:07,425897,5,.2006,,5,.275,,,,,,,,,,,,,,,,,,,
01/06/2026 16:36:32,412872,5,.3239,,6,.2706,,,,,,,,,,,,,,,,,,,
01/06/2026 16:36:32,428221,3,.0378,,6,.0678,,,,,,,,,,,,,,,,,,,
01/06/2026 16:36:37,425897,6,.3089,,8,.2506,,,,,,,,,,,,,,,,,,,
01/06/2026 16:37:02,412872,6,.2667,,3,.1789,,,,,,,,,,,,,,,,,,,
01/06/2026 16:37:02,428221,7,.0889,,6,.0767,,,,,,,,,,,,,,,,,,,
01/06/2026 16:37:07,425897,7,.2156,,7,.3017,,,,,,,,,,,,,,,,,,,
01/06/2026 16:37:32,412872,4,.1528,,7,.3778,,,,,,,,,,,,,,,,,,,
01/06/2026 16:37:32,428221,10,.1839,,11,.1917,,,,,,,,,,,,,,,,,,,
01/06/2026 16:37:37,425897,7,.2456,,9,.2467,,,,,,,,,,,,,,,,,,,
01/06/2026 16:38:02,412872,7,.2656,,4,.1606,,,,,,,,,,,,,,,,,,,
01/06/2026 16:38:02,428221,3,.0589,,1,.0217,,,,,,,,,,,,,,,,,,,
01/06/2026 16:38:07,425897,4,.2078,,5,.2978,,,,,,,,,,,,,,,,,,,
01/06/2026 16:38:32,412872,3,.115,,7,.2628,,,,,,,,,,,,,,,,,,,
01/06/2026 16:38:32,428221,5,.0506,,4,.035,,,,,,,,,,,,,,,,,,,
01/06/2026 16:38:37,425897,6,.2389,,6,.2289,,,,,,,,,,,,,,,,,,,
01/06/2026 16:39:02,412872,5,.1867,,5,.1906,,,,,,,,,,,,,,,,,,,
01/06/2026 16:39:02,428221,2,.0289,,6,.0717,,,,,,,,,,,,,,,,,,,
01/06/2026 16:39:07,425897,6,.2267,,7,.2606,,,,,,,,,,,,,,,,,,,
01/06/2026 16:39:32,412872,3,.1128,,6,.2539,,,,,,,,,,,,,,,,,,,
01/06/2026 16:39:32,428221,2,.0189,,5,.0467,,,,,,,,,,,,,,,,,,,
01/06/2026 16:39:37,425897,5,.195,,7,.245,,,,,,,,,,,,,,,,,,,
01/06/2026 16:40:02,412872,5,.185,,5,.1989,,,,,,,,,,,,,,,,,,,
01/06/2026 16:40:02,428221,1,.01,,3,.0367,,,,,,,,,,,,,,,,,,,
01/06/2026 16:40:07,425897,7,.2578,,4,.2078,,,,,,,,,,,,,,,,,,,
01/06/2026 16:40:32,412872,6,.2289,,8,.2828,,,,,,,,,,,,,,,,,,,
01/06/2026 16:40:32,428221,9,.1189,,11,.1389,,,,,,,,,,,,,,,,,,,
01/06/2026 16:40:37,425897,6,.1656,,4,.2428,,,,,,,,,,,,,,,,,,,
01/06/2026 16:41:02,412872,6,.2406,,5,.2478,,,,,,,,,,,,,,,,,,,
01/06/2026 16:41:02,428221,1,.015,,2,.0267,,,,,,,,,,,,,,,,,,,
01/06/2026 16:41:07,425897,6,.2928,,7,.2028,,,,,,,,,,,,,,,,,,,
01/06/2026 16:41:32,412872,6,.3089,,7,.3167,,,,,,,,,,,,,,,,,,,
01/06/2026 16:41:32,428221,3,.0367,,3,.03,,,,,,,,,,,,,,,,,,,
01/06/2026 16:41:37,425897,7,.225,,3,.1978,,,,,,,,,,,,,,,,,,,
01/06/2026 16:42:02,412872,2,.0839,,4,.2028,,,,,,,,,,,,,,,,,,,
01/06/2026 16:42:02,428221,8,.1006,,6,.0689,,,,,,,,,,,,,,,,,,,
01/06/2026 16:42:07,425897,5,.1456,,2,.0856,,,,,,,,,,,,,,,,,,,
01/06/2026 16:42:32,412872,7,.2828,,7,.27,,,,,,,,,,,,,,,,,,,
01/06/2026 16:42:32,428221,3,.0317,,7,.075,,,,,,,,,,,,,,,,,,,
01/06/2026 16:42:37,425897,5,.2256,,3,.145,,,,,,,,,,,,,,,,,,,
01/06/2026 16:43:02,412872,5,.1778,,7,.2589,,,,,,,,,,,,,,,,,,,
01/06/2026 16:43:02,428221,3,.0306,,8,.1089,,,,,,,,,,,,,,,,,,,
01/06/2026 16:43:07,425897,6,.1789,,2,.5078,,,,,,,,,,,,,,,,,,,
01/06/2026 16:43:32,412872,6,.2128,,7,.2517,,,,,,,,,,,,,,,,,,,
01/06/2026 16:43:32,428221,5,.0589,,6,.0878,,,,,,,,,,,,,,,,,,,
01/06/2026 16:43:37,425897,6,.1889,,2,.1139,,,,,,,,,,,,,,,,,,,
01/06/2026 16:44:02,412872,6,.3167,,6,.2856,,,,,,,,,,,,,,,,,,,
01/06/2026 16:44:02,428221,0,0,,0,0,,,,,,,,,,,,,,,,,,,
01/06/2026 16:44:07,425897,7,.2228,,4,.2817,,,,,,,,,,,,,,,,,,,
01/06/2026 16:44:32,412872,8,.285,,7,.2578,,,,,,,,,,,,,,,,,,,
01/06/2026 16:44:32,428221,2,.03,,6,.0639,,,,,,,,,,,,,,,,,,,
01/06/2026 16:44:37,425897,7,.23,,3,.1806,,,,,,,,,,,,,,,,,,,
01/06/2026 16:45:02,412872,5,.2117,,6,.2617,,,,,,,,,,,,,,,,,,,
01/06/2026 16:45:02,428221,3,.0378,,9,.0978,,,,,,,,,,,,,,,,,,,
01/06/2026 16:45:07,425897,7,.2639,,6,.2517,,,,,,,,,,,,,,,,,,,
01/06/2026 16:45:32,412872,6,.235,,7,.2878,,,,,,,,,,,,,,,,,,,
01/06/2026 16:45:32,428221,5,.0739,,7,.1,,,,,,,,,,,,,,,,,,,
01/06/2026 16:45:37,425897,6,.2667,,7,.245,,,,,,,,,,,,,,,,,,,
01/06/2026 16:46:02,412872,6,.405,,6,.3956,,,,,,,,,,,,,,,,,,,
01/06/2026 16:46:02,428221,3,.0256,,8,.0867,,,,,,,,,,,,,,,,,,,
01/06/2026 16:46:07,425897,6,.2078,,10,.3556,,,,,,,,,,,,,,,,,,,
01/06/2026 16:46:32,412872,6,.395,,6,.3678,,,,,,,,,,,,,,,,,,,
01/06/2026 16:46:32,428221,12,.17,,9,.1317,,,,,,,,,,,,,,,,,,,
01/06/2026 16:46:37,425897,7,.2456,,9,.26,,,,,,,,,,,,,,,,,,,
01/06/2026 16:47:02,412872,5,.3967,,6,.4378,,,,,,,,,,,,,,,,,,,
01/06/2026 16:47:02,428221,2,.0367,,1,.0067,,,,,,,,,,,,,,,,,,,
01/06/2026 16:47:07,425897,5,.1867,,9,.3,,,,,,,,,,,,,,,,,,,
01/06/2026 16:47:32,412872,7,.3489,,5,.3678,,,,,,,,,,,,,,,,,,,
01/06/2026 16:47:32,428221,3,.035,,4,.04,,,,,,,,,,,,,,,,,,,
01/06/2026 16:47:37,425897,8,.2756,,9,.2667,,,,,,,,,,,,,,,,,,,
01/06/2026 16:48:02,412872,4,.3267,,5,.2878,,,,,,,,,,,,,,,,,,,
01/06/2026 16:48:02,428221,6,.0728,,7,.0756,,,,,,,,,,,,,,,,,,,
01/06/2026 16:48:07,425897,7,.215,,6,.26,,,,,,,,,,,,,,,,,,,
01/06/2026 16:48:32,412872,6,.5289,,6,.4128,,,,,,,,,,,,,,,,,,,
01/06/2026 16:48:32,428221,6,.0706,,6,.08,,,,,,,,,,,,,,,,,,,
01/06/2026 16:48:37,425897,6,.205,,9,.2817,,,,,,,,,,,,,,,,,,,
01/06/2026 16:49:02,412872,6,.4367,,5,.4928,,,,,,,,,,,,,,,,,,,
01/06/2026 16:49:02,428221,4,.0306,,5,.0639,,,,,,,,,,,,,,,,,,,
01/06/2026 16:49:07,425897,7,.2667,,8,.2767,,,,,,,,,,,,,,,,,,,
01/06/2026 16:49:32,412872,5,.3828,,5,.3656,,,,,,,,,,,,,,,,,,,
01/06/2026 16:49:32,428221,9,.1406,,10,.18,,,,,,,,,,,,,,,,,,,
01/06/2026 16:49:37,425897,6,.2639,,7,.27,,,,,,,,,,,,,,,,,,,
01/06/2026 16:50:02,412872,3,.3217,,4,.3739,,,,,,,,,,,,,,,,,,,
01/06/2026 16:50:02,428221,2,.0478,,4,.1006,,,,,,,,,,,,,,,,,,,
01/06/2026 16:50:07,425897,6,.2567,,6,.3128,,,,,,,,,,,,,,,,,,,
01/06/2026 16:50:32,412872,6,.2728,,6,.3317,,,,,,,,,,,,,,,,,,,
01/06/2026 16:50:32,428221,4,.0406,,6,.0617,,,,,,,,,,,,,,,,,,,
01/06/2026 16:50:37,425897,7,.235,,7,.3828,,,,,,,,,,,,,,,,,,,
01/06/2026 16:51:02,412872,5,.1706,,4,.2039,,,,,,,,,,,,,,,,,,,
01/06/2026 16:51:02,428221,4,.0489,,4,.0528,,,,,,,,,,,,,,,,,,,
01/06/2026 16:51:07,425897,7,.2856,,6,.3478,,,,,,,,,,,,,,,,,,,
01/06/2026 16:51:32,412872,6,.27,,7,.275,,,,,,,,,,,,,,,,,,,
01/06/2026 16:51:32,428221,4,.045,,4,.0439,,,,,,,,,,,,,,,,,,,
01/06/2026 16:51:37,425897,7,.2967,,6,.2778,,,,,,,,,,,,,,,,,,,
01/06/2026 16:52:02,412872,7,.2628,,6,.3389,,,,,,,,,,,,,,,,,,,
01/06/2026 16:52:02,428221,2,.0228,,2,.0206,,,,,,,,,,,,,,,,,,,
01/06/2026 16:52:07,425897,4,.1417,,7,.2839,,,,,,,,,,,,,,,,,,,
01/06/2026 16:52:32,412872,4,.1667,,5,.2506,,,,,,,,,,,,,,,,,,,
01/06/2026 16:52:32,428221,7,.08,,7,.0778,,,,,,,,,,,,,,,,,,,
01/06/2026 16:52:37,425897,6,.2167,,7,.3106,,,,,,,,,,,,,,,,,,,
01/06/2026 16:53:02,412872,6,.24,,6,.2578,,,,,,,,,,,,,,,,,,,
01/06/2026 16:53:02,428221,0,0,,1,.0117,,,,,,,,,,,,,,,,,,,
01/06/2026 16:53:07,425897,7,.3339,,8,.325,,,,,,,,,,,,,,,,,,,
01/06/2026 16:53:32,412872,6,.2867,,6,.335,,,,,,,,,,,,,,,,,,,
01/06/2026 16:53:32,428221,2,.0128,,3,.0267,,,,,,,,,,,,,,,,,,,
01/06/2026 16:53:37,425897,7,.2456,,6,.3478,,,,,,,,,,,,,,,,,,,
01/06/2026 16:54:02,412872,7,.3156,,6,.2939,,,,,,,,,,,,,,,,,,,
01/06/2026 16:54:02,428221,5,.0578,,2,.0189,,,,,,,,,,,,,,,,,,,
01/06/2026 16:54:07,425897,7,.2439,,8,.2578,,,,,,,,,,,,,,,,,,,
01/06/2026 16:54:32,412872,5,.3939,,5,.425,,,,,,,,,,,,,,,,,,,
01/06/2026 16:54:32,428221,5,.0578,,3,.035,,,,,,,,,,,,,,,,,,,
01/06/2026 16:54:37,425897,5,.3078,,6,.2706,,,,,,,,,,,,,,,,,,,
01/06/2026 16:55:02,412872,6,.2717,,7,.3667,,,,,,,,,,,,,,,,,,,
01/06/2026 16:55:02,428221,5,.065,,3,.0367,,,,,,,,,,,,,,,,,,,
01/06/2026 16:55:07,425897,7,.3156,,8,.37,,,,,,,,,,,,,,,,,,,
01/06/2026 16:55:32,412872,6,.3989,,5,.3906,,,,,,,,,,,,,,,,,,,
01/06/2026 16:55:32,428221,7,.0867,,8,.1067,,,,,,,,,,,,,,,,,,,
01/06/2026 16:55:37,425897,6,.2789,,7,.3039,,,,,,,,,,,,,,,,,,,
01/06/2026 16:56:02,412872,6,.3717,,5,.3656,,,,,,,,,,,,,,,,,,,
01/06/2026 16:56:02,428221,1,.0117,,0,0,,,,,,,,,,,,,,,,,,,
01/06/2026 16:56:07,425897,6,.2006,,9,.24,,,,,,,,,,,,,,,,,,,
01/06/2026 16:56:32,412872,6,.3039,,6,.2278,,,,,,,,,,,,,,,,,,,
01/06/2026 16:56:32,428221,1,.0106,,3,.0328,,,,,,,,,,,,,,,,,,,
01/06/2026 16:56:37,425897,6,.2167,,6,.2689,,,,,,,,,,,,,,,,,,,
01/06/2026 16:57:02,412872,6,.35,,6,.3267,,,,,,,,,,,,,,,,,,,
01/06/2026 16:57:02,428221,7,.0817,,6,.0667,,,,,,,,,,,,,,,,,,,
01/06/2026 16:57:07,425897,5,.2617,,8,.235,,,,,,,,,,,,,,,,,,,
01/06/2026 16:57:32,412872,5,.1839,,4,.1756,,,,,,,,,,,,,,,,,,,
01/06/2026 16:57:32,428221,3,.0456,,6,.085,,,,,,,,,,,,,,,,,,,
01/06/2026 16:57:37,425897,8,.2567,,7,.2567,,,,,,,,,,,,,,,,,,,
01/06/2026 16:58:02,412872,6,.23,,6,.2489,,,,,,,,,,,,,,,,,,,
01/06/2026 16:58:02,428221,4,.0517,,6,.0856,,,,,,,,,,,,,,,,,,,
01/06/2026 16:58:07,425897,4,.2028,,6,.335,,,,,,,,,,,,,,,,,,,
01/06/2026 16:58:32,412872,6,.1978,,5,.1956,,,,,,,,,,,,,,,,,,,
01/06/2026 16:58:32,428221,10,.1567,,5,.0667,,,,,,,,,,,,,,,,,,,
01/06/2026 16:58:37,425897,5,.2928,,6,.4606,,,,,,,,,,,,,,,,,,,
01/06/2026 16:59:02,412872,5,.1856,,6,.2778,,,,,,,,,,,,,,,,,,,
01/06/2026 16:59:02,428221,3,.0417,,5,.0589,,,,,,,,,,,,,,,,,,,
01/06/2026 16:59:07,425897,6,.3539,,6,.3356,,,,,,,,,,,,,,,,,,,
01/06/2026 16:59:32,412872,5,.18,,7,.2678,,,,,,,,,,,,,,,,,,,
01/06/2026 16:59:32,428221,3,.0378,,4,.0517,,,,,,,,,,,,,,,,,,,
01/06/2026 16:59:37,425897,6,.4267,,7,.3239,,,,,,,,,,,,,,,,,,,
01/06/2026 17:00:02,412872,8,.2389,,7,.27,,,,,,,,,,,,,,,,,,,
01/06/2026 17:00:02,428221,1,.0117,,5,.0667,,,,,,,,,,,,,,,,,,,
01/06/2026 17:00:07,425897,6,.2978,,7,.33,,,,,,,,,,,,,,,,,,,
01/06/2026 17:00:32,412872,4,.1428,,4,.1678,,,,,,,,,,,,,,,,,,,
01/06/2026 17:00:32,428221,4,.0506,,7,.1089,,,,,,,,,,,,,,,,,,,
01/06/2026 17:00:37,425897,7,.275,,6,.3278,,,,,,,,,,,,,,,,,,,
01/06/2026 17:01:02,412872,5,.2217,,7,.2117,,,,,,,,,,,,,,,,,,,
01/06/2026 17:01:02,428221,4,.055,,7,.1017,,,,,,,,,,,,,,,,,,,
01/06/2026 17:01:07,425897,6,.2228,,5,.2389,,,,,,,,,,,,,,,,,,,
01/06/2026 17:01:32,412872,4,.1067,,2,.0989,,,,,,,,,,,,,,,,,,,
01/06/2026 17:01:32,428221,10,.15,,10,.175,,,,,,,,,,,,,,,,,,,
01/06/2026 17:01:37,425897,6,.2267,,6,.2417,,,,,,,,,,,,,,,,,,,
01/06/2026 17:02:02,412872,6,.2217,,6,.17,,,,,,,,,,,,,,,,,,,
01/06/2026 17:02:02,428221,3,.1067,,3,.0656,,,,,,,,,,,,,,,,,,,
01/06/2026 17:02:07,425897,5,.225,,5,.2428,,,,,,,,,,,,,,,,,,,
01/06/2026 17:02:32,412872,2,.0828,,3,.1039,,,,,,,,,,,,,,,,,,,
01/06/2026 17:02:32,428221,4,.0517,,4,.0467,,,,,,,,,,,,,,,,,,,
01/06/2026 17:02:37,425897,5,.205,,6,.2717,,,,,,,,,,,,,,,,,,,
01/06/2026 17:03:02,412872,6,.2017,,3,.12,,,,,,,,,,,,,,,,,,,
01/06/2026 17:03:02,428221,3,.0617,,2,.0217,,,,,,,,,,,,,,,,,,,
01/06/2026 17:03:07,425897,5,.2567,,6,.2039,,,,,,,,,,,,,,,,,,,
01/06/2026 17:03:32,412872,7,.2289,,8,.2667,,,,,,,,,,,,,,,,,,,
01/06/2026 17:03:32,428221,1,.0106,,4,.0356,,,,,,,,,,,,,,,,,,,
01/06/2026 17:03:37,425897,7,.1956,,7,.2506,,,,,,,,,,,,,,,,,,,
01/06/2026 17:04:02,412872,7,.2706,,5,.2717,,,,,,,,,,,,,,,,,,,
01/06/2026 17:04:02,428221,0,0,,1,.0117,,,,,,,,,,,,,,,,,,,
01/06/2026 17:04:07,425897,5,.2156,,3,.19,,,,,,,,,,,,,,,,,,,
01/06/2026 17:04:32,412872,5,.3,,6,.3,,,,,,,,,,,,,,,,,,,
01/06/2026 17:04:32,428221,10,.145,,10,.1506,,,,,,,,,,,,,,,,,,,
01/06/2026 17:04:37,425897,6,.2117,,8,.2417,,,,,,,,,,,,,,,,,,,
01/06/2026 17:05:02,412872,6,.3617,,5,.3989,,,,,,,,,,,,,,,,,,,
01/06/2026 17:05:02,428221,1,.0206,,4,.0767,,,,,,,,,,,,,,,,,,,
01/06/2026 17:05:07,425897,6,.25,,7,.2506,,,,,,,,,,,,,,,,,,,
01/06/2026 17:05:32,412872,7,.3528,,7,.34,,,,,,,,,,,,,,,,,,,
01/06/2026 17:05:32,428221,2,.0217,,1,.0106,,,,,,,,,,,,,,,,,,,
01/06/2026 17:05:37,425897,5,.1867,,5,.1917,,,,,,,,,,,,,,,,,,,
01/06/2026 17:06:02,412872,6,.3828,,5,.4189,,,,,,,,,,,,,,,,,,,
01/06/2026 17:06:02,428221,3,.0378,,2,.02,,,,,,,,,,,,,,,,,,,
01/06/2026 17:06:07,425897,4,.2156,,4,.2439,,,,,,,,,,,,,,,,,,,
01/06/2026 17:06:32,412872,5,.4328,,5,.38,,,,,,,,,,,,,,,,,,,
01/06/2026 17:06:32,428221,3,.0278,,9,.0967,,,,,,,,,,,,,,,,,,,
01/06/2026 17:06:37,425897,7,.2778,,7,.2167,,,,,,,,,,,,,,,,,,,
01/06/2026 17:07:02,412872,5,.2756,,5,.2589,,,,,,,,,,,,,,,,,,,
01/06/2026 17:07:02,428221,1,.0039,,4,.0367,,,,,,,,,,,,,,,,,,,
01/06/2026 17:07:07,425897,8,.2489,,9,.3867,,,,,,,,,,,,,,,,,,,
01/06/2026 17:07:32,412872,6,.2739,,7,.2767,,,,,,,,,,,,,,,,,,,
01/06/2026 17:07:32,428221,9,.0956,,8,.0817,,,,,,,,,,,,,,,,,,,
01/06/2026 17:07:37,425897,6,.2056,,7,.3317,,,,,,,,,,,,,,,,,,,
01/06/2026 17:08:02,412872,6,.4,,6,.4339,,,,,,,,,,,,,,,,,,,
01/06/2026 17:08:02,428221,0,0,,3,.0317,,,,,,,,,,,,,,,,,,,
01/06/2026 17:08:07,425897,5,.25,,9,.3589,,,,,,,,,,,,,,,,,,,
01/06/2026 17:08:32,412872,6,.3828,,5,.355,,,,,,,,,,,,,,,,,,,
01/06/2026 17:08:32,428221,5,.0578,,0,0,,,,,,,,,,,,,,,,,,,
01/06/2026 17:08:37,425897,4,.365,,6,.4406,,,,,,,,,,,,,,,,,,,
01/06/2026 17:09:02,412872,6,.3967,,5,.31,,,,,,,,,,,,,,,,,,,
01/06/2026 17:09:02,428221,3,.0306,,8,.0806,,,,,,,,,,,,,,,,,,,
01/06/2026 17:09:07,425897,6,.3589,,5,.3667,,,,,,,,,,,,,,,,,,,
01/06/2026 17:09:32,412872,6,.4467,,5,.355,,,,,,,,,,,,,,,,,,,
01/06/2026 17:09:32,428221,6,.07,,7,.0806,,,,,,,,,,,,,,,,,,,
01/06/2026 17:09:37,425897,6,.2606,,6,.285,,,,,,,,,,,,,,,,,,,
01/06/2026 17:10:02,412872,6,.395,,5,.3428,,,,,,,,,,,,,,,,,,,
01/06/2026 17:10:02,428221,1,.0139,,2,.0256,,,,,,,,,,,,,,,,,,,
01/06/2026 17:10:07,425897,6,.2567,,5,.265,,,,,,,,,,,,,,,,,,,
01/06/2026 17:10:32,412872,5,.2806,,6,.3228,,,,,,,,,,,,,,,,,,,
01/06/2026 17:10:32,428221,8,.11,,6,.0678,,,,,,,,,,,,,,,,,,,
01/06/2026 17:10:37,425897,5,.2789,,6,.3117,,,,,,,,,,,,,,,,,,,
01/06/2026 17:11:02,412872,5,.23,,5,.2239,,,,,,,,,,,,,,,,,,,
01/06/2026 17:11:02,428221,4,.1039,,1,.015,,,,,,,,,,,,,,,,,,,
01/06/2026 17:11:07,425897,5,.3239,,7,.3839,,,,,,,,,,,,,,,,,,,
01/06/2026 17:11:32,412872,6,.2167,,8,.2656,,,,,,,,,,,,,,,,,,,
01/06/2026 17:11:32,428221,1,.0078,,5,.0456,,,,,,,,,,,,,,,,,,,
01/06/2026 17:11:37,425897,5,.245,,5,.2867,,,,,,,,,,,,,,,,,,,
01/06/2026 17:12:02,412872,6,.2917,,5,.2078,,,,,,,,,,,,,,,,,,,
01/06/2026 17:12:02,428221,5,.0606,,3,.0317,,,,,,,,,,,,,,,,,,,
01/06/2026 17:12:07,425897,6,.3289,,6,.3767,,,,,,,,,,,,,,,,,,,
01/06/2026 17:12:32,412872,6,.28,,6,.3678,,,,,,,,,,,,,,,,,,,
01/06/2026 17:12:32,428221,3,.0289,,5,.0739,,,,,,,,,,,,,,,,,,,
01/06/2026 17:12:37,425897,4,.4928,,5,.56,,,,,,,,,,,,,,,,,,,
01/06/2026 17:13:02,412872,6,.3389,,6,.36,,,,,,,,,,,,,,,,,,,
01/06/2026 17:13:02,428221,2,.0217,,6,.06,,,,,,,,,,,,,,,,,,,
01/06/2026 17:13:07,425897,3,.4556,,3,.8,,,,,,,,,,,,,,,,,,,
01/06/2026 17:13:32,412872,4,.3278,,6,.4128,,,,,,,,,,,,,,,,,,,
01/06/2026 17:13:32,428221,10,.1306,,10,.13,,,,,,,,,,,,,,,,,,,
01/06/2026 17:13:37,425897,3,.6017,,22,.5756,,,,,,,,,,,,,,,,,,,
01/06/2026 17:14:02,412872,6,.3178,,6,.3867,,,,,,,,,,,,,,,,,,,
01/06/2026 17:14:02,428221,1,.0167,,0,0,,,,,,,,,,,,,,,,,,,
01/06/2026 17:14:07,425897,5,.3717,,8,.3406,,,,,,,,,,,,,,,,,,,
01/06/2026 17:14:32,412872,6,.4067,,5,.4767,,,,,,,,,,,,,,,,,,,
01/06/2026 17:14:32,428221,4,.04,,3,.0267,,,,,,,,,,,,,,,,,,,
01/06/2026 17:14:37,425897,4,.4339,,7,.4028,,,,,,,,,,,,,,,,,,,
01/06/2026 17:15:02,412872,6,.4628,,5,.4728,,,,,,,,,,,,,,,,,,,
01/06/2026 17:15:02,428221,8,.1178,,7,.1006,,,,,,,,,,,,,,,,,,,
01/06/2026 17:15:07,425897,5,.295,,7,.3139,,,,,,,,,,,,,,,,,,,
01/06/2026 17:15:32,412872,6,.3456,,5,.4106,,,,,,,,,,,,,,,,,,,
01/06/2026 17:15:32,428221,3,.05,,7,.13,,,,,,,,,,,,,,,,,,,
01/06/2026 17:15:37,425897,5,.405,,7,.5428,,,,,,,,,,,,,,,,,,,
01/06/2026 17:16:02,412872,3,.7028,,4,.6328,,,,,,,,,,,,,,,,,,,
01/06/2026 17:16:02,428221,4,.0678,,8,.1017,,,,,,,,,,,,,,,,,,,
01/06/2026 17:16:07,425897,6,.3056,,7,.3939,,,,,,,,,,,,,,,,,,,
01/06/2026 17:16:32,412872,6,.4656,,7,.5067,,,,,,,,,,,,,,,,,,,
01/06/2026 17:16:32,428221,5,.0906,,7,.1517,,,,,,,,,,,,,,,,,,,
01/06/2026 17:16:37,425897,6,.4417,,7,.365,,,,,,,,,,,,,,,,,,,
01/06/2026 17:17:02,412872,5,.5206,,4,.3656,,,,,,,,,,,,,,,,,,,
01/06/2026 17:17:02,428221,0,0,,1,.0206,,,,,,,,,,,,,,,,,,,
01/06/2026 17:17:07,425897,5,.1756,,9,.3556,,,,,,,,,,,,,,,,,,,
01/06/2026 17:17:32,412872,5,.3228,,5,.3456,,,,,,,,,,,,,,,,,,,
01/06/2026 17:17:32,428221,0,0,,0,0,,,,,,,,,,,,,,,,,,,
01/06/2026 17:17:37,425897,6,.2828,,7,.2617,,,,,,,,,,,,,,,,,,,
01/06/2026 17:18:02,412872,6,.5156,,5,.5278,,,,,,,,,,,,,,,,,,,
01/06/2026 17:18:02,428221,3,.0289,,5,.0678,,,,,,,,,,,,,,,,,,,
01/06/2026 17:18:07,425897,6,.31,,8,.3106,,,,,,,,,,,,,,,,,,,
01/06/2026 17:18:32,412872,5,.3739,,5,.3817,,,,,,,,,,,,,,,,,,,
01/06/2026 17:18:32,428221,1,.0139,,6,.0828,,,,,,,,,,,,,,,,,,,
01/06/2026 17:18:37,425897,4,.3739,,1,.6006,,,,,,,,,,,,,,,,,,,
01/06/2026 17:19:02,412872,5,.5528,,5,.4406,,,,,,,,,,,,,,,,,,,
01/06/2026 17:19:02,428221,3,.0328,,6,.065,,,,,,,,,,,,,,,,,,,
01/06/2026 17:19:07,425897,5,.6189,,6,.4267,,,,,,,,,,,,,,,,,,,
01/06/2026 17:19:32,412872,5,.3567,,6,.4078,,,,,,,,,,,,,,,,,,,
01/06/2026 17:19:32,428221,10,.185,,9,.1539,,,,,,,,,,,,,,,,,,,
01/06/2026 17:19:37,425897,6,.3039,,6,.2556,,,,,,,,,,,,,,,,,,,
01/06/2026 17:20:02,412872,5,.2467,,5,.3,,,,,,,,,,,,,,,,,,,
01/06/2026 17:20:02,428221,3,.08,,4,.1256,,,,,,,,,,,,,,,,,,,
01/06/2026 17:20:07,425897,5,.2417,,4,.38,,,,,,,,,,,,,,,,,,,
01/06/2026 17:20:32,412872,5,.3156,,6,.4506,,,,,,,,,,,,,,,,,,,
01/06/2026 17:20:32,428221,3,.0389,,4,.0378,,,,,,,,,,,,,,,,,,,
01/06/2026 17:20:37,425897,5,.4406,,8,.4856,,,,,,,,,,,,,,,,,,,
01/06/2026 17:21:02,412872,5,.2778,,5,.28,,,,,,,,,,,,,,,,,,,
01/06/2026 17:21:02,428221,3,.0317,,5,.0506,,,,,,,,,,,,,,,,,,,
01/06/2026 17:21:07,425897,6,.3067,,5,.28,,,,,,,,,,,,,,,,,,,
01/06/2026 17:21:32,412872,4,.3439,,5,.475,,,,,,,,,,,,,,,,,,,
01/06/2026 17:21:32,428221,6,.1067,,4,.0639,,,,,,,,,,,,,,,,,,,
01/06/2026 17:21:37,425897,6,.4656,,6,.4317,,,,,,,,,,,,,,,,,,,
01/06/2026 17:22:02,412872,6,.4328,,6,.53,,,,,,,,,,,,,,,,,,,
01/06/2026 17:22:02,428221,6,.105,,4,.0578,,,,,,,,,,,,,,,,,,,
01/06/2026 17:22:07,425897,5,.3589,,5,.4889,,,,,,,,,,,,,,,,,,,
01/06/2026 17:22:32,412872,5,.6667,,4,.7339,,,,,,,,,,,,,,,,,,,
01/06/2026 17:22:32,428221,11,.1428,,7,.0889,,,,,,,,,,,,,,,,,,,
01/06/2026 17:22:37,425897,6,.3317,,9,.3256,,,,,,,,,,,,,,,,,,,
01/06/2026 17:23:02,412872,5,.39,,4,.3367,,,,,,,,,,,,,,,,,,,
01/06/2026 17:23:02,428221,3,.0478,,3,.0967,,,,,,,,,,,,,,,,,,,
01/06/2026 17:23:07,425897,6,.4039,,6,.3,,,,,,,,,,,,,,,,,,,
01/06/2026 17:23:32,412872,7,.3717,,5,.3267,,,,,,,,,,,,,,,,,,,
01/06/2026 17:23:32,428221,2,.025,,3,.0317,,,,,,,,,,,,,,,,,,,
01/06/2026 17:23:37,425897,4,.6078,,7,.5356,,,,,,,,,,,,,,,,,,,
01/06/2026 17:24:02,412872,4,.5028,,5,.4117,,,,,,,,,,,,,,,,,,,
01/06/2026 17:24:02,428221,10,.19,,8,.1256,,,,,,,,,,,,,,,,,,,
01/06/2026 17:24:07,425897,5,.395,,7,.4828,,,,,,,,,,,,,,,,,,,
01/06/2026 17:24:32,412872,5,.5506,,6,.6439,,,,,,,,,,,,,,,,,,,
01/06/2026 17:24:32,428221,6,.1139,,6,.1289,,,,,,,,,,,,,,,,,,,
01/06/2026 17:24:37,425897,6,.3767,,5,.4,,,,,,,,,,,,,,,,,,,
01/06/2026 17:25:02,412872,5,.32,,4,.2556,,,,,,,,,,,,,,,,,,,
01/06/2026 17:25:02,428221,2,.0306,,5,.0778,,,,,,,,,,,,,,,,,,,
01/06/2026 17:25:07,425897,6,.3067,,5,.255,,,,,,,,,,,,,,,,,,,
01/06/2026 17:25:32,412872,4,.1956,,7,.31,,,,,,,,,,,,,,,,,,,
01/06/2026 17:25:32,428221,3,.0456,,4,.0478,,,,,,,,,,,,,,,,,,,
01/06/2026 17:25:37,425897,6,.3289,,9,.4,,,,,,,,,,,,,,,,,,,
01/06/2026 17:26:02,412872,5,.2206,,5,.2189,,,,,,,,,,,,,,,,,,,
01/06/2026 17:26:02,428221,0,0,,2,.0317,,,,,,,,,,,,,,,,,,,
01/06/2026 17:26:07,425897,6,.3306,,7,.325,,,,,,,,,,,,,,,,,,,
01/06/2026 17:26:32,412872,6,.2689,,6,.23,,,,,,,,,,,,,,,,,,,
01/06/2026 17:26:32,428221,3,.0356,,4,.05,,,,,,,,,,,,,,,,,,,
01/06/2026 17:26:37,425897,5,.2078,,5,.2167,,,,,,,,,,,,,,,,,,,
01/06/2026 17:27:02,412872,6,.2617,,5,.2578,,,,,,,,,,,,,,,,,,,
01/06/2026 17:27:02,428221,8,.1217,,5,.0756,,,,,,,,,,,,,,,,,,,
01/06/2026 17:27:07,425897,5,.2178,,6,.3378,,,,,,,,,,,,,,,,,,,
01/06/2026 17:27:32,412872,5,.1817,,7,.2806,,,,,,,,,,,,,,,,,,,
01/06/2026 17:27:32,428221,5,.0678,,6,.0589,,,,,,,,,,,,,,,,,,,
01/06/2026 17:27:37,425897,8,.2878,,7,.3378,,,,,,,,,,,,,,,,,,,
01/06/2026 17:28:02,412872,6,.2889,,7,.26,,,,,,,,,,,,,,,,,,,
01/06/2026 17:28:02,428221,1,.0117,,5,.0539,,,,,,,,,,,,,,,,,,,
01/06/2026 17:28:07,425897,7,.2306,,8,.2706,,,,,,,,,,,,,,,,,,,
01/06/2026 17:28:32,412872,5,.2067,,6,.2656,,,,,,,,,,,,,,,,,,,
01/06/2026 17:28:32,428221,6,.0806,,5,.055,,,,,,,,,,,,,,,,,,,
01/06/2026 17:28:37,425897,5,.2078,,9,.3139,,,,,,,,,,,,,,,,,,,
01/06/2026 17:29:02,412872,7,.4467,,6,.4817,,,,,,,,,,,,,,,,,,,
01/06/2026 17:29:02,428221,0,0,,0,0,,,,,,,,,,,,,,,,,,,
01/06/2026 17:29:07,425897,6,.2306,,6,.3856,,,,,,,,,,,,,,,,,,,
01/06/2026 17:29:32,412872,5,.1778,,6,.2156,,,,,,,,,,,,,,,,,,,
01/06/2026 17:29:32,428221,2,.025,,4,.0378,,,,,,,,,,,,,,,,,,,
01/06/2026 17:29:37,425897,7,.3478,,7,.3156,,,,,,,,,,,,,,,,,,,
01/06/2026 17:30:02,412872,7,.4078,,5,.2906,,,,,,,,,,,,,,,,,,,
01/06/2026 17:30:02,428221,1,.0106,,7,.0706,,,,,,,,,,,,,,,,,,,
01/06/2026 17:30:07,425897,4,.2078,,4,.4256,,,,,,,,,,,,,,,,,,,
01/06/2026 17:30:32,412872,5,.2228,,7,.32,,,,,,,,,,,,,,,,,,,
01/06/2026 17:30:32,428221,2,.0278,,7,.0817,,,,,,,,,,,,,,,,,,,
01/06/2026 17:30:37,425897,5,.47,,6,.3567,,,,,,,,,,,,,,,,,,,
01/06/2026 17:31:02,412872,7,.5289,,3,.205,,,,,,,,,,,,,,,,,,,
01/06/2026 17:31:02,428221,1,.015,,2,.0217,,,,,,,,,,,,,,,,,,,
01/06/2026 17:31:07,425897,7,.3078,,8,.3628,,,,,,,,,,,,,,,,,,,
01/06/2026 17:31:32,412872,6,.2256,,7,.4089,,,,,,,,,,,,,,,,,,,
01/06/2026 17:31:32,428221,10,.155,,10,.135,,,,,,,,,,,,,,,,,,,
01/06/2026 17:31:37,425897,5,.2367,,7,.315,,,,,,,,,,,,,,,,,,,
01/06/2026 17:32:02,412872,4,.135,,2,.0878,,,,,,,,,,,,,,,,,,,
01/06/2026 17:32:02,428221,4,.0728,,1,.0239,,,,,,,,,,,,,,,,,,,
01/06/2026 17:32:07,425897,5,.275,,5,.2456,,,,,,,,,,,,,,,,,,,
01/06/2026 17:32:32,412872,3,.1039,,2,.0806,,,,,,,,,,,,,,,,,,,
01/06/2026 17:32:32,428221,2,.015,,1,.01,,,,,,,,,,,,,,,,,,,
01/06/2026 17:32:37,425897,7,.2378,,7,.4178,,,,,,,,,,,,,,,,,,,
01/06/2026 17:33:02,412872,3,.1039,,1,.0367,,,,,,,,,,,,,,,,,,,
01/06/2026 17:33:02,428221,1,.0106,,4,.0539,,,,,,,,,,,,,,,,,,,
01/06/2026 17:33:07,425897,5,.26,,5,.2928,,,,,,,,,,,,,,,,,,,
01/06/2026 17:33:32,412872,6,.2228,,7,.2689,,,,,,,,,,,,,,,,,,,
01/06/2026 17:33:32,428221,3,.0539,,6,.0717,,,,,,,,,,,,,,,,,,,
01/06/2026 17:33:37,425897,5,.2217,,8,.3106,,,,,,,,,,,,,,,,,,,
01/06/2026 17:34:02,412872,6,.2206,,6,.2506,,,,,,,,,,,,,,,,,,,
01/06/2026 17:34:02,428221,5,.06,,5,.0539,,,,,,,,,,,,,,,,,,,
01/06/2026 17:34:07,425897,8,.2556,,6,.2389,,,,,,,,,,,,,,,,,,,
01/06/2026 17:34:32,412872,6,.2356,,7,.2878,,,,,,,,,,,,,,,,,,,
01/06/2026 17:34:32,428221,12,.2,,6,.0817,,,,,,,,,,,,,,,,,,,
01/06/2026 17:34:37,425897,7,.2978,,7,.2767,,,,,,,,,,,,,,,,,,,
01/06/2026 17:35:02,412872,5,.1989,,7,.2589,,,,,,,,,,,,,,,,,,,
01/06/2026 17:35:02,428221,3,.0417,,2,.04,,,,,,,,,,,,,,,,,,,
01/06/2026 17:35:07,425897,4,.2089,,5,.2417,,,,,,,,,,,,,,,,,,,
01/06/2026 17:35:32,412872,6,.1906,,4,.1878,,,,,,,,,,,,,,,,,,,
01/06/2026 17:35:32,428221,2,.0339,,2,.0167,,,,,,,,,,,,,,,,,,,
01/06/2026 17:35:37,425897,6,.2256,,6,.2389,,,,,,,,,,,,,,,,,,,
01/06/2026 17:36:02,412872,3,.1089,,4,.1406,,,,,,,,,,,,,,,,,,,
01/06/2026 17:36:02,428221,5,.07,,5,.0606,,,,,,,,,,,,,,,,,,,
01/06/2026 17:36:07,425897,7,.2128,,6,.37,,,,,,,,,,,,,,,,,,,
01/06/2026 17:36:32,412872,5,.2006,,3,.1089,,,,,,,,,,,,,,,,,,,
01/06/2026 17:36:32,428221,3,.035,,3,.0289,,,,,,,,,,,,,,,,,,,
01/06/2026 17:36:37,425897,4,.2128,,7,.2906,,,,,,,,,,,,,,,,,,,
01/06/2026 17:37:02,412872,5,.1989,,7,.2628,,,,,,,,,,,,,,,,,,,
01/06/2026 17:37:02,428221,0,0,,0,0,,,,,,,,,,,,,,,,,,,
01/06/2026 17:37:07,425897,7,.24,,6,.2828,,,,,,,,,,,,,,,,,,,
01/06/2026 17:37:32,412872,7,.225,,7,.2728,,,,,,,,,,,,,,,,,,,
01/06/2026 17:37:32,428221,11,.17,,8,.1128,,,,,,,,,,,,,,,,,,,
01/06/2026 17:37:37,425897,5,.2639,,6,.2756,,,,,,,,,,,,,,,,,,,
01/06/2026 17:38:02,412872,4,.3367,,5,.5489,,,,,,,,,,,,,,,,,,,
01/06/2026 17:38:02,428221,1,.0106,,4,.0617,,,,,,,,,,,,,,,,,,,
01/06/2026 17:38:07,425897,4,.2856,,4,.25,,,,,,,,,,,,,,,,,,,
01/06/2026 17:38:32,412872,6,.3456,,6,.3506,,,,,,,,,,,,,,,,,,,
01/06/2026 17:38:32,428221,1,.0106,,2,.0217,,,,,,,,,,,,,,,,,,,
01/06/2026 17:38:37,425897,6,.2278,,8,.3367,,,,,,,,,,,,,,,,,,,
01/06/2026 17:39:02,412872,5,.4478,,5,.4139,,,,,,,,,,,,,,,,,,,
01/06/2026 17:39:02,428221,4,.0528,,5,.06,,,,,,,,,,,,,,,,,,,
01/06/2026 17:39:07,425897,8,.3489,,9,.2789,,,,,,,,,,,,,,,,,,,
01/06/2026 17:39:32,412872,5,.505,,5,.415,,,,,,,,,,,,,,,,,,,
01/06/2026 17:39:32,428221,4,.0528,,6,.0789,,,,,,,,,,,,,,,,,,,
01/06/2026 17:39:37,425897,5,.2917,,7,.3228,,,,,,,,,,,,,,,,,,,
01/06/2026 17:40:02,412872,5,.48,,5,.5217,,,,,,,,,,,,,,,,,,,
01/06/2026 17:40:02,428221,1,.0217,,7,.0906,,,,,,,,,,,,,,,,,,,
01/06/2026 17:40:07,425897,6,.2156,,5,.2417,,,,,,,,,,,,,,,,,,,
01/06/2026 17:40:32,412872,6,.28,,7,.2989,,,,,,,,,,,,,,,,,,,
01/06/2026 17:40:32,428221,12,.1806,,6,.0906,,,,,,,,,,,,,,,,,,,
01/06/2026 17:40:37,425897,6,.2667,,7,.2828,,,,,,,,,,,,,,,,,,,
01/06/2026 17:41:02,412872,5,.495,,6,.5667,,,,,,,,,,,,,,,,,,,
01/06/2026 17:41:02,428221,2,.0306,,5,.0756,,,,,,,,,,,,,,,,,,,
01/06/2026 17:41:07,425897,5,.1806,,6,.4667,,,,,,,,,,,,,,,,,,,
01/06/2026 17:41:32,412872,5,.4356,,5,.41,,,,,,,,,,,,,,,,,,,
01/06/2026 17:41:32,428221,3,.0356,,3,.0328,,,,,,,,,,,,,,,,,,,
01/06/2026 17:41:37,425897,5,.2117,,6,.2478,,,,,,,,,,,,,,,,,,,
01/06/2026 17:42:02,412872,6,.3128,,7,.39,,,,,,,,,,,,,,,,,,,
01/06/2026 17:42:02,428221,2,.0239,,6,.0767,,,,,,,,,,,,,,,,,,,
01/06/2026 17:42:07,425897,6,.2089,,4,.29,,,,,,,,,,,,,,,,,,,
01/06/2026 17:42:32,412872,5,.2417,,6,.2967,,,,,,,,,,,,,,,,,,,
01/06/2026 17:42:32,428221,6,.08,,5,.0589,,,,,,,,,,,,,,,,,,,
01/06/2026 17:42:37,425897,6,.2606,,7,.3139,,,,,,,,,,,,,,,,,,,
01/06/2026 17:43:02,412872,6,.2839,,5,.2428,,,,,,,,,,,,,,,,,,,
01/06/2026 17:43:02,428221,3,.0439,,2,.0456,,,,,,,,,,,,,,,,,,,
01/06/2026 17:43:07,425897,6,.2667,,6,.2756,,,,,,,,,,,,,,,,,,,
01/06/2026 17:43:32,412872,5,.4989,,3,.5256,,,,,,,,,,,,,,,,,,,
01/06/2026 17:43:32,428221,7,.1106,,6,.0789,,,,,,,,,,,,,,,,,,,
01/06/2026 17:43:37,425897,6,.235,,6,.2178,,,,,,,,,,,,,,,,,,,
01/06/2026 17:44:02,412872,5,.2356,,5,.2706,,,,,,,,,,,,,,,,,,,
01/06/2026 17:44:02,428221,1,.0117,,4,.0439,,,,,,,,,,,,,,,,,,,
01/06/2026 17:44:07,425897,7,.3028,,4,.2139,,,,,,,,,,,,,,,,,,,
01/06/2026 17:44:32,412872,2,.0978,,8,.3489,,,,,,,,,,,,,,,,,,,
01/06/2026 17:44:32,428221,5,.0617,,1,.0089,,,,,,,,,,,,,,,,,,,
01/06/2026 17:44:37,425897,7,.2217,,4,.1389,,,,,,,,,,,,,,,,,,,
01/06/2026 17:45:02,412872,5,.185,,6,.2167,,,,,,,,,,,,,,,,,,,
01/06/2026 17:45:02,428221,4,.0528,,4,.0439,,,,,,,,,,,,,,,,,,,
01/06/2026 17:45:07,425897,6,.1739,,5,.1606,,,,,,,,,,,,,,,,,,,
01/06/2026 17:45:32,412872,6,.2667,,6,.3228,,,,,,,,,,,,,,,,,,,
01/06/2026 17:45:32,428221,1,.0117,,2,.0217,,,,,,,,,,,,,,,,,,,
01/06/2026 17:45:37,425897,5,.19,,4,.2278,,,,,,,,,,,,,,,,,,,
01/06/2026 17:46:02,412872,3,.3756,,5,.5817,,,,,,,,,,,,,,,,,,,
01/06/2026 17:46:02,428221,2,.0178,,7,.075,,,,,,,,,,,,,,,,,,,
01/06/2026 17:46:07,425897,5,.2078,,4,.445,,,,,,,,,,,,,,,,,,,
01/06/2026 17:46:32,412872,4,.3278,,5,.3589,,,,,,,,,,,,,,,,,,,
01/06/2026 17:46:32,428221,6,.0806,,8,.1078,,,,,,,,,,,,,,,,,,,
01/06/2026 17:46:37,425897,5,.2006,,4,.1939,,,,,,,,,,,,,,,,,,,
01/06/2026 17:47:02,412872,6,.46,,5,.4506,,,,,,,,,,,,,,,,,,,
01/06/2026 17:47:02,428221,4,.0906,,3,.0506,,,,,,,,,,,,,,,,,,,
01/06/2026 17:47:07,425897,5,.2328,,2,.08,,,,,,,,,,,,,,,,,,,
01/06/2026 17:47:32,412872,4,.27,,5,.4106,,,,,,,,,,,,,,,,,,,
01/06/2026 17:47:32,428221,3,.0339,,6,.0678,,,,,,,,,,,,,,,,,,,
01/06/2026 17:47:37,425897,5,.2006,,4,.5717,,,,,,,,,,,,,,,,,,,
01/06/2026 17:48:02,412872,5,.2628,,7,.3678,,,,,,,,,,,,,,,,,,,
01/06/2026 17:48:02,428221,7,.1128,,6,.095,,,,,,,,,,,,,,,,,,,
01/06/2026 17:48:07,425897,4,.1656,,3,.3017,,,,,,,,,,,,,,,,,,,
01/06/2026 17:48:32,412872,6,.3456,,5,.3039,,,,,,,,,,,,,,,,,,,
01/06/2026 17:48:32,428221,1,.0178,,7,.1017,,,,,,,,,,,,,,,,,,,
01/06/2026 17:48:37,425897,6,.1906,,3,.105,,,,,,,,,,,,,,,,,,,
01/06/2026 17:49:02,412872,5,.5656,,5,.4689,,,,,,,,,,,,,,,,,,,
01/06/2026 17:49:02,428221,0,0,,5,.0706,,,,,,,,,,,,,,,,,,,
01/06/2026 17:49:07,425897,6,.205,,3,.345,,,,,,,,,,,,,,,,,,,
01/06/2026 17:49:32,412872,6,.3906,,6,.3789,,,,,,,,,,,,,,,,,,,
01/06/2026 17:49:32,428221,8,.1556,,3,.0739,,,,,,,,,,,,,,,,,,,
01/06/2026 17:49:37,425897,6,.2139,,4,.1656,,,,,,,,,,,,,,,,,,,
01/06/2026 17:50:02,412872,4,.2967,,6,.5278,,,,,,,,,,,,,,,,,,,
01/06/2026 17:50:02,428221,0,0,,2,.06,,,,,,,,,,,,,,,,,,,
01/06/2026 17:50:07,425897,6,.1756,,2,.1067,,,,,,,,,,,,,,,,,,,
01/06/2026 17:50:32,412872,6,.2528,,6,.2828,,,,,,,,,,,,,,,,,,,
01/06/2026 17:50:32,428221,2,.0278,,1,.0128,,,,,,,,,,,,,,,,,,,
01/06/2026 17:50:37,425897,6,.2139,,3,.2628,,,,,,,,,,,,,,,,,,,
01/06/2026 17:51:02,412872,4,.2639,,7,.4867,,,,,,,,,,,,,,,,,,,
01/06/2026 17:51:02,428221,6,.0839,,4,.0656,,,,,,,,,,,,,,,,,,,
01/06/2026 17:51:07,425897,7,.2267,,3,.3128,,,,,,,,,,,,,,,,,,,
01/06/2026 17:51:32,412872,5,.1978,,6,.2339,,,,,,,,,,,,,,,,,,,
01/06/2026 17:51:32,428221,5,.0939,,6,.08,,,,,,,,,,,,,,,,,,,
01/06/2026 17:51:37,425897,7,.2139,,4,.1217,,,,,,,,,,,,,,,,,,,
01/06/2026 17:52:02,412872,4,.215,,7,.3928,,,,,,,,,,,,,,,,,,,
01/06/2026 17:52:02,428221,2,.0289,,4,.0567,,,,,,,,,,,,,,,,,,,
01/06/2026 17:52:07,425897,7,.225,,4,.3139,,,,,,,,,,,,,,,,,,,
01/06/2026 17:52:32,412872,3,.115,,6,.22,,,,,,,,,,,,,,,,,,,
01/06/2026 17:52:32,428221,7,.1106,,8,.14,,,,,,,,,,,,,,,,,,,
01/06/2026 17:52:37,425897,6,.2317,,6,.1589,,,,,,,,,,,,,,,,,,,
01/06/2026 17:53:02,412872,5,.17,,6,.21,,,,,,,,,,,,,,,,,,,
01/06/2026 17:53:02,428221,1,.0417,,6,.1878,,,,,,,,,,,,,,,,,,,
01/06/2026 17:53:07,425897,7,.2128,,8,.235,,,,,,,,,,,,,,,,,,,
01/06/2026 17:53:32,412872,5,.2028,,5,.1656,,,,,,,,,,,,,,,,,,,
01/06/2026 17:53:32,428221,2,.0356,,2,.03,,,,,,,,,,,,,,,,,,,
01/06/2026 17:53:37,425897,6,.2006,,8,.325,,,,,,,,,,,,,,,,,,,
01/06/2026 17:54:02,412872,5,.2339,,4,.1928,,,,,,,,,,,,,,,,,,,
01/06/2026 17:54:02,428221,2,.0367,,4,.0678,,,,,,,,,,,,,,,,,,,
01/06/2026 17:54:07,425897,7,.2506,,7,.3067,,,,,,,,,,,,,,,,,,,
01/06/2026 17:54:32,412872,6,.2456,,6,.2106,,,,,,,,,,,,,,,,,,,
01/06/2026 17:54:32,428221,4,.045,,7,.0906,,,,,,,,,,,,,,,,,,,
01/06/2026 17:54:37,425897,7,.25,,8,.2578,,,,,,,,,,,,,,,,,,,
01/06/2026 17:55:02,412872,5,.3417,,7,.3006,,,,,,,,,,,,,,,,,,,
01/06/2026 17:55:02,428221,4,.0617,,3,.0356,,,,,,,,,,,,,,,,,,,
01/06/2026 17:55:07,425897,8,.2728,,11,.285,,,,,,,,,,,,,,,,,,,
01/06/2026 17:55:32,412872,6,.4778,,5,.435,,,,,,,,,,,,,,,,,,,
01/06/2026 17:55:32,428221,7,.1117,,8,.1339,,,,,,,,,,,,,,,,,,,
01/06/2026 17:55:37,425897,7,.2306,,4,.2417,,,,,,,,,,,,,,,,,,,
01/06/2026 17:56:02,412872,6,.3117,,5,.3556,,,,,,,,,,,,,,,,,,,
01/06/2026 17:56:02,428221,3,.18,,3,.6239,,,,,,,,,,,,,,,,,,,
01/06/2026 17:56:07,425897,6,.1967,,5,.3389,,,,,,,,,,,,,,,,,,,
01/06/2026 17:56:32,412872,5,.4067,,6,.3767,,,,,,,,,,,,,,,,,,,
01/06/2026 17:56:32,428221,3,.0489,,4,.1839,,,,,,,,,,,,,,,,,,,
01/06/2026 17:56:37,425897,6,.2267,,6,.3056,,,,,,,,,,,,,,,,,,,
01/06/2026 17:57:02,412872,4,.6239,,4,.4356,,,,,,,,,,,,,,,,,,,
01/06/2026 17:57:02,428221,2,.0306,,3,.0328,,,,,,,,,,,,,,,,,,,
01/06/2026 17:57:07,425897,6,.2317,,6,.2756,,,,,,,,,,,,,,,,,,,
01/06/2026 17:57:32,412872,6,.4889,,5,.5017,,,,,,,,,,,,,,,,,,,
01/06/2026 17:57:32,428221,3,.0356,,5,.0606,,,,,,,,,,,,,,,,,,,
01/06/2026 17:57:37,425897,6,.2428,,7,.265,,,,,,,,,,,,,,,,,,,
01/06/2026 17:58:02,412872,4,.5628,,4,.4378,,,,,,,,,,,,,,,,,,,
01/06/2026 17:58:02,428221,3,.0517,,2,.0239,,,,,,,,,,,,,,,,,,,
01/06/2026 17:58:07,425897,6,.2289,,7,.2617,,,,,,,,,,,,,,,,,,,
01/06/2026 17:58:32,412872,4,.5156,,4,.415,,,,,,,,,,,,,,,,,,,
01/06/2026 17:58:32,428221,7,.115,,8,.1306,,,,,,,,,,,,,,,,,,,
01/06/2026 17:58:37,425897,7,.2289,,9,.3578,,,,,,,,,,,,,,,,,,,
01/06/2026 17:59:02,412872,6,.305,,6,.2989,,,,,,,,,,,,,,,,,,,
01/06/2026 17:59:02,428221,2,.0356,,1,.0089,,,,,,,,,,,,,,,,,,,
01/06/2026 17:59:07,425897,7,.2056,,7,.2089,,,,,,,,,,,,,,,,,,,
01/06/2026 17:59:32,412872,5,.265,,6,.3606,,,,,,,,,,,,,,,,,,,
01/06/2026 17:59:32,428221,3,.0356,,1,.0106,,,,,,,,,,,,,,,,,,,
01/06/2026 17:59:37,425897,7,.2606,,8,.3389,,,,,,,,,,,,,,,,,,,
01/06/2026 18:00:02,412872,5,.5378,,5,.5567,,,,,,,,,,,,,,,,,,,
01/06/2026 18:00:02,428221,4,.0378,,6,.0689,,,,,,,,,,,,,,,,,,,
01/06/2026 18:00:07,425897,6,.2656,,6,.18,,,,,,,,,,,,,,,,,,,
01/06/2026 18:00:32,412872,6,.4089,,4,.3617,,,,,,,,,,,,,,,,,,,
01/06/2026 18:00:32,428221,3,.0478,,3,.0389,,,,,,,,,,,,,,,,,,,
01/06/2026 18:00:37,425897,7,.2656,,7,.3678,,,,,,,,,,,,,,,,,,,
01/06/2026 18:01:02,412872,4,.5989,,4,.725,,,,,,,,,,,,,,,,,,,
01/06/2026 18:01:02,428221,1,.0156,,2,.0239,,,,,,,,,,,,,,,,,,,
01/06/2026 18:01:07,425897,7,.24,,7,.2767,,,,,,,,,,,,,,,,,,,
01/06/2026 18:01:32,412872,4,.685,,4,.6056,,,,,,,,,,,,,,,,,,,
01/06/2026 18:01:32,428221,10,.1667,,8,.1239,,,,,,,,,,,,,,,,,,,
01/06/2026 18:01:37,425897,6,.1867,,7,.3317,,,,,,,,,,,,,,,,,,,
01/06/2026 18:02:02,412872,5,.5889,,6,.6017,,,,,,,,,,,,,,,,,,,
01/06/2026 18:02:02,428221,1,.0128,,2,.0139,,,,,,,,,,,,,,,,,,,
01/06/2026 18:02:07,425897,6,.2806,,4,.2167,,,,,,,,,,,,,,,,,,,
01/06/2026 18:02:32,412872,4,.7556,,4,.535,,,,,,,,,,,,,,,,,,,
01/06/2026 18:02:32,428221,3,.0328,,1,.0106,,,,,,,,,,,,,,,,,,,
01/06/2026 18:02:37,425897,7,.2089,,4,.2117,,,,,,,,,,,,,,,,,,,
01/06/2026 18:03:02,412872,5,.53,,7,.6217,,,,,,,,,,,,,,,,,,,
01/06/2026 18:03:02,428221,5,.0589,,0,0,,,,,,,,,,,,,,,,,,,
01/06/2026 18:03:07,425897,6,.1878,,5,.1856,,,,,,,,,,,,,,,,,,,
01/06/2026 18:03:32,412872,4,.7289,,3,.3628,,,,,,,,,,,,,,,,,,,
01/06/2026 18:03:32,428221,2,.0228,,2,.0206,,,,,,,,,,,,,,,,,,,
01/06/2026 18:03:37,425897,6,.1739,,10,.3256,,,,,,,,,,,,,,,,,,,
01/06/2026 18:04:02,412872,7,.5406,,5,.2178,,,,,,,,,,,,,,,,,,,
01/06/2026 18:04:02,428221,1,.0106,,3,.0256,,,,,,,,,,,,,,,,,,,
01/06/2026 18:04:07,425897,6,.2189,,8,.2417,,,,,,,,,,,,,,,,,,,
01/06/2026 18:04:32,412872,6,.5,,6,.5728,,,,,,,,,,,,,,,,,,,
01/06/2026 18:04:32,428221,11,.1317,,9,.1067,,,,,,,,,,,,,,,,,,,
01/06/2026 18:04:37,425897,5,.1856,,4,.205,,,,,,,,,,,,,,,,,,,
01/06/2026 18:05:02,412872,6,.4589,,5,.485,,,,,,,,,,,,,,,,,,,
01/06/2026 18:05:02,428221,2,.0239,,3,.0406,,,,,,,,,,,,,,,,,,,
01/06/2026 18:05:07,425897,6,.2,,6,.18,,,,,,,,,,,,,,,,,,,
01/06/2026 18:05:32,412872,4,.2628,,6,.3789,,,,,,,,,,,,,,,,,,,
01/06/2026 18:05:32,428221,5,.055,,3,.035,,,,,,,,,,,,,,,,,,,
01/06/2026 18:05:37,425897,6,.2039,,3,.2467,,,,,,,,,,,,,,,,,,,
01/06/2026 18:06:02,412872,6,.2256,,7,.2778,,,,,,,,,,,,,,,,,,,
01/06/2026 18:06:02,428221,6,.0839,,6,.0867,,,,,,,,,,,,,,,,,,,
01/06/2026 18:06:07,425897,6,.205,,6,.19,,,,,,,,,,,,,,,,,,,
01/06/2026 18:06:32,412872,4,.435,,6,.55,,,,,,,,,,,,,,,,,,,
01/06/2026 18:06:32,428221,2,.0289,,8,.1039,,,,,,,,,,,,,,,,,,,
01/06/2026 18:06:37,425897,6,.205,,4,.1806,,,,,,,,,,,,,,,,,,,
01/06/2026 18:07:02,412872,5,.4906,,4,.325,,,,,,,,,,,,,,,,,,,
01/06/2026 18:07:02,428221,1,.0117,,3,.0289,,,,,,,,,,,,,,,,,,,
01/06/2026 18:07:07,425897,7,.2139,,3,.4128,,,,,,,,,,,,,,,,,,,
01/06/2026 18:07:32,412872,2,.2006,,4,.4356,,,,,,,,,,,,,,,,,,,
01/06/2026 18:07:32,428221,6,.07,,4,.0456,,,,,,,,,,,,,,,,,,,
01/06/2026 18:07:37,425897,6,.2556,,6,.1856,,,,,,,,,,,,,,,,,,,
01/06/2026 18:08:02,412872,7,.3267,,6,.3089,,,,,,,,,,,,,,,,,,,
01/06/2026 18:08:02,428221,0,.0028,,1,.0106,,,,,,,,,,,,,,,,,,,
01/06/2026 18:08:07,425897,8,.2206,,5,.1906,,,,,,,,,,,,,,,,,,,
01/06/2026 18:08:32,412872,3,.1306,,8,.4506,,,,,,,,,,,,,,,,,,,
01/06/2026 18:08:32,428221,3,.0367,,5,.0628,,,,,,,,,,,,,,,,,,,
01/06/2026 18:08:37,425897,7,.2156,,4,.2928,,,,,,,,,,,,,,,,,,,
01/06/2026 18:09:02,412872,4,.13,,5,.2406,,,,,,,,,,,,,,,,,,,
01/06/2026 18:09:02,428221,6,.0806,,9,.1089,,,,,,,,,,,,,,,,,,,
01/06/2026 18:09:07,425897,6,.1967,,7,.1717,,,,,,,,,,,,,,,,,,,
01/06/2026 18:09:32,412872,2,.0728,,8,.2767,,,,,,,,,,,,,,,,,,,
01/06/2026 18:09:32,428221,4,.0456,,9,.1067,,,,,,,,,,,,,,,,,,,
01/06/2026 18:09:37,425897,7,.2406,,3,.16,,,,,,,,,,,,,,,,,,,
01/06/2026 18:10:02,412872,5,.19,,3,.1139,,,,,,,,,,,,,,,,,,,
01/06/2026 18:10:02,428221,2,.0289,,7,.0839,,,,,,,,,,,,,,,,,,,
01/06/2026 18:10:07,425897,6,.1967,,4,.1556,,,,,,,,,,,,,,,,,,,
01/06/2026 18:10:32,412872,4,.1656,,7,.2506,,,,,,,,,,,,,,,,,,,
01/06/2026 18:10:32,428221,4,.06,,3,.0367,,,,,,,,,,,,,,,,,,,
01/06/2026 18:10:37,425897,5,.1989,,3,.1206,,,,,,,,,,,,,,,,,,,
01/06/2026 18:11:02,412872,4,.1889,,6,.2089,,,,,,,,,,,,,,,,,,,
01/06/2026 18:11:02,428221,0,0,,2,.0189,,,,,,,,,,,,,,,,,,,
01/06/2026 18:11:07,425897,8,.2267,,3,.3439,,,,,,,,,,,,,,,,,,,
01/06/2026 18:11:32,412872,5,.1489,,6,.2606,,,,,,,,,,,,,,,,,,,
01/06/2026 18:11:32,428221,3,.0306,,2,.0228,,,,,,,,,,,,,,,,,,,
01/06/2026 18:11:37,425897,7,.2456,,4,.2417,,,,,,,,,,,,,,,,,,,
01/06/2026 18:12:02,412872,3,.1017,,4,.1567,,,,,,,,,,,,,,,,,,,
01/06/2026 18:12:02,428221,8,.12,,7,.0978,,,,,,,,,,,,,,,,,,,
01/06/2026 18:12:07,425897,6,.195,,2,.285,,,,,,,,,,,,,,,,,,,
01/06/2026 18:12:32,412872,6,.2367,,5,.215,,,,,,,,,,,,,,,,,,,
01/06/2026 18:12:32,428221,3,.0439,,9,.1189,,,,,,,,,,,,,,,,,,,
01/06/2026 18:12:37,425897,7,.2267,,4,.4606,,,,,,,,,,,,,,,,,,,
01/06/2026 18:13:02,412872,3,.1139,,8,.2828,,,,,,,,,,,,,,,,,,,
01/06/2026 18:13:02,428221,4,.0567,,5,.0906,,,,,,,,,,,,,,,,,,,
01/06/2026 18:13:07,425897,5,.1567,,3,.1806,,,,,,,,,,,,,,,,,,,
01/06/2026 18:13:32,412872,8,.2906,,6,.2339,,,,,,,,,,,,,,,,,,,
01/06/2026 18:13:32,428221,11,.2778,,6,.1278,,,,,,,,,,,,,,,,,,,
01/06/2026 18:13:37,425897,4,.1317,,4,.165,,,,,,,,,,,,,,,,,,,
01/06/2026 18:14:02,412872,6,.335,,5,.2839,,,,,,,,,,,,,,,,,,,
01/06/2026 18:14:02,428221,5,.1939,,4,.1817,,,,,,,,,,,,,,,,,,,
01/06/2026 18:14:07,425897,7,.2006,,5,.2078,,,,,,,,,,,,,,,,,,,
01/06/2026 18:14:32,412872,5,.1906,,8,.2728,,,,,,,,,,,,,,,,,,,
01/06/2026 18:14:32,428221,3,.04,,1,.01,,,,,,,,,,,,,,,,,,,
01/06/2026 18:14:37,425897,6,.2167,,5,.2339,,,,,,,,,,,,,,,,,,,
01/06/2026 18:15:02,412872,4,.1706,,7,.2917,,,,,,,,,,,,,,,,,,,
01/06/2026 18:15:02,428221,5,.0606,,5,.06,,,,,,,,,,,,,,,,,,,
01/06/2026 18:15:07,425897,6,.2028,,7,.2306,,,,,,,,,,,,,,,,,,,
01/06/2026 18:15:32,412872,6,.21,,7,.2917,,,,,,,,,,,,,,,,,,,
01/06/2026 18:15:32,428221,7,.1206,,6,.1006,,,,,,,,,,,,,,,,,,,
01/06/2026 18:15:37,425897,6,.2078,,6,.1856,,,,,,,,,,,,,,,,,,,
01/06/2026 18:16:02,412872,1,.0456,,7,.29,,,,,,,,,,,,,,,,,,,
01/06/2026 18:16:02,428221,3,.0406,,8,.1139,,,,,,,,,,,,,,,,,,,
01/06/2026 18:16:07,425897,7,.2539,,8,.2428,,,,,,,,,,,,,,,,,,,
01/06/2026 18:16:32,412872,6,.2439,,7,.2678,,,,,,,,,,,,,,,,,,,
01/06/2026 18:16:32,428221,11,.1756,,8,.1217,,,,,,,,,,,,,,,,,,,
01/06/2026 18:16:37,425897,7,.2256,,8,.3056,,,,,,,,,,,,,,,,,,,
01/06/2026 18:17:02,412872,2,.11,,7,.3517,,,,,,,,,,,,,,,,,,,
01/06/2026 18:17:02,428221,4,.1328,,4,.1028,,,,,,,,,,,,,,,,,,,
01/06/2026 18:17:07,425897,7,.1967,,8,.2756,,,,,,,,,,,,,,,,,,,
01/06/2026 18:17:32,412872,4,.1489,,5,.1817,,,,,,,,,,,,,,,,,,,
01/06/2026 18:17:32,428221,5,.0639,,4,.045,,,,,,,,,,,,,,,,,,,
01/06/2026 18:17:37,425897,9,.2689,,10,.275,,,,,,,,,,,,,,,,,,,
01/06/2026 18:18:02,412872,4,.1739,,7,.2789,,,,,,,,,,,,,,,,,,,
01/06/2026 18:18:02,428221,5,.0839,,8,.1156,,,,,,,,,,,,,,,,,,,
01/06/2026 18:18:07,425897,6,.2256,,9,.3078,,,,,,,,,,,,,,,,,,,
01/06/2026 18:18:32,412872,3,.1439,,3,.1367,,,,,,,,,,,,,,,,,,,
01/06/2026 18:18:32,428221,5,.0689,,11,.1406,,,,,,,,,,,,,,,,,,,
01/06/2026 18:18:37,425897,7,.2356,,10,.2889,,,,,,,,,,,,,,,,,,,
01/06/2026 18:19:02,412872,6,.2078,,6,.205,,,,,,,,,,,,,,,,,,,
01/06/2026 18:19:02,428221,3,.0378,,6,.1039,,,,,,,,,,,,,,,,,,,
01/06/2026 18:19:07,425897,6,.215,,8,.2406,,,,,,,,,,,,,,,,,,,
01/06/2026 18:19:32,412872,7,.2467,,7,.2278,,,,,,,,,,,,,,,,,,,
01/06/2026 18:19:32,428221,7,.14,,8,.1439,,,,,,,,,,,,,,,,,,,
01/06/2026 18:19:37,425897,6,.1828,,6,.2156,,,,,,,,,,,,,,,,,,,
01/06/2026 18:20:02,412872,7,.24,,7,.2939,,,,,,,,,,,,,,,,,,,
01/06/2026 18:20:02,428221,3,.1367,,4,.1567,,,,,,,,,,,,,,,,,,,
01/06/2026 18:20:07,425897,5,.1928,,6,.2289,,,,,,,,,,,,,,,,,,,
01/06/2026 18:20:32,412872,2,.0778,,4,.1428,,,,,,,,,,,,,,,,,,,
01/06/2026 18:20:32,428221,4,.05,,3,.0556,,,,,,,,,,,,,,,,,,,
01/06/2026 18:20:37,425897,4,.2128,,7,.2417,,,,,,,,,,,,,,,,,,,
01/06/2026 18:21:02,412872,7,.2767,,2,.1167,,,,,,,,,,,,,,,,,,,
01/06/2026 18:21:02,428221,6,.095,,6,.0806,,,,,,,,,,,,,,,,,,,
01/06/2026 18:21:07,425897,6,.2106,,5,.2439,,,,,,,,,,,,,,,,,,,
01/06/2026 18:21:32,412872,3,.1056,,7,.2578,,,,,,,,,,,,,,,,,,,
01/06/2026 18:21:32,428221,3,.0578,,8,.1567,,,,,,,,,,,,,,,,,,,
01/06/2026 18:21:37,425897,5,.1878,,6,.27,,,,,,,,,,,,,,,,,,,
01/06/2026 18:22:02,412872,6,.195,,4,.1528,,,,,,,,,,,,,,,,,,,
01/06/2026 18:22:02,428221,4,.0756,,7,.1206,,,,,,,,,,,,,,,,,,,
01/06/2026 18:22:07,425897,6,.2217,,5,.2339,,,,,,,,,,,,,,,,,,,
01/06/2026 18:22:32,412872,5,.1789,,5,.2139,,,,,,,,,,,,,,,,,,,
01/06/2026 18:22:32,428221,6,.31,,7,.255,,,,,,,,,,,,,,,,,,,
01/06/2026 18:22:37,425897,6,.1806,,4,.2667,,,,,,,,,,,,,,,,,,,
01/06/2026 18:23:02,412872,7,.2506,,8,.2589,,,,,,,,,,,,,,,,,,,
01/06/2026 18:23:02,428221,6,.5289,,5,.33,,,,,,,,,,,,,,,,,,,
01/06/2026 18:23:07,425897,7,.23,,4,.2589,,,,,,,,,,,,,,,,,,,
01/06/2026 18:23:32,412872,5,.2389,,7,.2939,,,,,,,,,,,,,,,,,,,
01/06/2026 18:23:32,428221,7,.1406,,4,.0589,,,,,,,,,,,,,,,,,,,
01/06/2026 18:23:37,425897,7,.2167,,4,.1817,,,,,,,,,,,,,,,,,,,
01/06/2026 18:24:02,412872,7,.3928,,4,.1556,,,,,,,,,,,,,,,,,,,
01/06/2026 18:24:02,428221,8,.27,,9,.3156,,,,,,,,,,,,,,,,,,,
01/06/2026 18:24:07,425897,6,.2156,,2,.0839,,,,,,,,,,,,,,,,,,,
01/06/2026 18:24:32,412872,7,.3567,,4,.3239,,,,,,,,,,,,,,,,,,,
01/06/2026 18:24:32,428221,3,.3,,5,.355,,,,,,,,,,,,,,,,,,,
01/06/2026 18:24:37,425897,5,.2078,,5,.2639,,,,,,,,,,,,,,,,,,,
01/06/2026 18:25:02,412872,3,.325,,6,.6156,,,,,,,,,,,,,,,,,,,
01/06/2026 18:25:02,428221,6,.2356,,6,.2567,,,,,,,,,,,,,,,,,,,
01/06/2026 18:25:07,425897,7,.2106,,4,.2228,,,,,,,,,,,,,,,,,,,
01/06/2026 18:25:32,412872,5,.3556,,5,.4106,,,,,,,,,,,,,,,,,,,
01/06/2026 18:25:32,428221,8,.2139,,7,.1706,,,,,,,,,,,,,,,,,,,
01/06/2026 18:25:37,425897,8,.2289,,4,.2517,,,,,,,,,,,,,,,,,,,
01/06/2026 18:26:02,412872,4,.2317,,7,.2828,,,,,,,,,,,,,,,,,,,
01/06/2026 18:26:02,428221,1,.0117,,3,.05,,,,,,,,,,,,,,,,,,,
01/06/2026 18:26:07,425897,6,.2028,,2,.0878,,,,,,,,,,,,,,,,,,,
01/06/2026 18:26:32,412872,5,.4339,,5,.4956,,,,,,,,,,,,,,,,,,,
01/06/2026 18:26:32,428221,4,.05,,3,.0356,,,,,,,,,,,,,,,,,,,
01/06/2026 18:26:37,425897,6,.1956,,4,.27,,,,,,,,,,,,,,,,,,,
01/06/2026 18:27:02,412872,4,.2389,,3,.1428,,,,,,,,,,,,,,,,,,,
01/06/2026 18:27:02,428221,6,.0817,,5,.0606,,,,,,,,,,,,,,,,,,,
01/06/2026 18:27:07,425897,6,.2156,,3,.1167,,,,,,,,,,,,,,,,,,,
01/06/2026 18:27:32,412872,7,.2617,,5,.1578,,,,,,,,,,,,,,,,,,,
01/06/2026 18:27:32,428221,2,.0228,,9,.125,,,,,,,,,,,,,,,,,,,
01/06/2026 18:27:37,425897,7,.2056,,4,.1678,,,,,,,,,,,,,,,,,,,
01/06/2026 18:28:02,412872,5,.1828,,6,.2239,,,,,,,,,,,,,,,,,,,
01/06/2026 18:28:02,428221,2,.0306,,7,.0889,,,,,,,,,,,,,,,,,,,
01/06/2026 18:28:07,425897,7,.2239,,3,.11,,,,,,,,,,,,,,,,,,,
01/06/2026 18:28:32,412872,7,.2456,,5,.2006,,,,,,,,,,,,,,,,,,,
01/06/2026 18:28:32,428221,6,.0617,,3,.0289,,,,,,,,,,,,,,,,,,,
01/06/2026 18:28:37,425897,7,.2067,,4,.2228,,,,,,,,,,,,,,,,,,,
01/06/2026 18:29:02,412872,7,.2489,,7,.27,,,,,,,,,,,,,,,,,,,
01/06/2026 18:29:02,428221,1,.0089,,2,.0178,,,,,,,,,,,,,,,,,,,
01/06/2026 18:29:07,425897,6,.2506,,4,.2267,,,,,,,,,,,,,,,,,,,
01/06/2026 18:29:32,412872,3,.3928,,4,.1939,,,,,,,,,,,,,,,,,,,
01/06/2026 18:29:32,428221,3,.04,,3,.0428,,,,,,,,,,,,,,,,,,,
01/06/2026 18:29:37,425897,8,.2889,,3,.0778,,,,,,,,,,,,,,,,,,,
01/06/2026 18:30:02,412872,7,.2656,,6,.2878,,,,,,,,,,,,,,,,,,,
01/06/2026 18:30:02,428221,2,.0217,,5,.045,,,,,,,,,,,,,,,,,,,
01/06/2026 18:30:07,425897,7,.2689,,6,.2389,,,,,,,,,,,,,,,,,,,
01/06/2026 18:30:32,412872,4,.17,,6,.2456,,,,,,,,,,,,,,,,,,,
01/06/2026 18:30:32,428221,3,.0356,,8,.0867,,,,,,,,,,,,,,,,,,,
01/06/2026 18:30:37,425897,6,.2356,,10,.2417,,,,,,,,,,,,,,,,,,,
01/06/2026 18:31:02,412872,6,.1656,,6,.2078,,,,,,,,,,,,,,,,,,,
01/06/2026 18:31:02,428221,4,.0506,,4,.0417,,,,,,,,,,,,,,,,,,,
01/06/2026 18:31:07,425897,7,.2267,,4,.1639,,,,,,,,,,,,,,,,,,,
01/06/2026 18:31:32,412872,4,.1567,,6,.1978,,,,,,,,,,,,,,,,,,,
01/06/2026 18:31:32,428221,8,.115,,9,.1378,,,,,,,,,,,,,,,,,,,
01/06/2026 18:31:37,425897,6,.1717,,3,.1967,,,,,,,,,,,,,,,,,,,
01/06/2026 18:32:02,412872,6,.2267,,7,.2489,,,,,,,,,,,,,,,,,,,
01/06/2026 18:32:02,428221,2,.0439,,1,.0228,,,,,,,,,,,,,,,,,,,
01/06/2026 18:32:07,425897,5,.2078,,4,.4367,,,,,,,,,,,,,,,,,,,
01/06/2026 18:32:32,412872,5,.1667,,7,.2356,,,,,,,,,,,,,,,,,,,
01/06/2026 18:32:32,428221,3,.0478,,3,.0406,,,,,,,,,,,,,,,,,,,
01/06/2026 18:32:37,425897,5,.1989,,7,.2739,,,,,,,,,,,,,,,,,,,
01/06/2026 18:33:02,412872,6,.2178,,7,.29,,,,,,,,,,,,,,,,,,,
01/06/2026 18:33:02,428221,2,.0367,,5,.0928,,,,,,,,,,,,,,,,,,,
01/06/2026 18:33:07,425897,7,.22,,6,.3156,,,,,,,,,,,,,,,,,,,
01/06/2026 18:33:32,412872,3,.1089,,2,.0517,,,,,,,,,,,,,,,,,,,
01/06/2026 18:33:32,428221,5,.0606,,5,.0506,,,,,,,,,,,,,,,,,,,
01/06/2026 18:33:37,425897,7,.2356,,6,.2339,,,,,,,,,,,,,,,,,,,
01/06/2026 18:34:02,412872,6,.2239,,6,.1917,,,,,,,,,,,,,,,,,,,
01/06/2026 18:34:02,428221,0,0,,0,0,,,,,,,,,,,,,,,,,,,
01/06/2026 18:34:07,425897,6,.1828,,5,.21,,,,,,,,,,,,,,,,,,,
01/06/2026 18:34:32,412872,4,.1428,,6,.2106,,,,,,,,,,,,,,,,,,,
01/06/2026 18:34:32,428221,6,.0839,,7,.0928,,,,,,,,,,,,,,,,,,,
01/06/2026 18:34:37,425897,5,.1689,,4,.1606,,,,,,,,,,,,,,,,,,,
01/06/2026 18:35:02,412872,6,.1928,,6,.24,,,,,,,,,,,,,,,,,,,
01/06/2026 18:35:02,428221,2,.0328,,2,.0217,,,,,,,,,,,,,,,,,,,
01/06/2026 18:35:07,425897,5,.16,,3,.2306,,,,,,,,,,,,,,,,,,,
01/06/2026 18:35:32,412872,5,.1667,,7,.2439,,,,,,,,,,,,,,,,,,,
01/06/2026 18:35:32,428221,5,.0689,,3,.0378,,,,,,,,,,,,,,,,,,,
01/06/2026 18:35:37,425897,7,.2039,,4,.3039,,,,,,,,,,,,,,,,,,,
01/06/2026 18:36:02,412872,7,.2756,,3,.12,,,,,,,,,,,,,,,,,,,
01/06/2026 18:36:02,428221,4,.0506,,4,.0406,,,,,,,,,,,,,,,,,,,
01/06/2026 18:36:07,425897,8,.2606,,6,.2056,,,,,,,,,,,,,,,,,,,
01/06/2026 18:36:32,412872,3,.1089,,6,.2717,,,,,,,,,,,,,,,,,,,
01/06/2026 18:36:32,428221,2,.0289,,11,.1339,,,,,,,,,,,,,,,,,,,
01/06/2026 18:36:37,425897,7,.255,,6,.2556,,,,,,,,,,,,,,,,,,,
01/06/2026 18:37:02,412872,4,.1639,,5,.1406,,,,,,,,,,,,,,,,,,,
01/06/2026 18:37:02,428221,2,.0356,,7,.15,,,,,,,,,,,,,,,,,,,
01/06/2026 18:37:07,425897,6,.1739,,3,.1339,,,,,,,,,,,,,,,,,,,
01/06/2026 18:37:32,412872,5,.1817,,2,.0878,,,,,,,,,,,,,,,,,,,
01/06/2026 18:37:32,428221,8,.1228,,5,.0739,,,,,,,,,,,,,,,,,,,
01/06/2026 18:37:37,425897,6,.17,,3,.2117,,,,,,,,,,,,,,,,,,,
01/06/2026 18:38:02,412872,3,.1067,,3,.1267,,,,,,,,,,,,,,,,,,,
01/06/2026 18:38:02,428221,1,.0117,,2,.0267,,,,,,,,,,,,,,,,,,,
01/06/2026 18:38:07,425897,7,.2167,,6,.1906,,,,,,,,,,,,,,,,,,,
01/06/2026 18:38:32,412872,4,.1828,,7,.2528,,,,,,,,,,,,,,,,,,,
01/06/2026 18:38:32,428221,1,.01,,3,.0306,,,,,,,,,,,,,,,,,,,
01/06/2026 18:38:37,425897,7,.2128,,4,.1078,,,,,,,,,,,,,,,,,,,
01/06/2026 18:39:02,412872,6,.1756,,4,.1428,,,,,,,,,,,,,,,,,,,
01/06/2026 18:39:02,428221,8,.1128,,4,.0517,,,,,,,,,,,,,,,,,,,
01/06/2026 18:39:07,425897,3,.1606,,3,.3728,,,,,,,,,,,,,,,,,,,
01/06/2026 18:39:32,412872,7,.2256,,5,.2128,,,,,,,,,,,,,,,,,,,
01/06/2026 18:39:32,428221,4,.065,,8,.1328,,,,,,,,,,,,,,,,,,,
01/06/2026 18:39:37,425897,6,.2089,,5,.1156,,,,,,,,,,,,,,,,,,,
01/06/2026 18:40:02,412872,4,.1778,,8,.2806,,,,,,,,,,,,,,,,,,,
01/06/2026 18:40:02,428221,1,.0206,,4,.0589,,,,,,,,,,,,,,,,,,,
01/06/2026 18:40:07,425897,4,.1328,,3,.0939,,,,,,,,,,,,,,,,,,,
01/06/2026 18:40:32,412872,7,.2267,,6,.2139,,,,,,,,,,,,,,,,,,,
01/06/2026 18:40:32,428221,9,.1578,,8,.1328,,,,,,,,,,,,,,,,,,,
01/06/2026 18:40:37,425897,8,.2428,,6,.1756,,,,,,,,,,,,,,,,,,,
01/06/2026 18:41:02,412872,4,.1128,,5,.2228,,,,,,,,,,,,,,,,,,,
01/06/2026 18:41:02,428221,5,.2456,,4,.1756,,,,,,,,,,,,,,,,,,,
01/06/2026 18:41:07,425897,7,.19,,6,.1756,,,,,,,,,,,,,,,,,,,
01/06/2026 18:41:32,412872,6,.2456,,6,.1739,,,,,,,,,,,,,,,,,,,
01/06/2026 18:41:32,428221,4,.0528,,3,.035,,,,,,,,,,,,,,,,,,,
01/06/2026 18:41:37,425897,6,.1989,,5,.2156,,,,,,,,,,,,,,,,,,,
01/06/2026 18:42:02,412872,5,.1517,,0,0,,,,,,,,,,,,,,,,,,,
01/06/2026 18:42:02,428221,0,0,,7,.0767,,,,,,,,,,,,,,,,,,,
01/06/2026 18:42:07,425897,4,.1506,,4,.1567,,,,,,,,,,,,,,,,,,,
01/06/2026 18:42:32,412872,2,.0717,,1,.0406,,,,,,,,,,,,,,,,,,,
01/06/2026 18:42:32,428221,3,.0406,,6,.0756,,,,,,,,,,,,,,,,,,,
01/06/2026 18:42:37,425897,6,.2678,,4,.1228,,,,,,,,,,,,,,,,,,,
01/06/2026 18:43:02,412872,3,.1139,,7,.2967,,,,,,,,,,,,,,,,,,,
01/06/2026 18:43:02,428221,2,.03,,4,.0478,,,,,,,,,,,,,,,,,,,
01/06/2026 18:43:07,425897,6,.1878,,4,.125,,,,,,,,,,,,,,,,,,,
01/06/2026 18:43:32,412872,4,.1367,,7,.2667,,,,,,,,,,,,,,,,,,,
01/06/2026 18:43:32,428221,9,.1656,,8,.1006,,,,,,,,,,,,,,,,,,,
01/06/2026 18:43:37,425897,5,.1789,,6,.1578,,,,,,,,,,,,,,,,,,,
01/06/2026 18:44:02,412872,4,.1367,,7,.2256,,,,,,,,,,,,,,,,,,,
01/06/2026 18:44:02,428221,4,.1189,,4,.0939,,,,,,,,,,,,,,,,,,,
01/06/2026 18:44:07,425897,7,.2878,,3,.2339,,,,,,,,,,,,,,,,,,,
01/06/2026 18:44:32,412872,5,.1856,,6,.2267,,,,,,,,,,,,,,,,,,,
01/06/2026 18:44:32,428221,4,.0756,,3,.0517,,,,,,,,,,,,,,,,,,,
01/06/2026 18:44:37,425897,5,.18,,5,.1939,,,,,,,,,,,,,,,,,,,
01/06/2026 18:45:02,412872,4,.2456,,5,.2039,,,,,,,,,,,,,,,,,,,
01/06/2026 18:45:02,428221,7,.1328,,6,.1,,,,,,,,,,,,,,,,,,,
01/06/2026 18:45:07,425897,4,.135,,4,.1917,,,,,,,,,,,,,,,,,,,
01/06/2026 18:45:32,412872,3,.105,,7,.2428,,,,,,,,,,,,,,,,,,,
01/06/2026 18:45:32,428221,3,.0889,,6,.1189,,,,,,,,,,,,,,,,,,,
01/06/2026 18:45:37,425897,5,.1917,,6,.2628,,,,,,,,,,,,,,,,,,,
01/06/2026 18:46:02,412872,7,.2689,,5,.195,,,,,,,,,,,,,,,,,,,
01/06/2026 18:46:02,428221,3,.0367,,2,.0267,,,,,,,,,,,,,,,,,,,
01/06/2026 18:46:07,425897,7,.2056,,7,.3067,,,,,,,,,,,,,,,,,,,
01/06/2026 18:46:32,412872,5,.1667,,7,.24,,,,,,,,,,,,,,,,,,,
01/06/2026 18:46:32,428221,10,.155,,6,.0856,,,,,,,,,,,,,,,,,,,
01/06/2026 18:46:37,425897,5,.2028,,6,.2239,,,,,,,,,,,,,,,,,,,
01/06/2026 18:47:02,412872,7,.2389,,6,.2467,,,,,,,,,,,,,,,,,,,
01/06/2026 18:47:02,428221,2,.0267,,2,.0767,,,,,,,,,,,,,,,,,,,
01/06/2026 18:47:07,425897,6,.2006,,6,.215,,,,,,,,,,,,,,,,,,,
01/06/2026 18:47:32,412872,6,.2139,,7,.2156,,,,,,,,,,,,,,,,,,,
01/06/2026 18:47:32,428221,3,.0367,,3,.04,,,,,,,,,,,,,,,,,,,
01/06/2026 18:47:37,425897,7,.215,,10,.2128,,,,,,,,,,,,,,,,,,,
01/06/2026 18:48:02,412872,7,.2306,,6,.2267,,,,,,,,,,,,,,,,,,,
01/06/2026 18:48:02,428221,5,.065,,5,.0667,,,,,,,,,,,,,,,,,,,
01/06/2026 18:48:07,425897,6,.2167,,5,.1739,,,,,,,,,,,,,,,,,,,
01/06/2026 18:48:32,412872,2,.0989,,7,.2589,,,,,,,,,,,,,,,,,,,
01/06/2026 18:48:32,428221,1,.0139,,2,.0228,,,,,,,,,,,,,,,,,,,
01/06/2026 18:48:37,425897,6,.2217,,3,.0428,,,,,,,,,,,,,,,,,,,
01/06/2026 18:49:02,412872,7,.2628,,6,.2017,,,,,,,,,,,,,,,,,,,
01/06/2026 18:49:02,428221,0,0,,0,0,,,,,,,,,,,,,,,,,,,
01/06/2026 18:49:07,425897,5,.23,,5,.1189,,,,,,,,,,,,,,,,,,,
01/06/2026 18:49:32,412872,7,.205,,7,.2667,,,,,,,,,,,,,,,,,,,
01/06/2026 18:49:32,428221,8,.1878,,7,.1767,,,,,,,,,,,,,,,,,,,
01/06/2026 18:49:37,425897,7,.2417,,4,.0867,,,,,,,,,,,,,,,,,,,
01/06/2026 18:50:02,412872,4,.1478,,6,.2106,,,,,,,,,,,,,,,,,,,
01/06/2026 18:50:02,428221,5,.3339,,5,.26,,,,,,,,,,,,,,,,,,,
01/06/2026 18:50:07,425897,6,.2139,,2,.0706,,,,,,,,,,,,,,,,,,,
01/06/2026 18:50:32,412872,6,.2289,,3,.1139,,,,,,,,,,,,,,,,,,,
01/06/2026 18:50:32,428221,5,.1,,5,.0906,,,,,,,,,,,,,,,,,,,
01/06/2026 18:50:37,425897,3,.11,,2,.0678,,,,,,,,,,,,,,,,,,,
01/06/2026 18:51:02,412872,3,.1106,,1,.0317,,,,,,,,,,,,,,,,,,,
01/06/2026 18:51:02,428221,6,.1706,,9,.2489,,,,,,,,,,,,,,,,,,,
01/06/2026 18:51:07,425897,2,.105,,2,.0789,,,,,,,,,,,,,,,,,,,
01/06/2026 18:51:32,412872,5,.1678,,7,.2478,,,,,,,,,,,,,,,,,,,
01/06/2026 18:51:32,428221,3,.1367,,6,.3889,,,,,,,,,,,,,,,,,,,
01/06/2026 18:51:37,425897,4,.1617,,4,.1578,,,,,,,,,,,,,,,,,,,
01/06/2026 18:52:02,412872,6,.2539,,6,.2267,,,,,,,,,,,,,,,,,,,
01/06/2026 18:52:02,428221,6,.53,,6,.3606,,,,,,,,,,,,,,,,,,,
01/06/2026 18:52:07,425897,6,.1706,,4,.1189,,,,,,,,,,,,,,,,,,,
01/06/2026 18:52:32,412872,8,.2689,,6,.2089,,,,,,,,,,,,,,,,,,,
01/06/2026 18:52:32,428221,5,.4017,,5,.5378,,,,,,,,,,,,,,,,,,,
01/06/2026 18:52:37,425897,5,.1889,,3,.1139,,,,,,,,,,,,,,,,,,,
01/06/2026 18:53:02,412872,5,.1689,,6,.1989,,,,,,,,,,,,,,,,,,,
01/06/2026 18:53:02,428221,3,.4228,,2,.3328,,,,,,,,,,,,,,,,,,,
01/06/2026 18:53:07,425897,1,.0317,,1,.0728,,,,,,,,,,,,,,,,,,,
01/06/2026 18:53:32,412872,7,.2556,,5,.1889,,,,,,,,,,,,,,,,,,,
01/06/2026 18:53:32,428221,2,.045,,3,.0556,,,,,,,,,,,,,,,,,,,
01/06/2026 18:53:37,425897,0,.0117,,1,.0189,,,,,,,,,,,,,,,,,,,
01/06/2026 18:54:02,412872,2,.0756,,4,.1789,,,,,,,,,,,,,,,,,,,
01/06/2026 18:54:02,428221,1,.0117,,5,.0656,,,,,,,,,,,,,,,,,,,
01/06/2026 18:54:07,425897,5,.1556,,4,.0989,,,,,,,,,,,,,,,,,,,
01/06/2026 18:54:32,412872,6,.2478,,4,.1728,,,,,,,,,,,,,,,,,,,
01/06/2026 18:54:32,428221,1,.0156,,11,.1478,,,,,,,,,,,,,,,,,,,
01/06/2026 18:54:37,425897,6,.2167,,5,.1306,,,,,,,,,,,,,,,,,,,
01/06/2026 18:55:02,412872,4,.1306,,6,.2239,,,,,,,,,,,,,,,,,,,
01/06/2026 18:55:02,428221,1,.0117,,2,.0228,,,,,,,,,,,,,,,,,,,
01/06/2026 18:55:07,425897,5,.2017,,6,.1867,,,,,,,,,,,,,,,,,,,
01/06/2026 18:55:32,412872,6,.215,,2,.1078,,,,,,,,,,,,,,,,,,,
01/06/2026 18:55:32,428221,9,.1256,,7,.0856,,,,,,,,,,,,,,,,,,,
01/06/2026 18:55:37,425897,5,.1578,,1,.0406,,,,,,,,,,,,,,,,,,,
01/06/2026 18:56:02,412872,3,.1056,,7,.2667,,,,,,,,,,,,,,,,,,,
01/06/2026 18:56:02,428221,2,.0417,,2,.0228,,,,,,,,,,,,,,,,,,,
01/06/2026 18:56:07,425897,3,.1106,,1,.04,,,,,,,,,,,,,,,,,,,
01/06/2026 18:56:32,412872,5,.1706,,7,.2039,,,,,,,,,,,,,,,,,,,
01/06/2026 18:56:32,428221,5,.0678,,2,.0239,,,,,,,,,,,,,,,,,,,
01/06/2026 18:56:37,425897,6,.2589,,3,.0706,,,,,,,,,,,,,,,,,,,
01/06/2026 18:57:02,412872,8,.2467,,6,.2339,,,,,,,,,,,,,,,,,,,
01/06/2026 18:57:02,428221,2,.025,,4,.0539,,,,,,,,,,,,,,,,,,,
01/06/2026 18:57:07,425897,6,.2289,,3,.1278,,,,,,,,,,,,,,,,,,,
01/06/2026 18:57:32,412872,5,.1906,,7,.265,,,,,,,,,,,,,,,,,,,
01/06/2026 18:57:32,428221,6,.0778,,2,.025,,,,,,,,,,,,,,,,,,,
01/06/2026 18:57:37,425897,6,.2589,,5,.175,,,,,,,,,,,,,,,,,,,
01/06/2026 18:58:02,412872,5,.1828,,7,.2806,,,,,,,,,,,,,,,,,,,
01/06/2026 18:58:02,428221,3,.0406,,1,.0106,,,,,,,,,,,,,,,,,,,
01/06/2026 18:58:07,425897,7,.2239,,6,.2067,,,,,,,,,,,,,,,,,,,
01/06/2026 18:58:32,412872,2,.1056,,7,.2606,,,,,,,,,,,,,,,,,,,
01/06/2026 18:58:32,428221,6,.0778,,6,.1178,,,,,,,,,,,,,,,,,,,
01/06/2026 18:58:37,425897,0,.0117,,1,.0439,,,,,,,,,,,,,,,,,,,
01/06/2026 18:59:02,412872,8,.2817,,6,.22,,,,,,,,,,,,,,,,,,,
01/06/2026 18:59:02,428221,3,.0328,,1,.0106,,,,,,,,,,,,,,,,,,,
01/06/2026 18:59:07,425897,4,.2239,,7,.1428,,,,,,,,,,,,,,,,,,,
01/06/2026 18:59:32,412872,6,.1956,,6,.2017,,,,,,,,,,,,,,,,,,,
01/06/2026 18:59:32,428221,4,.0428,,4,.0467,,,,,,,,,,,,,,,,,,,
01/06/2026 18:59:37,425897,6,.1906,,4,.0817,,,,,,,,,,,,,,,,,,,
01/06/2026 19:00:02,412872,6,.2528,,5,.1689,,,,,,,,,,,,,,,,,,,
01/06/2026 19:00:02,428221,4,.0567,,5,.0628,,,,,,,,,,,,,,,,,,,
01/06/2026 19:00:07,425897,5,.1928,,3,.0589,,,,,,,,,,,,,,,,,,,
01/06/2026 19:00:32,412872,6,.1689,,7,.2839,,,,,,,,,,,,,,,,,,,
01/06/2026 19:00:32,428221,2,.0278,,8,.0967,,,,,,,,,,,,,,,,,,,
01/06/2026 19:00:37,425897,5,.2217,,2,.0078,,,,,,,,,,,,,,,,,,,
01/06/2026 19:01:02,412872,7,.235,,7,.2389,,,,,,,,,,,,,,,,,,,
01/06/2026 19:01:02,428221,3,.0528,,6,.0839,,,,,,,,,,,,,,,,,,,
01/06/2026 19:01:07,425897,2,.05,,1,.0428,,,,,,,,,,,,,,,,,,,
01/06/2026 19:01:32,412872,5,.2106,,6,.335,,,,,,,,,,,,,,,,,,,
01/06/2026 19:01:32,428221,9,.1817,,7,.1306,,,,,,,,,,,,,,,,,,,
01/06/2026 19:01:37,425897,3,.11,,2,.0089,,,,,,,,,,,,,,,,,,,
01/06/2026 19:02:02,412872,8,.25,,9,.3278,,,,,,,,,,,,,,,,,,,
01/06/2026 19:02:02,428221,3,.0767,,5,.0956,,,,,,,,,,,,,,,,,,,
01/06/2026 19:02:07,425897,6,.2228,,4,.1667,,,,,,,,,,,,,,,,,,,
01/06/2026 19:02:32,412872,2,.08,,11,.4478,,,,,,,,,,,,,,,,,,,
01/06/2026 19:02:32,428221,2,.025,,3,.0328,,,,,,,,,,,,,,,,,,,
01/06/2026 19:02:37,425897,6,.2217,,6,.2356,,,,,,,,,,,,,,,,,,,
01/06/2026 19:03:02,412872,7,.4489,,4,.1328,,,,,,,,,,,,,,,,,,,
01/06/2026 19:03:02,428221,2,.0267,,10,.1206,,,,,,,,,,,,,,,,,,,
01/06/2026 19:03:07,425897,5,.1806,,5,.11,,,,,,,,,,,,,,,,,,,
01/06/2026 19:03:32,412872,8,.4117,,6,.2006,,,,,,,,,,,,,,,,,,,
01/06/2026 19:03:32,428221,1,.0078,,7,.1128,,,,,,,,,,,,,,,,,,,
01/06/2026 19:03:37,425897,5,.2656,,6,.1689,,,,,,,,,,,,,,,,,,,
01/06/2026 19:04:02,412872,10,.4139,,3,.0839,,,,,,,,,,,,,,,,,,,
01/06/2026 19:04:02,428221,1,.0117,,3,.0378,,,,,,,,,,,,,,,,,,,
01/06/2026 19:04:07,425897,5,.1889,,4,.0778,,,,,,,,,,,,,,,,,,,
01/06/2026 19:04:32,412872,7,.0767,,5,.0706,,,,,,,,,,,,,,,,,,,
01/06/2026 19:04:32,428221,9,.17,,10,.1567,,,,,,,,,,,,,,,,,,,
01/06/2026 19:04:37,425897,6,.1789,,3,.0828,,,,,,,,,,,,,,,,,,,
01/06/2026 19:05:02,412872,5,.0656,,14,.2156,,,,,,,,,,,,,,,,,,,
01/06/2026 19:05:02,428221,2,.045,,1,.0189,,,,,,,,,,,,,,,,,,,
01/06/2026 19:05:07,425897,6,.2289,,8,.2289,,,,,,,,,,,,,,,,,,,
01/06/2026 19:05:32,412872,5,.0656,,8,.1278,,,,,,,,,,,,,,,,,,,
01/06/2026 19:05:32,428221,3,.0406,,8,.0956,,,,,,,,,,,,,,,,,,,
01/06/2026 19:05:37,425897,4,.1778,,8,.185,,,,,,,,,,,,,,,,,,,
01/06/2026 19:06:02,412872,6,.0828,,4,.0556,,,,,,,,,,,,,,,,,,,
01/06/2026 19:06:02,428221,10,.1928,,5,.0878,,,,,,,,,,,,,,,,,,,
01/06/2026 19:06:07,425897,6,.1828,,2,.0656,,,,,,,,,,,,,,,,,,,
01/06/2026 19:06:32,412872,0,0,,4,.0678,,,,,,,,,,,,,,,,,,,
01/06/2026 19:06:32,428221,5,.0867,,9,.1339,,,,,,,,,,,,,,,,,,,
01/06/2026 19:06:37,425897,2,.0678,,2,.1,,,,,,,,,,,,,,,,,,,
01/06/2026 19:07:02,412872,7,.1078,,9,.1256,,,,,,,,,,,,,,,,,,,
01/06/2026 19:07:02,428221,8,.2289,,4,.1428,,,,,,,,,,,,,,,,,,,
01/06/2026 19:07:07,425897,6,.2106,,5,.1856,,,,,,,,,,,,,,,,,,,
01/06/2026 19:07:32,412872,2,.0239,,4,.0567,,,,,,,,,,,,,,,,,,,
01/06/2026 19:07:32,428221,4,.1,,10,.25,,,,,,,,,,,,,,,,,,,
01/06/2026 19:07:37,425897,6,.22,,6,.2078,,,,,,,,,,,,,,,,,,,
01/06/2026 19:08:02,412872,7,.0839,,4,.0689,,,,,,,,,,,,,,,,,,,
01/06/2026 19:08:02,428221,4,.2789,,4,.1517,,,,,,,,,,,,,,,,,,,
01/06/2026 19:08:07,425897,6,.2067,,7,.28,,,,,,,,,,,,,,,,,,,
01/06/2026 19:08:32,412872,3,.0317,,6,.0656,,,,,,,,,,,,,,,,,,,
01/06/2026 19:08:32,428221,6,.0789,,3,.0378,,,,,,,,,,,,,,,,,,,
01/06/2026 19:08:37,425897,6,.195,,4,.1267,,,,,,,,,,,,,,,,,,,
01/06/2026 19:09:02,412872,0,.005,,0,0,,,,,,,,,,,,,,,,,,,
01/06/2026 19:09:02,428221,2,.0256,,8,.0978,,,,,,,,,,,,,,,,,,,
01/06/2026 19:09:07,425897,3,.0678,,4,.11,,,,,,,,,,,,,,,,,,,
01/06/2026 19:09:32,412872,9,.1278,,7,.1067,,,,,,,,,,,,,,,,,,,
01/06/2026 19:09:32,428221,7,.0939,,8,.0828,,,,,,,,,,,,,,,,,,,
01/06/2026 19:09:37,425897,5,.1839,,5,.195,,,,,,,,,,,,,,,,,,,
01/06/2026 19:10:02,412872,3,.0378,,5,.0689,,,,,,,,,,,,,,,,,,,
01/06/2026 19:10:02,428221,3,.035,,5,.05,,,,,,,,,,,,,,,,,,,
01/06/2026 19:10:07,425897,4,.1256,,6,.1617,,,,,,,,,,,,,,,,,,,
01/06/2026 19:10:32,412872,2,.0278,,11,.1717,,,,,,,,,,,,,,,,,,,
01/06/2026 19:10:32,428221,9,.14,,8,.1328,,,,,,,,,,,,,,,,,,,
01/06/2026 19:10:37,425897,6,.2389,,5,.2167,,,,,,,,,,,,,,,,,,,
01/06/2026 19:11:02,412872,3,.0439,,3,.0367,,,,,,,,,,,,,,,,,,,
01/06/2026 19:11:02,428221,4,.0978,,4,.08,,,,,,,,,,,,,,,,,,,
01/06/2026 19:11:07,425897,3,.1256,,3,.0778,,,,,,,,,,,,,,,,,,,
01/06/2026 19:11:32,412872,9,.2678,,5,.1056,,,,,,,,,,,,,,,,,,,
01/06/2026 19:11:32,428221,5,.0639,,6,.09,,,,,,,,,,,,,,,,,,,
01/06/2026 19:11:37,425897,2,.0578,,3,.1106,,,,,,,,,,,,,,,,,,,
01/06/2026 19:12:02,412872,2,.0206,,10,.1428,,,,,,,,,,,,,,,,,,,
01/06/2026 19:12:02,428221,6,.0889,,7,.0867,,,,,,,,,,,,,,,,,,,
01/06/2026 19:12:07,425897,5,.1889,,4,.185,,,,,,,,,,,,,,,,,,,
01/06/2026 19:12:32,412872,7,.1217,,10,.15,,,,,,,,,,,,,,,,,,,
01/06/2026 19:12:32,428221,6,.0878,,8,.13,,,,,,,,,,,,,,,,,,,
01/06/2026 19:12:37,425897,6,.2039,,6,.2028,,,,,,,,,,,,,,,,,,,
01/06/2026 19:13:02,412872,4,.0467,,5,.0717,,,,,,,,,,,,,,,,,,,
01/06/2026 19:13:02,428221,5,.0756,,7,.1039,,,,,,,,,,,,,,,,,,,
01/06/2026 19:13:07,425897,6,.2139,,3,.075,,,,,,,,,,,,,,,,,,,
01/06/2026 19:13:32,412872,1,.0128,,10,.1667,,,,,,,,,,,,,,,,,,,
01/06/2026 19:13:32,428221,11,.2017,,10,.1839,,,,,,,,,,,,,,,,,,,
01/06/2026 19:13:37,425897,5,.2956,,6,.1306,,,,,,,,,,,,,,,,,,,
01/06/2026 19:14:02,412872,8,.1317,,6,.0917,,,,,,,,,,,,,,,,,,,
01/06/2026 19:14:02,428221,3,.0867,,2,.0556,,,,,,,,,,,,,,,,,,,
01/06/2026 19:14:07,425897,6,.245,,2,.0617,,,,,,,,,,,,,,,,,,,
01/06/2026 19:14:32,412872,4,.05,,7,.0917,,,,,,,,,,,,,,,,,,,
01/06/2026 19:14:32,428221,6,.0956,,4,.0528,,,,,,,,,,,,,,,,,,,
01/06/2026 19:14:37,425897,5,.225,,4,.235,,,,,,,,,,,,,,,,,,,
01/06/2026 19:15:02,412872,5,.0628,,3,.0389,,,,,,,,,,,,,,,,,,,
01/06/2026 19:15:02,428221,7,.1456,,5,.1239,,,,,,,,,,,,,,,,,,,
01/06/2026 19:15:07,425897,8,.2217,,6,.1767,,,,,,,,,,,,,,,,,,,
01/06/2026 19:15:32,412872,4,.0578,,4,.055,,,,,,,,,,,,,,,,,,,
01/06/2026 19:15:32,428221,5,.1028,,9,.21,,,,,,,,,,,,,,,,,,,
01/06/2026 19:15:37,425897,5,.1728,,3,.1228,,,,,,,,,,,,,,,,,,,
01/06/2026 19:16:02,412872,0,0,,1,.0156,,,,,,,,,,,,,,,,,,,
01/06/2026 19:16:02,428221,5,.22,,4,.4489,,,,,,,,,,,,,,,,,,,
01/06/2026 19:16:07,425897,2,.09,,1,.0039,,,,,,,,,,,,,,,,,,,
01/06/2026 19:16:32,412872,10,.2067,,8,.1378,,,,,,,,,,,,,,,,,,,
01/06/2026 19:16:32,428221,6,.2589,,7,.245,,,,,,,,,,,,,,,,,,,
01/06/2026 19:16:37,425897,1,.0267,,2,.095,,,,,,,,,,,,,,,,,,,
01/06/2026 19:17:02,412872,4,.0428,,1,.0178,,,,,,,,,,,,,,,,,,,
01/06/2026 19:17:02,428221,5,.465,,5,.27,,,,,,,,,,,,,,,,,,,
01/06/2026 19:17:07,425897,5,.1706,,5,.0956,,,,,,,,,,,,,,,,,,,
01/06/2026 19:17:32,412872,1,.0139,,5,.0778,,,,,,,,,,,,,,,,,,,
01/06/2026 19:17:32,428221,1,.01,,2,.025,,,,,,,,,,,,,,,,,,,
01/06/2026 19:17:37,425897,5,.1839,,6,.3217,,,,,,,,,,,,,,,,,,,
01/06/2026 19:18:02,412872,2,.025,,1,.0117,,,,,,,,,,,,,,,,,,,
01/06/2026 19:18:02,428221,6,.065,,8,.0828,,,,,,,,,,,,,,,,,,,
01/06/2026 19:18:07,425897,7,.2489,,10,.2617,,,,,,,,,,,,,,,,,,,
01/06/2026 19:18:32,412872,10,.1539,,8,.1339,,,,,,,,,,,,,,,,,,,
01/06/2026 19:18:32,428221,6,.0678,,6,.0728,,,,,,,,,,,,,,,,,,,
01/06/2026 19:18:37,425897,6,.2317,,5,.1289,,,,,,,,,,,,,,,,,,,
01/06/2026 19:19:02,412872,2,.0228,,4,.055,,,,,,,,,,,,,,,,,,,
01/06/2026 19:19:02,428221,2,.04,,8,.0939,,,,,,,,,,,,,,,,,,,
01/06/2026 19:19:07,425897,7,.25,,6,.2467,,,,,,,,,,,,,,,,,,,
01/06/2026 19:19:32,412872,5,.08,,5,.075,,,,,,,,,,,,,,,,,,,
01/06/2026 19:19:32,428221,12,.2239,,7,.1506,,,,,,,,,,,,,,,,,,,
01/06/2026 19:19:37,425897,6,.2217,,2,.0889,,,,,,,,,,,,,,,,,,,
01/06/2026 19:20:02,412872,5,.0906,,8,.1967,,,,,,,,,,,,,,,,,,,
01/06/2026 19:20:02,428221,3,.1706,,4,.1356,,,,,,,,,,,,,,,,,,,
01/06/2026 19:20:07,425897,6,.2367,,2,.0339,,,,,,,,,,,,,,,,,,,
01/06/2026 19:20:32,412872,6,.1,,11,.1839,,,,,,,,,,,,,,,,,,,
01/06/2026 19:20:32,428221,9,.1528,,5,.0778,,,,,,,,,,,,,,,,,,,
01/06/2026 19:20:37,425897,4,.1106,,4,.0817,,,,,,,,,,,,,,,,,,,
01/06/2026 19:21:02,412872,1,.0128,,4,.07,,,,,,,,,,,,,,,,,,,
01/06/2026 19:21:02,428221,7,.1678,,6,.1439,,,,,,,,,,,,,,,,,,,
01/06/2026 19:21:07,425897,0,0,,2,.0906,,,,,,,,,,,,,,,,,,,
01/06/2026 19:21:32,412872,2,.0256,,6,.0739,,,,,,,,,,,,,,,,,,,
01/06/2026 19:21:32,428221,6,.3078,,5,.2156,,,,,,,,,,,,,,,,,,,
01/06/2026 19:21:37,425897,6,.1556,,5,.1839,,,,,,,,,,,,,,,,,,,
01/06/2026 19:22:02,412872,7,.11,,10,.1517,,,,,,,,,,,,,,,,,,,
01/06/2026 19:22:02,428221,6,.2517,,8,.335,,,,,,,,,,,,,,,,,,,
01/06/2026 19:22:07,425897,6,.2228,,7,.1706,,,,,,,,,,,,,,,,,,,
01/06/2026 19:22:32,412872,5,.0689,,6,.0717,,,,,,,,,,,,,,,,,,,
01/06/2026 19:22:32,428221,7,.2478,,10,.3206,,,,,,,,,,,,,,,,,,,
01/06/2026 19:22:37,425897,6,.2139,,6,.1717,,,,,,,,,,,,,,,,,,,
01/06/2026 19:23:02,412872,5,.0728,,5,.0806,,,,,,,,,,,,,,,,,,,
01/06/2026 19:23:02,428221,4,.1578,,4,.1589,,,,,,,,,,,,,,,,,,,
01/06/2026 19:23:07,425897,7,.2767,,4,.14,,,,,,,,,,,,,,,,,,,
01/06/2026 19:23:32,412872,0,0,,4,.0417,,,,,,,,,,,,,,,,,,,
01/06/2026 19:23:32,428221,7,.0739,,9,.0778,,,,,,,,,,,,,,,,,,,
01/06/2026 19:23:37,425897,4,.2717,,2,.0728,,,,,,,,,,,,,,,,,,,
01/06/2026 19:24:02,412872,11,.1978,,9,.1306,,,,,,,,,,,,,,,,,,,
01/06/2026 19:24:02,428221,3,.03,,7,.0628,,,,,,,,,,,,,,,,,,,
01/06/2026 19:24:07,425897,5,.185,,6,.1739,,,,,,,,,,,,,,,,,,,
01/06/2026 19:24:32,412872,3,.0306,,4,.0589,,,,,,,,,,,,,,,,,,,
01/06/2026 19:24:32,428221,3,.0306,,4,.0439,,,,,,,,,,,,,,,,,,,
01/06/2026 19:24:37,425897,7,.2489,,7,.1806,,,,,,,,,,,,,,,,,,,
01/06/2026 19:25:02,412872,2,.025,,3,.0356,,,,,,,,,,,,,,,,,,,
01/06/2026 19:25:02,428221,4,.0428,,8,.075,,,,,,,,,,,,,,,,,,,
01/06/2026 19:25:07,425897,4,.1528,,4,.1089,,,,,,,,,,,,,,,,,,,
01/06/2026 19:25:32,412872,8,.1339,,13,.2189,,,,,,,,,,,,,,,,,,,
01/06/2026 19:25:32,428221,9,.105,,9,.0989,,,,,,,,,,,,,,,,,,,
01/06/2026 19:25:37,425897,3,.215,,4,.1889,,,,,,,,,,,,,,,,,,,
01/06/2026 19:26:02,412872,0,0,,10,.1739,,,,,,,,,,,,,,,,,,,
01/06/2026 19:26:02,428221,2,.0106,,1,.005,,,,,,,,,,,,,,,,,,,
01/06/2026 19:26:07,425897,7,.2367,,9,.2239,,,,,,,,,,,,,,,,,,,
01/06/2026 19:26:32,412872,5,.0767,,7,.1078,,,,,,,,,,,,,,,,,,,
01/06/2026 19:26:32,428221,3,.025,,4,.0356,,,,,,,,,,,,,,,,,,,
01/06/2026 19:26:37,425897,4,.1517,,3,.165,,,,,,,,,,,,,,,,,,,
01/06/2026 19:27:02,412872,6,.0756,,3,.0439,,,,,,,,,,,,,,,,,,,
01/06/2026 19:27:02,428221,0,0,,10,.095,,,,,,,,,,,,,,,,,,,
01/06/2026 19:27:07,425897,6,.215,,3,.0878,,,,,,,,,,,,,,,,,,,
01/06/2026 19:27:32,412872,6,.0856,,4,.055,,,,,,,,,,,,,,,,,,,
01/06/2026 19:27:32,428221,1,.01,,12,.1339,,,,,,,,,,,,,,,,,,,
01/06/2026 19:27:37,425897,0,0,,1,.0156,,,,,,,,,,,,,,,,,,,
01/06/2026 19:28:02,412872,2,.0217,,9,.1206,,,,,,,,,,,,,,,,,,,
01/06/2026 19:28:02,428221,4,.0389,,3,.0278,,,,,,,,,,,,,,,,,,,
01/06/2026 19:28:07,425897,3,.14,,1,.0039,,,,,,,,,,,,,,,,,,,
01/06/2026 19:28:32,412872,8,.1367,,6,.105,,,,,,,,,,,,,,,,,,,
01/06/2026 19:28:32,428221,14,.1567,,8,.095,,,,,,,,,,,,,,,,,,,
01/06/2026 19:28:37,425897,4,.2817,,7,.2417,,,,,,,,,,,,,,,,,,,
01/06/2026 19:29:02,412872,7,.2,,4,.1539,,,,,,,,,,,,,,,,,,,
01/06/2026 19:29:02,428221,0,0,,3,.0217,,,,,,,,,,,,,,,,,,,
01/06/2026 19:29:07,425897,6,.185,,9,.2589,,,,,,,,,,,,,,,,,,,
01/06/2026 19:29:32,412872,6,.08,,9,.1156,,,,,,,,,,,,,,,,,,,
01/06/2026 19:29:32,428221,4,.0467,,8,.0739,,,,,,,,,,,,,,,,,,,
01/06/2026 19:29:37,425897,4,.1339,,2,.0889,,,,,,,,,,,,,,,,,,,
01/06/2026 19:30:02,412872,5,.0578,,5,.055,,,,,,,,,,,,,,,,,,,
01/06/2026 19:30:02,428221,4,.0417,,6,.0567,,,,,,,,,,,,,,,,,,,
01/06/2026 19:30:07,425897,1,.0417,,1,.0039,,,,,,,,,,,,,,,,,,,
01/06/2026 19:30:32,412872,5,.0689,,4,.0517,,,,,,,,,,,,,,,,,,,
01/06/2026 19:30:32,428221,2,.015,,8,.0678,,,,,,,,,,,,,,,,,,,
01/06/2026 19:30:37,425897,4,.1228,,5,.1556,,,,,,,,,,,,,,,,,,,
01/06/2026 19:31:02,412872,3,.035,,6,.0928,,,,,,,,,,,,,,,,,,,
01/06/2026 19:31:02,428221,0,0,,0,0,,,,,,,,,,,,,,,,,,,
01/06/2026 19:31:07,425897,4,.1356,,2,.0778,,,,,,,,,,,,,,,,,,,
01/06/2026 19:31:32,412872,4,.0478,,8,.1156,,,,,,,,,,,,,,,,,,,
01/06/2026 19:31:32,428221,9,.1117,,9,.11,,,,,,,,,,,,,,,,,,,
01/06/2026 19:31:37,425897,4,.2039,,5,.1717,,,,,,,,,,,,,,,,,,,
01/06/2026 19:32:02,412872,4,.06,,4,.0517,,,,,,,,,,,,,,,,,,,
01/06/2026 19:32:02,428221,2,.0239,,4,.0406,,,,,,,,,,,,,,,,,,,
01/06/2026 19:32:07,425897,4,.1467,,1,.0356,,,,,,,,,,,,,,,,,,,
01/06/2026 19:32:32,412872,1,.0128,,4,.0517,,,,,,,,,,,,,,,,,,,
01/06/2026 19:32:32,428221,3,.0267,,8,.075,,,,,,,,,,,,,,,,,,,
01/06/2026 19:32:37,425897,5,.1606,,2,.075,,,,,,,,,,,,,,,,,,,
01/06/2026 19:33:02,412872,3,.0439,,4,.0456,,,,,,,,,,,,,,,,,,,
01/06/2026 19:33:02,428221,5,.0406,,2,.0167,,,,,,,,,,,,,,,,,,,
01/06/2026 19:33:07,425897,5,.115,,1,.0389,,,,,,,,,,,,,,,,,,,
01/06/2026 19:33:32,412872,4,.055,,5,.0678,,,,,,,,,,,,,,,,,,,
01/06/2026 19:33:32,428221,1,.0106,,6,.055,,,,,,,,,,,,,,,,,,,
01/06/2026 19:33:37,425897,1,.0356,,1,.0106,,,,,,,,,,,,,,,,,,,
01/06/2026 19:34:02,412872,4,.0589,,16,.25,,,,,,,,,,,,,,,,,,,
01/06/2026 19:34:02,428221,0,0,,1,.0067,,,,,,,,,,,,,,,,,,,
01/06/2026 19:34:07,425897,2,.0639,,5,.205,,,,,,,,,,,,,,,,,,,
01/06/2026 19:34:32,412872,2,.0228,,7,.0956,,,,,,,,,,,,,,,,,,,
01/06/2026 19:34:32,428221,6,.0739,,7,.0728,,,,,,,,,,,,,,,,,,,
01/06/2026 19:34:37,425897,1,.0356,,1,.0367,,,,,,,,,,,,,,,,,,,
01/06/2026 19:35:02,412872,12,.1839,,7,.0978,,,,,,,,,,,,,,,,,,,
01/06/2026 19:35:02,428221,0,0,,0,0,,,,,,,,,,,,,,,,,,,
01/06/2026 19:35:07,425897,6,.2817,,3,.0689,,,,,,,,,,,,,,,,,,,
01/06/2026 19:35:32,412872,5,.07,,6,.0878,,,,,,,,,,,,,,,,,,,
01/06/2026 19:35:32,428221,2,.0189,,3,.0278,,,,,,,,,,,,,,,,,,,
01/06/2026 19:35:37,425897,7,.2517,,6,.17,,,,,,,,,,,,,,,,,,,
01/06/2026 19:36:02,412872,7,.0906,,4,.045,,,,,,,,,,,,,,,,,,,
01/06/2026 19:36:02,428221,1,.0089,,8,.0856,,,,,,,,,,,,,,,,,,,
01/06/2026 19:36:07,425897,6,.1967,,5,.2256,,,,,,,,,,,,,,,,,,,
01/06/2026 19:36:32,412872,6,.0806,,12,.1728,,,,,,,,,,,,,,,,,,,
01/06/2026 19:36:32,428221,6,.08,,7,.0656,,,,,,,,,,,,,,,,,,,
01/06/2026 19:36:37,425897,5,.1728,,4,.13,,,,,,,,,,,,,,,,,,,
01/06/2026 19:37:02,412872,3,.03,,4,.0539,,,,,,,,,,,,,,,,,,,
01/06/2026 19:37:02,428221,4,.03,,5,.0406,,,,,,,,,,,,,,,,,,,
01/06/2026 19:37:07,425897,4,.1189,,2,.0906,,,,,,,,,,,,,,,,,,,
01/06/2026 19:37:32,412872,0,0,,8,.1039,,,,,,,,,,,,,,,,,,,
01/06/2026 19:37:32,428221,9,.1067,,8,.085,,,,,,,,,,,,,,,,,,,
01/06/2026 19:37:37,425897,2,.0567,,2,.175,,,,,,,,,,,,,,,,,,,
01/06/2026 19:38:02,412872,3,.0356,,9,.1067,,,,,,,,,,,,,,,,,,,
01/06/2026 19:38:02,428221,0,0,,2,.0178,,,,,,,,,,,,,,,,,,,
01/06/2026 19:38:07,425897,6,.2506,,4,.1206,,,,,,,,,,,,,,,,,,,
01/06/2026 19:38:32,412872,2,.0306,,5,.0817,,,,,,,,,,,,,,,,,,,
01/06/2026 19:38:32,428221,0,0,,3,.0306,,,,,,,,,,,,,,,,,,,
01/06/2026 19:38:37,425897,6,.2206,,8,.2489,,,,,,,,,,,,,,,,,,,
01/06/2026 19:39:02,412872,8,.105,,4,.0578,,,,,,,,,,,,,,,,,,,
01/06/2026 19:39:02,428221,1,.0089,,5,.0506,,,,,,,,,,,,,,,,,,,
01/06/2026 19:39:07,425897,5,.2628,,4,.1028,,,,,,,,,,,,,,,,,,,
01/06/2026 19:39:32,412872,3,.0328,,8,.0989,,,,,,,,,,,,,,,,,,,
01/06/2026 19:39:32,428221,1,.0106,,6,.0489,,,,,,,,,,,,,,,,,,,
01/06/2026 19:39:37,425897,3,.09,,3,.0939,,,,,,,,,,,,,,,,,,,
01/06/2026 19:40:02,412872,0,0,,0,.0067,,,,,,,,,,,,,,,,,,,
01/06/2026 19:40:02,428221,10,.11,,10,.1056,,,,,,,,,,,,,,,,,,,
01/06/2026 19:40:07,425897,5,.3539,,3,.1139,,,,,,,,,,,,,,,,,,,
01/06/2026 19:40:32,412872,7,.09,,5,.0606,,,,,,,,,,,,,,,,,,,
01/06/2026 19:40:32,428221,4,.0389,,6,.0578,,,,,,,,,,,,,,,,,,,
01/06/2026 19:40:37,425897,7,.2106,,8,.2417,,,,,,,,,,,,,,,,,,,
01/06/2026 19:41:02,412872,1,.015,,5,.0689,,,,,,,,,,,,,,,,,,,
01/06/2026 19:41:02,428221,0,0,,2,.0206,,,,,,,,,,,,,,,,,,,
01/06/2026 19:41:07,425897,4,.1639,,3,.0728,,,,,,,,,,,,,,,,,,,
01/06/2026 19:41:32,412872,3,.0406,,5,.0628,,,,,,,,,,,,,,,,,,,
01/06/2026 19:41:32,428221,11,.1456,,8,.0956,,,,,,,,,,,,,,,,,,,
01/06/2026 19:41:37,425897,6,.22,,3,.1139,,,,,,,,,,,,,,,,,,,
01/06/2026 19:42:02,412872,5,.0728,,2,.0267,,,,,,,,,,,,,,,,,,,
01/06/2026 19:42:02,428221,2,.0217,,10,.1078,,,,,,,,,,,,,,,,,,,
01/06/2026 19:42:07,425897,3,.1217,,4,.0939,,,,,,,,,,,,,,,,,,,
01/06/2026 19:42:32,412872,1,.015,,8,.1078,,,,,,,,,,,,,,,,,,,
01/06/2026 19:42:32,428221,5,.0728,,7,.0778,,,,,,,,,,,,,,,,,,,
01/06/2026 19:42:37,425897,6,.1989,,7,.1817,,,,,,,,,,,,,,,,,,,
01/06/2026 19:43:02,412872,3,.0356,,6,.0867,,,,,,,,,,,,,,,,,,,
01/06/2026 19:43:02,428221,10,.125,,9,.1017,,,,,,,,,,,,,,,,,,,
01/06/2026 19:43:07,425897,7,.25,,10,.2967,,,,,,,,,,,,,,,,,,,
01/06/2026 19:43:32,412872,3,.06,,2,.0339,,,,,,,,,,,,,,,,,,,
01/06/2026 19:43:32,428221,2,.015,,4,.0367,,,,,,,,,,,,,,,,,,,
01/06/2026 19:43:37,425897,5,.1806,,4,.0828,,,,,,,,,,,,,,,,,,,
01/06/2026 19:44:02,412872,5,.0589,,4,.045,,,,,,,,,,,,,,,,,,,
01/06/2026 19:44:02,428221,4,.0389,,3,.0267,,,,,,,,,,,,,,,,,,,
01/06/2026 19:44:07,425897,1,.0256,,2,.09,,,,,,,,,,,,,,,,,,,
01/06/2026 19:44:32,412872,0,0,,5,.0639,,,,,,,,,,,,,,,,,,,
01/06/2026 19:44:32,428221,2,.0156,,6,.0539,,,,,,,,,,,,,,,,,,,
01/06/2026 19:44:37,425897,1,.0356,,1,.04,,,,,,,,,,,,,,,,,,,
01/06/2026 19:45:02,412872,3,.0339,,5,.0689,,,,,,,,,,,,,,,,,,,
01/06/2026 19:45:02,428221,1,.0106,,6,.0606,,,,,,,,,,,,,,,,,,,
01/06/2026 19:45:07,425897,7,.22,,4,.1006,,,,,,,,,,,,,,,,,,,
01/06/2026 19:45:32,412872,4,.07,,10,.1639,,,,,,,,,,,,,,,,,,,
01/06/2026 19:45:32,428221,3,.0417,,4,.0389,,,,,,,,,,,,,,,,,,,
01/06/2026 19:45:37,425897,7,.2639,,4,.2339,,,,,,,,,,,,,,,,,,,
01/06/2026 19:46:02,412872,7,.1156,,8,.1267,,,,,,,,,,,,,,,,,,,
01/06/2026 19:46:02,428221,10,.1206,,10,.1267,,,,,,,,,,,,,,,,,,,
01/06/2026 19:46:07,425897,3,.1217,,2,.08,,,,,,,,,,,,,,,,,,,
01/06/2026 19:46:32,412872,1,.015,,5,.08,,,,,,,,,,,,,,,,,,,
01/06/2026 19:46:32,428221,1,.0039,,4,.045,,,,,,,,,,,,,,,,,,,
01/06/2026 19:46:37,425897,3,.1917,,6,.1378,,,,,,,,,,,,,,,,,,,
01/06/2026 19:47:02,412872,7,.1278,,12,.2156,,,,,,,,,,,,,,,,,,,
01/06/2026 19:47:02,428221,5,.0489,,7,.0628,,,,,,,,,,,,,,,,,,,
01/06/2026 19:47:07,425897,6,.2328,,2,.0467,,,,,,,,,,,,,,,,,,,
01/06/2026 19:47:32,412872,1,.0128,,4,.0567,,,,,,,,,,,,,,,,,,,
01/06/2026 19:47:32,428221,3,.0356,,5,.0506,,,,,,,,,,,,,,,,,,,
01/06/2026 19:47:37,425897,6,.23,,3,.11,,,,,,,,,,,,,,,,,,,
01/06/2026 19:48:02,412872,3,.0367,,1,.0117,,,,,,,,,,,,,,,,,,,
01/06/2026 19:48:02,428221,1,.0089,,2,.0228,,,,,,,,,,,,,,,,,,,
01/06/2026 19:48:07,425897,5,.1639,,3,.1189,,,,,,,,,,,,,,,,,,,
01/06/2026 19:48:32,412872,7,.0806,,4,.0528,,,,,,,,,,,,,,,,,,,
01/06/2026 19:48:32,428221,8,.0878,,4,.0506,,,,,,,,,,,,,,,,,,,
01/06/2026 19:48:37,425897,0,0,,3,.1667,,,,,,,,,,,,,,,,,,,
01/06/2026 19:49:02,412872,3,.0389,,3,.0406,,,,,,,,,,,,,,,,,,,
01/06/2026 19:49:02,428221,3,.0389,,3,.035,,,,,,,,,,,,,,,,,,,
01/06/2026 19:49:07,425897,4,.075,,1,.0667,,,,,,,,,,,,,,,,,,,
01/06/2026 19:49:32,412872,2,.0306,,5,.0656,,,,,,,,,,,,,,,,,,,
01/06/2026 19:49:32,428221,4,.045,,3,.0278,,,,,,,,,,,,,,,,,,,
01/06/2026 19:49:37,425897,6,.2189,,8,.2367,,,,,,,,,,,,,,,,,,,
01/06/2026 19:50:02,412872,7,.095,,8,.1139,,,,,,,,,,,,,,,,,,,
01/06/2026 19:50:02,428221,0,0,,5,.0406,,,,,,,,,,,,,,,,,,,
01/06/2026 19:50:07,425897,6,.2178,,5,.1678,,,,,,,,,,,,,,,,,,,
01/06/2026 19:50:32,412872,4,.0667,,4,.0489,,,,,,,,,,,,,,,,,,,
01/06/2026 19:50:32,428221,1,.0089,,7,.0667,,,,,,,,,,,,,,,,,,,
01/06/2026 19:50:37,425897,3,.1439,,2,.0078,,,,,,,,,,,,,,,,,,,
01/06/2026 19:51:02,412872,5,.075,,11,.1489,,,,,,,,,,,,,,,,,,,
01/06/2026 19:51:02,428221,3,.015,,4,.0317,,,,,,,,,,,,,,,,,,,
01/06/2026 19:51:07,425897,1,.0378,,1,.0339,,,,,,,,,,,,,,,,,,,
01/06/2026 19:51:32,412872,6,.1306,,6,.08,,,,,,,,,,,,,,,,,,,
01/06/2026 19:51:32,428221,12,.1539,,9,.1017,,,,,,,,,,,,,,,,,,,
01/06/2026 19:51:37,425897,6,.2039,,2,.0078,,,,,,,,,,,,,,,,,,,
01/06/2026 19:52:02,412872,4,.0556,,2,.03,,,,,,,,,,,,,,,,,,,
01/06/2026 19:52:02,428221,4,.035,,6,.05,,,,,,,,,,,,,,,,,,,
01/06/2026 19:52:07,425897,3,.1228,,2,.07,,,,,,,,,,,,,,,,,,,
01/06/2026 19:52:32,412872,3,.0389,,3,.0367,,,,,,,,,,,,,,,,,,,
01/06/2026 19:52:32,428221,4,.0406,,6,.0567,,,,,,,,,,,,,,,,,,,
01/06/2026 19:52:37,425897,5,.1867,,1,.0539,,,,,,,,,,,,,,,,,,,
01/06/2026 19:53:02,412872,2,.0206,,3,.0389,,,,,,,,,,,,,,,,,,,
01/06/2026 19:53:02,428221,4,.04,,9,.0939,,,,,,,,,,,,,,,,,,,
01/06/2026 19:53:07,425897,2,.05,,1,.0467,,,,,,,,,,,,,,,,,,,
01/06/2026 19:53:32,412872,8,.1056,,9,.1317,,,,,,,,,,,,,,,,,,,
01/06/2026 19:53:32,428221,0,0,,7,.0617,,,,,,,,,,,,,,,,,,,
01/06/2026 19:53:37,425897,2,.0817,,3,.0689,,,,,,,,,,,,,,,,,,,
01/06/2026 19:54:02,412872,1,.0128,,5,.0839,,,,,,,,,,,,,,,,,,,
01/06/2026 19:54:02,428221,5,.0489,,4,.04,,,,,,,,,,,,,,,,,,,
01/06/2026 19:54:07,425897,5,.1617,,3,.1156,,,,,,,,,,,,,,,,,,,
01/06/2026 19:54:32,412872,9,.1656,,9,.1306,,,,,,,,,,,,,,,,,,,
01/06/2026 19:54:32,428221,11,.1289,,5,.0517,,,,,,,,,,,,,,,,,,,
01/06/2026 19:54:37,425897,6,.215,,6,.1689,,,,,,,,,,,,,,,,,,,
01/06/2026 19:55:02,412872,5,.0828,,9,.1389,,,,,,,,,,,,,,,,,,,
01/06/2026 19:55:02,428221,1,.0106,,3,.0267,,,,,,,,,,,,,,,,,,,
01/06/2026 19:55:07,425897,6,.23,,2,.0528,,,,,,,,,,,,,,,,,,,
01/06/2026 19:55:32,412872,1,.0139,,2,.0778,,,,,,,,,,,,,,,,,,,
01/06/2026 19:55:32,428221,1,.0117,,7,.0717,,,,,,,,,,,,,,,,,,,
01/06/2026 19:55:37,425897,3,.0928,,3,.0828,,,,,,,,,,,,,,,,,,,
01/06/2026 19:56:02,412872,7,.1389,,17,.35,,,,,,,,,,,,,,,,,,,
01/06/2026 19:56:02,428221,3,.0339,,5,.0478,,,,,,,,,,,,,,,,,,,
01/06/2026 19:56:07,425897,6,.1967,,10,.2539,,,,,,,,,,,,,,,,,,,
01/06/2026 19:56:32,412872,9,.1128,,2,.035,,,,,,,,,,,,,,,,,,,
01/06/2026 19:56:32,428221,0,0,,3,.0306,,,,,,,,,,,,,,,,,,,
01/06/2026 19:56:37,425897,6,.2256,,4,.0839,,,,,,,,,,,,,,,,,,,
01/06/2026 19:57:02,412872,0,0,,7,.0839,,,,,,,,,,,,,,,,,,,
01/06/2026 19:57:02,428221,7,.0867,,9,.1028,,,,,,,,,,,,,,,,,,,
01/06/2026 19:57:07,425897,4,.165,,5,.0817,,,,,,,,,,,,,,,,,,,
01/06/2026 19:57:32,412872,0,0,,3,.035,,,,,,,,,,,,,,,,,,,
01/06/2026 19:57:32,428221,4,.05,,7,.0756,,,,,,,,,,,,,,,,,,,
01/06/2026 19:57:37,425897,2,.0517,,3,.0389,,,,,,,,,,,,,,,,,,,
01/06/2026 19:58:02,412872,4,.0539,,5,.0639,,,,,,,,,,,,,,,,,,,
01/06/2026 19:58:02,428221,0,0,,3,.03,,,,,,,,,,,,,,,,,,,
01/06/2026 19:58:07,425897,3,.0906,,1,.0667,,,,,,,,,,,,,,,,,,,
01/06/2026 19:58:32,412872,1,.0117,,1,.0178,,,,,,,,,,,,,,,,,,,
01/06/2026 19:58:32,428221,0,0,,3,.0289,,,,,,,,,,,,,,,,,,,
01/06/2026 19:58:37,425897,4,.1856,,5,.0889,,,,,,,,,,,,,,,,,,,
01/06/2026 19:59:02,412872,3,.0356,,6,.0839,,,,,,,,,,,,,,,,,,,
01/06/2026 19:59:02,428221,5,.05,,10,.095,,,,,,,,,,,,,,,,,,,
01/06/2026 19:59:07,425897,5,.1606,,5,.1739,,,,,,,,,,,,,,,,,,,
01/06/2026 19:59:32,412872,5,.0656,,5,.0989,,,,,,,,,,,,,,,,,,,
01/06/2026 19:59:32,428221,1,.0089,,3,.0278,,,,,,,,,,,,,,,,,,,
01/06/2026 19:59:37,425897,5,.1889,,3,.0478,,,,,,,,,,,,,,,,,,,
01/06/2026 20:00:02,412872,6,.0889,,9,.125,,,,,,,,,,,,,,,,,,,
01/06/2026 20:00:02,428221,7,.0917,,7,.07,,,,,,,,,,,,,,,,,,,
01/06/2026 20:00:07,425897,4,.1339,,4,.1317,,,,,,,,,,,,,,,,,,,
01/06/2026 20:00:32,412872,5,.0806,,4,.06,,,,,,,,,,,,,,,,,,,
01/06/2026 20:00:32,428221,3,.0278,,3,.03,,,,,,,,,,,,,,,,,,,
01/06/2026 20:00:37,425897,4,.1328,,2,.0417,,,,,,,,,,,,,,,,,,,
01/06/2026 20:01:02,412872,6,.105,,9,.14,,,,,,,,,,,,,,,,,,,
01/06/2026 20:01:02,428221,5,.0506,,3,.0367,,,,,,,,,,,,,,,,,,,
01/06/2026 20:01:07,425897,4,.3317,,2,.0867,,,,,,,,,,,,,,,,,,,
01/06/2026 20:01:32,412872,3,.0367,,3,.0406,,,,,,,,,,,,,,,,,,,
01/06/2026 20:01:32,428221,3,.0267,,5,.0378,,,,,,,,,,,,,,,,,,,
01/06/2026 20:01:37,425897,6,.2806,,6,.1539,,,,,,,,,,,,,,,,,,,
01/06/2026 20:02:02,412872,0,0,,7,.0967,,,,,,,,,,,,,,,,,,,
01/06/2026 20:02:02,428221,2,.0128,,5,.0456,,,,,,,,,,,,,,,,,,,
01/06/2026 20:02:07,425897,3,.0989,,2,.0667,,,,,,,,,,,,,,,,,,,
01/06/2026 20:02:32,412872,9,.1189,,5,.0617,,,,,,,,,,,,,,,,,,,
01/06/2026 20:02:32,428221,1,.0106,,1,.01,,,,,,,,,,,,,,,,,,,
01/06/2026 20:02:37,425897,1,.0078,,0,0,,,,,,,,,,,,,,,,,,,
01/06/2026 20:03:02,412872,6,.08,,4,.0556,,,,,,,,,,,,,,,,,,,
01/06/2026 20:03:02,428221,1,.0089,,1,.0117,,,,,,,,,,,,,,,,,,,
01/06/2026 20:03:07,425897,4,.0378,,3,.0256,,,,,,,,,,,,,,,,,,,
01/06/2026 20:03:32,412872,4,.0567,,5,.0506,,,,,,,,,,,,,,,,,,,
01/06/2026 20:03:32,428221,1,.005,,2,.0167,,,,,,,,,,,,,,,,,,,
01/06/2026 20:03:37,425897,9,.0989,,2,.0289,,,,,,,,,,,,,,,,,,,
01/06/2026 20:04:02,412872,3,.0306,,2,.0167,,,,,,,,,,,,,,,,,,,
01/06/2026 20:04:02,428221,1,.0106,,1,.0089,,,,,,,,,,,,,,,,,,,
01/06/2026 20:04:07,425897,7,.0739,,1,.0039,,,,,,,,,,,,,,,,,,,
01/06/2026 20:04:32,412872,4,.055,,8,.1117,,,,,,,,,,,,,,,,,,,
01/06/2026 20:04:32,428221,4,.0306,,2,.015,,,,,,,,,,,,,,,,,,,
01/06/2026 20:04:37,425897,0,0,,0,0,,,,,,,,,,,,,,,,,,,
01/06/2026 20:05:02,412872,3,.0378,,9,.1178,,,,,,,,,,,,,,,,,,,
01/06/2026 20:05:02,428221,10,.1267,,9,.1228,,,,,,,,,,,,,,,,,,,
01/06/2026 20:05:07,425897,2,.0156,,4,.04,,,,,,,,,,,,,,,,,,,
01/06/2026 20:05:32,412872,2,.0167,,5,.0789,,,,,,,,,,,,,,,,,,,
01/06/2026 20:05:32,428221,9,.1067,,8,.0839,,,,,,,,,,,,,,,,,,,
01/06/2026 20:05:37,425897,5,.0489,,0,0,,,,,,,,,,,,,,,,,,,
01/06/2026 20:06:02,412872,3,.0367,,10,.1239,,,,,,,,,,,,,,,,,,,
01/06/2026 20:06:02,428221,1,.0078,,9,.0817,,,,,,,,,,,,,,,,,,,
01/06/2026 20:06:07,425897,7,.0717,,5,.045,,,,,,,,,,,,,,,,,,,
01/06/2026 20:06:32,412872,7,.095,,1,.015,,,,,,,,,,,,,,,,,,,
01/06/2026 20:06:32,428221,3,.025,,5,.0456,,,,,,,,,,,,,,,,,,,
01/06/2026 20:06:37,425897,1,.0106,,0,0,,,,,,,,,,,,,,,,,,,
01/06/2026 20:07:02,412872,2,.0267,,7,.0956,,,,,,,,,,,,,,,,,,,
01/06/2026 20:07:02,428221,1,.01,,1,.0089,,,,,,,,,,,,,,,,,,,
01/06/2026 20:07:07,425897,1,.0089,,0,0,,,,,,,,,,,,,,,,,,,
01/06/2026 20:07:32,412872,1,.0117,,8,.1106,,,,,,,,,,,,,,,,,,,
01/06/2026 20:07:32,428221,11,.1328,,9,.1039,,,,,,,,,,,,,,,,,,,
01/06/2026 20:07:37,425897,10,.0906,,3,.0267,,,,,,,,,,,,,,,,,,,
01/06/2026 20:08:02,412872,11,.145,,1,.015,,,,,,,,,,,,,,,,,,,
01/06/2026 20:08:02,428221,6,.0739,,9,.1,,,,,,,,,,,,,,,,,,,
01/06/2026 20:08:07,425897,7,.0606,,2,.0217,,,,,,,,,,,,,,,,,,,
01/06/2026 20:08:32,412872,7,.1089,,10,.1728,,,,,,,,,,,,,,,,,,,
01/06/2026 20:08:32,428221,6,.0567,,11,.1106,,,,,,,,,,,,,,,,,,,
01/06/2026 20:08:37,425897,2,.0167,,0,0,,,,,,,,,,,,,,,,,,,
01/06/2026 20:09:02,412872,5,.0828,,5,.08,,,,,,,,,,,,,,,,,,,
01/06/2026 20:09:02,428221,1,.0106,,4,.035,,,,,,,,,,,,,,,,,,,
01/06/2026 20:09:07,425897,1,.0106,,0,0,,,,,,,,,,,,,,,,,,,
01/06/2026 20:09:32,412872,4,.0528,,9,.1189,,,,,,,,,,,,,,,,,,,
01/06/2026 20:09:32,428221,2,.0189,,1,.0067,,,,,,,,,,,,,,,,,,,
01/06/2026 20:09:37,425897,2,.015,,1,.0089,,,,,,,,,,,,,,,,,,,
01/06/2026 20:10:02,412872,4,.0528,,8,.1067,,,,,,,,,,,,,,,,,,,
01/06/2026 20:10:02,428221,8,.0828,,8,.0828,,,,,,,,,,,,,,,,,,,
01/06/2026 20:10:07,425897,7,.0667,,6,.0606,,,,,,,,,,,,,,,,,,,
01/06/2026 20:10:32,412872,0,0,,6,.0839,,,,,,,,,,,,,,,,,,,
01/06/2026 20:10:32,428221,4,.0378,,8,.0778,,,,,,,,,,,,,,,,,,,
01/06/2026 20:10:37,425897,3,.0228,,0,0,,,,,,,,,,,,,,,,,,,
01/06/2026 20:11:02,412872,3,.0439,,6,.0917,,,,,,,,,,,,,,,,,,,
01/06/2026 20:11:02,428221,0,0,,4,.09,,,,,,,,,,,,,,,,,,,
01/06/2026 20:11:07,425897,1,.0089,,0,0,,,,,,,,,,,,,,,,,,,
01/06/2026 20:11:32,412872,5,.0667,,5,.0617,,,,,,,,,,,,,,,,,,,
01/06/2026 20:11:32,428221,0,0,,0,0,,,,,,,,,,,,,,,,,,,
01/06/2026 20:11:37,425897,2,.0206,,2,.0178,,,,,,,,,,,,,,,,,,,
01/06/2026 20:12:02,412872,1,.0139,,4,.0539,,,,,,,,,,,,,,,,,,,
01/06/2026 20:12:02,428221,3,.0306,,2,.0189,,,,,,,,,,,,,,,,,,,
01/06/2026 20:12:07,425897,4,.035,,1,.0039,,,,,,,,,,,,,,,,,,,
01/06/2026 20:12:32,412872,7,.0867,,0,0,,,,,,,,,,,,,,,,,,,
01/06/2026 20:12:32,428221,12,.1367,,12,.1439,,,,,,,,,,,,,,,,,,,
01/06/2026 20:12:37,425897,10,.0956,,1,.0106,,,,,,,,,,,,,,,,,,,
01/06/2026 20:13:02,412872,3,.0428,,4,.0428,,,,,,,,,,,,,,,,,,,
01/06/2026 20:13:02,428221,6,.0689,,9,.09,,,,,,,,,,,,,,,,,,,
01/06/2026 20:13:07,425897,11,.115,,3,.0206,,,,,,,,,,,,,,,,,,,
01/06/2026 20:13:32,412872,2,.0317,,9,.1206,,,,,,,,,,,,,,,,,,,
01/06/2026 20:13:32,428221,0,0,,3,.03,,,,,,,,,,,,,,,,,,,
01/06/2026 20:13:37,425897,3,.0317,,1,.0078,,,,,,,,,,,,,,,,,,,
01/06/2026 20:14:02,412872,6,.0928,,3,.0517,,,,,,,,,,,,,,,,,,,
01/06/2026 20:14:02,428221,3,.0289,,3,.025,,,,,,,,,,,,,,,,,,,
01/06/2026 20:14:07,425897,1,.0078,,0,0,,,,,,,,,,,,,,,,,,,
01/06/2026 20:14:32,412872,6,.09,,5,.0539,,,,,,,,,,,,,,,,,,,
01/06/2026 20:14:32,428221,4,.0406,,6,.055,,,,,,,,,,,,,,,,,,,
01/06/2026 20:14:37,425897,6,.0489,,2,.0128,,,,,,,,,,,,,,,,,,,
01/06/2026 20:15:02,412872,2,.0317,,5,.0639,,,,,,,,,,,,,,,,,,,
01/06/2026 20:15:02,428221,7,.0839,,6,.065,,,,,,,,,,,,,,,,,,,
01/06/2026 20:15:07,425897,7,.0739,,0,0,,,,,,,,,,,,,,,,,,,
01/06/2026 20:15:32,412872,10,.2206,,11,.2189,,,,,,,,,,,,,,,,,,,
01/06/2026 20:15:32,428221,1,.0039,,5,.0456,,,,,,,,,,,,,,,,,,,
01/06/2026 20:15:37,425897,5,.0439,,1,.01,,,,,,,,,,,,,,,,,,,
01/06/2026 20:16:02,412872,3,.0356,,5,.075,,,,,,,,,,,,,,,,,,,
01/06/2026 20:16:02,428221,2,.0167,,7,.0667,,,,,,,,,,,,,,,,,,,
01/06/2026 20:16:07,425897,2,.0278,,2,.0206,,,,,,,,,,,,,,,,,,,
01/06/2026 20:16:32,412872,1,.0128,,5,.065,,,,,,,,,,,,,,,,,,,
01/06/2026 20:16:32,428221,0,0,,0,0,,,,,,,,,,,,,,,,,,,
01/06/2026 20:16:37,425897,0,0,,1,.01,,,,,,,,,,,,,,,,,,,
01/06/2026 20:17:02,412872,6,.0778,,3,.0378,,,,,,,,,,,,,,,,,,,
01/06/2026 20:17:02,428221,1,.0078,,0,0,,,,,,,,,,,,,,,,,,,
01/06/2026 20:17:07,425897,3,.025,,2,.0128,,,,,,,,,,,,,,,,,,,
01/06/2026 20:17:32,412872,9,.1239,,6,.065,,,,,,,,,,,,,,,,,,,
01/06/2026 20:17:32,428221,7,.0678,,6,.0556,,,,,,,,,,,,,,,,,,,
01/06/2026 20:17:37,425897,10,.0928,,1,.01,,,,,,,,,,,,,,,,,,,
01/06/2026 20:18:02,412872,2,.025,,7,.0867,,,,,,,,,,,,,,,,,,,
01/06/2026 20:18:02,428221,3,.03,,6,.0556,,,,,,,,,,,,,,,,,,,
01/06/2026 20:18:07,425897,9,.0989,,2,.0128,,,,,,,,,,,,,,,,,,,
01/06/2026 20:18:32,412872,9,.1406,,7,.1039,,,,,,,,,,,,,,,,,,,
01/06/2026 20:18:32,428221,2,.0178,,1,.01,,,,,,,,,,,,,,,,,,,
01/06/2026 20:18:37,425897,0,0,,0,0,,,,,,,,,,,,,,,,,,,
01/06/2026 20:19:02,412872,1,.0128,,1,.0128,,,,,,,,,,,,,,,,,,,
01/06/2026 20:19:02,428221,1,.0078,,1,.0078,,,,,,,,,,,,,,,,,,,
01/06/2026 20:19:07,425897,5,.0356,,3,.0289,,,,,,,,,,,,,,,,,,,
01/06/2026 20:19:32,412872,3,.06,,13,.21,,,,,,,,,,,,,,,,,,,
01/06/2026 20:19:32,428221,1,.0089,,0,0,,,,,,,,,,,,,,,,,,,
01/06/2026 20:19:37,425897,15,.1639,,4,.0356,,,,,,,,,,,,,,,,,,,
01/06/2026 20:20:02,412872,2,.0289,,2,.0206,,,,,,,,,,,,,,,,,,,
01/06/2026 20:20:02,428221,10,.13,,10,.1106,,,,,,,,,,,,,,,,,,,
01/06/2026 20:20:07,425897,9,.0889,,2,.025,,,,,,,,,,,,,,,,,,,
01/06/2026 20:20:32,412872,5,.0589,,0,0,,,,,,,,,,,,,,,,,,,
01/06/2026 20:20:32,428221,5,.055,,10,.1028,,,,,,,,,,,,,,,,,,,
01/06/2026 20:20:37,425897,5,.05,,1,.0039,,,,,,,,,,,,,,,,,,,
01/06/2026 20:21:02,412872,2,.0417,,2,.025,,,,,,,,,,,,,,,,,,,
01/06/2026 20:21:02,428221,2,.02,,3,.0289,,,,,,,,,,,,,,,,,,,
01/06/2026 20:21:07,425897,1,.0089,,2,.0228,,,,,,,,,,,,,,,,,,,
01/06/2026 20:21:32,412872,9,.12,,2,.0367,,,,,,,,,,,,,,,,,,,
01/06/2026 20:21:32,428221,0,0,,0,0,,,,,,,,,,,,,,,,,,,
01/06/2026 20:21:37,425897,8,.0656,,3,.0239,,,,,,,,,,,,,,,,,,,
01/06/2026 20:22:02,412872,6,.1017,,11,.195,,,,,,,,,,,,,,,,,,,
01/06/2026 20:22:02,428221,1,.0089,,2,.0228,,,,,,,,,,,,,,,,,,,
01/06/2026 20:22:07,425897,12,.1117,,4,.0278,,,,,,,,,,,,,,,,,,,
01/06/2026 20:22:32,412872,3,.0356,,2,.025,,,,,,,,,,,,,,,,,,,
01/06/2026 20:22:32,428221,7,.0789,,5,.0728,,,,,,,,,,,,,,,,,,,
01/06/2026 20:22:37,425897,1,.0106,,1,.0078,,,,,,,,,,,,,,,,,,,
01/06/2026 20:23:02,412872,3,.0428,,3,.0428,,,,,,,,,,,,,,,,,,,
01/06/2026 20:23:02,428221,7,.0767,,6,.0506,,,,,,,,,,,,,,,,,,,
01/06/2026 20:23:07,425897,4,.0417,,3,.03,,,,,,,,,,,,,,,,,,,
01/06/2026 20:23:32,412872,3,.035,,9,.1306,,,,,,,,,,,,,,,,,,,
01/06/2026 20:23:32,428221,2,.02,,7,.0628,,,,,,,,,,,,,,,,,,,
01/06/2026 20:23:37,425897,0,0,,1,.0106,,,,,,,,,,,,,,,,,,,
01/06/2026 20:24:02,412872,1,.0128,,2,.0228,,,,,,,,,,,,,,,,,,,
01/06/2026 20:24:02,428221,0,0,,3,.0289,,,,,,,,,,,,,,,,,,,
01/06/2026 20:24:07,425897,1,.0078,,0,0,,,,,,,,,,,,,,,,,,,
01/06/2026 20:24:32,412872,3,.0428,,2,.0306,,,,,,,,,,,,,,,,,,,
01/06/2026 20:24:32,428221,1,.0078,,2,.02,,,,,,,,,,,,,,,,,,,
01/06/2026 20:24:37,425897,10,.0956,,1,.0039,,,,,,,,,,,,,,,,,,,
01/06/2026 20:25:02,412872,3,.0306,,3,.0439,,,,,,,,,,,,,,,,,,,
01/06/2026 20:25:02,428221,4,.0389,,7,.0656,,,,,,,,,,,,,,,,,,,
01/06/2026 20:25:07,425897,11,.1217,,3,.0267,,,,,,,,,,,,,,,,,,,
01/06/2026 20:25:32,412872,1,.01,,4,.0428,,,,,,,,,,,,,,,,,,,
01/06/2026 20:25:32,428221,1,.0089,,9,.0878,,,,,,,,,,,,,,,,,,,
01/06/2026 20:25:37,425897,1,.0089,,0,0,,,,,,,,,,,,,,,,,,,
01/06/2026 20:26:02,412872,4,.0456,,5,.0606,,,,,,,,,,,,,,,,,,,
01/06/2026 20:26:02,428221,0,0,,0,0,,,,,,,,,,,,,,,,,,,
01/06/2026 20:26:07,425897,5,.0467,,3,.0228,,,,,,,,,,,,,,,,,,,
01/06/2026 20:26:32,412872,4,.0539,,12,.1506,,,,,,,,,,,,,,,,,,,
01/06/2026 20:26:32,428221,1,.0056,,5,.0428,,,,,,,,,,,,,,,,,,,
01/06/2026 20:26:37,425897,5,.05,,1,.0039,,,,,,,,,,,,,,,,,,,
01/06/2026 20:27:02,412872,7,.0839,,2,.0228,,,,,,,,,,,,,,,,,,,
01/06/2026 20:27:02,428221,3,.035,,9,.0967,,,,,,,,,,,,,,,,,,,
01/06/2026 20:27:07,425897,9,.0878,,1,.0106,,,,,,,,,,,,,,,,,,,
01/06/2026 20:27:32,412872,0,0,,6,.145,,,,,,,,,,,,,,,,,,,
01/06/2026 20:27:32,428221,1,.0106,,2,.0228,,,,,,,,,,,,,,,,,,,
01/06/2026 20:27:37,425897,0,0,,1,.0106,,,,,,,,,,,,,,,,,,,
01/06/2026 20:28:02,412872,5,.0839,,10,.18,,,,,,,,,,,,,,,,,,,
01/06/2026 20:28:02,428221,4,.0367,,4,.0367,,,,,,,,,,,,,,,,,,,
01/06/2026 20:28:07,425897,4,.04,,0,0,,,,,,,,,,,,,,,,,,,
01/06/2026 20:28:32,412872,7,.0978,,2,.0278,,,,,,,,,,,,,,,,,,,
01/06/2026 20:28:32,428221,0,0,,0,0,,,,,,,,,,,,,,,,,,,
01/06/2026 20:28:37,425897,10,.0939,,3,.025,,,,,,,,,,,,,,,,,,,
01/06/2026 20:29:02,412872,0,0,,6,.0706,,,,,,,,,,,,,,,,,,,
01/06/2026 20:29:02,428221,1,.01,,0,0,,,,,,,,,,,,,,,,,,,
01/06/2026 20:29:07,425897,6,.0567,,0,0,,,,,,,,,,,,,,,,,,,
01/06/2026 20:29:32,412872,3,.0578,,10,.1717,,,,,,,,,,,,,,,,,,,
01/06/2026 20:29:32,428221,7,.0817,,10,.0978,,,,,,,,,,,,,,,,,,,
01/06/2026 20:29:37,425897,5,.05,,2,.0078,,,,,,,,,,,,,,,,,,,
01/06/2026 20:30:02,412872,0,0,,2,.0217,,,,,,,,,,,,,,,,,,,
01/06/2026 20:30:02,428221,4,.0417,,4,.0378,,,,,,,,,,,,,,,,,,,
01/06/2026 20:30:07,425897,0,0,,0,0,,,,,,,,,,,,,,,,,,,
01/06/2026 20:30:32,412872,10,.1489,,6,.0539,,,,,,,,,,,,,,,,,,,
01/06/2026 20:30:32,428221,0,0,,1,.0089,,,,,,,,,,,,,,,,,,,
01/06/2026 20:30:37,425897,5,.0517,,1,.0039,,,,,,,,,,,,,,,,,,,
01/06/2026 20:31:02,412872,3,.0356,,8,.1167,,,,,,,,,,,,,,,,,,,
01/06/2026 20:31:02,428221,0,0,,4,.0356,,,,,,,,,,,,,,,,,,,
01/06/2026 20:31:07,425897,7,.0617,,2,.0128,,,,,,,,,,,,,,,,,,,
01/06/2026 20:31:32,412872,7,.1178,,8,.1078,,,,,,,,,,,,,,,,,,,
01/06/2026 20:31:32,428221,0,0,,0,0,,,,,,,,,,,,,,,,,,,
01/06/2026 20:31:37,425897,10,.0967,,6,.0589,,,,,,,,,,,,,,,,,,,
01/06/2026 20:32:02,412872,0,.0067,,5,.0589,,,,,,,,,,,,,,,,,,,
01/06/2026 20:32:02,428221,9,.1067,,7,.0667,,,,,,,,,,,,,,,,,,,
01/06/2026 20:32:07,425897,2,.0206,,4,.04,,,,,,,,,,,,,,,,,,,
01/06/2026 20:32:32,412872,6,.0728,,8,.1089,,,,,,,,,,,,,,,,,,,
01/06/2026 20:32:32,428221,1,.0067,,1,.01,,,,,,,,,,,,,,,,,,,
01/06/2026 20:32:37,425897,1,.0039,,2,.0217,,,,,,,,,,,,,,,,,,,
01/06/2026 20:33:02,412872,3,.035,,9,.12,,,,,,,,,,,,,,,,,,,
01/06/2026 20:33:02,428221,0,0,,0,0,,,,,,,,,,,,,,,,,,,
01/06/2026 20:33:07,425897,2,.0139,,2,.0156,,,,,,,,,,,,,,,,,,,
01/06/2026 20:33:32,412872,10,.1378,,6,.0917,,,,,,,,,,,,,,,,,,,
01/06/2026 20:33:32,428221,0,0,,0,0,,,,,,,,,,,,,,,,,,,
01/06/2026 20:33:37,425897,8,.0667,,1,.0139,,,,,,,,,,,,,,,,,,,
01/06/2026 20:34:02,412872,3,.0356,,3,.035,,,,,,,,,,,,,,,,,,,
01/06/2026 20:34:02,428221,5,.0317,,5,.0339,,,,,,,,,,,,,,,,,,,
01/06/2026 20:34:07,425897,3,.0289,,1,.0106,,,,,,,,,,,,,,,,,,,
01/06/2026 20:34:32,412872,1,.0089,,7,.0956,,,,,,,,,,,,,,,,,,,
01/06/2026 20:34:32,428221,8,.0856,,10,.1089,,,,,,,,,,,,,,,,,,,
01/06/2026 20:34:37,425897,1,.0089,,0,.0006,,,,,,,,,,,,,,,,,,,
01/06/2026 20:35:02,412872,0,0,,4,.0517,,,,,,,,,,,,,,,,,,,
01/06/2026 20:35:02,428221,3,.0378,,11,.12,,,,,,,,,,,,,,,,,,,
01/06/2026 20:35:07,425897,5,.0528,,4,.055,,,,,,,,,,,,,,,,,,,
01/06/2026 20:35:32,412872,5,.0789,,1,.0128,,,,,,,,,,,,,,,,,,,
01/06/2026 20:35:32,428221,3,.0356,,7,.0806,,,,,,,,,,,,,,,,,,,
01/06/2026 20:35:37,425897,7,.0656,,1,.0078,,,,,,,,,,,,,,,,,,,
01/06/2026 20:36:02,412872,6,.0739,,6,.0778,,,,,,,,,,,,,,,,,,,
01/06/2026 20:36:02,428221,2,.025,,8,.08,,,,,,,,,,,,,,,,,,,
01/06/2026 20:36:07,425897,6,.0606,,1,.0139,,,,,,,,,,,,,,,,,,,
01/06/2026 20:36:32,412872,0,0,,2,.0267,,,,,,,,,,,,,,,,,,,
01/06/2026 20:36:32,428221,0,.0017,,0,0,,,,,,,,,,,,,,,,,,,
01/06/2026 20:36:37,425897,10,.1028,,1,.0039,,,,,,,,,,,,,,,,,,,
01/06/2026 20:37:02,412872,4,.0489,,5,.065,,,,,,,,,,,,,,,,,,,
01/06/2026 20:37:02,428221,9,.0989,,11,.1228,,,,,,,,,,,,,,,,,,,
01/06/2026 20:37:07,425897,6,.0578,,1,.0106,,,,,,,,,,,,,,,,,,,
01/06/2026 20:37:32,412872,2,.0239,,5,.07,,,,,,,,,,,,,,,,,,,
01/06/2026 20:37:32,428221,1,.01,,4,.0339,,,,,,,,,,,,,,,,,,,
01/06/2026 20:37:37,425897,2,.0167,,0,0,,,,,,,,,,,,,,,,,,,
01/06/2026 20:38:02,412872,2,.025,,7,.1028,,,,,,,,,,,,,,,,,,,
01/06/2026 20:38:02,428221,0,0,,5,.05,,,,,,,,,,,,,,,,,,,
01/06/2026 20:38:07,425897,4,.0317,,0,0,,,,,,,,,,,,,,,,,,,
01/06/2026 20:38:32,412872,1,.01,,4,.0589,,,,,,,,,,,,,,,,,,,
01/06/2026 20:38:32,428221,0,0,,0,0,,,,,,,,,,,,,,,,,,,
01/06/2026 20:38:37,425897,1,.0089,,0,0,,,,,,,,,,,,,,,,,,,
01/06/2026 20:39:02,412872,4,.0678,,4,.055,,,,,,,,,,,,,,,,,,,
01/06/2026 20:39:02,428221,0,0,,0,0,,,,,,,,,,,,,,,,,,,
01/06/2026 20:39:07,425897,1,.0067,,0,0,,,,,,,,,,,,,,,,,,,
01/06/2026 20:39:32,412872,0,0,,2,.0267,,,,,,,,,,,,,,,,,,,
01/06/2026 20:39:32,428221,14,.2156,,9,.1306,,,,,,,,,,,,,,,,,,,
01/06/2026 20:39:37,425897,11,.1106,,2,.015,,,,,,,,,,,,,,,,,,,
01/06/2026 20:40:02,412872,7,.0906,,1,.0156,,,,,,,,,,,,,,,,,,,
01/06/2026 20:40:02,428221,8,.1239,,6,.0806,,,,,,,,,,,,,,,,,,,
01/06/2026 20:40:07,425897,2,.0206,,3,.03,,,,,,,,,,,,,,,,,,,
01/06/2026 20:40:32,412872,5,.0589,,3,.035,,,,,,,,,,,,,,,,,,,
01/06/2026 20:40:32,428221,0,0,,4,.0456,,,,,,,,,,,,,,,,,,,
01/06/2026 20:40:37,425897,0,0,,2,.0206,,,,,,,,,,,,,,,,,,,
01/06/2026 20:41:02,412872,5,.0589,,4,.0539,,,,,,,,,,,,,,,,,,,
01/06/2026 20:41:02,428221,3,.0317,,4,.035,,,,,,,,,,,,,,,,,,,
01/06/2026 20:41:07,425897,3,.0289,,1,.0039,,,,,,,,,,,,,,,,,,,
01/06/2026 20:41:32,412872,3,.0389,,3,.0428,,,,,,,,,,,,,,,,,,,
01/06/2026 20:41:32,428221,1,.0078,,4,.0328,,,,,,,,,,,,,,,,,,,
01/06/2026 20:41:37,425897,5,.0439,,2,.0156,,,,,,,,,,,,,,,,,,,
01/06/2026 20:42:02,412872,0,0,,4,.0428,,,,,,,,,,,,,,,,,,,
01/06/2026 20:42:02,428221,9,.1156,,6,.0578,,,,,,,,,,,,,,,,,,,
01/06/2026 20:42:07,425897,3,.0239,,2,.02,,,,,,,,,,,,,,,,,,,
01/06/2026 20:42:32,412872,8,.1067,,2,.0206,,,,,,,,,,,,,,,,,,,
01/06/2026 20:42:32,428221,11,.1367,,7,.085,,,,,,,,,,,,,,,,,,,
01/06/2026 20:42:37,425897,4,.0328,,1,.0039,,,,,,,,,,,,,,,,,,,
01/06/2026 20:43:02,412872,4,.055,,4,.0517,,,,,,,,,,,,,,,,,,,
01/06/2026 20:43:02,428221,3,.03,,2,.0167,,,,,,,,,,,,,,,,,,,
01/06/2026 20:43:07,425897,8,.0667,,0,0,,,,,,,,,,,,,,,,,,,
01/06/2026 20:43:32,412872,2,.0289,,6,.09,,,,,,,,,,,,,,,,,,,
01/06/2026 20:43:32,428221,3,.0217,,3,.0267,,,,,,,,,,,,,,,,,,,
01/06/2026 20:43:37,425897,7,.0578,,0,0,,,,,,,,,,,,,,,,,,,
01/06/2026 20:44:02,412872,2,.0256,,6,.0767,,,,,,,,,,,,,,,,,,,
01/06/2026 20:44:02,428221,0,0,,0,0,,,,,,,,,,,,,,,,,,,
01/06/2026 20:44:07,425897,5,.0406,,1,.01,,,,,,,,,,,,,,,,,,,
01/06/2026 20:44:32,412872,5,.0717,,6,.0856,,,,,,,,,,,,,,,,,,,
01/06/2026 20:44:32,428221,3,.0356,,3,.03,,,,,,,,,,,,,,,,,,,
01/06/2026 20:44:37,425897,10,.115,,3,.0389,,,,,,,,,,,,,,,,,,,
01/06/2026 20:45:02,412872,5,.0806,,4,.0717,,,,,,,,,,,,,,,,,,,
01/06/2026 20:45:02,428221,6,.0728,,7,.0717,,,,,,,,,,,,,,,,,,,
01/06/2026 20:45:07,425897,3,.0239,,2,.025,,,,,,,,,,,,,,,,,,,
01/06/2026 20:45:32,412872,1,.0189,,5,.0828,,,,,,,,,,,,,,,,,,,
01/06/2026 20:45:32,428221,1,.0067,,1,.0078,,,,,,,,,,,,,,,,,,,
01/06/2026 20:45:37,425897,5,.0478,,2,.0217,,,,,,,,,,,,,,,,,,,
01/06/2026 20:46:02,412872,2,.025,,6,.0656,,,,,,,,,,,,,,,,,,,
01/06/2026 20:46:02,428221,4,.0467,,5,.0417,,,,,,,,,,,,,,,,,,,
01/06/2026 20:46:07,425897,3,.03,,0,0,,,,,,,,,,,,,,,,,,,
01/06/2026 20:46:32,412872,1,.0256,,8,.1306,,,,,,,,,,,,,,,,,,,
01/06/2026 20:46:32,428221,4,.0378,,9,.0839,,,,,,,,,,,,,,,,,,,
01/06/2026 20:46:37,425897,0,0,,0,0,,,,,,,,,,,,,,,,,,,
01/06/2026 20:47:02,412872,1,.0178,,4,.0617,,,,,,,,,,,,,,,,,,,
01/06/2026 20:47:02,428221,1,.0067,,2,.0228,,,,,,,,,,,,,,,,,,,
01/06/2026 20:47:07,425897,1,.0089,,1,.01,,,,,,,,,,,,,,,,,,,
01/06/2026 20:47:32,412872,2,.0239,,3,.045,,,,,,,,,,,,,,,,,,,
01/06/2026 20:47:32,428221,2,.0206,,2,.0178,,,,,,,,,,,,,,,,,,,
01/06/2026 20:47:37,425897,6,.055,,4,.0339,,,,,,,,,,,,,,,,,,,
01/06/2026 20:48:02,412872,0,0,,5,.0628,,,,,,,,,,,,,,,,,,,
01/06/2026 20:48:02,428221,3,.025,,2,.0156,,,,,,,,,,,,,,,,,,,
01/06/2026 20:48:07,425897,5,.0428,,2,.0206,,,,,,,,,,,,,,,,,,,
01/06/2026 20:48:32,412872,4,.0556,,2,.025,,,,,,,,,,,,,,,,,,,
01/06/2026 20:48:32,428221,6,.0706,,9,.0917,,,,,,,,,,,,,,,,,,,
01/06/2026 20:48:37,425897,3,.025,,0,0,,,,,,,,,,,,,,,,,,,
01/06/2026 20:49:02,412872,5,.0689,,5,.0656,,,,,,,,,,,,,,,,,,,
01/06/2026 20:49:02,428221,0,0,,9,.0856,,,,,,,,,,,,,,,,,,,
01/06/2026 20:49:07,425897,3,.025,,2,.0189,,,,,,,,,,,,,,,,,,,
01/06/2026 20:49:32,412872,1,.0156,,2,.0256,,,,,,,,,,,,,,,,,,,
01/06/2026 20:49:32,428221,0,0,,1,.0067,,,,,,,,,,,,,,,,,,,
01/06/2026 20:49:37,425897,0,.005,,0,0,,,,,,,,,,,,,,,,,,,
01/06/2026 20:50:02,412872,5,.0578,,2,.0239,,,,,,,,,,,,,,,,,,,
01/06/2026 20:50:02,428221,3,.03,,3,.025,,,,,,,,,,,,,,,,,,,
01/06/2026 20:50:07,425897,2,.0106,,1,.0089,,,,,,,,,,,,,,,,,,,
01/06/2026 20:50:32,412872,4,.0478,,7,.095,,,,,,,,,,,,,,,,,,,
01/06/2026 20:50:32,428221,3,.0306,,5,.0467,,,,,,,,,,,,,,,,,,,
01/06/2026 20:50:37,425897,3,.0256,,0,0,,,,,,,,,,,,,,,,,,,
01/06/2026 20:51:02,412872,9,.1156,,0,0,,,,,,,,,,,,,,,,,,,
01/06/2026 20:51:02,428221,2,.0206,,2,.02,,,,,,,,,,,,,,,,,,,
01/06/2026 20:51:07,425897,2,.0189,,0,0,,,,,,,,,,,,,,,,,,,
01/06/2026 20:51:32,412872,2,.0178,,9,.1239,,,,,,,,,,,,,,,,,,,
01/06/2026 20:51:32,428221,10,.1178,,6,.0656,,,,,,,,,,,,,,,,,,,
01/06/2026 20:51:37,425897,6,.06,,3,.0239,,,,,,,,,,,,,,,,,,,
01/06/2026 20:52:02,412872,5,.06,,4,.0489,,,,,,,,,,,,,,,,,,,
01/06/2026 20:52:02,428221,3,.03,,6,.0489,,,,,,,,,,,,,,,,,,,
01/06/2026 20:52:07,425897,0,0,,1,.0128,,,,,,,,,,,,,,,,,,,
01/06/2026 20:52:32,412872,0,0,,2,.0239,,,,,,,,,,,,,,,,,,,
01/06/2026 20:52:32,428221,3,.0278,,3,.0256,,,,,,,,,,,,,,,,,,,
01/06/2026 20:52:37,425897,4,.0378,,2,.015,,,,,,,,,,,,,,,,,,,
01/06/2026 20:53:02,412872,3,.0467,,5,.0756,,,,,,,,,,,,,,,,,,,
01/06/2026 20:53:02,428221,0,0,,1,.0078,,,,,,,,,,,,,,,,,,,
01/06/2026 20:53:07,425897,12,.1456,,2,.0167,,,,,,,,,,,,,,,,,,,
01/06/2026 20:53:32,412872,7,.1189,,5,.0828,,,,,,,,,,,,,,,,,,,
01/06/2026 20:53:32,428221,2,.0206,,6,.0578,,,,,,,,,,,,,,,,,,,
01/06/2026 20:53:37,425897,6,.0467,,1,.0117,,,,,,,,,,,,,,,,,,,
01/06/2026 20:54:02,412872,5,.0656,,2,.0239,,,,,,,,,,,,,,,,,,,
01/06/2026 20:54:02,428221,8,.0878,,9,.09,,,,,,,,,,,,,,,,,,,
01/06/2026 20:54:07,425897,3,.03,,0,0,,,,,,,,,,,,,,,,,,,
01/06/2026 20:54:32,412872,4,.055,,9,.14,,,,,,,,,,,,,,,,,,,
01/06/2026 20:54:32,428221,0,0,,1,.0078,,,,,,,,,,,,,,,,,,,
01/06/2026 20:54:37,425897,6,.0489,,3,.0267,,,,,,,,,,,,,,,,,,,
01/06/2026 20:55:02,412872,3,.055,,2,.025,,,,,,,,,,,,,,,,,,,
01/06/2026 20:55:02,428221,2,.0228,,4,.0417,,,,,,,,,,,,,,,,,,,
01/06/2026 20:55:07,425897,4,.045,,2,.02,,,,,,,,,,,,,,,,,,,
01/06/2026 20:55:32,412872,1,.0106,,0,0,,,,,,,,,,,,,,,,,,,
01/06/2026 20:55:32,428221,4,.0389,,8,.0889,,,,,,,,,,,,,,,,,,,
01/06/2026 20:55:37,425897,11,.1078,,1,.0039,,,,,,,,,,,,,,,,,,,
01/06/2026 20:56:02,412872,1,.01,,1,.0117,,,,,,,,,,,,,,,,,,,
01/06/2026 20:56:02,428221,0,0,,0,0,,,,,,,,,,,,,,,,,,,
01/06/2026 20:56:07,425897,6,.0617,,3,.0267,,,,,,,,,,,,,,,,,,,
01/06/2026 20:56:32,412872,5,.0689,,1,.0128,,,,,,,,,,,,,,,,,,,
01/06/2026 20:56:32,428221,8,.0939,,6,.0678,,,,,,,,,,,,,,,,,,,
01/06/2026 20:56:37,425897,0,0,,0,0,,,,,,,,,,,,,,,,,,,
01/06/2026 20:57:02,412872,2,.0389,,4,.0506,,,,,,,,,,,,,,,,,,,
01/06/2026 20:57:02,428221,5,.0567,,3,.035,,,,,,,,,,,,,,,,,,,
01/06/2026 20:57:07,425897,4,.0328,,0,0,,,,,,,,,,,,,,,,,,,
01/06/2026 20:57:32,412872,8,.1217,,3,.05,,,,,,,,,,,,,,,,,,,
01/06/2026 20:57:32,428221,1,.0117,,6,.0589,,,,,,,,,,,,,,,,,,,
01/06/2026 20:57:37,425897,10,.1006,,1,.01,,,,,,,,,,,,,,,,,,,
01/06/2026 20:58:02,412872,3,.0267,,4,.0506,,,,,,,,,,,,,,,,,,,
01/06/2026 20:58:02,428221,0,0,,0,0,,,,,,,,,,,,,,,,,,,
01/06/2026 20:58:07,425897,9,.0928,,3,.0256,,,,,,,,,,,,,,,,,,,
01/06/2026 20:58:32,412872,4,.045,,3,.0378,,,,,,,,,,,,,,,,,,,
01/06/2026 20:58:32,428221,0,0,,4,.0389,,,,,,,,,,,,,,,,,,,
01/06/2026 20:58:37,425897,1,.0067,,1,.0089,,,,,,,,,,,,,,,,,,,
01/06/2026 20:59:02,412872,2,.02,,5,.0667,,,,,,,,,,,,,,,,,,,
01/06/2026 20:59:02,428221,6,.065,,8,.085,,,,,,,,,,,,,,,,,,,
01/06/2026 20:59:07,425897,5,.05,,5,.05,,,,,,,,,,,,,,,,,,,
01/06/2026 20:59:32,412872,6,.08,,5,.0728,,,,,,,,,,,,,,,,,,,
01/06/2026 20:59:32,428221,1,.0106,,0,0,,,,,,,,,,,,,,,,,,,
01/06/2026 20:59:37,425897,5,.0567,,0,0,,,,,,,,,,,,,,,,,,,
01/06/2026 21:00:02,412872,3,.0406,,4,.05,,,,,,,,,,,,,,,,,,,
01/06/2026 21:00:02,428221,0,0,,2,.0217,,,,,,,,,,,,,,,,,,,
01/06/2026 21:00:07,425897,0,0,,0,0,,,,,,,,,,,,,,,,,,,
01/06/2026 21:00:32,412872,3,.0267,,2,.0267,,,,,,,,,,,,,,,,,,,
01/06/2026 21:00:32,428221,1,.0106,,12,.1078,,,,,,,,,,,,,,,,,,,
01/06/2026 21:00:37,425897,2,.0189,,1,.0106,,,,,,,,,,,,,,,,,,,
01/06/2026 21:01:02,412872,5,.0589,,5,.0739,,,,,,,,,,,,,,,,,,,
01/06/2026 21:01:02,428221,2,.02,,2,.0167,,,,,,,,,,,,,,,,,,,
01/06/2026 21:01:07,425897,5,.0439,,1,.0056,,,,,,,,,,,,,,,,,,,
01/06/2026 21:01:32,412872,3,.0428,,4,.0467,,,,,,,,,,,,,,,,,,,
01/06/2026 21:01:32,428221,5,.06,,4,.0489,,,,,,,,,,,,,,,,,,,
01/06/2026 21:01:37,425897,7,.08,,1,.0039,,,,,,,,,,,,,,,,,,,
01/06/2026 21:02:02,412872,0,0,,4,.0939,,,,,,,,,,,,,,,,,,,
01/06/2026 21:02:02,428221,7,.1006,,9,.1617,,,,,,,,,,,,,,,,,,,
01/06/2026 21:02:07,425897,8,.0739,,4,.035,,,,,,,,,,,,,,,,,,,
01/06/2026 21:02:32,412872,5,.0606,,3,.0367,,,,,,,,,,,,,,,,,,,
01/06/2026 21:02:32,428221,6,.055,,7,.0628,,,,,,,,,,,,,,,,,,,
01/06/2026 21:02:37,425897,3,.0289,,0,0,,,,,,,,,,,,,,,,,,,
01/06/2026 21:03:02,412872,0,0,,3,.0417,,,,,,,,,,,,,,,,,,,
01/06/2026 21:03:02,428221,0,0,,0,0,,,,,,,,,,,,,,,,,,,
01/06/2026 21:03:07,425897,0,0,,0,0,,,,,,,,,,,,,,,,,,,
01/06/2026 21:03:32,412872,4,.0528,,4,.065,,,,,,,,,,,,,,,,,,,
01/06/2026 21:03:32,428221,0,0,,0,0,,,,,,,,,,,,,,,,,,,
01/06/2026 21:03:37,425897,3,.0256,,0,0,,,,,,,,,,,,,,,,,,,
01/06/2026 21:04:02,412872,6,.0867,,5,.0506,,,,,,,,,,,,,,,,,,,
01/06/2026 21:04:02,428221,9,.1078,,9,.0906,,,,,,,,,,,,,,,,,,,
01/06/2026 21:04:07,425897,4,.0356,,0,0,,,,,,,,,,,,,,,,,,,
01/06/2026 21:04:32,412872,3,.035,,4,.0428,,,,,,,,,,,,,,,,,,,
01/06/2026 21:04:32,428221,2,.0217,,10,.0967,,,,,,,,,,,,,,,,,,,
01/06/2026 21:04:37,425897,2,.0156,,1,.0078,,,,,,,,,,,,,,,,,,,
01/06/2026 21:05:02,412872,2,.0267,,4,.055,,,,,,,,,,,,,,,,,,,
01/06/2026 21:05:02,428221,2,.0167,,9,.0817,,,,,,,,,,,,,,,,,,,
01/06/2026 21:05:07,425897,3,.0267,,0,0,,,,,,,,,,,,,,,,,,,
01/06/2026 21:05:32,412872,2,.0239,,10,.1489,,,,,,,,,,,,,,,,,,,
01/06/2026 21:05:32,428221,1,.01,,4,.0378,,,,,,,,,,,,,,,,,,,
01/06/2026 21:05:37,425897,3,.0267,,0,0,,,,,,,,,,,,,,,,,,,
01/06/2026 21:06:02,412872,7,.105,,2,.0256,,,,,,,,,,,,,,,,,,,
01/06/2026 21:06:02,428221,2,.0178,,1,.0089,,,,,,,,,,,,,,,,,,,
01/06/2026 21:06:07,425897,2,.015,,3,.0267,,,,,,,,,,,,,,,,,,,
01/06/2026 21:06:32,412872,4,.06,,2,.0317,,,,,,,,,,,,,,,,,,,
01/06/2026 21:06:32,428221,7,.0789,,8,.0817,,,,,,,,,,,,,,,,,,,
01/06/2026 21:06:37,425897,5,.0439,,0,0,,,,,,,,,,,,,,,,,,,
01/06/2026 21:07:02,412872,1,.015,,12,.1578,,,,,,,,,,,,,,,,,,,
01/06/2026 21:07:02,428221,0,0,,6,.0517,,,,,,,,,,,,,,,,,,,
01/06/2026 21:07:07,425897,6,.0589,,0,0,,,,,,,,,,,,,,,,,,,
01/06/2026 21:07:32,412872,5,.0728,,4,.0528,,,,,,,,,,,,,,,,,,,
01/06/2026 21:07:32,428221,0,0,,1,.0117,,,,,,,,,,,,,,,,,,,
01/06/2026 21:07:37,425897,3,.0389,,1,.0117,,,,,,,,,,,,,,,,,,,
01/06/2026 21:08:02,412872,1,.0117,,1,.0139,,,,,,,,,,,,,,,,,,,
01/06/2026 21:08:02,428221,2,.0156,,4,.03,,,,,,,,,,,,,,,,,,,
01/06/2026 21:08:07,425897,1,.0178,,1,.0106,,,,,,,,,,,,,,,,,,,
01/06/2026 21:08:32,412872,10,.1556,,14,.2089,,,,,,,,,,,,,,,,,,,
01/06/2026 21:08:32,428221,5,.0389,,5,.0356,,,,,,,,,,,,,,,,,,,
01/06/2026 21:08:37,425897,6,.0389,,3,.025,,,,,,,,,,,,,,,,,,,
01/06/2026 21:09:02,412872,4,.0656,,13,.1939,,,,,,,,,,,,,,,,,,,
01/06/2026 21:09:02,428221,9,.0978,,8,.095,,,,,,,,,,,,,,,,,,,
01/06/2026 21:09:07,425897,1,.0056,,3,.0389,,,,,,,,,,,,,,,,,,,
01/06/2026 21:09:32,412872,9,.1439,,5,.0856,,,,,,,,,,,,,,,,,,,
01/06/2026 21:09:32,428221,2,.0206,,8,.0656,,,,,,,,,,,,,,,,,,,
01/06/2026 21:09:37,425897,6,.0528,,0,0,,,,,,,,,,,,,,,,,,,
01/06/2026 21:10:02,412872,1,.0106,,5,.065,,,,,,,,,,,,,,,,,,,
01/06/2026 21:10:02,428221,2,.0128,,4,.035,,,,,,,,,,,,,,,,,,,
01/06/2026 21:10:07,425897,4,.0328,,1,.0078,,,,,,,,,,,,,,,,,,,
01/06/2026 21:10:32,412872,5,.0706,,6,.0789,,,,,,,,,,,,,,,,,,,
01/06/2026 21:10:32,428221,1,.0106,,4,.0428,,,,,,,,,,,,,,,,,,,
01/06/2026 21:10:37,425897,2,.0156,,0,0,,,,,,,,,,,,,,,,,,,
01/06/2026 21:11:02,412872,2,.0239,,8,.1139,,,,,,,,,,,,,,,,,,,
01/06/2026 21:11:02,428221,0,0,,1,.01,,,,,,,,,,,,,,,,,,,
01/06/2026 21:11:07,425897,2,.0189,,2,.0217,,,,,,,,,,,,,,,,,,,
01/06/2026 21:11:32,412872,6,.0767,,4,.0528,,,,,,,,,,,,,,,,,,,
01/06/2026 21:11:32,428221,7,.0678,,8,.08,,,,,,,,,,,,,,,,,,,
01/06/2026 21:11:37,425897,2,.0167,,0,0,,,,,,,,,,,,,,,,,,,
01/06/2026 21:12:02,412872,2,.0256,,0,0,,,,,,,,,,,,,,,,,,,
01/06/2026 21:12:02,428221,1,.01,,8,.0789,,,,,,,,,,,,,,,,,,,
01/06/2026 21:12:07,425897,2,.0167,,1,.0078,,,,,,,,,,,,,,,,,,,
01/06/2026 21:12:32,412872,1,.0139,,4,.0517,,,,,,,,,,,,,,,,,,,
01/06/2026 21:12:32,428221,3,.0289,,6,.0517,,,,,,,,,,,,,,,,,,,
01/06/2026 21:12:37,425897,5,.0417,,0,0,,,,,,,,,,,,,,,,,,,
01/06/2026 21:13:02,412872,4,.0417,,7,.0817,,,,,,,,,,,,,,,,,,,
01/06/2026 21:13:02,428221,0,0,,0,0,,,,,,,,,,,,,,,,,,,
01/06/2026 21:13:07,425897,11,.1067,,1,.0106,,,,,,,,,,,,,,,,,,,
01/06/2026 21:13:32,412872,2,.0256,,4,.0539,,,,,,,,,,,,,,,,,,,
01/06/2026 21:13:32,428221,1,.0067,,0,0,,,,,,,,,,,,,,,,,,,
01/06/2026 21:13:37,425897,2,.0167,,2,.0178,,,,,,,,,,,,,,,,,,,
01/06/2026 21:14:02,412872,10,.135,,1,.0128,,,,,,,,,,,,,,,,,,,
01/06/2026 21:14:02,428221,2,.0178,,5,.0406,,,,,,,,,,,,,,,,,,,
01/06/2026 21:14:07,425897,10,.0967,,6,.0567,,,,,,,,,,,,,,,,,,,
01/06/2026 21:14:32,412872,3,.04,,6,.0839,,,,,,,,,,,,,,,,,,,
01/06/2026 21:14:32,428221,6,.0639,,8,.0878,,,,,,,,,,,,,,,,,,,
01/06/2026 21:14:37,425897,2,.02,,0,0,,,,,,,,,,,,,,,,,,,
01/06/2026 21:15:02,412872,9,.1356,,2,.0267,,,,,,,,,,,,,,,,,,,
01/06/2026 21:15:02,428221,0,0,,1,.0089,,,,,,,,,,,,,,,,,,,
01/06/2026 21:15:07,425897,4,.0339,,1,.01,,,,,,,,,,,,,,,,,,,
01/06/2026 21:15:32,412872,0,0,,0,0,,,,,,,,,,,,,,,,,,,
01/06/2026 21:15:32,428221,1,.01,,4,.0428,,,,,,,,,,,,,,,,,,,
01/06/2026 21:15:37,425897,8,.0789,,1,.0039,,,,,,,,,,,,,,,,,,,
01/06/2026 21:16:02,412872,9,.1339,,4,.1067,,,,,,,,,,,,,,,,,,,
01/06/2026 21:16:02,428221,3,.0317,,3,.02,,,,,,,,,,,,,,,,,,,
01/06/2026 21:16:07,425897,2,.0167,,0,0,,,,,,,,,,,,,,,,,,,
01/06/2026 21:16:32,412872,2,.0278,,4,.055,,,,,,,,,,,,,,,,,,,
01/06/2026 21:16:32,428221,0,0,,0,0,,,,,,,,,,,,,,,,,,,
01/06/2026 21:16:37,425897,8,.08,,5,.0367,,,,,,,,,,,,,,,,,,,
01/06/2026 21:17:02,412872,7,.0917,,1,.0128,,,,,,,,,,,,,,,,,,,
01/06/2026 21:17:02,428221,1,.0089,,1,.01,,,,,,,,,,,,,,,,,,,
01/06/2026 21:17:07,425897,1,.0089,,1,.01,,,,,,,,,,,,,,,,,,,
01/06/2026 21:17:32,412872,0,0,,2,.0239,,,,,,,,,,,,,,,,,,,
01/06/2026 21:17:32,428221,1,.01,,6,.0567,,,,,,,,,,,,,,,,,,,
01/06/2026 21:17:37,425897,3,.025,,1,.0117,,,,,,,,,,,,,,,,,,,
01/06/2026 21:18:02,412872,6,.0856,,2,.0178,,,,,,,,,,,,,,,,,,,
01/06/2026 21:18:02,428221,5,.0528,,5,.0506,,,,,,,,,,,,,,,,,,,
01/06/2026 21:18:07,425897,0,0,,0,0,,,,,,,,,,,,,,,,,,,
01/06/2026 21:18:32,412872,9,.1839,,7,.1117,,,,,,,,,,,,,,,,,,,
01/06/2026 21:18:32,428221,7,.085,,10,.0989,,,,,,,,,,,,,,,,,,,
01/06/2026 21:18:37,425897,12,.12,,1,.0039,,,,,,,,,,,,,,,,,,,
01/06/2026 21:19:02,412872,2,.0217,,1,.0128,,,,,,,,,,,,,,,,,,,
01/06/2026 21:19:02,428221,4,.0339,,5,.0489,,,,,,,,,,,,,,,,,,,
01/06/2026 21:19:07,425897,3,.0306,,3,.02,,,,,,,,,,,,,,,,,,,
01/06/2026 21:19:32,412872,2,.0256,,5,.0639,,,,,,,,,,,,,,,,,,,
01/06/2026 21:19:32,428221,1,.0078,,1,.0078,,,,,,,,,,,,,,,,,,,
01/06/2026 21:19:37,425897,2,.02,,0,0,,,,,,,,,,,,,,,,,,,
01/06/2026 21:20:02,412872,4,.0478,,4,.0417,,,,,,,,,,,,,,,,,,,
01/06/2026 21:20:02,428221,0,0,,0,0,,,,,,,,,,,,,,,,,,,
01/06/2026 21:20:07,425897,11,.1117,,4,.0228,,,,,,,,,,,,,,,,,,,
01/06/2026 21:20:32,412872,4,.0478,,3,.0489,,,,,,,,,,,,,,,,,,,
01/06/2026 21:20:32,428221,4,.0417,,4,.0389,,,,,,,,,,,,,,,,,,,
01/06/2026 21:20:37,425897,2,.0178,,2,.0217,,,,,,,,,,,,,,,,,,,
01/06/2026 21:21:02,412872,6,.08,,3,.0228,,,,,,,,,,,,,,,,,,,
01/06/2026 21:21:02,428221,7,.085,,10,.1089,,,,,,,,,,,,,,,,,,,
01/06/2026 21:21:07,425897,5,.0467,,0,0,,,,,,,,,,,,,,,,,,,
01/06/2026 21:21:32,412872,2,.0206,,1,.0117,,,,,,,,,,,,,,,,,,,
01/06/2026 21:21:32,428221,1,.0106,,3,.03,,,,,,,,,,,,,,,,,,,
01/06/2026 21:21:37,425897,0,0,,0,0,,,,,,,,,,,,,,,,,,,
01/06/2026 21:22:02,412872,3,.0356,,1,.0139,,,,,,,,,,,,,,,,,,,
01/06/2026 21:22:02,428221,0,0,,0,0,,,,,,,,,,,,,,,,,,,
01/06/2026 21:22:07,425897,0,0,,1,.0106,,,,,,,,,,,,,,,,,,,
01/06/2026 21:22:32,412872,2,.0289,,4,.0528,,,,,,,,,,,,,,,,,,,
01/06/2026 21:22:32,428221,2,.02,,5,.045,,,,,,,,,,,,,,,,,,,
01/06/2026 21:22:37,425897,8,.0889,,5,.0556,,,,,,,,,,,,,,,,,,,
01/06/2026 21:23:02,412872,5,.0667,,4,.0478,,,,,,,,,,,,,,,,,,,
01/06/2026 21:23:02,428221,4,.0428,,5,.0489,,,,,,,,,,,,,,,,,,,
01/06/2026 21:23:07,425897,4,.035,,4,.0406,,,,,,,,,,,,,,,,,,,
01/06/2026 21:23:32,412872,2,.0239,,5,.0656,,,,,,,,,,,,,,,,,,,
01/06/2026 21:23:32,428221,5,.0528,,7,.07,,,,,,,,,,,,,,,,,,,
01/06/2026 21:23:37,425897,1,.01,,1,.0106,,,,,,,,,,,,,,,,,,,
01/06/2026 21:24:02,412872,6,.0856,,2,.0256,,,,,,,,,,,,,,,,,,,
01/06/2026 21:24:02,428221,0,0,,0,0,,,,,,,,,,,,,,,,,,,
01/06/2026 21:24:07,425897,0,0,,0,0,,,,,,,,,,,,,,,,,,,
01/06/2026 21:24:32,412872,0,0,,1,.0117,,,,,,,,,,,,,,,,,,,
01/06/2026 21:24:32,428221,7,.0728,,6,.0667,,,,,,,,,,,,,,,,,,,
01/06/2026 21:24:37,425897,2,.0228,,0,0,,,,,,,,,,,,,,,,,,,
01/06/2026 21:25:02,412872,7,.0917,,4,.0478,,,,,,,,,,,,,,,,,,,
01/06/2026 21:25:02,428221,2,.0178,,10,.0967,,,,,,,,,,,,,,,,,,,
01/06/2026 21:25:07,425897,12,.1406,,1,.0039,,,,,,,,,,,,,,,,,,,
01/06/2026 21:25:32,412872,2,.025,,4,.0578,,,,,,,,,,,,,,,,,,,
01/06/2026 21:25:32,428221,1,.0089,,1,.0106,,,,,,,,,,,,,,,,,,,
01/06/2026 21:25:37,425897,1,.0117,,0,0,,,,,,,,,,,,,,,,,,,
01/06/2026 21:26:02,412872,1,.0106,,6,.0717,,,,,,,,,,,,,,,,,,,
01/06/2026 21:26:02,428221,0,0,,0,0,,,,,,,,,,,,,,,,,,,
01/06/2026 21:26:07,425897,4,.0339,,1,.0089,,,,,,,,,,,,,,,,,,,
01/06/2026 21:26:32,412872,1,.0128,,6,.0817,,,,,,,,,,,,,,,,,,,
01/06/2026 21:26:32,428221,1,.0067,,3,.0317,,,,,,,,,,,,,,,,,,,
01/06/2026 21:26:37,425897,1,.01,,1,.015,,,,,,,,,,,,,,,,,,,
01/06/2026 21:27:02,412872,2,.0239,,0,0,,,,,,,,,,,,,,,,,,,
01/06/2026 21:27:02,428221,7,.08,,7,.0689,,,,,,,,,,,,,,,,,,,
01/06/2026 21:27:07,425897,4,.0406,,0,0,,,,,,,,,,,,,,,,,,,
01/06/2026 21:27:32,412872,5,.06,,2,.02,,,,,,,,,,,,,,,,,,,
01/06/2026 21:27:32,428221,7,.0778,,5,.0678,,,,,,,,,,,,,,,,,,,
01/06/2026 21:27:37,425897,6,.0656,,0,0,,,,,,,,,,,,,,,,,,,
01/06/2026 21:28:02,412872,2,.0278,,2,.0267,,,,,,,,,,,,,,,,,,,
01/06/2026 21:28:02,428221,1,.01,,8,.0778,,,,,,,,,,,,,,,,,,,
01/06/2026 21:28:07,425897,1,.0106,,0,0,,,,,,,,,,,,,,,,,,,
01/06/2026 21:28:32,412872,0,0,,3,.04,,,,,,,,,,,,,,,,,,,
01/06/2026 21:28:32,428221,0,0,,1,.0089,,,,,,,,,,,,,,,,,,,
01/06/2026 21:28:37,425897,1,.0078,,0,0,,,,,,,,,,,,,,,,,,,
01/06/2026 21:29:02,412872,5,.0656,,3,.0389,,,,,,,,,,,,,,,,,,,
01/06/2026 21:29:02,428221,2,.0228,,4,.0378,,,,,,,,,,,,,,,,,,,
01/06/2026 21:29:07,425897,8,.0956,,2,.0206,,,,,,,,,,,,,,,,,,,
01/06/2026 21:29:32,412872,1,.0156,,4,.0589,,,,,,,,,,,,,,,,,,,
01/06/2026 21:29:32,428221,1,.0067,,0,0,,,,,,,,,,,,,,,,,,,
01/06/2026 21:29:37,425897,1,.0067,,1,.0106,,,,,,,,,,,,,,,,,,,
01/06/2026 21:30:02,412872,5,.06,,3,.04,,,,,,,,,,,,,,,,,,,
01/06/2026 21:30:02,428221,6,.06,,9,.0928,,,,,,,,,,,,,,,,,,,
01/06/2026 21:30:07,425897,1,.01,,1,.0106,,,,,,,,,,,,,,,,,,,
01/06/2026 21:30:32,412872,2,.0339,,5,.07,,,,,,,,,,,,,,,,,,,
01/06/2026 21:30:32,428221,1,.0089,,4,.0378,,,,,,,,,,,,,,,,,,,
01/06/2026 21:30:37,425897,2,.02,,0,0,,,,,,,,,,,,,,,,,,,
01/06/2026 21:31:02,412872,0,0,,3,.0339,,,,,,,,,,,,,,,,,,,
01/06/2026 21:31:02,428221,0,0,,0,0,,,,,,,,,,,,,,,,,,,
01/06/2026 21:31:07,425897,3,.0267,,1,.0139,,,,,,,,,,,,,,,,,,,
01/06/2026 21:31:32,412872,0,0,,2,.025,,,,,,,,,,,,,,,,,,,
01/06/2026 21:31:32,428221,1,.01,,0,0,,,,,,,,,,,,,,,,,,,
01/06/2026 21:31:37,425897,6,.055,,1,.0039,,,,,,,,,,,,,,,,,,,
01/06/2026 21:32:02,412872,1,.0117,,2,.025,,,,,,,,,,,,,,,,,,,
01/06/2026 21:32:02,428221,1,.0078,,4,.04,,,,,,,,,,,,,,,,,,,
01/06/2026 21:32:07,425897,6,.0556,,3,.0339,,,,,,,,,,,,,,,,,,,
01/06/2026 21:32:32,412872,3,.0378,,0,0,,,,,,,,,,,,,,,,,,,
01/06/2026 21:32:32,428221,4,.0317,,5,.0489,,,,,,,,,,,,,,,,,,,
01/06/2026 21:32:37,425897,1,.01,,0,0,,,,,,,,,,,,,,,,,,,
01/06/2026 21:33:02,412872,5,.0639,,5,.0628,,,,,,,,,,,,,,,,,,,
01/06/2026 21:33:02,428221,5,.0817,,2,.0239,,,,,,,,,,,,,,,,,,,
01/06/2026 21:33:07,425897,1,.01,,0,0,,,,,,,,,,,,,,,,,,,
01/06/2026 21:33:32,412872,2,.0206,,0,0,,,,,,,,,,,,,,,,,,,
01/06/2026 21:33:32,428221,2,.0228,,2,.0156,,,,,,,,,,,,,,,,,,,
01/06/2026 21:33:37,425897,0,0,,0,0,,,,,,,,,,,,,,,,,,,
01/06/2026 21:34:02,412872,5,.0628,,4,.0517,,,,,,,,,,,,,,,,,,,
01/06/2026 21:34:02,428221,0,0,,5,.0556,,,,,,,,,,,,,,,,,,,
01/06/2026 21:34:07,425897,5,.0439,,1,.0039,,,,,,,,,,,,,,,,,,,
01/06/2026 21:34:32,412872,3,.035,,1,.0139,,,,,,,,,,,,,,,,,,,
01/06/2026 21:34:32,428221,1,.0089,,1,.0067,,,,,,,,,,,,,,,,,,,
01/06/2026 21:34:37,425897,2,.0178,,1,.0117,,,,,,,,,,,,,,,,,,,
01/06/2026 21:35:02,412872,5,.0628,,4,.0506,,,,,,,,,,,,,,,,,,,
01/06/2026 21:35:02,428221,3,.0317,,4,.0389,,,,,,,,,,,,,,,,,,,
01/06/2026 21:35:07,425897,2,.0217,,0,0,,,,,,,,,,,,,,,,,,,
01/06/2026 21:35:32,412872,0,0,,1,.0139,,,,,,,,,,,,,,,,,,,
01/06/2026 21:35:32,428221,0,0,,7,.0667,,,,,,,,,,,,,,,,,,,
01/06/2026 21:35:37,425897,2,.0217,,0,0,,,,,,,,,,,,,,,,,,,
01/06/2026 21:36:02,412872,2,.0256,,4,.0456,,,,,,,,,,,,,,,,,,,
01/06/2026 21:36:02,428221,0,0,,0,0,,,,,,,,,,,,,,,,,,,
01/06/2026 21:36:07,425897,4,.0356,,1,.0106,,,,,,,,,,,,,,,,,,,
01/06/2026 21:36:32,412872,3,.0367,,0,0,,,,,,,,,,,,,,,,,,,
01/06/2026 21:36:32,428221,0,0,,1,.0089,,,,,,,,,,,,,,,,,,,
01/06/2026 21:36:37,425897,0,0,,0,0,,,,,,,,,,,,,,,,,,,
01/06/2026 21:37:02,412872,2,.0228,,4,.0467,,,,,,,,,,,,,,,,,,,
01/06/2026 21:37:02,428221,0,0,,3,.0289,,,,,,,,,,,,,,,,,,,
01/06/2026 21:37:07,425897,2,.0156,,1,.0089,,,,,,,,,,,,,,,,,,,
01/06/2026 21:37:32,412872,2,.02,,2,.0228,,,,,,,,,,,,,,,,,,,
01/06/2026 21:37:32,428221,5,.0567,,6,.0578,,,,,,,,,,,,,,,,,,,
01/06/2026 21:37:37,425897,5,.0467,,2,.015,,,,,,,,,,,,,,,,,,,
01/06/2026 21:38:02,412872,1,.0139,,4,.05,,,,,,,,,,,,,,,,,,,
01/06/2026 21:38:02,428221,5,.0378,,5,.05,,,,,,,,,,,,,,,,,,,
01/06/2026 21:38:07,425897,4,.0378,,0,0,,,,,,,,,,,,,,,,,,,
01/06/2026 21:38:32,412872,0,0,,1,.0139,,,,,,,,,,,,,,,,,,,
01/06/2026 21:38:32,428221,0,0,,3,.0389,,,,,,,,,,,,,,,,,,,
01/06/2026 21:38:37,425897,2,.0178,,0,0,,,,,,,,,,,,,,,,,,,
01/06/2026 21:39:02,412872,1,.0117,,3,.0378,,,,,,,,,,,,,,,,,,,
01/06/2026 21:39:02,428221,2,.02,,7,.0628,,,,,,,,,,,,,,,,,,,
01/06/2026 21:39:07,425897,1,.0089,,0,0,,,,,,,,,,,,,,,,,,,
01/06/2026 21:39:32,412872,3,.0378,,4,.055,,,,,,,,,,,,,,,,,,,
01/06/2026 21:39:32,428221,0,0,,0,0,,,,,,,,,,,,,,,,,,,
01/06/2026 21:39:37,425897,2,.015,,0,0,,,,,,,,,,,,,,,,,,,
01/06/2026 21:40:02,412872,2,.0239,,5,.0567,,,,,,,,,,,,,,,,,,,
01/06/2026 21:40:02,428221,6,.0617,,3,.0267,,,,,,,,,,,,,,,,,,,
01/06/2026 21:40:07,425897,1,.0089,,1,.0106,,,,,,,,,,,,,,,,,,,
01/06/2026 21:40:32,412872,1,.0117,,3,.0367,,,,,,,,,,,,,,,,,,,
01/06/2026 21:40:32,428221,3,.0256,,4,.04,,,,,,,,,,,,,,,,,,,
01/06/2026 21:40:37,425897,6,.0617,,0,0,,,,,,,,,,,,,,,,,,,
01/06/2026 21:41:02,412872,2,.0228,,2,.0256,,,,,,,,,,,,,,,,,,,
01/06/2026 21:41:02,428221,1,.01,,3,.025,,,,,,,,,,,,,,,,,,,
01/06/2026 21:41:07,425897,3,.0256,,0,0,,,,,,,,,,,,,,,,,,,
01/06/2026 21:41:32,412872,2,.0239,,1,.0139,,,,,,,,,,,,,,,,,,,
01/06/2026 21:41:32,428221,1,.0106,,2,.0178,,,,,,,,,,,,,,,,,,,
01/06/2026 21:41:37,425897,4,.0356,,2,.0217,,,,,,,,,,,,,,,,,,,
01/06/2026 21:42:02,412872,2,.0167,,1,.0128,,,,,,,,,,,,,,,,,,,
01/06/2026 21:42:02,428221,6,.0639,,4,.0439,,,,,,,,,,,,,,,,,,,
01/06/2026 21:42:07,425897,0,0,,1,.0078,,,,,,,,,,,,,,,,,,,
01/06/2026 21:42:32,412872,1,.0128,,3,.0378,,,,,,,,,,,,,,,,,,,
01/06/2026 21:42:32,428221,0,0,,1,.0117,,,,,,,,,,,,,,,,,,,
01/06/2026 21:42:37,425897,4,.0306,,0,0,,,,,,,,,,,,,,,,,,,
01/06/2026 21:43:02,412872,2,.02,,1,.01,,,,,,,,,,,,,,,,,,,
01/06/2026 21:43:02,428221,0,0,,2,.0178,,,,,,,,,,,,,,,,,,,
01/06/2026 21:43:07,425897,1,.0117,,3,.0267,,,,,,,,,,,,,,,,,,,
01/06/2026 21:43:32,412872,2,.025,,0,0,,,,,,,,,,,,,,,,,,,
01/06/2026 21:43:32,428221,1,.005,,1,.005,,,,,,,,,,,,,,,,,,,
01/06/2026 21:43:37,425897,4,.0367,,0,0,,,,,,,,,,,,,,,,,,,
01/06/2026 21:44:02,412872,5,.0606,,2,.025,,,,,,,,,,,,,,,,,,,
01/06/2026 21:44:02,428221,2,.0217,,6,.0556,,,,,,,,,,,,,,,,,,,
01/06/2026 21:44:07,425897,2,.0178,,1,.0106,,,,,,,,,,,,,,,,,,,
01/06/2026 21:44:32,412872,1,.0128,,4,.05,,,,,,,,,,,,,,,,,,,
01/06/2026 21:44:32,428221,1,.015,,6,.0639,,,,,,,,,,,,,,,,,,,
01/06/2026 21:44:37,425897,1,.0078,,0,0,,,,,,,,,,,,,,,,,,,
01/06/2026 21:45:02,412872,1,.0117,,5,.0767,,,,,,,,,,,,,,,,,,,
01/06/2026 21:45:02,428221,0,0,,0,0,,,,,,,,,,,,,,,,,,,
01/06/2026 21:45:07,425897,9,.0967,,1,.0089,,,,,,,,,,,,,,,,,,,
01/06/2026 21:45:32,412872,2,.0256,,2,.0267,,,,,,,,,,,,,,,,,,,
01/06/2026 21:45:32,428221,1,.0117,,0,0,,,,,,,,,,,,,,,,,,,
01/06/2026 21:45:37,425897,1,.0078,,1,.0167,,,,,,,,,,,,,,,,,,,
01/06/2026 21:46:02,412872,0,0,,1,.02,,,,,,,,,,,,,,,,,,,
01/06/2026 21:46:02,428221,0,0,,0,0,,,,,,,,,,,,,,,,,,,
01/06/2026 21:46:07,425897,0,0,,2,.0139,,,,,,,,,,,,,,,,,,,
01/06/2026 21:46:32,412872,1,.0128,,2,.0117,,,,,,,,,,,,,,,,,,,
01/06/2026 21:46:32,428221,5,.0556,,5,.0489,,,,,,,,,,,,,,,,,,,
01/06/2026 21:46:37,425897,6,.0517,,0,0,,,,,,,,,,,,,,,,,,,
01/06/2026 21:47:02,412872,1,.0117,,0,0,,,,,,,,,,,,,,,,,,,
01/06/2026 21:47:02,428221,3,.0328,,4,.0367,,,,,,,,,,,,,,,,,,,
01/06/2026 21:47:07,425897,0,0,,1,.0128,,,,,,,,,,,,,,,,,,,
01/06/2026 21:47:32,412872,3,.0389,,1,.0128,,,,,,,,,,,,,,,,,,,
01/06/2026 21:47:32,428221,0,0,,0,0,,,,,,,,,,,,,,,,,,,
01/06/2026 21:47:37,425897,6,.0539,,0,0,,,,,,,,,,,,,,,,,,,
01/06/2026 21:48:02,412872,0,0,,3,.0378,,,,,,,,,,,,,,,,,,,
01/06/2026 21:48:02,428221,2,.0139,,5,.04,,,,,,,,,,,,,,,,,,,
01/06/2026 21:48:07,425897,2,.0189,,1,.0039,,,,,,,,,,,,,,,,,,,
01/06/2026 21:48:32,412872,2,.0239,,2,.0317,,,,,,,,,,,,,,,,,,,
01/06/2026 21:48:32,428221,1,.01,,1,.0089,,,,,,,,,,,,,,,,,,,
01/06/2026 21:48:37,425897,8,.0767,,2,.0156,,,,,,,,,,,,,,,,,,,
01/06/2026 21:49:02,412872,0,0,,2,.025,,,,,,,,,,,,,,,,,,,
01/06/2026 21:49:02,428221,3,.0428,,6,.0728,,,,,,,,,,,,,,,,,,,
01/06/2026 21:49:07,425897,1,.0089,,0,0,,,,,,,,,,,,,,,,,,,
01/06/2026 21:49:32,412872,3,.0317,,9,.1278,,,,,,,,,,,,,,,,,,,
01/06/2026 21:49:32,428221,4,.0328,,10,.1028,,,,,,,,,,,,,,,,,,,
01/06/2026 21:49:37,425897,2,.0167,,2,.015,,,,,,,,,,,,,,,,,,,
01/06/2026 21:50:02,412872,2,.0278,,4,.0539,,,,,,,,,,,,,,,,,,,
01/06/2026 21:50:02,428221,0,0,,0,0,,,,,,,,,,,,,,,,,,,
01/06/2026 21:50:07,425897,1,.0089,,1,.0117,,,,,,,,,,,,,,,,,,,
01/06/2026 21:50:32,412872,0,0,,2,.0256,,,,,,,,,,,,,,,,,,,
01/06/2026 21:50:32,428221,0,0,,0,0,,,,,,,,,,,,,,,,,,,
01/06/2026 21:50:37,425897,4,.04,,3,.025,,,,,,,,,,,,,,,,,,,
01/06/2026 21:51:02,412872,4,.045,,3,.0356,,,,,,,,,,,,,,,,,,,
01/06/2026 21:51:02,428221,0,0,,2,.0178,,,,,,,,,,,,,,,,,,,
01/06/2026 21:51:07,425897,4,.0406,,4,.0389,,,,,,,,,,,,,,,,,,,
01/06/2026 21:51:32,412872,4,.0489,,6,.0756,,,,,,,,,,,,,,,,,,,
01/06/2026 21:51:32,428221,5,.0467,,5,.045,,,,,,,,,,,,,,,,,,,
01/06/2026 21:51:37,425897,1,.0089,,0,0,,,,,,,,,,,,,,,,,,,
01/06/2026 21:52:02,412872,7,.0889,,2,.025,,,,,,,,,,,,,,,,,,,
01/06/2026 21:52:02,428221,3,.0239,,4,.035,,,,,,,,,,,,,,,,,,,
01/06/2026 21:52:07,425897,3,.025,,1,.0089,,,,,,,,,,,,,,,,,,,
01/06/2026 21:52:32,412872,0,0,,1,.015,,,,,,,,,,,,,,,,,,,
01/06/2026 21:52:32,428221,1,.0078,,1,.0078,,,,,,,,,,,,,,,,,,,
01/06/2026 21:52:37,425897,2,.0228,,0,0,,,,,,,,,,,,,,,,,,,
01/06/2026 21:53:02,412872,2,.0217,,3,.0389,,,,,,,,,,,,,,,,,,,
01/06/2026 21:53:02,428221,1,.0089,,2,.0178,,,,,,,,,,,,,,,,,,,
01/06/2026 21:53:07,425897,5,.0428,,0,0,,,,,,,,,,,,,,,,,,,
01/06/2026 21:53:32,412872,2,.0217,,2,.0217,,,,,,,,,,,,,,,,,,,
01/06/2026 21:53:32,428221,1,.0078,,1,.0089,,,,,,,,,,,,,,,,,,,
01/06/2026 21:53:37,425897,3,.0339,,0,0,,,,,,,,,,,,,,,,,,,
01/06/2026 21:54:02,412872,2,.025,,4,.0567,,,,,,,,,,,,,,,,,,,
01/06/2026 21:54:02,428221,5,.0406,,2,.0156,,,,,,,,,,,,,,,,,,,
01/06/2026 21:54:07,425897,2,.0189,,0,0,,,,,,,,,,,,,,,,,,,
01/06/2026 21:54:32,412872,0,0,,2,.025,,,,,,,,,,,,,,,,,,,
01/06/2026 21:54:32,428221,1,.01,,2,.0189,,,,,,,,,,,,,,,,,,,
01/06/2026 21:54:37,425897,4,.03,,1,.0078,,,,,,,,,,,,,,,,,,,
01/06/2026 21:55:02,412872,3,.0378,,2,.0267,,,,,,,,,,,,,,,,,,,
01/06/2026 21:55:02,428221,1,.0089,,5,.045,,,,,,,,,,,,,,,,,,,
01/06/2026 21:55:07,425897,7,.0567,,1,.0039,,,,,,,,,,,,,,,,,,,
01/06/2026 21:55:32,412872,0,0,,2,.0256,,,,,,,,,,,,,,,,,,,
01/06/2026 21:55:32,428221,0,0,,0,0,,,,,,,,,,,,,,,,,,,
01/06/2026 21:55:37,425897,3,.0278,,0,0,,,,,,,,,,,,,,,,,,,
01/06/2026 21:56:02,412872,2,.0278,,5,.0739,,,,,,,,,,,,,,,,,,,
01/06/2026 21:56:02,428221,1,.0089,,0,0,,,,,,,,,,,,,,,,,,,
01/06/2026 21:56:07,425897,0,0,,0,0,,,,,,,,,,,,,,,,,,,
01/06/2026 21:56:32,412872,1,.0106,,4,.0406,,,,,,,,,,,,,,,,,,,
01/06/2026 21:56:32,428221,5,.0556,,8,.075,,,,,,,,,,,,,,,,,,,
01/06/2026 21:56:37,425897,2,.0106,,0,0,,,,,,,,,,,,,,,,,,,
01/06/2026 21:57:02,412872,2,.0228,,2,.0278,,,,,,,,,,,,,,,,,,,
01/06/2026 21:57:02,428221,1,.005,,5,.0439,,,,,,,,,,,,,,,,,,,
01/06/2026 21:57:07,425897,1,.0089,,0,0,,,,,,,,,,,,,,,,,,,
01/06/2026 21:57:32,412872,2,.0317,,2,.0256,,,,,,,,,,,,,,,,,,,
01/06/2026 21:57:32,428221,1,.0067,,2,.0117,,,,,,,,,,,,,,,,,,,
01/06/2026 21:57:37,425897,3,.0339,,0,0,,,,,,,,,,,,,,,,,,,
01/06/2026 21:58:02,412872,0,0,,3,.0389,,,,,,,,,,,,,,,,,,,
01/06/2026 21:58:02,428221,1,.0078,,2,.0217,,,,,,,,,,,,,,,,,,,
01/06/2026 21:58:07,425897,1,.0078,,0,0,,,,,,,,,,,,,,,,,,,
01/06/2026 21:58:32,412872,2,.0217,,7,.0917,,,,,,,,,,,,,,,,,,,
01/06/2026 21:58:32,428221,1,.0067,,3,.0256,,,,,,,,,,,,,,,,,,,
01/06/2026 21:58:37,425897,2,.0217,,0,0,,,,,,,,,,,,,,,,,,,
01/06/2026 21:59:02,412872,4,.0528,,3,.04,,,,,,,,,,,,,,,,,,,
01/06/2026 21:59:02,428221,7,.0628,,5,.0456,,,,,,,,,,,,,,,,,,,
01/06/2026 21:59:07,425897,4,.035,,0,0,,,,,,,,,,,,,,,,,,,
01/06/2026 21:59:32,412872,1,.0117,,6,.0789,,,,,,,,,,,,,,,,,,,
01/06/2026 21:59:32,428221,0,0,,6,.0589,,,,,,,,,,,,,,,,,,,
01/06/2026 21:59:37,425897,8,.08,,0,0,,,,,,,,,,,,,,,,,,,
01/06/2026 22:00:02,412872,3,.0356,,1,.0156,,,,,,,,,,,,,,,,,,,
01/06/2026 22:00:02,428221,1,.0089,,1,.0089,,,,,,,,,,,,,,,,,,,
01/06/2026 22:00:07,425897,2,.0189,,0,0,,,,,,,,,,,,,,,,,,,
01/06/2026 22:00:32,412872,2,.0267,,1,.0128,,,,,,,,,,,,,,,,,,,
01/06/2026 22:00:32,428221,1,.01,,0,0,,,,,,,,,,,,,,,,,,,
01/06/2026 22:00:37,425897,0,0,,1,.0089,,,,,,,,,,,,,,,,,,,
01/06/2026 22:01:02,412872,1,.01,,2,.0278,,,,,,,,,,,,,,,,,,,
01/06/2026 22:01:02,428221,2,.0117,,1,.005,,,,,,,,,,,,,,,,,,,
01/06/2026 22:01:07,425897,8,.0806,,0,0,,,,,,,,,,,,,,,,,,,
01/06/2026 22:01:32,412872,6,.0756,,3,.0428,,,,,,,,,,,,,,,,,,,
01/06/2026 22:01:32,428221,2,.015,,4,.03,,,,,,,,,,,,,,,,,,,
01/06/2026 22:01:37,425897,0,0,,3,.03,,,,,,,,,,,,,,,,,,,
01/06/2026 22:02:02,412872,2,.0289,,5,.0856,,,,,,,,,,,,,,,,,,,
01/06/2026 22:02:02,428221,1,.0039,,4,.0328,,,,,,,,,,,,,,,,,,,
01/06/2026 22:02:07,425897,0,0,,1,.0089,,,,,,,,,,,,,,,,,,,
01/06/2026 22:02:32,412872,0,0,,5,.07,,,,,,,,,,,,,,,,,,,
01/06/2026 22:02:32,428221,2,.0189,,2,.0156,,,,,,,,,,,,,,,,,,,
01/06/2026 22:02:37,425897,0,0,,0,0,,,,,,,,,,,,,,,,,,,
01/06/2026 22:03:02,412872,5,.0739,,2,.0256,,,,,,,,,,,,,,,,,,,
01/06/2026 22:03:02,428221,0,0,,0,0,,,,,,,,,,,,,,,,,,,
01/06/2026 22:03:07,425897,5,.0506,,0,0,,,,,,,,,,,,,,,,,,,
01/06/2026 22:03:32,412872,1,.0078,,2,.02,,,,,,,,,,,,,,,,,,,
01/06/2026 22:03:32,428221,4,.0339,,4,.0356,,,,,,,,,,,,,,,,,,,
01/06/2026 22:03:37,425897,2,.015,,0,0,,,,,,,,,,,,,,,,,,,
01/06/2026 22:04:02,412872,3,.0406,,2,.03,,,,,,,,,,,,,,,,,,,
01/06/2026 22:04:02,428221,7,.0756,,7,.0756,,,,,,,,,,,,,,,,,,,
01/06/2026 22:04:07,425897,4,.0317,,0,0,,,,,,,,,,,,,,,,,,,
01/06/2026 22:04:32,412872,0,0,,1,.01,,,,,,,,,,,,,,,,,,,
01/06/2026 22:04:32,428221,1,.0106,,1,.0089,,,,,,,,,,,,,,,,,,,
01/06/2026 22:04:37,425897,2,.015,,1,.0089,,,,,,,,,,,,,,,,,,,
01/06/2026 22:05:02,412872,0,0,,2,.0228,,,,,,,,,,,,,,,,,,,
01/06/2026 22:05:02,428221,0,0,,2,.0267,,,,,,,,,,,,,,,,,,,
01/06/2026 22:05:07,425897,3,.025,,1,.0089,,,,,,,,,,,,,,,,,,,
01/06/2026 22:05:32,412872,3,.0406,,1,.0139,,,,,,,,,,,,,,,,,,,
01/06/2026 22:05:32,428221,0,0,,1,.0056,,,,,,,,,,,,,,,,,,,
01/06/2026 22:05:37,425897,2,.0139,,1,.0106,,,,,,,,,,,,,,,,,,,
01/06/2026 22:06:02,412872,1,.0156,,5,.0767,,,,,,,,,,,,,,,,,,,
01/06/2026 22:06:02,428221,0,0,,0,0,,,,,,,,,,,,,,,,,,,
01/06/2026 22:06:07,425897,2,.0178,,1,.01,,,,,,,,,,,,,,,,,,,
01/06/2026 22:06:32,412872,3,.0389,,0,0,,,,,,,,,,,,,,,,,,,
01/06/2026 22:06:32,428221,7,.0856,,7,.0656,,,,,,,,,,,,,,,,,,,
01/06/2026 22:06:37,425897,5,.0428,,1,.0128,,,,,,,,,,,,,,,,,,,
01/06/2026 22:07:02,412872,2,.0228,,0,0,,,,,,,,,,,,,,,,,,,
01/06/2026 22:07:02,428221,3,.0217,,6,.0528,,,,,,,,,,,,,,,,,,,
01/06/2026 22:07:07,425897,0,0,,0,0,,,,,,,,,,,,,,,,,,,
01/06/2026 22:07:32,412872,2,.0239,,3,.0467,,,,,,,,,,,,,,,,,,,
01/06/2026 22:07:32,428221,3,.025,,8,.0678,,,,,,,,,,,,,,,,,,,
01/06/2026 22:07:37,425897,1,.0089,,0,0,,,,,,,,,,,,,,,,,,,
01/06/2026 22:08:02,412872,0,0,,0,0,,,,,,,,,,,,,,,,,,,
01/06/2026 22:08:02,428221,0,0,,2,.0189,,,,,,,,,,,,,,,,,,,
01/06/2026 22:08:07,425897,0,0,,0,0,,,,,,,,,,,,,,,,,,,
01/06/2026 22:08:32,412872,1,.0128,,0,0,,,,,,,,,,,,,,,,,,,
01/06/2026 22:08:32,428221,3,.025,,1,.0089,,,,,,,,,,,,,,,,,,,
01/06/2026 22:08:37,425897,1,.0067,,0,0,,,,,,,,,,,,,,,,,,,
01/06/2026 22:09:02,412872,2,.0267,,1,.0106,,,,,,,,,,,,,,,,,,,
01/06/2026 22:09:02,428221,4,.0428,,8,.0806,,,,,,,,,,,,,,,,,,,
01/06/2026 22:09:07,425897,5,.0428,,0,0,,,,,,,,,,,,,,,,,,,
01/06/2026 22:09:32,412872,3,.04,,1,.01,,,,,,,,,,,,,,,,,,,
01/06/2026 22:09:32,428221,0,0,,0,0,,,,,,,,,,,,,,,,,,,
01/06/2026 22:09:37,425897,5,.0417,,1,.0078,,,,,,,,,,,,,,,,,,,
01/06/2026 22:10:02,412872,3,.0328,,2,.0256,,,,,,,,,,,,,,,,,,,
01/06/2026 22:10:02,428221,0,0,,0,0,,,,,,,,,,,,,,,,,,,
01/06/2026 22:10:07,425897,5,.0478,,0,0,,,,,,,,,,,,,,,,,,,
01/06/2026 22:10:32,412872,1,.01,,0,0,,,,,,,,,,,,,,,,,,,
01/06/2026 22:10:32,428221,0,0,,6,.0478,,,,,,,,,,,,,,,,,,,
01/06/2026 22:10:37,425897,0,0,,0,0,,,,,,,,,,,,,,,,,,,
01/06/2026 22:11:02,412872,1,.01,,2,.0167,,,,,,,,,,,,,,,,,,,
01/06/2026 22:11:02,428221,2,.02,,4,.0406,,,,,,,,,,,,,,,,,,,
01/06/2026 22:11:07,425897,1,.0089,,0,0,,,,,,,,,,,,,,,,,,,
01/06/2026 22:11:32,412872,1,.0106,,1,.0106,,,,,,,,,,,,,,,,,,,
01/06/2026 22:11:32,428221,7,.0767,,4,.04,,,,,,,,,,,,,,,,,,,
01/06/2026 22:11:37,425897,0,0,,1,.01,,,,,,,,,,,,,,,,,,,
01/06/2026 22:12:02,412872,3,.0356,,5,.0628,,,,,,,,,,,,,,,,,,,
01/06/2026 22:12:02,428221,1,.01,,5,.0439,,,,,,,,,,,,,,,,,,,
01/06/2026 22:12:07,425897,2,.0189,,1,.0106,,,,,,,,,,,,,,,,,,,
01/06/2026 22:12:32,412872,0,0,,2,.025,,,,,,,,,,,,,,,,,,,
01/06/2026 22:12:32,428221,2,.0206,,7,.075,,,,,,,,,,,,,,,,,,,
01/06/2026 22:12:37,425897,4,.0378,,1,.01,,,,,,,,,,,,,,,,,,,
01/06/2026 22:13:02,412872,1,.0156,,2,.0278,,,,,,,,,,,,,,,,,,,
01/06/2026 22:13:02,428221,1,.01,,1,.0106,,,,,,,,,,,,,,,,,,,
01/06/2026 22:13:07,425897,3,.0239,,2,.0178,,,,,,,,,,,,,,,,,,,
01/06/2026 22:13:32,412872,1,.0128,,2,.025,,,,,,,,,,,,,,,,,,,
01/06/2026 22:13:32,428221,3,.0178,,5,.0456,,,,,,,,,,,,,,,,,,,
01/06/2026 22:13:37,425897,1,.0078,,0,0,,,,,,,,,,,,,,,,,,,
01/06/2026 22:14:02,412872,1,.0117,,3,.0417,,,,,,,,,,,,,,,,,,,
01/06/2026 22:14:02,428221,2,.02,,2,.0178,,,,,,,,,,,,,,,,,,,
01/06/2026 22:14:07,425897,1,.0078,,0,0,,,,,,,,,,,,,,,,,,,
01/06/2026 22:14:32,412872,1,.0106,,4,.0517,,,,,,,,,,,,,,,,,,,
01/06/2026 22:14:32,428221,5,.0578,,7,.0706,,,,,,,,,,,,,,,,,,,
01/06/2026 22:14:37,425897,1,.0056,,1,.0089,,,,,,,,,,,,,,,,,,,
01/06/2026 22:15:02,412872,1,.0128,,0,.0078,,,,,,,,,,,,,,,,,,,
01/06/2026 22:15:02,428221,0,0,,6,.0628,,,,,,,,,,,,,,,,,,,
01/06/2026 22:15:07,425897,2,.0189,,1,.0117,,,,,,,,,,,,,,,,,,,
01/06/2026 22:15:32,412872,6,.08,,2,.0378,,,,,,,,,,,,,,,,,,,
01/06/2026 22:15:32,428221,2,.0189,,1,.0089,,,,,,,,,,,,,,,,,,,
01/06/2026 22:15:37,425897,2,.0189,,0,0,,,,,,,,,,,,,,,,,,,
01/06/2026 22:16:02,412872,5,.0728,,2,.0267,,,,,,,,,,,,,,,,,,,
01/06/2026 22:16:02,428221,0,0,,3,.0267,,,,,,,,,,,,,,,,,,,
01/06/2026 22:16:07,425897,2,.0167,,0,0,,,,,,,,,,,,,,,,,,,
01/06/2026 22:16:32,412872,0,0,,1,.0117,,,,,,,,,,,,,,,,,,,
01/06/2026 22:16:32,428221,5,.0589,,7,.0778,,,,,,,,,,,,,,,,,,,
01/06/2026 22:16:37,425897,3,.03,,0,0,,,,,,,,,,,,,,,,,,,
01/06/2026 22:17:02,412872,1,.01,,2,.0239,,,,,,,,,,,,,,,,,,,
01/06/2026 22:17:02,428221,1,.0089,,1,.0106,,,,,,,,,,,,,,,,,,,
01/06/2026 22:17:07,425897,4,.04,,0,0,,,,,,,,,,,,,,,,,,,
01/06/2026 22:17:32,412872,0,0,,0,0,,,,,,,,,,,,,,,,,,,
01/06/2026 22:17:32,428221,1,.0078,,0,0,,,,,,,,,,,,,,,,,,,
01/06/2026 22:17:37,425897,5,.05,,0,0,,,,,,,,,,,,,,,,,,,
01/06/2026 22:18:02,412872,2,.0228,,0,0,,,,,,,,,,,,,,,,,,,
01/06/2026 22:18:02,428221,0,0,,0,0,,,,,,,,,,,,,,,,,,,
01/06/2026 22:18:07,425897,1,.0056,,2,.0178,,,,,,,,,,,,,,,,,,,
01/06/2026 22:18:32,412872,1,.0117,,3,.0356,,,,,,,,,,,,,,,,,,,
01/06/2026 22:18:32,428221,0,0,,0,0,,,,,,,,,,,,,,,,,,,
01/06/2026 22:18:37,425897,2,.0178,,0,0,,,,,,,,,,,,,,,,,,,
01/06/2026 22:19:02,412872,2,.0256,,0,0,,,,,,,,,,,,,,,,,,,
01/06/2026 22:19:02,428221,1,.0117,,2,.0178,,,,,,,,,,,,,,,,,,,
01/06/2026 22:19:07,425897,11,.1039,,1,.0089,,,,,,,,,,,,,,,,,,,
01/06/2026 22:19:32,412872,0,0,,0,0,,,,,,,,,,,,,,,,,,,
01/06/2026 22:19:32,428221,2,.02,,4,.0367,,,,,,,,,,,,,,,,,,,
01/06/2026 22:19:37,425897,0,.0078,,1,.0078,,,,,,,,,,,,,,,,,,,
01/06/2026 22:20:02,412872,1,.0106,,1,.005,,,,,,,,,,,,,,,,,,,
01/06/2026 22:20:02,428221,0,0,,0,0,,,,,,,,,,,,,,,,,,,
01/06/2026 22:20:07,425897,4,.025,,1,.01,,,,,,,,,,,,,,,,,,,
01/06/2026 22:20:32,412872,0,0,,1,.0139,,,,,,,,,,,,,,,,,,,
01/06/2026 22:20:32,428221,1,.0089,,2,.0178,,,,,,,,,,,,,,,,,,,
01/06/2026 22:20:37,425897,1,.0089,,0,0,,,,,,,,,,,,,,,,,,,
01/06/2026 22:21:02,412872,3,.0367,,2,.0267,,,,,,,,,,,,,,,,,,,
01/06/2026 22:21:02,428221,2,.0217,,2,.0156,,,,,,,,,,,,,,,,,,,
01/06/2026 22:21:07,425897,5,.0478,,0,0,,,,,,,,,,,,,,,,,,,
01/06/2026 22:21:32,412872,2,.0239,,2,.0206,,,,,,,,,,,,,,,,,,,
01/06/2026 22:21:32,428221,6,.0589,,6,.0606,,,,,,,,,,,,,,,,,,,
01/06/2026 22:21:37,425897,6,.0539,,0,0,,,,,,,,,,,,,,,,,,,
01/06/2026 22:22:02,412872,0,0,,2,.0289,,,,,,,,,,,,,,,,,,,
01/06/2026 22:22:02,428221,2,.0239,,5,.0589,,,,,,,,,,,,,,,,,,,
01/06/2026 22:22:07,425897,0,0,,1,.0128,,,,,,,,,,,,,,,,,,,
01/06/2026 22:22:32,412872,0,0,,2,.0267,,,,,,,,,,,,,,,,,,,
01/06/2026 22:22:32,428221,1,.0078,,0,0,,,,,,,,,,,,,,,,,,,
01/06/2026 22:22:37,425897,2,.0178,,0,0,,,,,,,,,,,,,,,,,,,
01/06/2026 22:23:02,412872,2,.0239,,2,.0267,,,,,,,,,,,,,,,,,,,
01/06/2026 22:23:02,428221,4,.0306,,5,.035,,,,,,,,,,,,,,,,,,,
01/06/2026 22:23:07,425897,1,.01,,1,.0128,,,,,,,,,,,,,,,,,,,
01/06/2026 22:23:32,412872,3,.0406,,1,.0117,,,,,,,,,,,,,,,,,,,
01/06/2026 22:23:32,428221,1,.0117,,2,.0178,,,,,,,,,,,,,,,,,,,
01/06/2026 22:23:37,425897,3,.0317,,1,.0039,,,,,,,,,,,,,,,,,,,
01/06/2026 22:24:02,412872,0,0,,2,.0256,,,,,,,,,,,,,,,,,,,
01/06/2026 22:24:02,428221,0,0,,3,.0289,,,,,,,,,,,,,,,,,,,
01/06/2026 22:24:07,425897,3,.0239,,0,0,,,,,,,,,,,,,,,,,,,
01/06/2026 22:24:32,412872,0,0,,0,0,,,,,,,,,,,,,,,,,,,
01/06/2026 22:24:32,428221,1,.01,,3,.0267,,,,,,,,,,,,,,,,,,,
01/06/2026 22:24:37,425897,3,.0178,,1,.005,,,,,,,,,,,,,,,,,,,
01/06/2026 22:25:02,412872,1,.0089,,3,.0356,,,,,,,,,,,,,,,,,,,
01/06/2026 22:25:02,428221,0,0,,1,.01,,,,,,,,,,,,,,,,,,,
01/06/2026 22:25:07,425897,0,0,,0,0,,,,,,,,,,,,,,,,,,,
01/06/2026 22:25:32,412872,0,0,,4,.0467,,,,,,,,,,,,,,,,,,,
01/06/2026 22:25:32,428221,5,.0406,,7,.0578,,,,,,,,,,,,,,,,,,,
01/06/2026 22:25:37,425897,4,.0389,,1,.01,,,,,,,,,,,,,,,,,,,
01/06/2026 22:26:02,412872,0,0,,0,0,,,,,,,,,,,,,,,,,,,
01/06/2026 22:26:02,428221,0,0,,3,.03,,,,,,,,,,,,,,,,,,,
01/06/2026 22:26:07,425897,8,.0806,,3,.0317,,,,,,,,,,,,,,,,,,,
01/06/2026 22:26:32,412872,3,.0328,,2,.0228,,,,,,,,,,,,,,,,,,,
01/06/2026 22:26:32,428221,0,0,,0,0,,,,,,,,,,,,,,,,,,,
01/06/2026 22:26:37,425897,2,.02,,0,0,,,,,,,,,,,,,,,,,,,
01/06/2026 22:27:02,412872,1,.0117,,1,.0106,,,,,,,,,,,,,,,,,,,
01/06/2026 22:27:02,428221,0,0,,0,0,,,,,,,,,,,,,,,,,,,
01/06/2026 22:27:07,425897,0,0,,0,0,,,,,,,,,,,,,,,,,,,
01/06/2026 22:27:32,412872,0,0,,2,.0239,,,,,,,,,,,,,,,,,,,
01/06/2026 22:27:32,428221,3,.0278,,0,0,,,,,,,,,,,,,,,,,,,
01/06/2026 22:27:37,425897,10,.0906,,1,.0106,,,,,,,,,,,,,,,,,,,
01/06/2026 22:28:02,412872,1,.0117,,1,.0056,,,,,,,,,,,,,,,,,,,
01/06/2026 22:28:02,428221,3,.0289,,7,.0717,,,,,,,,,,,,,,,,,,,
01/06/2026 22:28:07,425897,1,.0089,,0,0,,,,,,,,,,,,,,,,,,,
01/06/2026 22:28:32,412872,0,0,,0,0,,,,,,,,,,,,,,,,,,,
01/06/2026 22:28:32,428221,0,0,,5,.0489,,,,,,,,,,,,,,,,,,,
01/06/2026 22:28:37,425897,0,0,,0,0,,,,,,,,,,,,,,,,,,,
01/06/2026 22:29:02,412872,1,.0128,,3,.065,,,,,,,,,,,,,,,,,,,
01/06/2026 22:29:02,428221,1,.01,,0,0,,,,,,,,,,,,,,,,,,,
01/06/2026 22:29:07,425897,2,.0206,,0,0,,,,,,,,,,,,,,,,,,,
01/06/2026 22:29:32,412872,1,.015,,1,.0117,,,,,,,,,,,,,,,,,,,
01/06/2026 22:29:32,428221,2,.0178,,5,.0467,,,,,,,,,,,,,,,,,,,
01/06/2026 22:29:37,425897,0,0,,0,0,,,,,,,,,,,,,,,,,,,
01/06/2026 22:30:02,412872,0,0,,1,.0128,,,,,,,,,,,,,,,,,,,
01/06/2026 22:30:02,428221,2,.02,,1,.01,,,,,,,,,,,,,,,,,,,
01/06/2026 22:30:07,425897,0,0,,0,0,,,,,,,,,,,,,,,,,,,
01/06/2026 22:30:32,412872,0,0,,1,.0117,,,,,,,,,,,,,,,,,,,
01/06/2026 22:30:32,428221,3,.0328,,3,.0328,,,,,,,,,,,,,,,,,,,
01/06/2026 22:30:37,425897,0,0,,1,.0117,,,,,,,,,,,,,,,,,,,
01/06/2026 22:31:02,412872,1,.0117,,1,.0117,,,,,,,,,,,,,,,,,,,
01/06/2026 22:31:02,428221,1,.0056,,1,.005,,,,,,,,,,,,,,,,,,,
01/06/2026 22:31:07,425897,0,0,,1,.0089,,,,,,,,,,,,,,,,,,,
01/06/2026 22:31:32,412872,1,.0117,,0,0,,,,,,,,,,,,,,,,,,,
01/06/2026 22:31:32,428221,1,.0089,,6,.0617,,,,,,,,,,,,,,,,,,,
01/06/2026 22:31:37,425897,2,.0189,,1,.0106,,,,,,,,,,,,,,,,,,,
01/06/2026 22:32:02,412872,2,.0228,,2,.0228,,,,,,,,,,,,,,,,,,,
01/06/2026 22:32:02,428221,0,0,,2,.0167,,,,,,,,,,,,,,,,,,,
01/06/2026 22:32:07,425897,3,.0217,,1,.0106,,,,,,,,,,,,,,,,,,,
01/06/2026 22:32:32,412872,3,.035,,2,.025,,,,,,,,,,,,,,,,,,,
01/06/2026 22:32:32,428221,2,.0189,,8,.075,,,,,,,,,,,,,,,,,,,
01/06/2026 22:32:37,425897,4,.0339,,0,0,,,,,,,,,,,,,,,,,,,
01/06/2026 22:33:02,412872,0,0,,3,.0406,,,,,,,,,,,,,,,,,,,
01/06/2026 22:33:02,428221,1,.01,,1,.0089,,,,,,,,,,,,,,,,,,,
01/06/2026 22:33:07,425897,1,.0067,,0,0,,,,,,,,,,,,,,,,,,,
01/06/2026 22:33:32,412872,0,0,,1,.0117,,,,,,,,,,,,,,,,,,,
01/06/2026 22:33:32,428221,1,.0089,,2,.0167,,,,,,,,,,,,,,,,,,,
01/06/2026 22:33:37,425897,4,.0356,,1,.0106,,,,,,,,,,,,,,,,,,,
01/06/2026 22:34:02,412872,0,0,,1,.0178,,,,,,,,,,,,,,,,,,,
01/06/2026 22:34:02,428221,0,0,,2,.0178,,,,,,,,,,,,,,,,,,,
01/06/2026 22:34:07,425897,1,.0078,,1,.0089,,,,,,,,,,,,,,,,,,,
01/06/2026 22:34:32,412872,1,.0128,,1,.0139,,,,,,,,,,,,,,,,,,,
01/06/2026 22:34:32,428221,0,0,,0,0,,,,,,,,,,,,,,,,,,,
01/06/2026 22:34:37,425897,1,.0067,,0,0,,,,,,,,,,,,,,,,,,,
01/06/2026 22:35:02,412872,0,0,,0,0,,,,,,,,,,,,,,,,,,,
01/06/2026 22:35:02,428221,1,.0106,,3,.0267,,,,,,,,,,,,,,,,,,,
01/06/2026 22:35:07,425897,0,0,,0,0,,,,,,,,,,,,,,,,,,,
01/06/2026 22:35:32,412872,4,.0439,,2,.0206,,,,,,,,,,,,,,,,,,,
01/06/2026 22:35:32,428221,7,.0867,,3,.035,,,,,,,,,,,,,,,,,,,
01/06/2026 22:35:37,425897,1,.0117,,1,.0106,,,,,,,,,,,,,,,,,,,
01/06/2026 22:36:02,412872,1,.01,,3,.0317,,,,,,,,,,,,,,,,,,,
01/06/2026 22:36:02,428221,0,0,,3,.0228,,,,,,,,,,,,,,,,,,,
01/06/2026 22:36:07,425897,1,.0078,,1,.0078,,,,,,,,,,,,,,,,,,,
01/06/2026 22:36:32,412872,1,.0156,,1,.0117,,,,,,,,,,,,,,,,,,,
01/06/2026 22:36:32,428221,0,0,,1,.0089,,,,,,,,,,,,,,,,,,,
01/06/2026 22:36:37,425897,4,.0339,,1,.0089,,,,,,,,,,,,,,,,,,,
01/06/2026 22:37:02,412872,2,.0328,,2,.0317,,,,,,,,,,,,,,,,,,,
01/06/2026 22:37:02,428221,2,.0167,,3,.0267,,,,,,,,,,,,,,,,,,,
01/06/2026 22:37:07,425897,0,.0056,,0,0,,,,,,,,,,,,,,,,,,,
01/06/2026 22:37:32,412872,1,.01,,3,.035,,,,,,,,,,,,,,,,,,,
01/06/2026 22:37:32,428221,0,0,,0,0,,,,,,,,,,,,,,,,,,,
01/06/2026 22:37:37,425897,4,.0306,,0,0,,,,,,,,,,,,,,,,,,,
01/06/2026 22:38:02,412872,2,.0278,,0,0,,,,,,,,,,,,,,,,,,,
01/06/2026 22:38:02,428221,0,0,,2,.0189,,,,,,,,,,,,,,,,,,,
01/06/2026 22:38:07,425897,1,.0089,,0,0,,,,,,,,,,,,,,,,,,,
01/06/2026 22:38:32,412872,3,.03,,1,.0106,,,,,,,,,,,,,,,,,,,
01/06/2026 22:38:32,428221,1,.0089,,2,.0167,,,,,,,,,,,,,,,,,,,
01/06/2026 22:38:37,425897,4,.0339,,0,0,,,,,,,,,,,,,,,,,,,
01/06/2026 22:39:02,412872,1,.01,,2,.0306,,,,,,,,,,,,,,,,,,,
01/06/2026 22:39:02,428221,2,.0189,,2,.0189,,,,,,,,,,,,,,,,,,,
01/06/2026 22:39:07,425897,4,.0339,,1,.0039,,,,,,,,,,,,,,,,,,,
01/06/2026 22:39:32,412872,2,.0217,,1,.0128,,,,,,,,,,,,,,,,,,,
01/06/2026 22:39:32,428221,0,0,,5,.0506,,,,,,,,,,,,,,,,,,,
01/06/2026 22:39:37,425897,0,0,,0,0,,,,,,,,,,,,,,,,,,,
01/06/2026 22:40:02,412872,1,.015,,2,.03,,,,,,,,,,,,,,,,,,,
01/06/2026 22:40:02,428221,0,0,,0,0,,,,,,,,,,,,,,,,,,,
01/06/2026 22:40:07,425897,2,.015,,1,.0078,,,,,,,,,,,,,,,,,,,
01/06/2026 22:40:32,412872,1,.0117,,1,.0139,,,,,,,,,,,,,,,,,,,
01/06/2026 22:40:32,428221,1,.0106,,0,0,,,,,,,,,,,,,,,,,,,
01/06/2026 22:40:37,425897,1,.0078,,0,0,,,,,,,,,,,,,,,,,,,
01/06/2026 22:41:02,412872,2,.03,,2,.0256,,,,,,,,,,,,,,,,,,,
01/06/2026 22:41:02,428221,3,.0328,,1,.01,,,,,,,,,,,,,,,,,,,
01/06/2026 22:41:07,425897,4,.04,,1,.0039,,,,,,,,,,,,,,,,,,,
01/06/2026 22:41:32,412872,0,0,,1,.015,,,,,,,,,,,,,,,,,,,
01/06/2026 22:41:32,428221,6,.075,,7,.0728,,,,,,,,,,,,,,,,,,,
01/06/2026 22:41:37,425897,2,.0167,,0,0,,,,,,,,,,,,,,,,,,,
01/06/2026 22:42:02,412872,1,.0128,,0,0,,,,,,,,,,,,,,,,,,,
01/06/2026 22:42:02,428221,0,0,,1,.0078,,,,,,,,,,,,,,,,,,,
01/06/2026 22:42:07,425897,0,0,,1,.0128,,,,,,,,,,,,,,,,,,,
01/06/2026 22:42:32,412872,0,0,,1,.0128,,,,,,,,,,,,,,,,,,,
01/06/2026 22:42:32,428221,0,0,,1,.0078,,,,,,,,,,,,,,,,,,,
01/06/2026 22:42:37,425897,5,.0428,,0,0,,,,,,,,,,,,,,,,,,,
01/06/2026 22:43:02,412872,1,.01,,1,.0117,,,,,,,,,,,,,,,,,,,
01/06/2026 22:43:02,428221,0,0,,0,0,,,,,,,,,,,,,,,,,,,
01/06/2026 22:43:07,425897,3,.0256,,1,.0089,,,,,,,,,,,,,,,,,,,
01/06/2026 22:43:32,412872,0,0,,0,0,,,,,,,,,,,,,,,,,,,
01/06/2026 22:43:32,428221,2,.0206,,2,.0167,,,,,,,,,,,,,,,,,,,
01/06/2026 22:43:37,425897,2,.0189,,0,0,,,,,,,,,,,,,,,,,,,
01/06/2026 22:44:02,412872,3,.0389,,0,.0139,,,,,,,,,,,,,,,,,,,
01/06/2026 22:44:02,428221,2,.02,,5,.0467,,,,,,,,,,,,,,,,,,,
01/06/2026 22:44:07,425897,2,.0178,,1,.0106,,,,,,,,,,,,,,,,,,,
01/06/2026 22:44:32,412872,1,.015,,4,.0478,,,,,,,,,,,,,,,,,,,
01/06/2026 22:44:32,428221,0,0,,0,0,,,,,,,,,,,,,,,,,,,
01/06/2026 22:44:37,425897,11,.0906,,0,0,,,,,,,,,,,,,,,,,,,
01/06/2026 22:45:02,412872,2,.025,,1,.0089,,,,,,,,,,,,,,,,,,,
01/06/2026 22:45:02,428221,4,.0378,,3,.025,,,,,,,,,,,,,,,,,,,
01/06/2026 22:45:07,425897,3,.0239,,1,.0078,,,,,,,,,,,,,,,,,,,
01/06/2026 22:45:32,412872,1,.0128,,2,.0206,,,,,,,,,,,,,,,,,,,
01/06/2026 22:45:32,428221,0,0,,1,.01,,,,,,,,,,,,,,,,,,,
01/06/2026 22:45:37,425897,3,.0267,,0,0,,,,,,,,,,,,,,,,,,,
01/06/2026 22:46:02,412872,2,.0217,,3,.0378,,,,,,,,,,,,,,,,,,,
01/06/2026 22:46:02,428221,3,.0328,,3,.0289,,,,,,,,,,,,,,,,,,,
01/06/2026 22:46:07,425897,2,.0206,,0,0,,,,,,,,,,,,,,,,,,,
01/06/2026 22:46:32,412872,0,0,,1,.02,,,,,,,,,,,,,,,,,,,
01/06/2026 22:46:32,428221,3,.0278,,2,.0228,,,,,,,,,,,,,,,,,,,
01/06/2026 22:46:37,425897,5,.0489,,1,.01,,,,,,,,,,,,,,,,,,,
01/06/2026 22:47:02,412872,0,0,,3,.0256,,,,,,,,,,,,,,,,,,,
01/06/2026 22:47:02,428221,0,0,,1,.0117,,,,,,,,,,,,,,,,,,,
01/06/2026 22:47:07,425897,1,.0117,,0,0,,,,,,,,,,,,,,,,,,,
01/06/2026 22:47:32,412872,0,0,,4,.0517,,,,,,,,,,,,,,,,,,,
01/06/2026 22:47:32,428221,0,0,,0,0,,,,,,,,,,,,,,,,,,,
01/06/2026 22:47:37,425897,3,.0256,,0,0,,,,,,,,,,,,,,,,,,,
01/06/2026 22:48:02,412872,2,.0217,,0,0,,,,,,,,,,,,,,,,,,,
01/06/2026 22:48:02,428221,1,.0056,,0,0,,,,,,,,,,,,,,,,,,,
01/06/2026 22:48:07,425897,1,.0078,,0,0,,,,,,,,,,,,,,,,,,,
01/06/2026 22:48:32,412872,1,.0139,,3,.0439,,,,,,,,,,,,,,,,,,,
01/06/2026 22:48:32,428221,3,.0306,,4,.045,,,,,,,,,,,,,,,,,,,
01/06/2026 22:48:37,425897,5,.0467,,1,.0039,,,,,,,,,,,,,,,,,,,
01/06/2026 22:49:02,412872,2,.025,,0,0,,,,,,,,,,,,,,,,,,,
01/06/2026 22:49:02,428221,2,.0539,,1,.0078,,,,,,,,,,,,,,,,,,,
01/06/2026 22:49:07,425897,2,.0178,,0,0,,,,,,,,,,,,,,,,,,,
01/06/2026 22:49:32,412872,1,.005,,2,.0228,,,,,,,,,,,,,,,,,,,
01/06/2026 22:49:32,428221,3,.0228,,2,.0139,,,,,,,,,,,,,,,,,,,
01/06/2026 22:49:37,425897,1,.01,,0,0,,,,,,,,,,,,,,,,,,,
01/06/2026 22:50:02,412872,0,0,,2,.0289,,,,,,,,,,,,,,,,,,,
01/06/2026 22:50:02,428221,0,0,,0,0,,,,,,,,,,,,,,,,,,,
01/06/2026 22:50:07,425897,0,0,,0,0,,,,,,,,,,,,,,,,,,,
01/06/2026 22:50:32,412872,1,.0106,,1,.0128,,,,,,,,,,,,,,,,,,,
01/06/2026 22:50:32,428221,0,0,,0,0,,,,,,,,,,,,,,,,,,,
01/06/2026 22:50:37,425897,6,.0556,,0,0,,,,,,,,,,,,,,,,,,,
01/06/2026 22:51:02,412872,0,0,,1,.0117,,,,,,,,,,,,,,,,,,,
01/06/2026 22:51:02,428221,0,0,,4,.0356,,,,,,,,,,,,,,,,,,,
01/06/2026 22:51:07,425897,2,.0167,,1,.0039,,,,,,,,,,,,,,,,,,,
01/06/2026 22:51:32,412872,0,0,,1,.0128,,,,,,,,,,,,,,,,,,,
01/06/2026 22:51:32,428221,5,.0539,,4,.0439,,,,,,,,,,,,,,,,,,,
01/06/2026 22:51:37,425897,4,.0378,,0,0,,,,,,,,,,,,,,,,,,,
01/06/2026 22:52:02,412872,0,0,,1,.0106,,,,,,,,,,,,,,,,,,,
01/06/2026 22:52:02,428221,0,0,,1,.01,,,,,,,,,,,,,,,,,,,
01/06/2026 22:52:07,425897,1,.0217,,1,.0128,,,,,,,,,,,,,,,,,,,
01/06/2026 22:52:32,412872,1,.0089,,3,.0317,,,,,,,,,,,,,,,,,,,
01/06/2026 22:52:32,428221,0,0,,2,.0178,,,,,,,,,,,,,,,,,,,
01/06/2026 22:52:37,425897,3,.0267,,0,0,,,,,,,,,,,,,,,,,,,
01/06/2026 22:53:02,412872,0,0,,2,.02,,,,,,,,,,,,,,,,,,,
01/06/2026 22:53:02,428221,0,0,,1,.0078,,,,,,,,,,,,,,,,,,,
01/06/2026 22:53:07,425897,3,.025,,0,0,,,,,,,,,,,,,,,,,,,
01/06/2026 22:53:32,412872,1,.0078,,1,.0089,,,,,,,,,,,,,,,,,,,
01/06/2026 22:53:32,428221,1,.0078,,1,.0056,,,,,,,,,,,,,,,,,,,
01/06/2026 22:53:37,425897,0,0,,0,0,,,,,,,,,,,,,,,,,,,
01/06/2026 22:54:02,412872,1,.0106,,3,.0378,,,,,,,,,,,,,,,,,,,
01/06/2026 22:54:02,428221,6,.0778,,4,.0378,,,,,,,,,,,,,,,,,,,
01/06/2026 22:54:07,425897,2,.0189,,0,0,,,,,,,,,,,,,,,,,,,
01/06/2026 22:54:32,412872,0,0,,0,0,,,,,,,,,,,,,,,,,,,
01/06/2026 22:54:32,428221,0,0,,0,0,,,,,,,,,,,,,,,,,,,
01/06/2026 22:54:37,425897,1,.0078,,0,0,,,,,,,,,,,,,,,,,,,
01/06/2026 22:55:02,412872,1,.01,,3,.0389,,,,,,,,,,,,,,,,,,,
01/06/2026 22:55:02,428221,2,.0128,,3,.0256,,,,,,,,,,,,,,,,,,,
01/06/2026 22:55:07,425897,2,.0167,,1,.0117,,,,,,,,,,,,,,,,,,,
01/06/2026 22:55:32,412872,1,.0117,,0,0,,,,,,,,,,,,,,,,,,,
01/06/2026 22:55:32,428221,0,0,,0,0,,,,,,,,,,,,,,,,,,,
01/06/2026 22:55:37,425897,1,.0089,,0,0,,,,,,,,,,,,,,,,,,,
01/06/2026 22:56:02,412872,0,0,,0,0,,,,,,,,,,,,,,,,,,,
01/06/2026 22:56:02,428221,0,0,,3,.0278,,,,,,,,,,,,,,,,,,,
01/06/2026 22:56:07,425897,1,.0289,,0,0,,,,,,,,,,,,,,,,,,,
01/06/2026 22:56:32,412872,0,0,,4,.05,,,,,,,,,,,,,,,,,,,
01/06/2026 22:56:32,428221,0,0,,0,0,,,,,,,,,,,,,,,,,,,
01/06/2026 22:56:37,425897,2,.015,,0,0,,,,,,,,,,,,,,,,,,,
01/06/2026 22:57:02,412872,1,.0128,,0,0,,,,,,,,,,,,,,,,,,,
01/06/2026 22:57:02,428221,0,0,,1,.0089,,,,,,,,,,,,,,,,,,,
01/06/2026 22:57:07,425897,2,.0167,,0,0,,,,,,,,,,,,,,,,,,,
01/06/2026 22:57:32,412872,2,.0178,,0,0,,,,,,,,,,,,,,,,,,,
01/06/2026 22:57:32,428221,0,0,,0,0,,,,,,,,,,,,,,,,,,,
01/06/2026 22:57:37,425897,3,.0278,,0,0,,,,,,,,,,,,,,,,,,,
01/06/2026 22:58:02,412872,1,.0117,,1,.0106,,,,,,,,,,,,,,,,,,,
01/06/2026 22:58:02,428221,6,.0639,,7,.0767,,,,,,,,,,,,,,,,,,,
01/06/2026 22:58:07,425897,3,.0339,,1,.0056,,,,,,,,,,,,,,,,,,,
01/06/2026 22:58:32,412872,1,.0139,,1,.0317,,,,,,,,,,,,,,,,,,,
01/06/2026 22:58:32,428221,0,0,,0,0,,,,,,,,,,,,,,,,,,,
01/06/2026 22:58:37,425897,3,.0228,,0,0,,,,,,,,,,,,,,,,,,,
01/06/2026 22:59:02,412872,0,0,,1,.0106,,,,,,,,,,,,,,,,,,,
01/06/2026 22:59:02,428221,3,.03,,3,.0256,,,,,,,,,,,,,,,,,,,
01/06/2026 22:59:07,425897,1,.0089,,1,.0106,,,,,,,,,,,,,,,,,,,
01/06/2026 22:59:32,412872,1,.01,,1,.0128,,,,,,,,,,,,,,,,,,,
01/06/2026 22:59:32,428221,3,.0328,,0,0,,,,,,,,,,,,,,,,,,,
01/06/2026 22:59:37,425897,0,0,,0,0,,,,,,,,,,,,,,,,,,,
01/06/2026 23:00:02,412872,0,0,,2,.0239,,,,,,,,,,,,,,,,,,,
01/06/2026 23:00:02,428221,0,0,,0,0,,,,,,,,,,,,,,,,,,,
01/06/2026 23:00:07,425897,0,0,,1,.0106,,,,,,,,,,,,,,,,,,,
01/06/2026 23:00:32,412872,0,0,,1,.015,,,,,,,,,,,,,,,,,,,
01/06/2026 23:00:32,428221,4,.0417,,4,.04,,,,,,,,,,,,,,,,,,,
01/06/2026 23:00:37,425897,0,0,,0,0,,,,,,,,,,,,,,,,,,,
01/06/2026 23:01:02,412872,1,.0106,,2,.0256,,,,,,,,,,,,,,,,,,,
01/06/2026 23:01:02,428221,1,.01,,2,.0139,,,,,,,,,,,,,,,,,,,
01/06/2026 23:01:07,425897,5,.0439,,0,0,,,,,,,,,,,,,,,,,,,
01/06/2026 23:01:32,412872,0,0,,3,.04,,,,,,,,,,,,,,,,,,,
01/06/2026 23:01:32,428221,2,.0228,,3,.0339,,,,,,,,,,,,,,,,,,,
01/06/2026 23:01:37,425897,0,0,,0,0,,,,,,,,,,,,,,,,,,,
01/06/2026 23:02:02,412872,1,.0117,,0,0,,,,,,,,,,,,,,,,,,,
01/06/2026 23:02:02,428221,0,0,,2,.0189,,,,,,,,,,,,,,,,,,,
01/06/2026 23:02:07,425897,3,.0217,,1,.0078,,,,,,,,,,,,,,,,,,,
01/06/2026 23:02:32,412872,1,.0106,,0,0,,,,,,,,,,,,,,,,,,,
01/06/2026 23:02:32,428221,0,0,,1,.01,,,,,,,,,,,,,,,,,,,
01/06/2026 23:02:37,425897,1,.01,,0,0,,,,,,,,,,,,,,,,,,,
01/06/2026 23:03:02,412872,0,0,,2,.0228,,,,,,,,,,,,,,,,,,,
01/06/2026 23:03:02,428221,1,.0056,,3,.03,,,,,,,,,,,,,,,,,,,
01/06/2026 23:03:07,425897,0,0,,1,.0117,,,,,,,,,,,,,,,,,,,
01/06/2026 23:03:32,412872,0,0,,1,.0139,,,,,,,,,,,,,,,,,,,
01/06/2026 23:03:32,428221,2,.0167,,0,0,,,,,,,,,,,,,,,,,,,
01/06/2026 23:03:37,425897,2,.0156,,0,0,,,,,,,,,,,,,,,,,,,
01/06/2026 23:04:02,412872,0,0,,1,.0156,,,,,,,,,,,,,,,,,,,
01/06/2026 23:04:02,428221,2,.02,,4,.04,,,,,,,,,,,,,,,,,,,
01/06/2026 23:04:07,425897,4,.035,,0,0,,,,,,,,,,,,,,,,,,,
01/06/2026 23:04:32,412872,1,.0117,,0,0,,,,,,,,,,,,,,,,,,,
01/06/2026 23:04:32,428221,1,.0089,,3,.0267,,,,,,,,,,,,,,,,,,,
01/06/2026 23:04:37,425897,2,.0189,,1,.0139,,,,,,,,,,,,,,,,,,,
01/06/2026 23:05:02,412872,1,.0189,,1,.0178,,,,,,,,,,,,,,,,,,,
01/06/2026 23:05:02,428221,0,0,,4,.0467,,,,,,,,,,,,,,,,,,,
01/06/2026 23:05:07,425897,0,0,,1,.0017,,,,,,,,,,,,,,,,,,,
01/06/2026 23:05:32,412872,1,.01,,1,.0089,,,,,,,,,,,,,,,,,,,
01/06/2026 23:05:32,428221,1,.0106,,3,.0306,,,,,,,,,,,,,,,,,,,
01/06/2026 23:05:37,425897,0,0,,2,.0228,,,,,,,,,,,,,,,,,,,
01/06/2026 23:06:02,412872,0,0,,1,.0106,,,,,,,,,,,,,,,,,,,
01/06/2026 23:06:02,428221,0,0,,0,0,,,,,,,,,,,,,,,,,,,
01/06/2026 23:06:07,425897,0,0,,0,0,,,,,,,,,,,,,,,,,,,
01/06/2026 23:06:32,412872,1,.0156,,1,.0128,,,,,,,,,,,,,,,,,,,
01/06/2026 23:06:32,428221,3,.035,,2,.045,,,,,,,,,,,,,,,,,,,
01/06/2026 23:06:37,425897,4,.03,,1,.0056,,,,,,,,,,,,,,,,,,,
01/06/2026 23:07:02,412872,0,0,,3,.035,,,,,,,,,,,,,,,,,,,
01/06/2026 23:07:02,428221,2,.0206,,1,.0117,,,,,,,,,,,,,,,,,,,
01/06/2026 23:07:07,425897,1,.0089,,0,0,,,,,,,,,,,,,,,,,,,
01/06/2026 23:07:32,412872,1,.0117,,2,.0267,,,,,,,,,,,,,,,,,,,
01/06/2026 23:07:32,428221,0,0,,2,.0139,,,,,,,,,,,,,,,,,,,
01/06/2026 23:07:37,425897,0,0,,0,0,,,,,,,,,,,,,,,,,,,
01/06/2026 23:08:02,412872,1,.0117,,1,.0128,,,,,,,,,,,,,,,,,,,
01/06/2026 23:08:02,428221,2,.0156,,0,0,,,,,,,,,,,,,,,,,,,
01/06/2026 23:08:07,425897,3,.0228,,2,.0178,,,,,,,,,,,,,,,,,,,
01/06/2026 23:08:32,412872,0,0,,0,0,,,,,,,,,,,,,,,,,,,
01/06/2026 23:08:32,428221,1,.0067,,1,.0039,,,,,,,,,,,,,,,,,,,
01/06/2026 23:08:37,425897,0,0,,0,0,,,,,,,,,,,,,,,,,,,
01/06/2026 23:09:02,412872,0,0,,2,.0256,,,,,,,,,,,,,,,,,,,
01/06/2026 23:09:02,428221,4,.0428,,5,.0467,,,,,,,,,,,,,,,,,,,
01/06/2026 23:09:07,425897,3,.0228,,0,0,,,,,,,,,,,,,,,,,,,
01/06/2026 23:09:32,412872,1,.0117,,1,.0117,,,,,,,,,,,,,,,,,,,
01/06/2026 23:09:32,428221,0,0,,1,.0078,,,,,,,,,,,,,,,,,,,
01/06/2026 23:09:37,425897,2,.0206,,0,0,,,,,,,,,,,,,,,,,,,
01/06/2026 23:10:02,412872,0,0,,1,.0139,,,,,,,,,,,,,,,,,,,
01/06/2026 23:10:02,428221,1,.0089,,2,.0156,,,,,,,,,,,,,,,,,,,
01/06/2026 23:10:07,425897,3,.03,,1,.0117,,,,,,,,,,,,,,,,,,,
01/06/2026 23:10:32,412872,0,0,,0,0,,,,,,,,,,,,,,,,,,,
01/06/2026 23:10:32,428221,3,.0228,,1,.0089,,,,,,,,,,,,,,,,,,,
01/06/2026 23:10:37,425897,1,.0078,,0,0,,,,,,,,,,,,,,,,,,,
01/06/2026 23:11:02,412872,1,.0128,,0,0,,,,,,,,,,,,,,,,,,,
01/06/2026 23:11:02,428221,2,.0178,,2,.0178,,,,,,,,,,,,,,,,,,,
01/06/2026 23:11:07,425897,3,.03,,1,.01,,,,,,,,,,,,,,,,,,,
01/06/2026 23:11:32,412872,0,0,,2,.0217,,,,,,,,,,,,,,,,,,,
01/06/2026 23:11:32,428221,0,0,,0,0,,,,,,,,,,,,,,,,,,,
01/06/2026 23:11:37,425897,4,.0339,,0,0,,,,,,,,,,,,,,,,,,,
01/06/2026 23:12:02,412872,0,0,,1,.01,,,,,,,,,,,,,,,,,,,
01/06/2026 23:12:02,428221,4,.0256,,3,.02,,,,,,,,,,,,,,,,,,,
01/06/2026 23:12:07,425897,1,.0089,,0,0,,,,,,,,,,,,,,,,,,,
01/06/2026 23:12:32,412872,0,0,,4,.0439,,,,,,,,,,,,,,,,,,,
01/06/2026 23:12:32,428221,1,.0117,,0,0,,,,,,,,,,,,,,,,,,,
01/06/2026 23:12:37,425897,1,.0078,,0,0,,,,,,,,,,,,,,,,,,,
01/06/2026 23:13:02,412872,0,0,,3,.0456,,,,,,,,,,,,,,,,,,,
01/06/2026 23:13:02,428221,2,.02,,2,.0189,,,,,,,,,,,,,,,,,,,
01/06/2026 23:13:07,425897,0,0,,1,.0139,,,,,,,,,,,,,,,,,,,
01/06/2026 23:13:32,412872,0,0,,0,0,,,,,,,,,,,,,,,,,,,
01/06/2026 23:13:32,428221,1,.0117,,0,0,,,,,,,,,,,,,,,,,,,
01/06/2026 23:13:37,425897,8,.0739,,0,0,,,,,,,,,,,,,,,,,,,
01/06/2026 23:14:02,412872,0,0,,0,0,,,,,,,,,,,,,,,,,,,
01/06/2026 23:14:02,428221,1,.01,,1,.0078,,,,,,,,,,,,,,,,,,,
01/06/2026 23:14:07,425897,1,.0067,,0,0,,,,,,,,,,,,,,,,,,,
01/06/2026 23:14:32,412872,0,0,,4,.055,,,,,,,,,,,,,,,,,,,
01/06/2026 23:14:32,428221,0,0,,2,.0156,,,,,,,,,,,,,,,,,,,
01/06/2026 23:14:37,425897,2,.0167,,0,0,,,,,,,,,,,,,,,,,,,
01/06/2026 23:15:02,412872,1,.0139,,0,0,,,,,,,,,,,,,,,,,,,
01/06/2026 23:15:02,428221,1,.0078,,1,.0089,,,,,,,,,,,,,,,,,,,
01/06/2026 23:15:07,425897,0,0,,0,0,,,,,,,,,,,,,,,,,,,
01/06/2026 23:15:32,412872,0,0,,2,.0289,,,,,,,,,,,,,,,,,,,
01/06/2026 23:15:32,428221,0,0,,1,.01,,,,,,,,,,,,,,,,,,,
01/06/2026 23:15:37,425897,0,0,,0,0,,,,,,,,,,,,,,,,,,,
01/06/2026 23:16:02,412872,1,.0139,,0,0,,,,,,,,,,,,,,,,,,,
01/06/2026 23:16:02,428221,0,0,,1,.0089,,,,,,,,,,,,,,,,,,,
01/06/2026 23:16:07,425897,7,.0628,,1,.005,,,,,,,,,,,,,,,,,,,
01/06/2026 23:16:32,412872,0,0,,1,.0117,,,,,,,,,,,,,,,,,,,
01/06/2026 23:16:32,428221,3,.035,,6,.06,,,,,,,,,,,,,,,,,,,
01/06/2026 23:16:37,425897,1,.0067,,0,0,,,,,,,,,,,,,,,,,,,
01/06/2026 23:17:02,412872,0,0,,0,0,,,,,,,,,,,,,,,,,,,
01/06/2026 23:17:02,428221,1,.0067,,2,.015,,,,,,,,,,,,,,,,,,,
01/06/2026 23:17:07,425897,1,.0078,,0,0,,,,,,,,,,,,,,,,,,,
01/06/2026 23:17:32,412872,0,0,,0,0,,,,,,,,,,,,,,,,,,,
01/06/2026 23:17:32,428221,0,0,,1,.0067,,,,,,,,,,,,,,,,,,,
01/06/2026 23:17:37,425897,1,.0089,,0,0,,,,,,,,,,,,,,,,,,,
01/06/2026 23:18:02,412872,1,.0117,,1,.01,,,,,,,,,,,,,,,,,,,
01/06/2026 23:18:02,428221,2,.0178,,0,0,,,,,,,,,,,,,,,,,,,
01/06/2026 23:18:07,425897,2,.0178,,0,0,,,,,,,,,,,,,,,,,,,
01/06/2026 23:18:32,412872,0,0,,0,0,,,,,,,,,,,,,,,,,,,
01/06/2026 23:18:32,428221,3,.03,,2,.0189,,,,,,,,,,,,,,,,,,,
01/06/2026 23:18:37,425897,1,.0089,,0,0,,,,,,,,,,,,,,,,,,,
01/06/2026 23:19:02,412872,1,.0117,,0,.0006,,,,,,,,,,,,,,,,,,,
01/06/2026 23:19:02,428221,2,.0228,,2,.0206,,,,,,,,,,,,,,,,,,,
01/06/2026 23:19:07,425897,5,.0439,,2,.0078,,,,,,,,,,,,,,,,,,,
01/06/2026 23:19:32,412872,0,0,,4,.0467,,,,,,,,,,,,,,,,,,,
01/06/2026 23:19:32,428221,0,0,,0,0,,,,,,,,,,,,,,,,,,,
01/06/2026 23:19:37,425897,2,.0189,,0,0,,,,,,,,,,,,,,,,,,,
01/06/2026 23:20:02,412872,1,.0128,,2,.0256,,,,,,,,,,,,,,,,,,,
01/06/2026 23:20:02,428221,0,0,,0,0,,,,,,,,,,,,,,,,,,,
01/06/2026 23:20:07,425897,1,.0067,,0,0,,,,,,,,,,,,,,,,,,,
01/06/2026 23:20:32,412872,0,0,,3,.0378,,,,,,,,,,,,,,,,,,,
01/06/2026 23:20:32,428221,0,0,,1,.01,,,,,,,,,,,,,,,,,,,
01/06/2026 23:20:37,425897,4,.03,,0,0,,,,,,,,,,,,,,,,,,,
01/06/2026 23:21:02,412872,1,.0139,,1,.01,,,,,,,,,,,,,,,,,,,
01/06/2026 23:21:02,428221,0,0,,3,.025,,,,,,,,,,,,,,,,,,,
01/06/2026 23:21:07,425897,1,.0067,,0,0,,,,,,,,,,,,,,,,,,,
01/06/2026 23:21:32,412872,2,.0206,,1,.0139,,,,,,,,,,,,,,,,,,,
01/06/2026 23:21:32,428221,6,.0639,,6,.0556,,,,,,,,,,,,,,,,,,,
01/06/2026 23:21:37,425897,0,0,,2,.02,,,,,,,,,,,,,,,,,,,
01/06/2026 23:22:02,412872,1,.0106,,2,.0267,,,,,,,,,,,,,,,,,,,
01/06/2026 23:22:02,428221,0,0,,0,0,,,,,,,,,,,,,,,,,,,
01/06/2026 23:22:07,425897,0,0,,1,.0106,,,,,,,,,,,,,,,,,,,
01/06/2026 23:22:32,412872,1,.0128,,1,.01,,,,,,,,,,,,,,,,,,,
01/06/2026 23:22:32,428221,0,0,,1,.0106,,,,,,,,,,,,,,,,,,,
01/06/2026 23:22:37,425897,3,.0267,,1,.0056,,,,,,,,,,,,,,,,,,,
01/06/2026 23:23:02,412872,0,0,,0,0,,,,,,,,,,,,,,,,,,,
01/06/2026 23:23:02,428221,0,0,,2,.0189,,,,,,,,,,,,,,,,,,,
01/06/2026 23:23:07,425897,1,.01,,0,0,,,,,,,,,,,,,,,,,,,
01/06/2026 23:23:32,412872,1,.0128,,1,.0139,,,,,,,,,,,,,,,,,,,
01/06/2026 23:23:32,428221,0,0,,1,.0089,,,,,,,,,,,,,,,,,,,
01/06/2026 23:23:37,425897,2,.0156,,1,.0078,,,,,,,,,,,,,,,,,,,
01/06/2026 23:24:02,412872,1,.0167,,0,0,,,,,,,,,,,,,,,,,,,
01/06/2026 23:24:02,428221,0,0,,0,0,,,,,,,,,,,,,,,,,,,
01/06/2026 23:24:07,425897,1,.0106,,0,0,,,,,,,,,,,,,,,,,,,
01/06/2026 23:24:32,412872,3,.0406,,0,0,,,,,,,,,,,,,,,,,,,
01/06/2026 23:24:32,428221,0,0,,1,.01,,,,,,,,,,,,,,,,,,,
01/06/2026 23:24:37,425897,2,.0206,,0,0,,,,,,,,,,,,,,,,,,,
01/06/2026 23:25:02,412872,2,.0189,,1,.0056,,,,,,,,,,,,,,,,,,,
01/06/2026 23:25:02,428221,0,0,,0,0,,,,,,,,,,,,,,,,,,,
01/06/2026 23:25:07,425897,1,.0089,,0,0,,,,,,,,,,,,,,,,,,,
01/06/2026 23:25:32,412872,2,.025,,4,.0456,,,,,,,,,,,,,,,,,,,
01/06/2026 23:25:32,428221,0,0,,2,.0178,,,,,,,,,,,,,,,,,,,
01/06/2026 23:25:37,425897,0,0,,0,0,,,,,,,,,,,,,,,,,,,
01/06/2026 23:26:02,412872,1,.01,,0,0,,,,,,,,,,,,,,,,,,,
01/06/2026 23:26:02,428221,1,.01,,1,.0089,,,,,,,,,,,,,,,,,,,
01/06/2026 23:26:07,425897,0,0,,0,0,,,,,,,,,,,,,,,,,,,
01/06/2026 23:26:32,412872,0,0,,0,0,,,,,,,,,,,,,,,,,,,
01/06/2026 23:26:32,428221,1,.0128,,1,.0089,,,,,,,,,,,,,,,,,,,
01/06/2026 23:26:37,425897,0,0,,0,0,,,,,,,,,,,,,,,,,,,
01/06/2026 23:27:02,412872,0,0,,1,.0139,,,,,,,,,,,,,,,,,,,
01/06/2026 23:27:02,428221,0,0,,0,0,,,,,,,,,,,,,,,,,,,
01/06/2026 23:27:07,425897,1,.0067,,0,0,,,,,,,,,,,,,,,,,,,
01/06/2026 23:27:32,412872,1,.0139,,1,.0139,,,,,,,,,,,,,,,,,,,
01/06/2026 23:27:32,428221,2,.0228,,0,0,,,,,,,,,,,,,,,,,,,
01/06/2026 23:27:37,425897,2,.0167,,0,0,,,,,,,,,,,,,,,,,,,
01/06/2026 23:28:02,412872,1,.01,,1,.0128,,,,,,,,,,,,,,,,,,,
01/06/2026 23:28:02,428221,0,0,,0,0,,,,,,,,,,,,,,,,,,,
01/06/2026 23:28:07,425897,2,.0128,,0,0,,,,,,,,,,,,,,,,,,,
01/06/2026 23:28:32,412872,0,0,,1,.0117,,,,,,,,,,,,,,,,,,,
01/06/2026 23:28:32,428221,0,0,,3,.0289,,,,,,,,,,,,,,,,,,,
01/06/2026 23:28:37,425897,1,.0089,,0,0,,,,,,,,,,,,,,,,,,,
01/06/2026 23:29:02,412872,0,0,,1,.0167,,,,,,,,,,,,,,,,,,,
01/06/2026 23:29:02,428221,1,.0117,,0,0,,,,,,,,,,,,,,,,,,,
01/06/2026 23:29:07,425897,1,.0089,,1,.01,,,,,,,,,,,,,,,,,,,
01/06/2026 23:29:32,412872,0,0,,2,.0339,,,,,,,,,,,,,,,,,,,
01/06/2026 23:29:32,428221,3,.0306,,1,.01,,,,,,,,,,,,,,,,,,,
01/06/2026 23:29:37,425897,0,0,,0,0,,,,,,,,,,,,,,,,,,,
01/06/2026 23:30:02,412872,3,.035,,1,.0056,,,,,,,,,,,,,,,,,,,
01/06/2026 23:30:02,428221,1,.01,,1,.0089,,,,,,,,,,,,,,,,,,,
01/06/2026 23:30:07,425897,2,.0189,,0,0,,,,,,,,,,,,,,,,,,,
01/06/2026 23:30:32,412872,1,.01,,1,.0128,,,,,,,,,,,,,,,,,,,
01/06/2026 23:30:32,428221,0,0,,0,0,,,,,,,,,,,,,,,,,,,
01/06/2026 23:30:37,425897,2,.0156,,1,.0128,,,,,,,,,,,,,,,,,,,
01/06/2026 23:31:02,412872,0,0,,2,.0256,,,,,,,,,,,,,,,,,,,
01/06/2026 23:31:02,428221,1,.0089,,1,.0139,,,,,,,,,,,,,,,,,,,
01/06/2026 23:31:07,425897,2,.0178,,0,0,,,,,,,,,,,,,,,,,,,
01/06/2026 23:31:32,412872,1,.0128,,3,.0406,,,,,,,,,,,,,,,,,,,
01/06/2026 23:31:32,428221,1,.0078,,1,.0039,,,,,,,,,,,,,,,,,,,
01/06/2026 23:31:37,425897,1,.0067,,1,.0089,,,,,,,,,,,,,,,,,,,
01/06/2026 23:32:02,412872,0,0,,0,0,,,,,,,,,,,,,,,,,,,
01/06/2026 23:32:02,428221,1,.0089,,0,0,,,,,,,,,,,,,,,,,,,
01/06/2026 23:32:07,425897,2,.0167,,1,.0039,,,,,,,,,,,,,,,,,,,
01/06/2026 23:32:32,412872,1,.0117,,0,0,,,,,,,,,,,,,,,,,,,
01/06/2026 23:32:32,428221,0,0,,1,.0067,,,,,,,,,,,,,,,,,,,
01/06/2026 23:32:37,425897,0,0,,0,0,,,,,,,,,,,,,,,,,,,
01/06/2026 23:33:02,412872,0,0,,0,0,,,,,,,,,,,,,,,,,,,
01/06/2026 23:33:02,428221,1,.0106,,0,0,,,,,,,,,,,,,,,,,,,
01/06/2026 23:33:07,425897,0,0,,0,0,,,,,,,,,,,,,,,,,,,
01/06/2026 23:33:32,412872,0,0,,1,.0128,,,,,,,,,,,,,,,,,,,
01/06/2026 23:33:32,428221,2,.0189,,2,.0167,,,,,,,,,,,,,,,,,,,
01/06/2026 23:33:37,425897,1,.01,,0,0,,,,,,,,,,,,,,,,,,,
01/06/2026 23:34:02,412872,0,0,,1,.0117,,,,,,,,,,,,,,,,,,,
01/06/2026 23:34:02,428221,0,0,,0,0,,,,,,,,,,,,,,,,,,,
01/06/2026 23:34:07,425897,2,.0189,,0,0,,,,,,,,,,,,,,,,,,,
01/06/2026 23:34:32,412872,0,0,,1,.0139,,,,,,,,,,,,,,,,,,,
01/06/2026 23:34:32,428221,3,.0489,,1,.01,,,,,,,,,,,,,,,,,,,
01/06/2026 23:34:37,425897,0,0,,0,0,,,,,,,,,,,,,,,,,,,
01/06/2026 23:35:02,412872,1,.0106,,2,.0228,,,,,,,,,,,,,,,,,,,
01/06/2026 23:35:02,428221,0,0,,0,0,,,,,,,,,,,,,,,,,,,
01/06/2026 23:35:07,425897,3,.0278,,1,.0039,,,,,,,,,,,,,,,,,,,
01/06/2026 23:35:32,412872,1,.0106,,3,.0378,,,,,,,,,,,,,,,,,,,
01/06/2026 23:35:32,428221,2,.0189,,2,.0178,,,,,,,,,,,,,,,,,,,
01/06/2026 23:35:37,425897,2,.0189,,0,0,,,,,,,,,,,,,,,,,,,
01/06/2026 23:36:02,412872,1,.0039,,1,.0106,,,,,,,,,,,,,,,,,,,
01/06/2026 23:36:02,428221,1,.01,,1,.0078,,,,,,,,,,,,,,,,,,,
01/06/2026 23:36:07,425897,1,.0078,,0,0,,,,,,,,,,,,,,,,,,,
01/06/2026 23:36:32,412872,0,0,,1,.0217,,,,,,,,,,,,,,,,,,,
01/06/2026 23:36:32,428221,0,0,,1,.0078,,,,,,,,,,,,,,,,,,,
01/06/2026 23:36:37,425897,1,.0067,,0,0,,,,,,,,,,,,,,,,,,,
01/06/2026 23:37:02,412872,0,0,,2,.0228,,,,,,,,,,,,,,,,,,,
01/06/2026 23:37:02,428221,1,.0089,,0,0,,,,,,,,,,,,,,,,,,,
01/06/2026 23:37:07,425897,3,.0239,,0,0,,,,,,,,,,,,,,,,,,,
01/06/2026 23:37:32,412872,0,0,,0,0,,,,,,,,,,,,,,,,,,,
01/06/2026 23:37:32,428221,0,0,,0,0,,,,,,,,,,,,,,,,,,,
01/06/2026 23:37:37,425897,3,.0256,,1,.0089,,,,,,,,,,,,,,,,,,,
01/06/2026 23:38:02,412872,0,0,,0,0,,,,,,,,,,,,,,,,,,,
01/06/2026 23:38:02,428221,0,0,,0,0,,,,,,,,,,,,,,,,,,,
01/06/2026 23:38:07,425897,1,.0067,,0,0,,,,,,,,,,,,,,,,,,,
01/06/2026 23:38:32,412872,1,.0128,,0,0,,,,,,,,,,,,,,,,,,,
01/06/2026 23:38:32,428221,3,.0317,,4,.0378,,,,,,,,,,,,,,,,,,,
01/06/2026 23:38:37,425897,0,0,,0,0,,,,,,,,,,,,,,,,,,,
01/06/2026 23:39:02,412872,0,0,,1,.0128,,,,,,,,,,,,,,,,,,,
01/06/2026 23:39:02,428221,0,0,,0,0,,,,,,,,,,,,,,,,,,,
01/06/2026 23:39:07,425897,1,.0089,,0,0,,,,,,,,,,,,,,,,,,,
01/06/2026 23:39:32,412872,0,0,,2,.0217,,,,,,,,,,,,,,,,,,,
01/06/2026 23:39:32,428221,1,.0067,,1,.0056,,,,,,,,,,,,,,,,,,,
01/06/2026 23:39:37,425897,3,.025,,0,0,,,,,,,,,,,,,,,,,,,
01/06/2026 23:40:02,412872,2,.0289,,7,.1078,,,,,,,,,,,,,,,,,,,
01/06/2026 23:40:02,428221,1,.0106,,1,.0139,,,,,,,,,,,,,,,,,,,
01/06/2026 23:40:07,425897,0,0,,0,0,,,,,,,,,,,,,,,,,,,
01/06/2026 23:40:32,412872,0,0,,0,0,,,,,,,,,,,,,,,,,,,
01/06/2026 23:40:32,428221,0,0,,1,.0078,,,,,,,,,,,,,,,,,,,
01/06/2026 23:40:37,425897,1,.0078,,0,0,,,,,,,,,,,,,,,,,,,
01/06/2026 23:41:02,412872,1,.0128,,4,.0389,,,,,,,,,,,,,,,,,,,
01/06/2026 23:41:02,428221,5,.0517,,3,.0606,,,,,,,,,,,,,,,,,,,
01/06/2026 23:41:07,425897,1,.0078,,0,0,,,,,,,,,,,,,,,,,,,
01/06/2026 23:41:32,412872,0,0,,0,0,,,,,,,,,,,,,,,,,,,
01/06/2026 23:41:32,428221,0,0,,0,0,,,,,,,,,,,,,,,,,,,
01/06/2026 23:41:37,425897,1,.0039,,1,.0067,,,,,,,,,,,,,,,,,,,
01/06/2026 23:42:02,412872,0,0,,2,.0239,,,,,,,,,,,,,,,,,,,
01/06/2026 23:42:02,428221,1,.01,,2,.0178,,,,,,,,,,,,,,,,,,,
01/06/2026 23:42:07,425897,2,.0128,,1,.0078,,,,,,,,,,,,,,,,,,,
01/06/2026 23:42:32,412872,1,.0117,,1,.0106,,,,,,,,,,,,,,,,,,,
01/06/2026 23:42:32,428221,1,.0106,,1,.0067,,,,,,,,,,,,,,,,,,,
01/06/2026 23:42:37,425897,0,0,,0,0,,,,,,,,,,,,,,,,,,,
01/06/2026 23:43:02,412872,0,0,,0,0,,,,,,,,,,,,,,,,,,,
01/06/2026 23:43:02,428221,1,.0056,,1,.0039,,,,,,,,,,,,,,,,,,,
01/06/2026 23:43:07,425897,3,.0267,,0,0,,,,,,,,,,,,,,,,,,,
01/06/2026 23:43:32,412872,1,.0117,,2,.0239,,,,,,,,,,,,,,,,,,,
01/06/2026 23:43:32,428221,3,.0256,,2,.0167,,,,,,,,,,,,,,,,,,,
01/06/2026 23:43:37,425897,2,.0167,,0,0,,,,,,,,,,,,,,,,,,,
01/06/2026 23:44:02,412872,0,0,,1,.0139,,,,,,,,,,,,,,,,,,,
01/06/2026 23:44:02,428221,0,0,,1,.0128,,,,,,,,,,,,,,,,,,,
01/06/2026 23:44:07,425897,1,.0056,,0,0,,,,,,,,,,,,,,,,,,,
01/06/2026 23:44:32,412872,0,0,,0,0,,,,,,,,,,,,,,,,,,,
01/06/2026 23:44:32,428221,0,0,,1,.01,,,,,,,,,,,,,,,,,,,
01/06/2026 23:44:37,425897,1,.0078,,0,0,,,,,,,,,,,,,,,,,,,
01/06/2026 23:45:02,412872,0,0,,1,.0139,,,,,,,,,,,,,,,,,,,
01/06/2026 23:45:02,428221,1,.01,,1,.0089,,,,,,,,,,,,,,,,,,,
01/06/2026 23:45:07,425897,1,.0067,,0,0,,,,,,,,,,,,,,,,,,,
01/06/2026 23:45:32,412872,2,.035,,1,.015,,,,,,,,,,,,,,,,,,,
01/06/2026 23:45:32,428221,1,.0106,,3,.025,,,,,,,,,,,,,,,,,,,
01/06/2026 23:45:37,425897,1,.0106,,0,0,,,,,,,,,,,,,,,,,,,
01/06/2026 23:46:02,412872,0,0,,0,0,,,,,,,,,,,,,,,,,,,
01/06/2026 23:46:02,428221,1,.0078,,0,0,,,,,,,,,,,,,,,,,,,
01/06/2026 23:46:07,425897,2,.0139,,0,0,,,,,,,,,,,,,,,,,,,
01/06/2026 23:46:32,412872,1,.01,,0,0,,,,,,,,,,,,,,,,,,,
01/06/2026 23:46:32,428221,0,0,,0,0,,,,,,,,,,,,,,,,,,,
01/06/2026 23:46:37,425897,1,.0067,,0,0,,,,,,,,,,,,,,,,,,,
01/06/2026 23:47:02,412872,0,0,,1,.0217,,,,,,,,,,,,,,,,,,,
01/06/2026 23:47:02,428221,0,0,,1,.0106,,,,,,,,,,,,,,,,,,,
01/06/2026 23:47:07,425897,1,.0056,,0,0,,,,,,,,,,,,,,,,,,,
01/06/2026 23:47:32,412872,0,0,,1,.0067,,,,,,,,,,,,,,,,,,,
01/06/2026 23:47:32,428221,0,0,,1,.0078,,,,,,,,,,,,,,,,,,,
01/06/2026 23:47:37,425897,0,0,,1,.0139,,,,,,,,,,,,,,,,,,,
01/06/2026 23:48:02,412872,0,0,,1,.0117,,,,,,,,,,,,,,,,,,,
01/06/2026 23:48:02,428221,0,0,,1,.01,,,,,,,,,,,,,,,,,,,
01/06/2026 23:48:07,425897,2,.0106,,1,.0089,,,,,,,,,,,,,,,,,,,
01/06/2026 23:48:32,412872,1,.0078,,1,.005,,,,,,,,,,,,,,,,,,,
01/06/2026 23:48:32,428221,1,.0089,,0,0,,,,,,,,,,,,,,,,,,,
01/06/2026 23:48:37,425897,1,.0067,,0,0,,,,,,,,,,,,,,,,,,,
01/06/2026 23:49:02,412872,1,.0117,,1,.0128,,,,,,,,,,,,,,,,,,,
01/06/2026 23:49:02,428221,1,.0039,,2,.0156,,,,,,,,,,,,,,,,,,,
01/06/2026 23:49:07,425897,0,0,,0,0,,,,,,,,,,,,,,,,,,,
01/06/2026 23:49:32,412872,0,0,,0,0,,,,,,,,,,,,,,,,,,,
01/06/2026 23:49:32,428221,0,0,,0,0,,,,,,,,,,,,,,,,,,,
01/06/2026 23:49:37,425897,1,.0078,,1,.0039,,,,,,,,,,,,,,,,,,,
01/06/2026 23:50:02,412872,3,.0328,,2,.0189,,,,,,,,,,,,,,,,,,,
01/06/2026 23:50:02,428221,2,.0178,,1,.0089,,,,,,,,,,,,,,,,,,,
01/06/2026 23:50:07,425897,3,.0289,,2,.0128,,,,,,,,,,,,,,,,,,,
01/06/2026 23:50:32,412872,0,0,,0,0,,,,,,,,,,,,,,,,,,,
01/06/2026 23:50:32,428221,0,0,,0,0,,,,,,,,,,,,,,,,,,,
01/06/2026 23:50:37,425897,0,0,,0,0,,,,,,,,,,,,,,,,,,,
01/06/2026 23:51:02,412872,0,0,,0,0,,,,,,,,,,,,,,,,,,,
01/06/2026 23:51:02,428221,2,.0206,,1,.01,,,,,,,,,,,,,,,,,,,
01/06/2026 23:51:07,425897,0,0,,0,0,,,,,,,,,,,,,,,,,,,
01/06/2026 23:51:32,412872,1,.0106,,0,0,,,,,,,,,,,,,,,,,,,
01/06/2026 23:51:32,428221,0,0,,1,.0078,,,,,,,,,,,,,,,,,,,
01/06/2026 23:51:37,425897,0,0,,0,0,,,,,,,,,,,,,,,,,,,
01/06/2026 23:52:02,412872,0,0,,0,0,,,,,,,,,,,,,,,,,,,
01/06/2026 23:52:02,428221,1,.0106,,1,.0078,,,,,,,,,,,,,,,,,,,
01/06/2026 23:52:07,425897,1,.0089,,1,.0039,,,,,,,,,,,,,,,,,,,
01/06/2026 23:52:32,412872,1,.0039,,1,.0128,,,,,,,,,,,,,,,,,,,
01/06/2026 23:52:32,428221,0,0,,0,0,,,,,,,,,,,,,,,,,,,
01/06/2026 23:52:37,425897,0,0,,0,0,,,,,,,,,,,,,,,,,,,
01/06/2026 23:53:02,412872,0,0,,0,0,,,,,,,,,,,,,,,,,,,
01/06/2026 23:53:02,428221,0,0,,0,0,,,,,,,,,,,,,,,,,,,
01/06/2026 23:53:07,425897,0,0,,0,0,,,,,,,,,,,,,,,,,,,
01/06/2026 23:53:32,412872,1,.01,,0,.0067,,,,,,,,,,,,,,,,,,,
01/06/2026 23:53:32,428221,1,.0156,,1,.0089,,,,,,,,,,,,,,,,,,,
01/06/2026 23:53:37,425897,0,0,,0,0,,,,,,,,,,,,,,,,,,,
01/06/2026 23:54:02,412872,0,0,,2,.0178,,,,,,,,,,,,,,,,,,,
01/06/2026 23:54:02,428221,1,.01,,3,.0289,,,,,,,,,,,,,,,,,,,
01/06/2026 23:54:07,425897,0,0,,0,0,,,,,,,,,,,,,,,,,,,
01/06/2026 23:54:32,412872,0,0,,1,.0139,,,,,,,,,,,,,,,,,,,
01/06/2026 23:54:32,428221,0,0,,0,0,,,,,,,,,,,,,,,,,,,
01/06/2026 23:54:37,425897,0,0,,1,.0128,,,,,,,,,,,,,,,,,,,
01/06/2026 23:55:02,412872,1,.0089,,0,0,,,,,,,,,,,,,,,,,,,
01/06/2026 23:55:02,428221,1,.0117,,0,0,,,,,,,,,,,,,,,,,,,
01/06/2026 23:55:07,425897,2,.0139,,0,0,,,,,,,,,,,,,,,,,,,
01/06/2026 23:55:32,412872,1,.0128,,0,0,,,,,,,,,,,,,,,,,,,
01/06/2026 23:55:32,428221,2,.0289,,1,.0128,,,,,,,,,,,,,,,,,,,
01/06/2026 23:55:37,425897,0,0,,0,0,,,,,,,,,,,,,,,,,,,
01/06/2026 23:56:02,412872,0,0,,1,.015,,,,,,,,,,,,,,,,,,,
01/06/2026 23:56:02,428221,0,0,,1,.01,,,,,,,,,,,,,,,,,,,
01/06/2026 23:56:07,425897,1,.0078,,0,0,,,,,,,,,,,,,,,,,,,
01/06/2026 23:56:32,412872,1,.01,,0,0,,,,,,,,,,,,,,,,,,,
01/06/2026 23:56:32,428221,0,0,,0,0,,,,,,,,,,,,,,,,,,,
01/06/2026 23:56:37,425897,5,.0406,,1,.0078,,,,,,,,,,,,,,,,,,,
01/06/2026 23:57:02,412872,3,.0317,,2,.02,,,,,,,,,,,,,,,,,,,
01/06/2026 23:57:02,428221,1,.0089,,1,.0106,,,,,,,,,,,,,,,,,,,
01/06/2026 23:57:07,425897,2,.015,,2,.0156,,,,,,,,,,,,,,,,,,,
01/06/2026 23:57:32,412872,1,.0106,,2,.0317,,,,,,,,,,,,,,,,,,,
01/06/2026 23:57:32,428221,0,0,,1,.0078,,,,,,,,,,,,,,,,,,,
01/06/2026 23:57:37,425897,1,.0067,,0,0,,,,,,,,,,,,,,,,,,,
01/06/2026 23:58:02,412872,0,0,,0,0,,,,,,,,,,,,,,,,,,,
01/06/2026 23:58:02,428221,1,.0089,,1,.01,,,,,,,,,,,,,,,,,,,
01/06/2026 23:58:07,425897,1,.0056,,0,0,,,,,,,,,,,,,,,,,,,
01/06/2026 23:58:32,412872,0,0,,0,0,,,,,,,,,,,,,,,,,,,
01/06/2026 23:58:32,428221,1,.0117,,2,.0189,,,,,,,,,,,,,,,,,,,
01/06/2026 23:58:37,425897,1,.0089,,0,0,,,,,,,,,,,,,,,,,,,
01/06/2026 23:59:02,412872,0,0,,1,.0567,,,,,,,,,,,,,,,,,,,
01/06/2026 23:59:02,428221,0,0,,2,.02,,,,,,,,,,,,,,,,,,,
01/06/2026 23:59:07,425897,2,.0167,,0,0,,,,,,,,,,,,,,,,,,,
01/06/2026 23:59:32,412872,1,.0078,,1,.01,,,,,,,,,,,,,,,,,,,
01/06/2026 23:59:32,428221,1,.01,,0,0,,,,,,,,,,,,,,,,,,,
01/06/2026 23:59:37,425897,0,0,,0,0,,,,,,,,,,,,,,,,,,,
