01/06/2026 00:00:18,424043,0,0,,0,0,,,,,,,,,,,,,,,,,,,
01/06/2026 00:00:48,424043,0,0,,0,0,,,,,,,,,,,,,,,,,,,
01/06/2026 00:01:18,424043,0,0,,0,0,,,,,,,,,,,,,,,,,,,
01/06/2026 00:01:48,424043,0,0,,0,0,,,,,,,,,,,,,,,,,,,
01/06/2026 00:02:18,424043,0,0,,0,0,,,,,,,,,,,,,,,,,,,
01/06/2026 00:02:48,424043,0,0,,0,0,,,,,,,,,,,,,,,,,,,
01/06/2026 00:03:18,424043,0,0,,0,0,,,,,,,,,,,,,,,,,,,
01/06/2026 00:03:48,424043,0,0,,0,0,,,,,,,,,,,,,,,,,,,
01/06/2026 00:04:18,424043,0,0,,0,0,,,,,,,,,,,,,,,,,,,
01/06/2026 00:04:48,424043,0,0,,0,0,,,,,,,,,,,,,,,,,,,
01/06/2026 00:05:18,424043,0,0,,0,0,,,,,,,,,,,,,,,,,,,
01/06/2026 00:05:48,424043,0,0,,0,0,,,,,,,,,,,,,,,,,,,
01/06/2026 00:06:18,424043,0,0,,0,0,,,,,,,,,,,,,,,,,,,
01/06/2026 00:06:48,424043,0,0,,0,0,,,,,,,,,,,,,,,,,,,
01/06/2026 00:07:18,424043,0,0,,0,0,,,,,,,,,,,,,,,,,,,
01/06/2026 00:07:48,424043,0,0,,0,0,,,,,,,,,,,,,,,,,,,
01/06/2026 00:08:18,424043,0,0,,0,0,,,,,,,,,,,,,,,,,,,
01/06/2026 00:08:48,424043,0,0,,0,0,,,,,,,,,,,,,,,,,,,
01/06/2026 00:09:18,424043,0,0,,0,0,,,,,,,,,,,,,,,,,,,
01/06/2026 00:09:48,424043,0,0,,0,0,,,,,,,,,,,,,,,,,,,
01/06/2026 00:10:18,424043,0,0,,0,0,,,,,,,,,,,,,,,,,,,
01/06/2026 00:10:48,424043,0,0,,0,0,,,,,,,,,,,,,,,,,,,
01/06/2026 00:11:18,424043,0,0,,0,0,,,,,,,,,,,,,,,,,,,
01/06/2026 00:11:48,424043,0,0,,0,0,,,,,,,,,,,,,,,,,,,
01/06/2026 00:12:18,424043,0,0,,0,0,,,,,,,,,,,,,,,,,,,
01/06/2026 00:12:48,424043,0,0,,0,0,,,,,,,,,,,,,,,,,,,
01/06/2026 00:13:18,424043,0,0,,0,0,,,,,,,,,,,,,,,,,,,
01/06/2026 00:13:48,424043,0,0,,0,0,,,,,,,,,,,,,,,,,,,
01/06/2026 00:14:18,424043,0,0,,0,0,,,,,,,,,,,,,,,,,,,
01/06/2026 00:14:48,424043,0,0,,0,0,,,,,,,,,,,,,,,,,,,
01/06/2026 00:15:18,424043,0,0,,0,0,,,,,,,,,,,,,,,,,,,
01/06/2026 00:15:48,424043,0,0,,0,0,,,,,,,,,,,,,,,,,,,
01/06/2026 00:16:18,424043,0,0,,0,0,,,,,,,,,,,,,,,,,,,
01/06/2026 00:16:48,424043,0,0,,0,0,,,,,,,,,,,,,,,,,,,
01/06/2026 00:17:18,424043,0,0,,0,0,,,,,,,,,,,,,,,,,,,
01/06/2026 00:17:48,424043,0,0,,0,0,,,,,,,,,,,,,,,,,,,
01/06/2026 00:18:18,424043,0,0,,0,0,,,,,,,,,,,,,,,,,,,
01/06/2026 00:18:48,424043,0,0,,0,0,,,,,,,,,,,,,,,,,,,
01/06/2026 00:19:18,424043,0,0,,0,0,,,,,,,,,,,,,,,,,,,
01/06/2026 00:19:48,424043,0,0,,0,0,,,,,,,,,,,,,,,,,,,
01/06/2026 00:20:18,424043,0,0,,0,0,,,,,,,,,,,,,,,,,,,
01/06/2026 00:20:48,424043,0,0,,0,0,,,,,,,,,,,,,,,,,,,
01/06/2026 00:21:18,424043,0,0,,0,0,,,,,,,,,,,,,,,,,,,
01/06/2026 00:21:48,424043,0,0,,0,0,,,,,,,,,,,,,,,,,,,
01/06/2026 00:22:18,424043,0,0,,0,0,,,,,,,,,,,,,,,,,,,
01/06/2026 00:22:48,424043,0,0,,0,0,,,,,,,,,,,,,,,,,,,
01/06/2026 00:23:18,424043,0,0,,0,0,,,,,,,,,,,,,,,,,,,
01/06/2026 00:23:48,424043,0,0,,0,0,,,,,,,,,,,,,,,,,,,
01/06/2026 00:24:18,424043,0,0,,0,0,,,,,,,,,,,,,,,,,,,
01/06/2026 00:24:48,424043,0,0,,0,0,,,,,,,,,,,,,,,,,,,
01/06/2026 00:25:18,424043,0,0,,0,0,,,,,,,,,,,,,,,,,,,
01/06/2026 00:25:48,424043,0,0,,0,0,,,,,,,,,,,,,,,,,,,
01/06/2026 00:26:18,424043,0,0,,0,0,,,,,,,,,,,,,,,,,,,
01/06/2026 00:26:48,424043,0,0,,0,0,,,,,,,,,,,,,,,,,,,
01/06/2026 00:27:18,424043,0,0,,0,0,,,,,,,,,,,,,,,,,,,
01/06/2026 00:27:48,424043,0,0,,0,0,,,,,,,,,,,,,,,,,,,
01/06/2026 00:28:18,424043,0,0,,0,0,,,,,,,,,,,,,,,,,,,
01/06/2026 00:28:48,424043,0,0,,0,0,,,,,,,,,,,,,,,,,,,
01/06/2026 00:29:18,424043,0,0,,0,0,,,,,,,,,,,,,,,,,,,
01/06/2026 00:29:48,424043,0,0,,0,0,,,,,,,,,,,,,,,,,,,
01/06/2026 00:30:18,424043,0,0,,0,0,,,,,,,,,,,,,,,,,,,
01/06/2026 00:30:48,424043,0,0,,0,0,,,,,,,,,,,,,,,,,,,
01/06/2026 00:31:18,424043,0,0,,0,0,,,,,,,,,,,,,,,,,,,
01/06/2026 00:31:48,424043,0,0,,0,0,,,,,,,,,,,,,,,,,,,
01/06/2026 00:32:18,424043,0,0,,0,0,,,,,,,,,,,,,,,,,,,
01/06/2026 00:32:48,424043,0,0,,0,0,,,,,,,,,,,,,,,,,,,
01/06/2026 00:33:18,424043,0,0,,0,0,,,,,,,,,,,,,,,,,,,
01/06/2026 00:33:48,424043,0,0,,0,0,,,,,,,,,,,,,,,,,,,
01/06/2026 00:34:18,424043,0,0,,0,0,,,,,,,,,,,,,,,,,,,
01/06/2026 00:34:48,424043,0,0,,0,0,,,,,,,,,,,,,,,,,,,
01/06/2026 00:35:18,424043,0,0,,0,0,,,,,,,,,,,,,,,,,,,
01/06/2026 00:35:48,424043,0,0,,0,0,,,,,,,,,,,,,,,,,,,
01/06/2026 00:36:18,424043,0,0,,0,0,,,,,,,,,,,,,,,,,,,
01/06/2026 00:36:48,424043,0,0,,0,0,,,,,,,,,,,,,,,,,,,
01/06/2026 00:37:18,424043,0,0,,0,0,,,,,,,,,,,,,,,,,,,
01/06/2026 00:37:48,424043,0,0,,0,0,,,,,,,,,,,,,,,,,,,
01/06/2026 00:38:18,424043,0,0,,0,0,,,,,,,,,,,,,,,,,,,
01/06/2026 00:38:48,424043,0,0,,0,0,,,,,,,,,,,,,,,,,,,
01/06/2026 00:39:18,424043,0,0,,0,0,,,,,,,,,,,,,,,,,,,
01/06/2026 00:39:48,424043,0,0,,0,0,,,,,,,,,,,,,,,,,,,
01/06/2026 00:40:18,424043,0,0,,0,0,,,,,,,,,,,,,,,,,,,
01/06/2026 00:40:48,424043,0,0,,0,0,,,,,,,,,,,,,,,,,,,
01/06/2026 00:41:18,424043,0,0,,0,0,,,,,,,,,,,,,,,,,,,
01/06/2026 00:41:48,424043,0,0,,0,0,,,,,,,,,,,,,,,,,,,
01/06/2026 00:42:18,424043,0,0,,0,0,,,,,,,,,,,,,,,,,,,
01/06/2026 00:42:48,424043,0,0,,0,0,,,,,,,,,,,,,,,,,,,
01/06/2026 00:43:18,424043,0,0,,0,0,,,,,,,,,,,,,,,,,,,
01/06/2026 00:43:48,424043,0,0,,0,0,,,,,,,,,,,,,,,,,,,
01/06/2026 00:44:18,424043,0,0,,0,0,,,,,,,,,,,,,,,,,,,
01/06/2026 00:44:48,424043,0,0,,0,0,,,,,,,,,,,,,,,,,,,
01/06/2026 00:45:18,424043,0,0,,0,0,,,,,,,,,,,,,,,,,,,
01/06/2026 00:45:48,424043,0,0,,0,0,,,,,,,,,,,,,,,,,,,
01/06/2026 00:46:18,424043,0,0,,0,0,,,,,,,,,,,,,,,,,,,
01/06/2026 00:46:48,424043,0,0,,0,0,,,,,,,,,,,,,,,,,,,
01/06/2026 00:47:18,424043,0,0,,0,0,,,,,,,,,,,,,,,,,,,
01/06/2026 00:47:48,424043,0,0,,0,0,,,,,,,,,,,,,,,,,,,
01/06/2026 00:48:18,424043,0,0,,0,0,,,,,,,,,,,,,,,,,,,
01/06/2026 00:48:48,424043,0,0,,0,0,,,,,,,,,,,,,,,,,,,
01/06/2026 00:49:18,424043,0,0,,0,0,,,,,,,,,,,,,,,,,,,
01/06/2026 00:49:48,424043,0,0,,0,0,,,,,,,,,,,,,,,,,,,
01/06/2026 00:50:18,424043,0,0,,0,0,,,,,,,,,,,,,,,,,,,
01/06/2026 00:50:48,424043,0,0,,0,0,,,,,,,,,,,,,,,,,,,
01/06/2026 00:51:18,424043,0,0,,0,0,,,,,,,,,,,,,,,,,,,
01/06/2026 00:51:48,424043,0,0,,0,0,,,,,,,,,,,,,,,,,,,
01/06/2026 00:52:18,424043,0,0,,0,0,,,,,,,,,,,,,,,,,,,
01/06/2026 00:52:48,424043,0,0,,0,0,,,,,,,,,,,,,,,,,,,
01/06/2026 00:53:18,424043,0,0,,0,0,,,,,,,,,,,,,,,,,,,
01/06/2026 00:53:48,424043,0,0,,0,0,,,,,,,,,,,,,,,,,,,
01/06/2026 00:54:18,424043,0,0,,0,0,,,,,,,,,,,,,,,,,,,
01/06/2026 00:54:48,424043,0,0,,0,0,,,,,,,,,,,,,,,,,,,
01/06/2026 00:55:18,424043,0,0,,0,0,,,,,,,,,,,,,,,,,,,
01/06/2026 00:55:48,424043,0,0,,0,0,,,,,,,,,,,,,,,,,,,
01/06/2026 00:56:18,424043,0,0,,0,0,,,,,,,,,,,,,,,,,,,
01/06/2026 00:56:48,424043,0,0,,0,0,,,,,,,,,,,,,,,,,,,
01/06/2026 00:57:18,424043,0,0,,0,0,,,,,,,,,,,,,,,,,,,
01/06/2026 00:57:48,424043,0,0,,0,0,,,,,,,,,,,,,,,,,,,
01/06/2026 00:58:18,424043,0,0,,0,0,,,,,,,,,,,,,,,,,,,
01/06/2026 00:58:48,424043,0,0,,0,0,,,,,,,,,,,,,,,,,,,
01/06/2026 00:59:18,424043,0,0,,0,0,,,,,,,,,,,,,,,,,,,
01/06/2026 00:59:48,424043,0,0,,0,0,,,,,,,,,,,,,,,,,,,
01/06/2026 01:00:18,424043,0,0,,0,0,,,,,,,,,,,,,,,,,,,
01/06/2026 01:00:48,424043,0,0,,0,0,,,,,,,,,,,,,,,,,,,
01/06/2026 01:01:18,424043,0,0,,0,0,,,,,,,,,,,,,,,,,,,
01/06/2026 01:01:48,424043,0,0,,0,0,,,,,,,,,,,,,,,,,,,
01/06/2026 01:02:18,424043,0,0,,0,0,,,,,,,,,,,,,,,,,,,
01/06/2026 01:02:48,424043,0,0,,0,0,,,,,,,,,,,,,,,,,,,
01/06/2026 01:03:18,424043,0,0,,0,0,,,,,,,,,,,,,,,,,,,
01/06/2026 01:03:48,424043,0,0,,0,0,,,,,,,,,,,,,,,,,,,
01/06/2026 01:04:18,424043,0,0,,0,0,,,,,,,,,,,,,,,,,,,
01/06/2026 01:04:48,424043,0,0,,0,0,,,,,,,,,,,,,,,,,,,
01/06/2026 01:05:18,424043,0,0,,0,0,,,,,,,,,,,,,,,,,,,
01/06/2026 01:05:48,424043,0,0,,0,0,,,,,,,,,,,,,,,,,,,
01/06/2026 01:06:18,424043,0,0,,0,0,,,,,,,,,,,,,,,,,,,
01/06/2026 01:06:48,424043,0,0,,0,0,,,,,,,,,,,,,,,,,,,
01/06/2026 01:07:18,424043,0,0,,0,0,,,,,,,,,,,,,,,,,,,
01/06/2026 01:07:48,424043,0,0,,0,0,,,,,,,,,,,,,,,,,,,
01/06/2026 01:08:18,424043,0,0,,0,0,,,,,,,,,,,,,,,,,,,
01/06/2026 01:08:48,424043,0,0,,0,0,,,,,,,,,,,,,,,,,,,
01/06/2026 01:09:18,424043,0,0,,0,0,,,,,,,,,,,,,,,,,,,
01/06/2026 01:09:48,424043,0,0,,0,0,,,,,,,,,,,,,,,,,,,
01/06/2026 01:10:18,424043,0,0,,0,0,,,,,,,,,,,,,,,,,,,
01/06/2026 01:10:48,424043,0,0,,0,0,,,,,,,,,,,,,,,,,,,
01/06/2026 01:11:18,424043,0,0,,0,0,,,,,,,,,,,,,,,,,,,
01/06/2026 01:11:48,424043,0,0,,0,0,,,,,,,,,,,,,,,,,,,
01/06/2026 01:12:18,424043,0,0,,0,0,,,,,,,,,,,,,,,,,,,
01/06/2026 01:12:48,424043,0,0,,0,0,,,,,,,,,,,,,,,,,,,
01/06/2026 01:13:18,424043,0,0,,0,0,,,,,,,,,,,,,,,,,,,
01/06/2026 01:13:48,424043,0,0,,0,0,,,,,,,,,,,,,,,,,,,
01/06/2026 01:14:18,424043,0,0,,0,0,,,,,,,,,,,,,,,,,,,
01/06/2026 01:14:48,424043,0,0,,0,0,,,,,,,,,,,,,,,,,,,
01/06/2026 01:15:18,424043,0,0,,0,0,,,,,,,,,,,,,,,,,,,
01/06/2026 01:15:48,424043,0,0,,0,0,,,,,,,,,,,,,,,,,,,
01/06/2026 01:16:18,424043,0,0,,0,0,,,,,,,,,,,,,,,,,,,
01/06/2026 01:16:48,424043,0,0,,0,0,,,,,,,,,,,,,,,,,,,
01/06/2026 01:17:18,424043,0,0,,0,0,,,,,,,,,,,,,,,,,,,
01/06/2026 01:17:48,424043,0,0,,0,0,,,,,,,,,,,,,,,,,,,
01/06/2026 01:18:18,424043,0,0,,0,0,,,,,,,,,,,,,,,,,,,
01/06/2026 01:18:48,424043,0,0,,0,0,,,,,,,,,,,,,,,,,,,
01/06/2026 01:19:18,424043,0,0,,0,0,,,,,,,,,,,,,,,,,,,
01/06/2026 01:19:48,424043,0,0,,0,0,,,,,,,,,,,,,,,,,,,
01/06/2026 01:20:18,424043,0,0,,0,0,,,,,,,,,,,,,,,,,,,
01/06/2026 01:20:48,424043,0,0,,0,0,,,,,,,,,,,,,,,,,,,
01/06/2026 01:21:18,424043,0,0,,0,0,,,,,,,,,,,,,,,,,,,
01/06/2026 01:21:48,424043,0,0,,0,0,,,,,,,,,,,,,,,,,,,
01/06/2026 01:22:18,424043,0,0,,0,0,,,,,,,,,,,,,,,,,,,
01/06/2026 01:22:48,424043,0,0,,0,0,,,,,,,,,,,,,,,,,,,
01/06/2026 01:23:18,424043,0,0,,0,0,,,,,,,,,,,,,,,,,,,
01/06/2026 01:23:48,424043,0,0,,0,0,,,,,,,,,,,,,,,,,,,
01/06/2026 01:24:18,424043,0,0,,0,0,,,,,,,,,,,,,,,,,,,
01/06/2026 01:24:48,424043,0,0,,0,0,,,,,,,,,,,,,,,,,,,
01/06/2026 01:25:18,424043,0,0,,0,0,,,,,,,,,,,,,,,,,,,
01/06/2026 01:25:48,424043,0,0,,0,0,,,,,,,,,,,,,,,,,,,
01/06/2026 01:26:18,424043,0,0,,0,0,,,,,,,,,,,,,,,,,,,
01/06/2026 01:26:48,424043,0,0,,0,0,,,,,,,,,,,,,,,,,,,
01/06/2026 01:27:18,424043,0,0,,0,0,,,,,,,,,,,,,,,,,,,
01/06/2026 01:27:48,424043,0,0,,0,0,,,,,,,,,,,,,,,,,,,
01/06/2026 01:28:18,424043,0,0,,0,0,,,,,,,,,,,,,,,,,,,
01/06/2026 01:28:48,424043,0,0,,0,0,,,,,,,,,,,,,,,,,,,
01/06/2026 01:29:18,424043,0,0,,0,0,,,,,,,,,,,,,,,,,,,
01/06/2026 01:29:48,424043,0,0,,0,0,,,,,,,,,,,,,,,,,,,
01/06/2026 01:30:18,424043,0,0,,0,0,,,,,,,,,,,,,,,,,,,
01/06/2026 01:30:48,424043,0,0,,0,0,,,,,,,,,,,,,,,,,,,
01/06/2026 01:31:18,424043,0,0,,0,0,,,,,,,,,,,,,,,,,,,
01/06/2026 01:31:48,424043,0,0,,0,0,,,,,,,,,,,,,,,,,,,
01/06/2026 01:32:18,424043,0,0,,0,0,,,,,,,,,,,,,,,,,,,
01/06/2026 01:32:48,424043,0,0,,0,0,,,,,,,,,,,,,,,,,,,
01/06/2026 01:33:18,424043,0,0,,0,0,,,,,,,,,,,,,,,,,,,
01/06/2026 01:33:48,424043,0,0,,0,0,,,,,,,,,,,,,,,,,,,
01/06/2026 01:34:18,424043,0,0,,0,0,,,,,,,,,,,,,,,,,,,
01/06/2026 01:34:48,424043,0,0,,0,0,,,,,,,,,,,,,,,,,,,
01/06/2026 01:35:18,424043,0,0,,0,0,,,,,,,,,,,,,,,,,,,
01/06/2026 01:35:48,424043,0,0,,0,0,,,,,,,,,,,,,,,,,,,
01/06/2026 01:36:18,424043,0,0,,0,0,,,,,,,,,,,,,,,,,,,
01/06/2026 01:36:48,424043,0,0,,0,0,,,,,,,,,,,,,,,,,,,
01/06/2026 01:37:18,424043,0,0,,0,0,,,,,,,,,,,,,,,,,,,
01/06/2026 01:37:48,424043,0,0,,0,0,,,,,,,,,,,,,,,,,,,
01/06/2026 01:38:18,424043,0,0,,0,0,,,,,,,,,,,,,,,,,,,
01/06/2026 01:38:48,424043,0,0,,0,0,,,,,,,,,,,,,,,,,,,
01/06/2026 01:39:18,424043,0,0,,0,0,,,,,,,,,,,,,,,,,,,
01/06/2026 01:39:48,424043,0,0,,0,0,,,,,,,,,,,,,,,,,,,
01/06/2026 01:40:18,424043,0,0,,0,0,,,,,,,,,,,,,,,,,,,
01/06/2026 01:40:48,424043,0,0,,0,0,,,,,,,,,,,,,,,,,,,
01/06/2026 01:41:18,424043,0,0,,0,0,,,,,,,,,,,,,,,,,,,
01/06/2026 01:41:48,424043,0,0,,0,0,,,,,,,,,,,,,,,,,,,
01/06/2026 01:42:18,424043,0,0,,0,0,,,,,,,,,,,,,,,,,,,
01/06/2026 01:42:48,424043,0,0,,0,0,,,,,,,,,,,,,,,,,,,
01/06/2026 01:43:18,424043,0,0,,0,0,,,,,,,,,,,,,,,,,,,
01/06/2026 01:43:48,424043,0,0,,0,0,,,,,,,,,,,,,,,,,,,
01/06/2026 01:44:18,424043,0,0,,0,0,,,,,,,,,,,,,,,,,,,
01/06/2026 01:44:48,424043,0,0,,0,0,,,,,,,,,,,,,,,,,,,
01/06/2026 01:45:18,424043,0,0,,0,0,,,,,,,,,,,,,,,,,,,
01/06/2026 01:45:48,424043,0,0,,0,0,,,,,,,,,,,,,,,,,,,
01/06/2026 01:46:18,424043,0,0,,0,0,,,,,,,,,,,,,,,,,,,
01/06/2026 01:46:48,424043,0,0,,0,0,,,,,,,,,,,,,,,,,,,
01/06/2026 01:47:18,424043,0,0,,0,0,,,,,,,,,,,,,,,,,,,
01/06/2026 01:47:48,424043,0,0,,0,0,,,,,,,,,,,,,,,,,,,
01/06/2026 01:48:18,424043,0,0,,0,0,,,,,,,,,,,,,,,,,,,
01/06/2026 01:48:48,424043,0,0,,0,0,,,,,,,,,,,,,,,,,,,
01/06/2026 01:49:18,424043,0,0,,0,0,,,,,,,,,,,,,,,,,,,
01/06/2026 01:49:48,424043,0,0,,0,0,,,,,,,,,,,,,,,,,,,
01/06/2026 01:50:18,424043,0,0,,0,0,,,,,,,,,,,,,,,,,,,
01/06/2026 01:50:48,424043,0,0,,0,0,,,,,,,,,,,,,,,,,,,
01/06/2026 01:51:18,424043,0,0,,0,0,,,,,,,,,,,,,,,,,,,
01/06/2026 01:51:48,424043,0,0,,0,0,,,,,,,,,,,,,,,,,,,
01/06/2026 01:52:18,424043,0,0,,0,0,,,,,,,,,,,,,,,,,,,
01/06/2026 01:52:48,424043,0,0,,0,0,,,,,,,,,,,,,,,,,,,
01/06/2026 01:53:18,424043,0,0,,0,0,,,,,,,,,,,,,,,,,,,
01/06/2026 01:53:48,424043,0,0,,0,0,,,,,,,,,,,,,,,,,,,
01/06/2026 01:54:18,424043,0,0,,0,0,,,,,,,,,,,,,,,,,,,
01/06/2026 01:54:48,424043,0,0,,0,0,,,,,,,,,,,,,,,,,,,
01/06/2026 01:55:18,424043,0,0,,0,0,,,,,,,,,,,,,,,,,,,
01/06/2026 01:55:48,424043,0,0,,0,0,,,,,,,,,,,,,,,,,,,
01/06/2026 01:56:18,424043,0,0,,0,0,,,,,,,,,,,,,,,,,,,
01/06/2026 01:56:48,424043,0,0,,0,0,,,,,,,,,,,,,,,,,,,
01/06/2026 01:57:18,424043,0,0,,0,0,,,,,,,,,,,,,,,,,,,
01/06/2026 01:57:48,424043,0,0,,0,0,,,,,,,,,,,,,,,,,,,
01/06/2026 01:58:18,424043,0,0,,0,0,,,,,,,,,,,,,,,,,,,
01/06/2026 01:58:48,424043,0,0,,0,0,,,,,,,,,,,,,,,,,,,
01/06/2026 01:59:18,424043,0,0,,0,0,,,,,,,,,,,,,,,,,,,
01/06/2026 01:59:48,424043,0,0,,0,0,,,,,,,,,,,,,,,,,,,
01/06/2026 02:00:18,424043,0,0,,0,0,,,,,,,,,,,,,,,,,,,
01/06/2026 02:00:48,424043,0,0,,0,0,,,,,,,,,,,,,,,,,,,
01/06/2026 02:01:18,424043,0,0,,0,0,,,,,,,,,,,,,,,,,,,
01/06/2026 02:01:48,424043,0,0,,0,0,,,,,,,,,,,,,,,,,,,
01/06/2026 02:02:18,424043,0,0,,0,0,,,,,,,,,,,,,,,,,,,
01/06/2026 02:02:48,424043,0,0,,0,0,,,,,,,,,,,,,,,,,,,
01/06/2026 02:03:18,424043,0,0,,0,0,,,,,,,,,,,,,,,,,,,
01/06/2026 02:03:48,424043,0,0,,0,0,,,,,,,,,,,,,,,,,,,
01/06/2026 02:04:18,424043,0,0,,0,0,,,,,,,,,,,,,,,,,,,
01/06/2026 02:04:48,424043,0,0,,0,0,,,,,,,,,,,,,,,,,,,
01/06/2026 02:05:18,424043,0,0,,0,0,,,,,,,,,,,,,,,,,,,
01/06/2026 02:05:48,424043,0,0,,0,0,,,,,,,,,,,,,,,,,,,
01/06/2026 02:06:18,424043,0,0,,0,0,,,,,,,,,,,,,,,,,,,
01/06/2026 02:06:48,424043,0,0,,0,0,,,,,,,,,,,,,,,,,,,
01/06/2026 02:07:18,424043,0,0,,0,0,,,,,,,,,,,,,,,,,,,
01/06/2026 02:07:48,424043,0,0,,0,0,,,,,,,,,,,,,,,,,,,
01/06/2026 02:08:18,424043,0,0,,0,0,,,,,,,,,,,,,,,,,,,
01/06/2026 02:08:48,424043,0,0,,0,0,,,,,,,,,,,,,,,,,,,
01/06/2026 02:09:18,424043,0,0,,0,0,,,,,,,,,,,,,,,,,,,
01/06/2026 02:09:48,424043,0,0,,0,0,,,,,,,,,,,,,,,,,,,
01/06/2026 02:10:18,424043,0,0,,0,0,,,,,,,,,,,,,,,,,,,
01/06/2026 02:10:48,424043,0,0,,0,0,,,,,,,,,,,,,,,,,,,
01/06/2026 02:11:18,424043,0,0,,0,0,,,,,,,,,,,,,,,,,,,
01/06/2026 02:11:48,424043,0,0,,0,0,,,,,,,,,,,,,,,,,,,
01/06/2026 02:12:18,424043,0,0,,0,0,,,,,,,,,,,,,,,,,,,
01/06/2026 02:12:48,424043,0,0,,0,0,,,,,,,,,,,,,,,,,,,
01/06/2026 02:13:18,424043,0,0,,0,0,,,,,,,,,,,,,,,,,,,
01/06/2026 02:13:48,424043,0,0,,0,0,,,,,,,,,,,,,,,,,,,
01/06/2026 02:14:18,424043,0,0,,0,0,,,,,,,,,,,,,,,,,,,
01/06/2026 02:14:48,424043,0,0,,0,0,,,,,,,,,,,,,,,,,,,
01/06/2026 02:15:18,424043,0,0,,0,0,,,,,,,,,,,,,,,,,,,
01/06/2026 02:15:48,424043,0,0,,0,0,,,,,,,,,,,,,,,,,,,
01/06/2026 02:16:18,424043,0,0,,0,0,,,,,,,,,,,,,,,,,,,
01/06/2026 02:16:48,424043,0,0,,0,0,,,,,,,,,,,,,,,,,,,
01/06/2026 02:17:18,424043,0,0,,0,0,,,,,,,,,,,,,,,,,,,
01/06/2026 02:17:48,424043,0,0,,0,0,,,,,,,,,,,,,,,,,,,
01/06/2026 02:18:18,424043,0,0,,0,0,,,,,,,,,,,,,,,,,,,
01/06/2026 02:18:48,424043,0,0,,0,0,,,,,,,,,,,,,,,,,,,
01/06/2026 02:19:18,424043,0,0,,0,0,,,,,,,,,,,,,,,,,,,
01/06/2026 02:19:48,424043,0,0,,0,0,,,,,,,,,,,,,,,,,,,
01/06/2026 02:20:18,424043,0,0,,0,0,,,,,,,,,,,,,,,,,,,
01/06/2026 02:20:48,424043,0,0,,0,0,,,,,,,,,,,,,,,,,,,
01/06/2026 02:21:18,424043,0,0,,0,0,,,,,,,,,,,,,,,,,,,
01/06/2026 02:21:48,424043,0,0,,0,0,,,,,,,,,,,,,,,,,,,
01/06/2026 02:22:18,424043,0,0,,0,0,,,,,,,,,,,,,,,,,,,
01/06/2026 02:22:48,424043,0,0,,0,0,,,,,,,,,,,,,,,,,,,
01/06/2026 02:23:18,424043,0,0,,0,0,,,,,,,,,,,,,,,,,,,
01/06/2026 02:23:48,424043,0,0,,0,0,,,,,,,,,,,,,,,,,,,
01/06/2026 02:24:18,424043,0,0,,0,0,,,,,,,,,,,,,,,,,,,
01/06/2026 02:24:48,424043,0,0,,0,0,,,,,,,,,,,,,,,,,,,
01/06/2026 02:25:18,424043,0,0,,0,0,,,,,,,,,,,,,,,,,,,
01/06/2026 02:25:48,424043,0,0,,0,0,,,,,,,,,,,,,,,,,,,
01/06/2026 02:26:18,424043,0,0,,0,0,,,,,,,,,,,,,,,,,,,
01/06/2026 02:26:48,424043,0,0,,0,0,,,,,,,,,,,,,,,,,,,
01/06/2026 02:27:18,424043,0,0,,0,0,,,,,,,,,,,,,,,,,,,
01/06/2026 02:27:48,424043,0,0,,0,0,,,,,,,,,,,,,,,,,,,
01/06/2026 02:28:18,424043,0,0,,0,0,,,,,,,,,,,,,,,,,,,
01/06/2026 02:28:48,424043,0,0,,0,0,,,,,,,,,,,,,,,,,,,
01/06/2026 02:29:18,424043,0,0,,0,0,,,,,,,,,,,,,,,,,,,
01/06/2026 02:29:48,424043,0,0,,0,0,,,,,,,,,,,,,,,,,,,
01/06/2026 02:30:18,424043,0,0,,0,0,,,,,,,,,,,,,,,,,,,
01/06/2026 02:30:48,424043,0,0,,0,0,,,,,,,,,,,,,,,,,,,
01/06/2026 02:31:18,424043,0,0,,0,0,,,,,,,,,,,,,,,,,,,
01/06/2026 02:31:48,424043,0,0,,0,0,,,,,,,,,,,,,,,,,,,
01/06/2026 02:32:18,424043,0,0,,0,0,,,,,,,,,,,,,,,,,,,
01/06/2026 02:32:48,424043,0,0,,0,0,,,,,,,,,,,,,,,,,,,
01/06/2026 02:33:18,424043,0,0,,0,0,,,,,,,,,,,,,,,,,,,
01/06/2026 02:33:48,424043,0,0,,0,0,,,,,,,,,,,,,,,,,,,
01/06/2026 02:34:18,424043,0,0,,0,0,,,,,,,,,,,,,,,,,,,
01/06/2026 02:34:48,424043,0,0,,0,0,,,,,,,,,,,,,,,,,,,
01/06/2026 02:35:18,424043,0,0,,0,0,,,,,,,,,,,,,,,,,,,
01/06/2026 02:35:48,424043,0,0,,0,0,,,,,,,,,,,,,,,,,,,
01/06/2026 02:36:18,424043,0,0,,0,0,,,,,,,,,,,,,,,,,,,
01/06/2026 02:36:48,424043,0,0,,0,0,,,,,,,,,,,,,,,,,,,
01/06/2026 02:37:18,424043,0,0,,0,0,,,,,,,,,,,,,,,,,,,
01/06/2026 02:37:48,424043,0,0,,0,0,,,,,,,,,,,,,,,,,,,
01/06/2026 02:38:18,424043,0,0,,0,0,,,,,,,,,,,,,,,,,,,
01/06/2026 02:38:48,424043,0,0,,0,0,,,,,,,,,,,,,,,,,,,
01/06/2026 02:39:18,424043,0,0,,0,0,,,,,,,,,,,,,,,,,,,
01/06/2026 02:39:48,424043,0,0,,0,0,,,,,,,,,,,,,,,,,,,
01/06/2026 02:40:18,424043,0,0,,0,0,,,,,,,,,,,,,,,,,,,
01/06/2026 02:40:48,424043,0,0,,0,0,,,,,,,,,,,,,,,,,,,
01/06/2026 02:41:18,424043,0,0,,0,0,,,,,,,,,,,,,,,,,,,
01/06/2026 02:41:48,424043,0,0,,0,0,,,,,,,,,,,,,,,,,,,
01/06/2026 02:42:18,424043,0,0,,0,0,,,,,,,,,,,,,,,,,,,
01/06/2026 02:42:48,424043,0,0,,0,0,,,,,,,,,,,,,,,,,,,
01/06/2026 02:43:18,424043,0,0,,0,0,,,,,,,,,,,,,,,,,,,
01/06/2026 02:43:48,424043,0,0,,0,0,,,,,,,,,,,,,,,,,,,
01/06/2026 02:44:18,424043,0,0,,0,0,,,,,,,,,,,,,,,,,,,
01/06/2026 02:44:48,424043,0,0,,0,0,,,,,,,,,,,,,,,,,,,
01/06/2026 02:45:18,424043,0,0,,0,0,,,,,,,,,,,,,,,,,,,
01/06/2026 02:45:48,424043,0,0,,0,0,,,,,,,,,,,,,,,,,,,
01/06/2026 02:46:18,424043,0,0,,0,0,,,,,,,,,,,,,,,,,,,
01/06/2026 02:46:48,424043,0,0,,0,0,,,,,,,,,,,,,,,,,,,
01/06/2026 02:47:18,424043,0,0,,0,0,,,,,,,,,,,,,,,,,,,
01/06/2026 02:47:48,424043,0,0,,0,0,,,,,,,,,,,,,,,,,,,
01/06/2026 02:48:18,424043,0,0,,0,0,,,,,,,,,,,,,,,,,,,
01/06/2026 02:48:48,424043,0,0,,0,0,,,,,,,,,,,,,,,,,,,
01/06/2026 02:49:18,424043,0,0,,0,0,,,,,,,,,,,,,,,,,,,
01/06/2026 02:49:48,424043,0,0,,0,0,,,,,,,,,,,,,,,,,,,
01/06/2026 02:50:18,424043,0,0,,0,0,,,,,,,,,,,,,,,,,,,
01/06/2026 02:50:48,424043,0,0,,0,0,,,,,,,,,,,,,,,,,,,
01/06/2026 02:51:18,424043,0,0,,0,0,,,,,,,,,,,,,,,,,,,
01/06/2026 02:51:48,424043,0,0,,0,0,,,,,,,,,,,,,,,,,,,
01/06/2026 02:52:18,424043,0,0,,0,0,,,,,,,,,,,,,,,,,,,
01/06/2026 02:52:48,424043,0,0,,0,0,,,,,,,,,,,,,,,,,,,
01/06/2026 02:53:18,424043,0,0,,0,0,,,,,,,,,,,,,,,,,,,
01/06/2026 02:53:48,424043,0,0,,0,0,,,,,,,,,,,,,,,,,,,
01/06/2026 02:54:18,424043,0,0,,0,0,,,,,,,,,,,,,,,,,,,
01/06/2026 02:54:48,424043,0,0,,0,0,,,,,,,,,,,,,,,,,,,
01/06/2026 02:55:18,424043,0,0,,0,0,,,,,,,,,,,,,,,,,,,
01/06/2026 02:55:48,424043,0,0,,0,0,,,,,,,,,,,,,,,,,,,
01/06/2026 02:56:18,424043,0,0,,0,0,,,,,,,,,,,,,,,,,,,
01/06/2026 02:56:48,424043,0,0,,0,0,,,,,,,,,,,,,,,,,,,
01/06/2026 02:57:18,424043,0,0,,0,0,,,,,,,,,,,,,,,,,,,
01/06/2026 02:57:48,424043,0,0,,0,0,,,,,,,,,,,,,,,,,,,
01/06/2026 02:58:18,424043,0,0,,0,0,,,,,,,,,,,,,,,,,,,
01/06/2026 02:58:48,424043,0,0,,0,0,,,,,,,,,,,,,,,,,,,
01/06/2026 02:59:18,424043,0,0,,0,0,,,,,,,,,,,,,,,,,,,
01/06/2026 02:59:48,424043,0,0,,0,0,,,,,,,,,,,,,,,,,,,
01/06/2026 03:00:18,424043,0,0,,0,0,,,,,,,,,,,,,,,,,,,
01/06/2026 03:00:48,424043,0,0,,0,0,,,,,,,,,,,,,,,,,,,
01/06/2026 03:01:18,424043,0,0,,0,0,,,,,,,,,,,,,,,,,,,
01/06/2026 03:01:48,424043,0,0,,0,0,,,,,,,,,,,,,,,,,,,
01/06/2026 03:02:18,424043,0,0,,0,0,,,,,,,,,,,,,,,,,,,
01/06/2026 03:02:48,424043,0,0,,0,0,,,,,,,,,,,,,,,,,,,
01/06/2026 03:03:18,424043,0,0,,0,0,,,,,,,,,,,,,,,,,,,
01/06/2026 03:03:48,424043,0,0,,0,0,,,,,,,,,,,,,,,,,,,
01/06/2026 03:04:18,424043,0,0,,0,0,,,,,,,,,,,,,,,,,,,
01/06/2026 03:04:48,424043,0,0,,0,0,,,,,,,,,,,,,,,,,,,
01/06/2026 03:05:18,424043,0,0,,0,0,,,,,,,,,,,,,,,,,,,
01/06/2026 03:05:48,424043,0,0,,0,0,,,,,,,,,,,,,,,,,,,
01/06/2026 03:06:18,424043,0,0,,0,0,,,,,,,,,,,,,,,,,,,
01/06/2026 03:06:48,424043,0,0,,0,0,,,,,,,,,,,,,,,,,,,
01/06/2026 03:07:18,424043,0,0,,0,0,,,,,,,,,,,,,,,,,,,
01/06/2026 03:07:48,424043,0,0,,0,0,,,,,,,,,,,,,,,,,,,
01/06/2026 03:08:18,424043,0,0,,0,0,,,,,,,,,,,,,,,,,,,
01/06/2026 03:08:48,424043,0,0,,0,0,,,,,,,,,,,,,,,,,,,
01/06/2026 03:09:18,424043,0,0,,0,0,,,,,,,,,,,,,,,,,,,
01/06/2026 03:09:48,424043,0,0,,0,0,,,,,,,,,,,,,,,,,,,
01/06/2026 03:10:18,424043,0,0,,0,0,,,,,,,,,,,,,,,,,,,
01/06/2026 03:10:48,424043,0,0,,0,0,,,,,,,,,,,,,,,,,,,
01/06/2026 03:11:18,424043,0,0,,0,0,,,,,,,,,,,,,,,,,,,
01/06/2026 03:11:48,424043,0,0,,0,0,,,,,,,,,,,,,,,,,,,
01/06/2026 03:12:18,424043,0,0,,0,0,,,,,,,,,,,,,,,,,,,
01/06/2026 03:12:48,424043,0,0,,0,0,,,,,,,,,,,,,,,,,,,
01/06/2026 03:13:18,424043,0,0,,0,0,,,,,,,,,,,,,,,,,,,
01/06/2026 03:13:48,424043,0,0,,0,0,,,,,,,,,,,,,,,,,,,
01/06/2026 03:14:18,424043,0,0,,0,0,,,,,,,,,,,,,,,,,,,
01/06/2026 03:14:48,424043,0,0,,0,0,,,,,,,,,,,,,,,,,,,
01/06/2026 03:15:18,424043,0,0,,0,0,,,,,,,,,,,,,,,,,,,
01/06/2026 03:15:48,424043,0,0,,0,0,,,,,,,,,,,,,,,,,,,
01/06/2026 03:16:18,424043,0,0,,0,0,,,,,,,,,,,,,,,,,,,
01/06/2026 03:16:48,424043,0,0,,0,0,,,,,,,,,,,,,,,,,,,
01/06/2026 03:17:18,424043,0,0,,0,0,,,,,,,,,,,,,,,,,,,
01/06/2026 03:17:48,424043,0,0,,0,0,,,,,,,,,,,,,,,,,,,
01/06/2026 03:18:18,424043,0,0,,0,0,,,,,,,,,,,,,,,,,,,
01/06/2026 03:18:48,424043,0,0,,0,0,,,,,,,,,,,,,,,,,,,
01/06/2026 03:19:18,424043,0,0,,0,0,,,,,,,,,,,,,,,,,,,
01/06/2026 03:19:48,424043,0,0,,0,0,,,,,,,,,,,,,,,,,,,
01/06/2026 03:20:18,424043,0,0,,0,0,,,,,,,,,,,,,,,,,,,
01/06/2026 03:20:48,424043,0,0,,0,0,,,,,,,,,,,,,,,,,,,
01/06/2026 03:21:18,424043,0,0,,0,0,,,,,,,,,,,,,,,,,,,
01/06/2026 03:21:48,424043,0,0,,0,0,,,,,,,,,,,,,,,,,,,
01/06/2026 03:22:18,424043,0,0,,0,0,,,,,,,,,,,,,,,,,,,
01/06/2026 03:22:48,424043,0,0,,0,0,,,,,,,,,,,,,,,,,,,
01/06/2026 03:23:18,424043,0,0,,0,0,,,,,,,,,,,,,,,,,,,
01/06/2026 03:23:48,424043,0,0,,0,0,,,,,,,,,,,,,,,,,,,
01/06/2026 03:24:18,424043,0,0,,0,0,,,,,,,,,,,,,,,,,,,
01/06/2026 03:24:48,424043,0,0,,0,0,,,,,,,,,,,,,,,,,,,
01/06/2026 03:25:18,424043,0,0,,0,0,,,,,,,,,,,,,,,,,,,
01/06/2026 03:25:48,424043,0,0,,0,0,,,,,,,,,,,,,,,,,,,
01/06/2026 03:26:18,424043,0,0,,0,0,,,,,,,,,,,,,,,,,,,
01/06/2026 03:26:48,424043,0,0,,0,0,,,,,,,,,,,,,,,,,,,
01/06/2026 03:27:18,424043,0,0,,0,0,,,,,,,,,,,,,,,,,,,
01/06/2026 03:27:48,424043,0,0,,0,0,,,,,,,,,,,,,,,,,,,
01/06/2026 03:28:18,424043,0,0,,0,0,,,,,,,,,,,,,,,,,,,
01/06/2026 03:28:48,424043,0,0,,0,0,,,,,,,,,,,,,,,,,,,
01/06/2026 03:29:18,424043,0,0,,0,0,,,,,,,,,,,,,,,,,,,
01/06/2026 03:29:48,424043,0,0,,0,0,,,,,,,,,,,,,,,,,,,
01/06/2026 03:30:18,424043,0,0,,0,0,,,,,,,,,,,,,,,,,,,
01/06/2026 03:30:48,424043,0,0,,0,0,,,,,,,,,,,,,,,,,,,
01/06/2026 03:31:18,424043,0,0,,0,0,,,,,,,,,,,,,,,,,,,
01/06/2026 03:31:48,424043,0,0,,0,0,,,,,,,,,,,,,,,,,,,
01/06/2026 03:32:18,424043,0,0,,0,0,,,,,,,,,,,,,,,,,,,
01/06/2026 03:32:48,424043,0,0,,0,0,,,,,,,,,,,,,,,,,,,
01/06/2026 03:33:18,424043,0,0,,0,0,,,,,,,,,,,,,,,,,,,
01/06/2026 03:33:48,424043,0,0,,0,0,,,,,,,,,,,,,,,,,,,
01/06/2026 03:34:18,424043,0,0,,0,0,,,,,,,,,,,,,,,,,,,
01/06/2026 03:34:48,424043,0,0,,0,0,,,,,,,,,,,,,,,,,,,
01/06/2026 03:35:18,424043,0,0,,0,0,,,,,,,,,,,,,,,,,,,
01/06/2026 03:35:48,424043,0,0,,0,0,,,,,,,,,,,,,,,,,,,
01/06/2026 03:36:18,424043,0,0,,0,0,,,,,,,,,,,,,,,,,,,
01/06/2026 03:36:48,424043,0,0,,0,0,,,,,,,,,,,,,,,,,,,
01/06/2026 03:37:18,424043,0,0,,0,0,,,,,,,,,,,,,,,,,,,
01/06/2026 03:37:48,424043,0,0,,0,0,,,,,,,,,,,,,,,,,,,
01/06/2026 03:38:18,424043,0,0,,0,0,,,,,,,,,,,,,,,,,,,
01/06/2026 03:38:48,424043,0,0,,0,0,,,,,,,,,,,,,,,,,,,
01/06/2026 03:39:18,424043,0,0,,0,0,,,,,,,,,,,,,,,,,,,
01/06/2026 03:39:48,424043,0,0,,0,0,,,,,,,,,,,,,,,,,,,
01/06/2026 03:40:37,424043,0,0,,0,0,,,,,,,,,,,,,,,,,,,
01/06/2026 03:41:07,424043,0,0,,0,0,,,,,,,,,,,,,,,,,,,
01/06/2026 03:41:37,424043,0,0,,0,0,,,,,,,,,,,,,,,,,,,
01/06/2026 03:42:07,424043,0,0,,0,0,,,,,,,,,,,,,,,,,,,
01/06/2026 03:42:37,424043,0,0,,0,0,,,,,,,,,,,,,,,,,,,
01/06/2026 03:43:07,424043,0,0,,0,0,,,,,,,,,,,,,,,,,,,
01/06/2026 03:43:37,424043,0,0,,0,0,,,,,,,,,,,,,,,,,,,
01/06/2026 03:44:07,424043,0,0,,0,0,,,,,,,,,,,,,,,,,,,
01/06/2026 03:44:37,424043,0,0,,0,0,,,,,,,,,,,,,,,,,,,
01/06/2026 03:45:07,424043,0,0,,0,0,,,,,,,,,,,,,,,,,,,
01/06/2026 03:45:37,424043,0,0,,0,0,,,,,,,,,,,,,,,,,,,
01/06/2026 03:46:07,424043,0,0,,0,0,,,,,,,,,,,,,,,,,,,
01/06/2026 03:46:37,424043,0,0,,0,0,,,,,,,,,,,,,,,,,,,
01/06/2026 03:47:37,424043,0,0,,0,0,,,,,,,,,,,,,,,,,,,
01/06/2026 03:48:07,424043,0,0,,0,0,,,,,,,,,,,,,,,,,,,
01/06/2026 03:48:37,424043,0,0,,0,0,,,,,,,,,,,,,,,,,,,
01/06/2026 03:49:07,424043,0,0,,0,0,,,,,,,,,,,,,,,,,,,
01/06/2026 03:49:37,424043,0,0,,0,0,,,,,,,,,,,,,,,,,,,
01/06/2026 03:50:07,424043,0,0,,0,0,,,,,,,,,,,,,,,,,,,
01/06/2026 03:50:37,424043,0,0,,0,0,,,,,,,,,,,,,,,,,,,
01/06/2026 03:51:07,424043,0,0,,0,0,,,,,,,,,,,,,,,,,,,
01/06/2026 03:51:37,424043,0,0,,0,0,,,,,,,,,,,,,,,,,,,
01/06/2026 03:52:07,424043,0,0,,0,0,,,,,,,,,,,,,,,,,,,
01/06/2026 03:52:37,424043,0,0,,0,0,,,,,,,,,,,,,,,,,,,
01/06/2026 03:53:07,424043,0,0,,0,0,,,,,,,,,,,,,,,,,,,
01/06/2026 03:53:37,424043,0,0,,0,0,,,,,,,,,,,,,,,,,,,
01/06/2026 03:54:07,424043,0,0,,0,0,,,,,,,,,,,,,,,,,,,
01/06/2026 03:54:37,424043,0,0,,0,0,,,,,,,,,,,,,,,,,,,
01/06/2026 03:55:07,424043,0,0,,0,0,,,,,,,,,,,,,,,,,,,
01/06/2026 03:55:37,424043,0,0,,0,0,,,,,,,,,,,,,,,,,,,
01/06/2026 03:56:07,424043,0,0,,0,0,,,,,,,,,,,,,,,,,,,
01/06/2026 03:56:37,424043,0,0,,0,0,,,,,,,,,,,,,,,,,,,
01/06/2026 03:57:07,424043,0,0,,0,0,,,,,,,,,,,,,,,,,,,
01/06/2026 03:57:37,424043,0,0,,0,0,,,,,,,,,,,,,,,,,,,
01/06/2026 03:58:07,424043,0,0,,0,0,,,,,,,,,,,,,,,,,,,
01/06/2026 03:58:37,424043,0,0,,0,0,,,,,,,,,,,,,,,,,,,
01/06/2026 03:59:07,424043,0,0,,0,0,,,,,,,,,,,,,,,,,,,
01/06/2026 03:59:37,424043,0,0,,0,0,,,,,,,,,,,,,,,,,,,
01/06/2026 04:00:07,424043,0,0,,0,0,,,,,,,,,,,,,,,,,,,
01/06/2026 04:00:37,424043,0,0,,0,0,,,,,,,,,,,,,,,,,,,
01/06/2026 04:01:07,424043,0,0,,0,0,,,,,,,,,,,,,,,,,,,
01/06/2026 04:01:37,424043,0,0,,0,0,,,,,,,,,,,,,,,,,,,
01/06/2026 04:02:07,424043,0,0,,0,0,,,,,,,,,,,,,,,,,,,
01/06/2026 04:02:37,424043,0,0,,0,0,,,,,,,,,,,,,,,,,,,
01/06/2026 04:03:07,424043,0,0,,0,0,,,,,,,,,,,,,,,,,,,
01/06/2026 04:03:37,424043,0,0,,0,0,,,,,,,,,,,,,,,,,,,
01/06/2026 04:04:07,424043,0,0,,0,0,,,,,,,,,,,,,,,,,,,
01/06/2026 04:04:37,424043,0,0,,0,0,,,,,,,,,,,,,,,,,,,
01/06/2026 04:05:07,424043,0,0,,0,0,,,,,,,,,,,,,,,,,,,
01/06/2026 04:05:37,424043,0,0,,0,0,,,,,,,,,,,,,,,,,,,
01/06/2026 04:06:07,424043,0,0,,0,0,,,,,,,,,,,,,,,,,,,
01/06/2026 04:06:37,424043,0,0,,0,0,,,,,,,,,,,,,,,,,,,
01/06/2026 04:07:07,424043,0,0,,0,0,,,,,,,,,,,,,,,,,,,
01/06/2026 04:07:37,424043,0,0,,0,0,,,,,,,,,,,,,,,,,,,
01/06/2026 04:08:07,424043,0,0,,0,0,,,,,,,,,,,,,,,,,,,
01/06/2026 04:08:37,424043,0,0,,0,0,,,,,,,,,,,,,,,,,,,
01/06/2026 04:09:07,424043,0,0,,0,0,,,,,,,,,,,,,,,,,,,
01/06/2026 04:09:37,424043,0,0,,0,0,,,,,,,,,,,,,,,,,,,
01/06/2026 04:10:07,424043,0,0,,0,0,,,,,,,,,,,,,,,,,,,
01/06/2026 04:10:37,424043,0,0,,0,0,,,,,,,,,,,,,,,,,,,
01/06/2026 04:11:07,424043,0,0,,0,0,,,,,,,,,,,,,,,,,,,
01/06/2026 04:11:37,424043,0,0,,0,0,,,,,,,,,,,,,,,,,,,
01/06/2026 04:12:07,424043,0,0,,0,0,,,,,,,,,,,,,,,,,,,
01/06/2026 04:12:37,424043,0,0,,0,0,,,,,,,,,,,,,,,,,,,
01/06/2026 04:13:07,424043,0,0,,0,0,,,,,,,,,,,,,,,,,,,
01/06/2026 04:13:37,424043,0,0,,0,0,,,,,,,,,,,,,,,,,,,
01/06/2026 04:14:07,424043,0,0,,0,0,,,,,,,,,,,,,,,,,,,
01/06/2026 04:14:37,424043,0,0,,0,0,,,,,,,,,,,,,,,,,,,
01/06/2026 04:15:07,424043,0,0,,0,0,,,,,,,,,,,,,,,,,,,
01/06/2026 04:15:37,424043,0,0,,0,0,,,,,,,,,,,,,,,,,,,
01/06/2026 04:16:07,424043,0,0,,0,0,,,,,,,,,,,,,,,,,,,
01/06/2026 04:16:37,424043,0,0,,0,0,,,,,,,,,,,,,,,,,,,
01/06/2026 04:17:07,424043,0,0,,0,0,,,,,,,,,,,,,,,,,,,
01/06/2026 04:17:37,424043,0,0,,0,0,,,,,,,,,,,,,,,,,,,
01/06/2026 04:18:07,424043,0,0,,0,0,,,,,,,,,,,,,,,,,,,
01/06/2026 04:18:37,424043,0,0,,0,0,,,,,,,,,,,,,,,,,,,
01/06/2026 04:19:07,424043,0,0,,0,0,,,,,,,,,,,,,,,,,,,
01/06/2026 04:19:37,424043,0,0,,0,0,,,,,,,,,,,,,,,,,,,
01/06/2026 04:20:07,424043,0,0,,0,0,,,,,,,,,,,,,,,,,,,
01/06/2026 04:20:37,424043,0,0,,0,0,,,,,,,,,,,,,,,,,,,
01/06/2026 04:21:07,424043,0,0,,0,0,,,,,,,,,,,,,,,,,,,
01/06/2026 04:21:37,424043,0,0,,0,0,,,,,,,,,,,,,,,,,,,
01/06/2026 04:22:07,424043,0,0,,0,0,,,,,,,,,,,,,,,,,,,
01/06/2026 04:22:37,424043,0,0,,0,0,,,,,,,,,,,,,,,,,,,
01/06/2026 04:23:07,424043,0,0,,0,0,,,,,,,,,,,,,,,,,,,
01/06/2026 04:23:37,424043,0,0,,0,0,,,,,,,,,,,,,,,,,,,
01/06/2026 04:24:07,424043,0,0,,0,0,,,,,,,,,,,,,,,,,,,
01/06/2026 04:24:37,424043,0,0,,0,0,,,,,,,,,,,,,,,,,,,
01/06/2026 04:25:07,424043,0,0,,0,0,,,,,,,,,,,,,,,,,,,
01/06/2026 04:25:37,424043,0,0,,0,0,,,,,,,,,,,,,,,,,,,
01/06/2026 04:26:07,424043,0,0,,0,0,,,,,,,,,,,,,,,,,,,
01/06/2026 04:26:37,424043,0,0,,0,0,,,,,,,,,,,,,,,,,,,
01/06/2026 04:27:07,424043,0,0,,0,0,,,,,,,,,,,,,,,,,,,
01/06/2026 04:27:37,424043,0,0,,0,0,,,,,,,,,,,,,,,,,,,
01/06/2026 04:28:07,424043,0,0,,0,0,,,,,,,,,,,,,,,,,,,
01/06/2026 04:28:37,424043,0,0,,0,0,,,,,,,,,,,,,,,,,,,
01/06/2026 04:29:07,424043,0,0,,0,0,,,,,,,,,,,,,,,,,,,
01/06/2026 04:29:37,424043,0,0,,0,0,,,,,,,,,,,,,,,,,,,
01/06/2026 04:30:07,424043,0,0,,0,0,,,,,,,,,,,,,,,,,,,
01/06/2026 04:30:37,424043,0,0,,0,0,,,,,,,,,,,,,,,,,,,
01/06/2026 04:31:07,424043,0,0,,0,0,,,,,,,,,,,,,,,,,,,
01/06/2026 04:31:37,424043,0,0,,0,0,,,,,,,,,,,,,,,,,,,
01/06/2026 04:32:07,424043,0,0,,0,0,,,,,,,,,,,,,,,,,,,
01/06/2026 04:32:37,424043,0,0,,0,0,,,,,,,,,,,,,,,,,,,
01/06/2026 04:33:07,424043,0,0,,0,0,,,,,,,,,,,,,,,,,,,
01/06/2026 04:33:37,424043,0,0,,0,0,,,,,,,,,,,,,,,,,,,
01/06/2026 04:34:07,424043,0,0,,0,0,,,,,,,,,,,,,,,,,,,
01/06/2026 04:34:37,424043,0,0,,0,0,,,,,,,,,,,,,,,,,,,
01/06/2026 04:35:07,424043,0,0,,0,0,,,,,,,,,,,,,,,,,,,
01/06/2026 04:35:37,424043,0,0,,0,0,,,,,,,,,,,,,,,,,,,
01/06/2026 04:36:07,424043,0,0,,0,0,,,,,,,,,,,,,,,,,,,
01/06/2026 04:36:37,424043,0,0,,0,0,,,,,,,,,,,,,,,,,,,
01/06/2026 04:37:07,424043,0,0,,0,0,,,,,,,,,,,,,,,,,,,
01/06/2026 04:37:37,424043,0,0,,0,0,,,,,,,,,,,,,,,,,,,
01/06/2026 04:38:07,424043,0,0,,0,0,,,,,,,,,,,,,,,,,,,
01/06/2026 04:38:37,424043,0,0,,0,0,,,,,,,,,,,,,,,,,,,
01/06/2026 04:39:07,424043,0,0,,0,0,,,,,,,,,,,,,,,,,,,
01/06/2026 04:39:37,424043,0,0,,0,0,,,,,,,,,,,,,,,,,,,
01/06/2026 04:40:07,424043,0,0,,0,0,,,,,,,,,,,,,,,,,,,
01/06/2026 04:40:37,424043,0,0,,0,0,,,,,,,,,,,,,,,,,,,
01/06/2026 04:41:07,424043,0,0,,0,0,,,,,,,,,,,,,,,,,,,
01/06/2026 04:41:37,424043,0,0,,0,0,,,,,,,,,,,,,,,,,,,
01/06/2026 04:42:07,424043,0,0,,0,0,,,,,,,,,,,,,,,,,,,
01/06/2026 04:42:37,424043,0,0,,0,0,,,,,,,,,,,,,,,,,,,
01/06/2026 04:43:07,424043,0,0,,0,0,,,,,,,,,,,,,,,,,,,
01/06/2026 04:43:37,424043,0,0,,0,0,,,,,,,,,,,,,,,,,,,
01/06/2026 04:44:07,424043,0,0,,0,0,,,,,,,,,,,,,,,,,,,
01/06/2026 04:44:37,424043,0,0,,0,0,,,,,,,,,,,,,,,,,,,
01/06/2026 04:45:07,424043,0,0,,0,0,,,,,,,,,,,,,,,,,,,
01/06/2026 04:45:37,424043,0,0,,0,0,,,,,,,,,,,,,,,,,,,
01/06/2026 04:46:07,424043,0,0,,0,0,,,,,,,,,,,,,,,,,,,
01/06/2026 04:46:37,424043,0,0,,0,0,,,,,,,,,,,,,,,,,,,
01/06/2026 04:47:07,424043,0,0,,0,0,,,,,,,,,,,,,,,,,,,
01/06/2026 04:47:37,424043,0,0,,0,0,,,,,,,,,,,,,,,,,,,
01/06/2026 04:48:07,424043,0,0,,0,0,,,,,,,,,,,,,,,,,,,
01/06/2026 04:48:37,424043,0,0,,0,0,,,,,,,,,,,,,,,,,,,
01/06/2026 04:49:07,424043,0,0,,0,0,,,,,,,,,,,,,,,,,,,
01/06/2026 04:49:37,424043,0,0,,0,0,,,,,,,,,,,,,,,,,,,
01/06/2026 04:50:07,424043,0,0,,0,0,,,,,,,,,,,,,,,,,,,
01/06/2026 04:50:37,424043,0,0,,0,0,,,,,,,,,,,,,,,,,,,
01/06/2026 04:51:07,424043,0,0,,0,0,,,,,,,,,,,,,,,,,,,
01/06/2026 04:51:37,424043,0,0,,0,0,,,,,,,,,,,,,,,,,,,
01/06/2026 04:52:07,424043,0,0,,0,0,,,,,,,,,,,,,,,,,,,
01/06/2026 04:52:37,424043,0,0,,0,0,,,,,,,,,,,,,,,,,,,
01/06/2026 04:53:07,424043,0,0,,0,0,,,,,,,,,,,,,,,,,,,
01/06/2026 04:53:37,424043,0,0,,0,0,,,,,,,,,,,,,,,,,,,
01/06/2026 04:54:07,424043,0,0,,0,0,,,,,,,,,,,,,,,,,,,
01/06/2026 04:54:37,424043,0,0,,0,0,,,,,,,,,,,,,,,,,,,
01/06/2026 04:55:07,424043,0,0,,0,0,,,,,,,,,,,,,,,,,,,
01/06/2026 04:55:37,424043,0,0,,0,0,,,,,,,,,,,,,,,,,,,
01/06/2026 04:56:07,424043,0,0,,0,0,,,,,,,,,,,,,,,,,,,
01/06/2026 04:56:37,424043,0,0,,0,0,,,,,,,,,,,,,,,,,,,
01/06/2026 04:57:07,424043,0,0,,0,0,,,,,,,,,,,,,,,,,,,
01/06/2026 04:57:37,424043,0,0,,0,0,,,,,,,,,,,,,,,,,,,
01/06/2026 04:58:07,424043,0,0,,0,0,,,,,,,,,,,,,,,,,,,
01/06/2026 04:58:37,424043,0,0,,0,0,,,,,,,,,,,,,,,,,,,
01/06/2026 04:59:07,424043,0,0,,0,0,,,,,,,,,,,,,,,,,,,
01/06/2026 04:59:37,424043,0,0,,0,0,,,,,,,,,,,,,,,,,,,
01/06/2026 05:00:07,424043,0,0,,0,0,,,,,,,,,,,,,,,,,,,
01/06/2026 05:00:37,424043,0,0,,0,0,,,,,,,,,,,,,,,,,,,
01/06/2026 05:01:07,424043,0,0,,0,0,,,,,,,,,,,,,,,,,,,
01/06/2026 05:01:37,424043,0,0,,0,0,,,,,,,,,,,,,,,,,,,
01/06/2026 05:02:07,424043,0,0,,0,0,,,,,,,,,,,,,,,,,,,
01/06/2026 05:02:37,424043,0,0,,0,0,,,,,,,,,,,,,,,,,,,
01/06/2026 05:03:07,424043,0,0,,0,0,,,,,,,,,,,,,,,,,,,
01/06/2026 05:03:37,424043,0,0,,0,0,,,,,,,,,,,,,,,,,,,
01/06/2026 05:04:07,424043,0,0,,0,0,,,,,,,,,,,,,,,,,,,
01/06/2026 05:04:37,424043,0,0,,0,0,,,,,,,,,,,,,,,,,,,
01/06/2026 05:05:07,424043,0,0,,0,0,,,,,,,,,,,,,,,,,,,
01/06/2026 05:05:37,424043,0,0,,0,0,,,,,,,,,,,,,,,,,,,
01/06/2026 05:06:07,424043,0,0,,0,0,,,,,,,,,,,,,,,,,,,
01/06/2026 05:06:37,424043,0,0,,0,0,,,,,,,,,,,,,,,,,,,
01/06/2026 05:07:07,424043,0,0,,0,0,,,,,,,,,,,,,,,,,,,
01/06/2026 05:07:37,424043,0,0,,0,0,,,,,,,,,,,,,,,,,,,
01/06/2026 05:08:07,424043,0,0,,0,0,,,,,,,,,,,,,,,,,,,
01/06/2026 05:08:37,424043,0,0,,0,0,,,,,,,,,,,,,,,,,,,
01/06/2026 05:09:07,424043,0,0,,0,0,,,,,,,,,,,,,,,,,,,
01/06/2026 05:09:37,424043,0,0,,0,0,,,,,,,,,,,,,,,,,,,
01/06/2026 05:10:07,424043,0,0,,0,0,,,,,,,,,,,,,,,,,,,
01/06/2026 05:10:37,424043,0,0,,0,0,,,,,,,,,,,,,,,,,,,
01/06/2026 05:11:07,424043,0,0,,0,0,,,,,,,,,,,,,,,,,,,
01/06/2026 05:11:37,424043,0,0,,0,0,,,,,,,,,,,,,,,,,,,
01/06/2026 05:12:07,424043,0,0,,0,0,,,,,,,,,,,,,,,,,,,
01/06/2026 05:12:37,424043,0,0,,0,0,,,,,,,,,,,,,,,,,,,
01/06/2026 05:13:07,424043,0,0,,0,0,,,,,,,,,,,,,,,,,,,
01/06/2026 05:13:37,424043,0,0,,0,0,,,,,,,,,,,,,,,,,,,
01/06/2026 05:14:07,424043,0,0,,0,0,,,,,,,,,,,,,,,,,,,
01/06/2026 05:14:37,424043,0,0,,0,0,,,,,,,,,,,,,,,,,,,
01/06/2026 05:15:07,424043,0,0,,0,0,,,,,,,,,,,,,,,,,,,
01/06/2026 05:15:37,424043,0,0,,0,0,,,,,,,,,,,,,,,,,,,
01/06/2026 05:16:07,424043,0,0,,0,0,,,,,,,,,,,,,,,,,,,
01/06/2026 05:16:37,424043,0,0,,0,0,,,,,,,,,,,,,,,,,,,
01/06/2026 05:17:07,424043,0,0,,0,0,,,,,,,,,,,,,,,,,,,
01/06/2026 05:17:37,424043,0,0,,0,0,,,,,,,,,,,,,,,,,,,
01/06/2026 05:18:07,424043,0,0,,0,0,,,,,,,,,,,,,,,,,,,
01/06/2026 05:18:37,424043,0,0,,0,0,,,,,,,,,,,,,,,,,,,
01/06/2026 05:19:07,424043,0,0,,0,0,,,,,,,,,,,,,,,,,,,
01/06/2026 05:19:37,424043,0,0,,0,0,,,,,,,,,,,,,,,,,,,
01/06/2026 05:20:07,424043,0,0,,0,0,,,,,,,,,,,,,,,,,,,
01/06/2026 05:20:37,424043,0,0,,0,0,,,,,,,,,,,,,,,,,,,
01/06/2026 05:21:07,424043,0,0,,0,0,,,,,,,,,,,,,,,,,,,
01/06/2026 05:21:37,424043,0,0,,0,0,,,,,,,,,,,,,,,,,,,
01/06/2026 05:22:07,424043,0,0,,0,0,,,,,,,,,,,,,,,,,,,
01/06/2026 05:22:37,424043,0,0,,0,0,,,,,,,,,,,,,,,,,,,
01/06/2026 05:23:07,424043,0,0,,0,0,,,,,,,,,,,,,,,,,,,
01/06/2026 05:23:37,424043,0,0,,0,0,,,,,,,,,,,,,,,,,,,
01/06/2026 05:24:07,424043,0,0,,0,0,,,,,,,,,,,,,,,,,,,
01/06/2026 05:24:37,424043,0,0,,0,0,,,,,,,,,,,,,,,,,,,
01/06/2026 05:25:07,424043,0,0,,0,0,,,,,,,,,,,,,,,,,,,
01/06/2026 05:25:37,424043,0,0,,0,0,,,,,,,,,,,,,,,,,,,
01/06/2026 05:26:07,424043,0,0,,0,0,,,,,,,,,,,,,,,,,,,
01/06/2026 05:26:37,424043,0,0,,0,0,,,,,,,,,,,,,,,,,,,
01/06/2026 05:27:07,424043,0,0,,0,0,,,,,,,,,,,,,,,,,,,
01/06/2026 05:27:37,424043,0,0,,0,0,,,,,,,,,,,,,,,,,,,
01/06/2026 05:28:07,424043,0,0,,0,0,,,,,,,,,,,,,,,,,,,
01/06/2026 05:28:37,424043,0,0,,0,0,,,,,,,,,,,,,,,,,,,
01/06/2026 05:29:07,424043,0,0,,0,0,,,,,,,,,,,,,,,,,,,
01/06/2026 05:29:37,424043,0,0,,0,0,,,,,,,,,,,,,,,,,,,
01/06/2026 05:30:07,424043,0,0,,0,0,,,,,,,,,,,,,,,,,,,
01/06/2026 05:30:37,424043,0,0,,0,0,,,,,,,,,,,,,,,,,,,
01/06/2026 05:31:07,424043,0,0,,0,0,,,,,,,,,,,,,,,,,,,
01/06/2026 05:31:37,424043,0,0,,0,0,,,,,,,,,,,,,,,,,,,
01/06/2026 05:32:07,424043,0,0,,0,0,,,,,,,,,,,,,,,,,,,
01/06/2026 05:32:37,424043,0,0,,0,0,,,,,,,,,,,,,,,,,,,
01/06/2026 05:33:07,424043,0,0,,0,0,,,,,,,,,,,,,,,,,,,
01/06/2026 05:33:37,424043,0,0,,0,0,,,,,,,,,,,,,,,,,,,
01/06/2026 05:34:07,424043,0,0,,0,0,,,,,,,,,,,,,,,,,,,
01/06/2026 05:34:37,424043,0,0,,0,0,,,,,,,,,,,,,,,,,,,
01/06/2026 05:35:07,424043,0,0,,0,0,,,,,,,,,,,,,,,,,,,
01/06/2026 05:35:37,424043,0,0,,0,0,,,,,,,,,,,,,,,,,,,
01/06/2026 05:36:07,424043,0,0,,0,0,,,,,,,,,,,,,,,,,,,
01/06/2026 05:36:37,424043,0,0,,0,0,,,,,,,,,,,,,,,,,,,
01/06/2026 05:37:07,424043,0,0,,0,0,,,,,,,,,,,,,,,,,,,
01/06/2026 05:37:37,424043,0,0,,0,0,,,,,,,,,,,,,,,,,,,
01/06/2026 05:38:07,424043,0,0,,0,0,,,,,,,,,,,,,,,,,,,
01/06/2026 05:38:37,424043,0,0,,0,0,,,,,,,,,,,,,,,,,,,
01/06/2026 05:39:07,424043,0,0,,0,0,,,,,,,,,,,,,,,,,,,
01/06/2026 05:39:37,424043,0,0,,0,0,,,,,,,,,,,,,,,,,,,
01/06/2026 05:40:07,424043,0,0,,0,0,,,,,,,,,,,,,,,,,,,
01/06/2026 05:40:37,424043,0,0,,0,0,,,,,,,,,,,,,,,,,,,
01/06/2026 05:41:07,424043,0,0,,0,0,,,,,,,,,,,,,,,,,,,
01/06/2026 05:41:37,424043,0,0,,0,0,,,,,,,,,,,,,,,,,,,
01/06/2026 05:42:07,424043,0,0,,0,0,,,,,,,,,,,,,,,,,,,
01/06/2026 05:42:37,424043,0,0,,0,0,,,,,,,,,,,,,,,,,,,
01/06/2026 05:43:07,424043,0,0,,0,0,,,,,,,,,,,,,,,,,,,
01/06/2026 05:43:37,424043,0,0,,0,0,,,,,,,,,,,,,,,,,,,
01/06/2026 05:44:07,424043,0,0,,0,0,,,,,,,,,,,,,,,,,,,
01/06/2026 05:44:37,424043,0,0,,0,0,,,,,,,,,,,,,,,,,,,
01/06/2026 05:45:07,424043,0,0,,0,0,,,,,,,,,,,,,,,,,,,
01/06/2026 05:45:37,424043,0,0,,0,0,,,,,,,,,,,,,,,,,,,
01/06/2026 05:46:07,424043,0,0,,0,0,,,,,,,,,,,,,,,,,,,
01/06/2026 05:46:37,424043,0,0,,0,0,,,,,,,,,,,,,,,,,,,
01/06/2026 05:47:07,424043,0,0,,0,0,,,,,,,,,,,,,,,,,,,
01/06/2026 05:47:37,424043,0,0,,0,0,,,,,,,,,,,,,,,,,,,
01/06/2026 05:48:07,424043,0,0,,0,0,,,,,,,,,,,,,,,,,,,
01/06/2026 05:48:37,424043,0,0,,0,0,,,,,,,,,,,,,,,,,,,
01/06/2026 05:49:07,424043,0,0,,0,0,,,,,,,,,,,,,,,,,,,
01/06/2026 05:49:37,424043,0,0,,0,0,,,,,,,,,,,,,,,,,,,
01/06/2026 05:50:07,424043,0,0,,0,0,,,,,,,,,,,,,,,,,,,
01/06/2026 05:50:37,424043,0,0,,0,0,,,,,,,,,,,,,,,,,,,
01/06/2026 05:51:07,424043,0,0,,0,0,,,,,,,,,,,,,,,,,,,
01/06/2026 05:51:37,424043,0,0,,0,0,,,,,,,,,,,,,,,,,,,
01/06/2026 05:52:07,424043,0,0,,0,0,,,,,,,,,,,,,,,,,,,
01/06/2026 05:52:37,424043,0,0,,0,0,,,,,,,,,,,,,,,,,,,
01/06/2026 05:53:07,424043,0,0,,0,0,,,,,,,,,,,,,,,,,,,
01/06/2026 05:53:37,424043,0,0,,0,0,,,,,,,,,,,,,,,,,,,
01/06/2026 05:54:07,424043,0,0,,0,0,,,,,,,,,,,,,,,,,,,
01/06/2026 05:54:37,424043,0,0,,0,0,,,,,,,,,,,,,,,,,,,
01/06/2026 05:55:07,424043,0,0,,0,0,,,,,,,,,,,,,,,,,,,
01/06/2026 05:55:37,424043,0,0,,0,0,,,,,,,,,,,,,,,,,,,
01/06/2026 05:56:07,424043,0,0,,0,0,,,,,,,,,,,,,,,,,,,
01/06/2026 05:56:37,424043,0,0,,0,0,,,,,,,,,,,,,,,,,,,
01/06/2026 05:57:07,424043,0,0,,0,0,,,,,,,,,,,,,,,,,,,
01/06/2026 05:57:37,424043,0,0,,0,0,,,,,,,,,,,,,,,,,,,
01/06/2026 05:58:07,424043,0,0,,0,0,,,,,,,,,,,,,,,,,,,
01/06/2026 05:58:37,424043,0,0,,0,0,,,,,,,,,,,,,,,,,,,
01/06/2026 05:59:07,424043,0,0,,0,0,,,,,,,,,,,,,,,,,,,
01/06/2026 05:59:37,424043,0,0,,0,0,,,,,,,,,,,,,,,,,,,
01/06/2026 06:00:07,424043,0,0,,0,0,,,,,,,,,,,,,,,,,,,
01/06/2026 06:00:37,424043,0,0,,0,0,,,,,,,,,,,,,,,,,,,
01/06/2026 06:01:07,424043,0,0,,0,0,,,,,,,,,,,,,,,,,,,
01/06/2026 06:01:37,424043,0,0,,0,0,,,,,,,,,,,,,,,,,,,
01/06/2026 06:02:07,424043,0,0,,0,0,,,,,,,,,,,,,,,,,,,
01/06/2026 06:02:37,424043,0,0,,0,0,,,,,,,,,,,,,,,,,,,
01/06/2026 06:03:07,424043,0,0,,0,0,,,,,,,,,,,,,,,,,,,
01/06/2026 06:03:37,424043,0,0,,0,0,,,,,,,,,,,,,,,,,,,
01/06/2026 06:04:07,424043,0,0,,0,0,,,,,,,,,,,,,,,,,,,
01/06/2026 06:04:37,424043,0,0,,0,0,,,,,,,,,,,,,,,,,,,
01/06/2026 06:05:07,424043,0,0,,0,0,,,,,,,,,,,,,,,,,,,
01/06/2026 06:05:37,424043,0,0,,0,0,,,,,,,,,,,,,,,,,,,
01/06/2026 06:06:07,424043,0,0,,0,0,,,,,,,,,,,,,,,,,,,
01/06/2026 06:06:37,424043,0,0,,0,0,,,,,,,,,,,,,,,,,,,
01/06/2026 06:07:07,424043,0,0,,0,0,,,,,,,,,,,,,,,,,,,
01/06/2026 06:07:37,424043,0,0,,0,0,,,,,,,,,,,,,,,,,,,
01/06/2026 06:08:07,424043,0,0,,0,0,,,,,,,,,,,,,,,,,,,
01/06/2026 06:08:37,424043,0,0,,0,0,,,,,,,,,,,,,,,,,,,
01/06/2026 06:09:07,424043,0,0,,0,0,,,,,,,,,,,,,,,,,,,
01/06/2026 06:09:37,424043,0,0,,0,0,,,,,,,,,,,,,,,,,,,
01/06/2026 06:10:07,424043,0,0,,0,0,,,,,,,,,,,,,,,,,,,
01/06/2026 06:10:37,424043,0,0,,0,0,,,,,,,,,,,,,,,,,,,
01/06/2026 06:11:07,424043,0,0,,0,0,,,,,,,,,,,,,,,,,,,
01/06/2026 06:11:37,424043,0,0,,0,0,,,,,,,,,,,,,,,,,,,
01/06/2026 06:12:07,424043,0,0,,0,0,,,,,,,,,,,,,,,,,,,
01/06/2026 06:12:37,424043,0,0,,0,0,,,,,,,,,,,,,,,,,,,
01/06/2026 06:13:07,424043,0,0,,0,0,,,,,,,,,,,,,,,,,,,
01/06/2026 06:13:37,424043,0,0,,0,0,,,,,,,,,,,,,,,,,,,
01/06/2026 06:14:07,424043,0,0,,0,0,,,,,,,,,,,,,,,,,,,
01/06/2026 06:14:37,424043,0,0,,0,0,,,,,,,,,,,,,,,,,,,
01/06/2026 06:15:07,424043,0,0,,0,0,,,,,,,,,,,,,,,,,,,
01/06/2026 06:15:37,424043,0,0,,0,0,,,,,,,,,,,,,,,,,,,
01/06/2026 06:16:07,424043,0,0,,0,0,,,,,,,,,,,,,,,,,,,
01/06/2026 06:16:37,424043,0,0,,0,0,,,,,,,,,,,,,,,,,,,
01/06/2026 06:17:07,424043,0,0,,0,0,,,,,,,,,,,,,,,,,,,
01/06/2026 06:17:37,424043,0,0,,0,0,,,,,,,,,,,,,,,,,,,
01/06/2026 06:18:07,424043,0,0,,0,0,,,,,,,,,,,,,,,,,,,
01/06/2026 06:18:37,424043,0,0,,0,0,,,,,,,,,,,,,,,,,,,
01/06/2026 06:19:07,424043,0,0,,0,0,,,,,,,,,,,,,,,,,,,
01/06/2026 06:19:37,424043,0,0,,0,0,,,,,,,,,,,,,,,,,,,
01/06/2026 06:20:07,424043,0,0,,0,0,,,,,,,,,,,,,,,,,,,
01/06/2026 06:20:37,424043,0,0,,0,0,,,,,,,,,,,,,,,,,,,
01/06/2026 06:21:07,424043,0,0,,0,0,,,,,,,,,,,,,,,,,,,
01/06/2026 06:21:37,424043,0,0,,0,0,,,,,,,,,,,,,,,,,,,
01/06/2026 06:22:07,424043,0,0,,0,0,,,,,,,,,,,,,,,,,,,
01/06/2026 06:22:37,424043,0,0,,0,0,,,,,,,,,,,,,,,,,,,
01/06/2026 06:23:07,424043,0,0,,0,0,,,,,,,,,,,,,,,,,,,
01/06/2026 06:23:37,424043,0,0,,0,0,,,,,,,,,,,,,,,,,,,
01/06/2026 06:24:07,424043,0,0,,0,0,,,,,,,,,,,,,,,,,,,
01/06/2026 06:24:37,424043,0,0,,0,0,,,,,,,,,,,,,,,,,,,
01/06/2026 06:25:07,424043,0,0,,0,0,,,,,,,,,,,,,,,,,,,
01/06/2026 06:25:37,424043,0,0,,0,0,,,,,,,,,,,,,,,,,,,
01/06/2026 06:26:07,424043,0,0,,0,0,,,,,,,,,,,,,,,,,,,
01/06/2026 06:26:37,424043,0,0,,0,0,,,,,,,,,,,,,,,,,,,
01/06/2026 06:27:07,424043,0,0,,0,0,,,,,,,,,,,,,,,,,,,
01/06/2026 06:27:37,424043,0,0,,0,0,,,,,,,,,,,,,,,,,,,
01/06/2026 06:28:07,424043,0,0,,0,0,,,,,,,,,,,,,,,,,,,
01/06/2026 06:28:37,424043,0,0,,0,0,,,,,,,,,,,,,,,,,,,
01/06/2026 06:29:07,424043,0,0,,0,0,,,,,,,,,,,,,,,,,,,
01/06/2026 06:29:37,424043,0,0,,0,0,,,,,,,,,,,,,,,,,,,
01/06/2026 06:30:07,424043,0,0,,0,0,,,,,,,,,,,,,,,,,,,
01/06/2026 06:30:37,424043,0,0,,0,0,,,,,,,,,,,,,,,,,,,
01/06/2026 06:31:07,424043,0,0,,0,0,,,,,,,,,,,,,,,,,,,
01/06/2026 06:31:37,424043,0,0,,0,0,,,,,,,,,,,,,,,,,,,
01/06/2026 06:32:07,424043,0,0,,0,0,,,,,,,,,,,,,,,,,,,
01/06/2026 06:32:37,424043,0,0,,0,0,,,,,,,,,,,,,,,,,,,
01/06/2026 06:33:07,424043,0,0,,0,0,,,,,,,,,,,,,,,,,,,
01/06/2026 06:33:37,424043,0,0,,0,0,,,,,,,,,,,,,,,,,,,
01/06/2026 06:34:07,424043,0,0,,0,0,,,,,,,,,,,,,,,,,,,
01/06/2026 06:34:37,424043,0,0,,0,0,,,,,,,,,,,,,,,,,,,
01/06/2026 06:35:07,424043,0,0,,0,0,,,,,,,,,,,,,,,,,,,
01/06/2026 06:35:37,424043,0,0,,0,0,,,,,,,,,,,,,,,,,,,
01/06/2026 06:36:07,424043,0,0,,0,0,,,,,,,,,,,,,,,,,,,
01/06/2026 06:36:37,424043,0,0,,0,0,,,,,,,,,,,,,,,,,,,
01/06/2026 06:37:07,424043,0,0,,0,0,,,,,,,,,,,,,,,,,,,
01/06/2026 06:37:37,424043,0,0,,0,0,,,,,,,,,,,,,,,,,,,
01/06/2026 06:38:07,424043,0,0,,0,0,,,,,,,,,,,,,,,,,,,
01/06/2026 06:38:37,424043,0,0,,0,0,,,,,,,,,,,,,,,,,,,
01/06/2026 06:39:07,424043,0,0,,0,0,,,,,,,,,,,,,,,,,,,
01/06/2026 06:39:37,424043,0,0,,0,0,,,,,,,,,,,,,,,,,,,
01/06/2026 06:40:07,424043,0,0,,0,0,,,,,,,,,,,,,,,,,,,
01/06/2026 06:40:37,424043,0,0,,0,0,,,,,,,,,,,,,,,,,,,
01/06/2026 06:41:07,424043,0,0,,0,0,,,,,,,,,,,,,,,,,,,
01/06/2026 06:41:37,424043,0,0,,0,0,,,,,,,,,,,,,,,,,,,
01/06/2026 06:42:07,424043,0,0,,0,0,,,,,,,,,,,,,,,,,,,
01/06/2026 06:42:37,424043,0,0,,0,0,,,,,,,,,,,,,,,,,,,
01/06/2026 06:43:07,424043,0,0,,0,0,,,,,,,,,,,,,,,,,,,
01/06/2026 06:43:37,424043,0,0,,0,0,,,,,,,,,,,,,,,,,,,
01/06/2026 06:44:07,424043,0,0,,0,0,,,,,,,,,,,,,,,,,,,
01/06/2026 06:44:37,424043,0,0,,0,0,,,,,,,,,,,,,,,,,,,
01/06/2026 06:45:07,424043,0,0,,0,0,,,,,,,,,,,,,,,,,,,
01/06/2026 06:45:37,424043,0,0,,0,0,,,,,,,,,,,,,,,,,,,
01/06/2026 06:46:07,424043,0,0,,0,0,,,,,,,,,,,,,,,,,,,
01/06/2026 06:46:37,424043,0,0,,0,0,,,,,,,,,,,,,,,,,,,
01/06/2026 06:47:07,424043,0,0,,0,0,,,,,,,,,,,,,,,,,,,
01/06/2026 06:47:37,424043,0,0,,0,0,,,,,,,,,,,,,,,,,,,
01/06/2026 06:48:07,424043,0,0,,0,0,,,,,,,,,,,,,,,,,,,
01/06/2026 06:48:37,424043,0,0,,0,0,,,,,,,,,,,,,,,,,,,
01/06/2026 06:49:07,424043,0,0,,0,0,,,,,,,,,,,,,,,,,,,
01/06/2026 06:49:37,424043,0,0,,0,0,,,,,,,,,,,,,,,,,,,
01/06/2026 06:50:07,424043,0,0,,0,0,,,,,,,,,,,,,,,,,,,
01/06/2026 06:50:37,424043,0,0,,0,0,,,,,,,,,,,,,,,,,,,
01/06/2026 06:51:07,424043,0,0,,0,0,,,,,,,,,,,,,,,,,,,
01/06/2026 06:51:37,424043,0,0,,0,0,,,,,,,,,,,,,,,,,,,
01/06/2026 06:52:07,424043,0,0,,0,0,,,,,,,,,,,,,,,,,,,
01/06/2026 06:52:37,424043,0,0,,0,0,,,,,,,,,,,,,,,,,,,
01/06/2026 06:53:07,424043,0,0,,0,0,,,,,,,,,,,,,,,,,,,
01/06/2026 06:53:37,424043,0,0,,0,0,,,,,,,,,,,,,,,,,,,
01/06/2026 06:54:07,424043,0,0,,0,0,,,,,,,,,,,,,,,,,,,
01/06/2026 06:54:37,424043,0,0,,0,0,,,,,,,,,,,,,,,,,,,
01/06/2026 06:55:07,424043,0,0,,0,0,,,,,,,,,,,,,,,,,,,
01/06/2026 06:55:37,424043,0,0,,0,0,,,,,,,,,,,,,,,,,,,
01/06/2026 06:56:07,424043,0,0,,0,0,,,,,,,,,,,,,,,,,,,
01/06/2026 06:56:37,424043,0,0,,0,0,,,,,,,,,,,,,,,,,,,
01/06/2026 06:57:07,424043,0,0,,0,0,,,,,,,,,,,,,,,,,,,
01/06/2026 06:57:37,424043,0,0,,0,0,,,,,,,,,,,,,,,,,,,
01/06/2026 06:58:07,424043,0,0,,0,0,,,,,,,,,,,,,,,,,,,
01/06/2026 06:58:37,424043,0,0,,0,0,,,,,,,,,,,,,,,,,,,
01/06/2026 06:59:07,424043,0,0,,0,0,,,,,,,,,,,,,,,,,,,
01/06/2026 06:59:37,424043,0,0,,0,0,,,,,,,,,,,,,,,,,,,
01/06/2026 07:00:07,424043,0,0,,0,0,,,,,,,,,,,,,,,,,,,
01/06/2026 07:00:37,424043,0,0,,0,0,,,,,,,,,,,,,,,,,,,
01/06/2026 07:01:07,424043,0,0,,0,0,,,,,,,,,,,,,,,,,,,
01/06/2026 07:01:37,424043,0,0,,0,0,,,,,,,,,,,,,,,,,,,
01/06/2026 07:02:07,424043,0,0,,0,0,,,,,,,,,,,,,,,,,,,
01/06/2026 07:02:37,424043,0,0,,0,0,,,,,,,,,,,,,,,,,,,
01/06/2026 07:03:07,424043,0,0,,0,0,,,,,,,,,,,,,,,,,,,
01/06/2026 07:03:37,424043,0,0,,0,0,,,,,,,,,,,,,,,,,,,
01/06/2026 07:04:07,424043,0,0,,0,0,,,,,,,,,,,,,,,,,,,
01/06/2026 07:04:37,424043,0,0,,0,0,,,,,,,,,,,,,,,,,,,
01/06/2026 07:05:07,424043,0,0,,0,0,,,,,,,,,,,,,,,,,,,
01/06/2026 07:05:37,424043,0,0,,0,0,,,,,,,,,,,,,,,,,,,
01/06/2026 07:06:07,424043,0,0,,0,0,,,,,,,,,,,,,,,,,,,
01/06/2026 07:06:37,424043,0,0,,0,0,,,,,,,,,,,,,,,,,,,
01/06/2026 07:07:07,424043,0,0,,0,0,,,,,,,,,,,,,,,,,,,
01/06/2026 07:07:37,424043,0,0,,0,0,,,,,,,,,,,,,,,,,,,
01/06/2026 07:08:07,424043,0,0,,0,0,,,,,,,,,,,,,,,,,,,
01/06/2026 07:08:37,424043,0,0,,0,0,,,,,,,,,,,,,,,,,,,
01/06/2026 07:09:07,424043,0,0,,0,0,,,,,,,,,,,,,,,,,,,
01/06/2026 07:09:37,424043,0,0,,0,0,,,,,,,,,,,,,,,,,,,
01/06/2026 07:10:07,424043,0,0,,0,0,,,,,,,,,,,,,,,,,,,
01/06/2026 07:10:37,424043,0,0,,0,0,,,,,,,,,,,,,,,,,,,
01/06/2026 07:11:07,424043,0,0,,0,0,,,,,,,,,,,,,,,,,,,
01/06/2026 07:11:37,424043,0,0,,0,0,,,,,,,,,,,,,,,,,,,
01/06/2026 07:12:07,424043,0,0,,0,0,,,,,,,,,,,,,,,,,,,
01/06/2026 07:12:37,424043,0,0,,0,0,,,,,,,,,,,,,,,,,,,
01/06/2026 07:13:07,424043,0,0,,0,0,,,,,,,,,,,,,,,,,,,
01/06/2026 07:13:37,424043,0,0,,0,0,,,,,,,,,,,,,,,,,,,
01/06/2026 07:14:07,424043,0,0,,0,0,,,,,,,,,,,,,,,,,,,
01/06/2026 07:14:37,424043,0,0,,0,0,,,,,,,,,,,,,,,,,,,
01/06/2026 07:15:07,424043,0,0,,0,0,,,,,,,,,,,,,,,,,,,
01/06/2026 07:15:37,424043,0,0,,0,0,,,,,,,,,,,,,,,,,,,
01/06/2026 07:16:07,424043,0,0,,0,0,,,,,,,,,,,,,,,,,,,
01/06/2026 07:16:37,424043,0,0,,0,0,,,,,,,,,,,,,,,,,,,
01/06/2026 07:17:07,424043,0,0,,0,0,,,,,,,,,,,,,,,,,,,
01/06/2026 07:17:37,424043,0,0,,0,0,,,,,,,,,,,,,,,,,,,
01/06/2026 07:18:07,424043,0,0,,0,0,,,,,,,,,,,,,,,,,,,
01/06/2026 07:18:37,424043,0,0,,0,0,,,,,,,,,,,,,,,,,,,
01/06/2026 07:19:07,424043,0,0,,0,0,,,,,,,,,,,,,,,,,,,
01/06/2026 07:19:37,424043,0,0,,0,0,,,,,,,,,,,,,,,,,,,
01/06/2026 07:20:07,424043,0,0,,0,0,,,,,,,,,,,,,,,,,,,
01/06/2026 07:20:37,424043,0,0,,0,0,,,,,,,,,,,,,,,,,,,
01/06/2026 07:21:07,424043,0,0,,0,0,,,,,,,,,,,,,,,,,,,
01/06/2026 07:21:37,424043,0,0,,0,0,,,,,,,,,,,,,,,,,,,
01/06/2026 07:22:07,424043,0,0,,0,0,,,,,,,,,,,,,,,,,,,
01/06/2026 07:22:37,424043,0,0,,0,0,,,,,,,,,,,,,,,,,,,
01/06/2026 07:23:07,424043,0,0,,0,0,,,,,,,,,,,,,,,,,,,
01/06/2026 07:23:37,424043,0,0,,0,0,,,,,,,,,,,,,,,,,,,
01/06/2026 07:24:07,424043,0,0,,0,0,,,,,,,,,,,,,,,,,,,
01/06/2026 07:24:37,424043,0,0,,0,0,,,,,,,,,,,,,,,,,,,
01/06/2026 07:25:07,424043,0,0,,0,0,,,,,,,,,,,,,,,,,,,
01/06/2026 07:25:37,424043,0,0,,0,0,,,,,,,,,,,,,,,,,,,
01/06/2026 07:26:07,424043,0,0,,0,0,,,,,,,,,,,,,,,,,,,
01/06/2026 07:26:37,424043,0,0,,0,0,,,,,,,,,,,,,,,,,,,
01/06/2026 07:27:07,424043,0,0,,0,0,,,,,,,,,,,,,,,,,,,
01/06/2026 07:27:37,424043,0,0,,0,0,,,,,,,,,,,,,,,,,,,
01/06/2026 07:28:07,424043,0,0,,0,0,,,,,,,,,,,,,,,,,,,
01/06/2026 07:28:37,424043,0,0,,0,0,,,,,,,,,,,,,,,,,,,
01/06/2026 07:29:07,424043,0,0,,0,0,,,,,,,,,,,,,,,,,,,
01/06/2026 07:29:37,424043,0,0,,0,0,,,,,,,,,,,,,,,,,,,
01/06/2026 07:30:07,424043,0,0,,0,0,,,,,,,,,,,,,,,,,,,
01/06/2026 07:30:37,424043,0,0,,0,0,,,,,,,,,,,,,,,,,,,
01/06/2026 07:31:07,424043,0,0,,0,0,,,,,,,,,,,,,,,,,,,
01/06/2026 07:31:37,424043,0,0,,0,0,,,,,,,,,,,,,,,,,,,
01/06/2026 07:32:07,424043,0,0,,0,0,,,,,,,,,,,,,,,,,,,
01/06/2026 07:32:37,424043,0,0,,0,0,,,,,,,,,,,,,,,,,,,
01/06/2026 07:33:07,424043,0,0,,0,0,,,,,,,,,,,,,,,,,,,
01/06/2026 07:33:37,424043,0,0,,0,0,,,,,,,,,,,,,,,,,,,
01/06/2026 07:34:07,424043,0,0,,0,0,,,,,,,,,,,,,,,,,,,
01/06/2026 07:34:37,424043,0,0,,0,0,,,,,,,,,,,,,,,,,,,
01/06/2026 07:35:07,424043,0,0,,0,0,,,,,,,,,,,,,,,,,,,
01/06/2026 07:35:37,424043,0,0,,0,0,,,,,,,,,,,,,,,,,,,
01/06/2026 07:36:07,424043,0,0,,0,0,,,,,,,,,,,,,,,,,,,
01/06/2026 07:36:37,424043,0,0,,0,0,,,,,,,,,,,,,,,,,,,
01/06/2026 07:37:07,424043,0,0,,0,0,,,,,,,,,,,,,,,,,,,
01/06/2026 07:37:37,424043,0,0,,0,0,,,,,,,,,,,,,,,,,,,
01/06/2026 07:38:07,424043,0,0,,0,0,,,,,,,,,,,,,,,,,,,
01/06/2026 07:38:37,424043,0,0,,0,0,,,,,,,,,,,,,,,,,,,
01/06/2026 07:39:07,424043,0,0,,0,0,,,,,,,,,,,,,,,,,,,
01/06/2026 07:39:37,424043,0,0,,0,0,,,,,,,,,,,,,,,,,,,
01/06/2026 07:40:07,424043,0,0,,0,0,,,,,,,,,,,,,,,,,,,
01/06/2026 07:40:37,424043,0,0,,0,0,,,,,,,,,,,,,,,,,,,
01/06/2026 07:41:07,424043,0,0,,0,0,,,,,,,,,,,,,,,,,,,
01/06/2026 07:41:37,424043,0,0,,0,0,,,,,,,,,,,,,,,,,,,
01/06/2026 07:42:07,424043,0,0,,0,0,,,,,,,,,,,,,,,,,,,
01/06/2026 07:42:37,424043,0,0,,0,0,,,,,,,,,,,,,,,,,,,
01/06/2026 07:43:07,424043,0,0,,0,0,,,,,,,,,,,,,,,,,,,
01/06/2026 07:43:37,424043,0,0,,0,0,,,,,,,,,,,,,,,,,,,
01/06/2026 07:44:07,424043,0,0,,0,0,,,,,,,,,,,,,,,,,,,
01/06/2026 07:44:37,424043,0,0,,0,0,,,,,,,,,,,,,,,,,,,
01/06/2026 07:45:07,424043,0,0,,0,0,,,,,,,,,,,,,,,,,,,
01/06/2026 07:45:37,424043,0,0,,0,0,,,,,,,,,,,,,,,,,,,
01/06/2026 07:46:07,424043,0,0,,0,0,,,,,,,,,,,,,,,,,,,
01/06/2026 07:46:37,424043,0,0,,0,0,,,,,,,,,,,,,,,,,,,
01/06/2026 07:47:07,424043,0,0,,0,0,,,,,,,,,,,,,,,,,,,
01/06/2026 07:47:37,424043,0,0,,0,0,,,,,,,,,,,,,,,,,,,
01/06/2026 07:48:07,424043,0,0,,0,0,,,,,,,,,,,,,,,,,,,
01/06/2026 07:48:37,424043,0,0,,0,0,,,,,,,,,,,,,,,,,,,
01/06/2026 07:49:07,424043,0,0,,0,0,,,,,,,,,,,,,,,,,,,
01/06/2026 07:49:37,424043,0,0,,0,0,,,,,,,,,,,,,,,,,,,
01/06/2026 07:50:07,424043,0,0,,0,0,,,,,,,,,,,,,,,,,,,
01/06/2026 07:50:37,424043,0,0,,0,0,,,,,,,,,,,,,,,,,,,
01/06/2026 07:51:07,424043,0,0,,0,0,,,,,,,,,,,,,,,,,,,
01/06/2026 07:51:37,424043,0,0,,0,0,,,,,,,,,,,,,,,,,,,
01/06/2026 07:52:07,424043,0,0,,0,0,,,,,,,,,,,,,,,,,,,
01/06/2026 07:52:37,424043,0,0,,0,0,,,,,,,,,,,,,,,,,,,
01/06/2026 07:53:07,424043,0,0,,0,0,,,,,,,,,,,,,,,,,,,
01/06/2026 07:53:37,424043,0,0,,0,0,,,,,,,,,,,,,,,,,,,
01/06/2026 07:54:07,424043,0,0,,0,0,,,,,,,,,,,,,,,,,,,
01/06/2026 07:54:37,424043,0,0,,0,0,,,,,,,,,,,,,,,,,,,
01/06/2026 07:55:07,424043,0,0,,0,0,,,,,,,,,,,,,,,,,,,
01/06/2026 07:55:37,424043,0,0,,0,0,,,,,,,,,,,,,,,,,,,
01/06/2026 07:56:07,424043,0,0,,0,0,,,,,,,,,,,,,,,,,,,
01/06/2026 07:56:37,424043,0,0,,0,0,,,,,,,,,,,,,,,,,,,
01/06/2026 07:57:07,424043,0,0,,0,0,,,,,,,,,,,,,,,,,,,
01/06/2026 07:57:37,424043,0,0,,0,0,,,,,,,,,,,,,,,,,,,
01/06/2026 07:58:07,424043,0,0,,0,0,,,,,,,,,,,,,,,,,,,
01/06/2026 07:58:37,424043,0,0,,0,0,,,,,,,,,,,,,,,,,,,
01/06/2026 07:59:07,424043,0,0,,0,0,,,,,,,,,,,,,,,,,,,
01/06/2026 07:59:37,424043,0,0,,0,0,,,,,,,,,,,,,,,,,,,
01/06/2026 08:00:07,424043,0,0,,0,0,,,,,,,,,,,,,,,,,,,
01/06/2026 08:00:37,424043,0,0,,0,0,,,,,,,,,,,,,,,,,,,
01/06/2026 08:01:07,424043,0,0,,0,0,,,,,,,,,,,,,,,,,,,
01/06/2026 08:01:37,424043,0,0,,0,0,,,,,,,,,,,,,,,,,,,
01/06/2026 08:02:07,424043,0,0,,0,0,,,,,,,,,,,,,,,,,,,
01/06/2026 08:02:37,424043,0,0,,0,0,,,,,,,,,,,,,,,,,,,
01/06/2026 08:03:07,424043,0,0,,0,0,,,,,,,,,,,,,,,,,,,
01/06/2026 08:03:37,424043,0,0,,0,0,,,,,,,,,,,,,,,,,,,
01/06/2026 08:04:07,424043,0,0,,0,0,,,,,,,,,,,,,,,,,,,
01/06/2026 08:04:37,424043,0,0,,0,0,,,,,,,,,,,,,,,,,,,
01/06/2026 08:05:07,424043,0,0,,0,0,,,,,,,,,,,,,,,,,,,
01/06/2026 08:05:37,424043,0,0,,0,0,,,,,,,,,,,,,,,,,,,
01/06/2026 08:06:07,424043,0,0,,0,0,,,,,,,,,,,,,,,,,,,
01/06/2026 08:06:37,424043,0,0,,0,0,,,,,,,,,,,,,,,,,,,
01/06/2026 08:07:07,424043,0,0,,0,0,,,,,,,,,,,,,,,,,,,
01/06/2026 08:07:37,424043,0,0,,0,0,,,,,,,,,,,,,,,,,,,
01/06/2026 08:08:07,424043,0,0,,0,0,,,,,,,,,,,,,,,,,,,
01/06/2026 08:08:37,424043,0,0,,0,0,,,,,,,,,,,,,,,,,,,
01/06/2026 08:09:07,424043,0,0,,0,0,,,,,,,,,,,,,,,,,,,
01/06/2026 08:09:37,424043,0,0,,0,0,,,,,,,,,,,,,,,,,,,
01/06/2026 08:10:07,424043,0,0,,0,0,,,,,,,,,,,,,,,,,,,
01/06/2026 08:10:37,424043,0,0,,0,0,,,,,,,,,,,,,,,,,,,
01/06/2026 08:11:07,424043,0,0,,0,0,,,,,,,,,,,,,,,,,,,
01/06/2026 08:11:37,424043,0,0,,0,0,,,,,,,,,,,,,,,,,,,
01/06/2026 08:12:07,424043,0,0,,0,0,,,,,,,,,,,,,,,,,,,
01/06/2026 08:12:37,424043,0,0,,0,0,,,,,,,,,,,,,,,,,,,
01/06/2026 08:13:07,424043,0,0,,0,0,,,,,,,,,,,,,,,,,,,
01/06/2026 08:13:37,424043,0,0,,0,0,,,,,,,,,,,,,,,,,,,
01/06/2026 08:14:07,424043,0,0,,0,0,,,,,,,,,,,,,,,,,,,
01/06/2026 08:14:37,424043,0,0,,0,0,,,,,,,,,,,,,,,,,,,
01/06/2026 08:15:07,424043,0,0,,0,0,,,,,,,,,,,,,,,,,,,
01/06/2026 08:15:37,424043,0,0,,0,0,,,,,,,,,,,,,,,,,,,
01/06/2026 08:16:07,424043,0,0,,0,0,,,,,,,,,,,,,,,,,,,
01/06/2026 08:16:37,424043,0,0,,0,0,,,,,,,,,,,,,,,,,,,
01/06/2026 08:17:07,424043,0,0,,0,0,,,,,,,,,,,,,,,,,,,
01/06/2026 08:17:37,424043,0,0,,0,0,,,,,,,,,,,,,,,,,,,
01/06/2026 08:18:07,424043,0,0,,0,0,,,,,,,,,,,,,,,,,,,
01/06/2026 08:18:37,424043,0,0,,0,0,,,,,,,,,,,,,,,,,,,
01/06/2026 08:19:07,424043,0,0,,0,0,,,,,,,,,,,,,,,,,,,
01/06/2026 08:19:37,424043,0,0,,0,0,,,,,,,,,,,,,,,,,,,
01/06/2026 08:20:07,424043,0,0,,0,0,,,,,,,,,,,,,,,,,,,
01/06/2026 08:20:37,424043,0,0,,0,0,,,,,,,,,,,,,,,,,,,
01/06/2026 08:21:07,424043,0,0,,0,0,,,,,,,,,,,,,,,,,,,
01/06/2026 08:21:37,424043,0,0,,0,0,,,,,,,,,,,,,,,,,,,
01/06/2026 08:22:07,424043,0,0,,0,0,,,,,,,,,,,,,,,,,,,
01/06/2026 08:22:37,424043,0,0,,0,0,,,,,,,,,,,,,,,,,,,
01/06/2026 08:23:07,424043,0,0,,0,0,,,,,,,,,,,,,,,,,,,
01/06/2026 08:23:37,424043,0,0,,0,0,,,,,,,,,,,,,,,,,,,
01/06/2026 08:24:07,424043,0,0,,0,0,,,,,,,,,,,,,,,,,,,
01/06/2026 08:24:37,424043,0,0,,0,0,,,,,,,,,,,,,,,,,,,
01/06/2026 08:25:07,424043,0,0,,0,0,,,,,,,,,,,,,,,,,,,
01/06/2026 08:25:37,424043,0,0,,0,0,,,,,,,,,,,,,,,,,,,
01/06/2026 08:26:07,424043,0,0,,0,0,,,,,,,,,,,,,,,,,,,
01/06/2026 08:26:37,424043,0,0,,0,0,,,,,,,,,,,,,,,,,,,
01/06/2026 08:27:07,424043,0,0,,0,0,,,,,,,,,,,,,,,,,,,
01/06/2026 08:27:37,424043,0,0,,0,0,,,,,,,,,,,,,,,,,,,
01/06/2026 08:28:07,424043,0,0,,0,0,,,,,,,,,,,,,,,,,,,
01/06/2026 08:28:37,424043,0,0,,0,0,,,,,,,,,,,,,,,,,,,
01/06/2026 08:29:07,424043,0,0,,0,0,,,,,,,,,,,,,,,,,,,
01/06/2026 08:29:37,424043,0,0,,0,0,,,,,,,,,,,,,,,,,,,
01/06/2026 08:30:07,424043,0,0,,0,0,,,,,,,,,,,,,,,,,,,
01/06/2026 08:30:37,424043,0,0,,0,0,,,,,,,,,,,,,,,,,,,
01/06/2026 08:31:07,424043,0,0,,0,0,,,,,,,,,,,,,,,,,,,
01/06/2026 08:31:37,424043,0,0,,0,0,,,,,,,,,,,,,,,,,,,
01/06/2026 08:32:07,424043,0,0,,0,0,,,,,,,,,,,,,,,,,,,
01/06/2026 08:32:37,424043,0,0,,0,0,,,,,,,,,,,,,,,,,,,
01/06/2026 08:33:07,424043,0,0,,0,0,,,,,,,,,,,,,,,,,,,
01/06/2026 08:33:37,424043,0,0,,0,0,,,,,,,,,,,,,,,,,,,
01/06/2026 08:34:07,424043,0,0,,0,0,,,,,,,,,,,,,,,,,,,
01/06/2026 08:34:37,424043,0,0,,0,0,,,,,,,,,,,,,,,,,,,
01/06/2026 08:35:07,424043,0,0,,0,0,,,,,,,,,,,,,,,,,,,
01/06/2026 08:35:37,424043,0,0,,0,0,,,,,,,,,,,,,,,,,,,
01/06/2026 08:36:07,424043,0,0,,0,0,,,,,,,,,,,,,,,,,,,
01/06/2026 08:36:37,424043,0,0,,0,0,,,,,,,,,,,,,,,,,,,
01/06/2026 08:37:07,424043,0,0,,0,0,,,,,,,,,,,,,,,,,,,
01/06/2026 08:37:37,424043,0,0,,0,0,,,,,,,,,,,,,,,,,,,
01/06/2026 08:38:07,424043,0,0,,0,0,,,,,,,,,,,,,,,,,,,
01/06/2026 08:38:37,424043,0,0,,0,0,,,,,,,,,,,,,,,,,,,
01/06/2026 08:39:07,424043,0,0,,0,0,,,,,,,,,,,,,,,,,,,
01/06/2026 08:39:37,424043,0,0,,0,0,,,,,,,,,,,,,,,,,,,
01/06/2026 08:40:07,424043,0,0,,0,0,,,,,,,,,,,,,,,,,,,
01/06/2026 08:40:37,424043,0,0,,0,0,,,,,,,,,,,,,,,,,,,
01/06/2026 08:41:07,424043,0,0,,0,0,,,,,,,,,,,,,,,,,,,
01/06/2026 08:41:37,424043,0,0,,0,0,,,,,,,,,,,,,,,,,,,
01/06/2026 08:42:07,424043,0,0,,0,0,,,,,,,,,,,,,,,,,,,
01/06/2026 08:42:37,424043,0,0,,0,0,,,,,,,,,,,,,,,,,,,
01/06/2026 08:43:07,424043,0,0,,0,0,,,,,,,,,,,,,,,,,,,
01/06/2026 08:43:37,424043,0,0,,0,0,,,,,,,,,,,,,,,,,,,
01/06/2026 08:44:07,424043,0,0,,0,0,,,,,,,,,,,,,,,,,,,
01/06/2026 08:44:37,424043,0,0,,0,0,,,,,,,,,,,,,,,,,,,
01/06/2026 08:45:07,424043,0,0,,0,0,,,,,,,,,,,,,,,,,,,
01/06/2026 08:45:37,424043,0,0,,0,0,,,,,,,,,,,,,,,,,,,
01/06/2026 08:46:07,424043,0,0,,0,0,,,,,,,,,,,,,,,,,,,
01/06/2026 08:46:37,424043,0,0,,0,0,,,,,,,,,,,,,,,,,,,
01/06/2026 08:47:07,424043,0,0,,0,0,,,,,,,,,,,,,,,,,,,
01/06/2026 08:47:37,424043,0,0,,0,0,,,,,,,,,,,,,,,,,,,
01/06/2026 08:48:07,424043,0,0,,0,0,,,,,,,,,,,,,,,,,,,
01/06/2026 08:48:37,424043,0,0,,0,0,,,,,,,,,,,,,,,,,,,
01/06/2026 08:49:07,424043,0,0,,0,0,,,,,,,,,,,,,,,,,,,
01/06/2026 08:49:37,424043,0,0,,0,0,,,,,,,,,,,,,,,,,,,
01/06/2026 08:50:07,424043,0,0,,0,0,,,,,,,,,,,,,,,,,,,
01/06/2026 08:50:37,424043,0,0,,0,0,,,,,,,,,,,,,,,,,,,
01/06/2026 08:51:07,424043,0,0,,0,0,,,,,,,,,,,,,,,,,,,
01/06/2026 08:51:37,424043,0,0,,0,0,,,,,,,,,,,,,,,,,,,
01/06/2026 08:52:07,424043,0,0,,0,0,,,,,,,,,,,,,,,,,,,
01/06/2026 08:52:37,424043,0,0,,0,0,,,,,,,,,,,,,,,,,,,
01/06/2026 08:53:07,424043,0,0,,0,0,,,,,,,,,,,,,,,,,,,
01/06/2026 08:53:37,424043,0,0,,0,0,,,,,,,,,,,,,,,,,,,
01/06/2026 08:54:07,424043,0,0,,0,0,,,,,,,,,,,,,,,,,,,
01/06/2026 08:54:37,424043,0,0,,0,0,,,,,,,,,,,,,,,,,,,
01/06/2026 08:55:07,424043,0,0,,0,0,,,,,,,,,,,,,,,,,,,
01/06/2026 08:55:37,424043,0,0,,0,0,,,,,,,,,,,,,,,,,,,
01/06/2026 08:56:07,424043,0,0,,0,0,,,,,,,,,,,,,,,,,,,
01/06/2026 08:56:37,424043,0,0,,0,0,,,,,,,,,,,,,,,,,,,
01/06/2026 08:57:07,424043,0,0,,0,0,,,,,,,,,,,,,,,,,,,
01/06/2026 08:57:37,424043,0,0,,0,0,,,,,,,,,,,,,,,,,,,
01/06/2026 08:58:07,424043,0,0,,0,0,,,,,,,,,,,,,,,,,,,
01/06/2026 08:58:37,424043,0,0,,0,0,,,,,,,,,,,,,,,,,,,
01/06/2026 08:59:07,424043,0,0,,0,0,,,,,,,,,,,,,,,,,,,
01/06/2026 08:59:37,424043,0,0,,0,0,,,,,,,,,,,,,,,,,,,
01/06/2026 09:00:07,424043,0,0,,0,0,,,,,,,,,,,,,,,,,,,
01/06/2026 09:00:37,424043,0,0,,0,0,,,,,,,,,,,,,,,,,,,
01/06/2026 09:01:07,424043,0,0,,0,0,,,,,,,,,,,,,,,,,,,
01/06/2026 09:01:37,424043,0,0,,0,0,,,,,,,,,,,,,,,,,,,
01/06/2026 09:02:07,424043,0,0,,0,0,,,,,,,,,,,,,,,,,,,
01/06/2026 09:02:37,424043,0,0,,0,0,,,,,,,,,,,,,,,,,,,
01/06/2026 09:03:07,424043,0,0,,0,0,,,,,,,,,,,,,,,,,,,
01/06/2026 09:03:37,424043,0,0,,0,0,,,,,,,,,,,,,,,,,,,
01/06/2026 09:04:07,424043,0,0,,0,0,,,,,,,,,,,,,,,,,,,
01/06/2026 09:04:37,424043,0,0,,0,0,,,,,,,,,,,,,,,,,,,
01/06/2026 09:05:07,424043,0,0,,0,0,,,,,,,,,,,,,,,,,,,
01/06/2026 09:05:37,424043,0,0,,0,0,,,,,,,,,,,,,,,,,,,
01/06/2026 09:06:07,424043,0,0,,0,0,,,,,,,,,,,,,,,,,,,
01/06/2026 09:06:37,424043,0,0,,0,0,,,,,,,,,,,,,,,,,,,
01/06/2026 09:07:07,424043,0,0,,0,0,,,,,,,,,,,,,,,,,,,
01/06/2026 09:07:37,424043,0,0,,0,0,,,,,,,,,,,,,,,,,,,
01/06/2026 09:08:07,424043,0,0,,0,0,,,,,,,,,,,,,,,,,,,
01/06/2026 09:08:37,424043,0,0,,0,0,,,,,,,,,,,,,,,,,,,
01/06/2026 09:09:07,424043,0,0,,0,0,,,,,,,,,,,,,,,,,,,
01/06/2026 09:09:37,424043,0,0,,0,0,,,,,,,,,,,,,,,,,,,
01/06/2026 09:10:07,424043,0,0,,0,0,,,,,,,,,,,,,,,,,,,
01/06/2026 09:10:37,424043,0,0,,0,0,,,,,,,,,,,,,,,,,,,
01/06/2026 09:11:07,424043,0,0,,0,0,,,,,,,,,,,,,,,,,,,
01/06/2026 09:11:37,424043,0,0,,0,0,,,,,,,,,,,,,,,,,,,
01/06/2026 09:12:07,424043,0,0,,0,0,,,,,,,,,,,,,,,,,,,
01/06/2026 09:12:37,424043,0,0,,0,0,,,,,,,,,,,,,,,,,,,
01/06/2026 09:13:07,424043,0,0,,0,0,,,,,,,,,,,,,,,,,,,
01/06/2026 09:13:37,424043,0,0,,0,0,,,,,,,,,,,,,,,,,,,
01/06/2026 09:14:07,424043,0,0,,0,0,,,,,,,,,,,,,,,,,,,
01/06/2026 09:14:37,424043,0,0,,0,0,,,,,,,,,,,,,,,,,,,
01/06/2026 09:15:07,424043,0,0,,0,0,,,,,,,,,,,,,,,,,,,
01/06/2026 09:15:37,424043,0,0,,0,0,,,,,,,,,,,,,,,,,,,
01/06/2026 09:16:07,424043,0,0,,0,0,,,,,,,,,,,,,,,,,,,
01/06/2026 09:16:37,424043,0,0,,0,0,,,,,,,,,,,,,,,,,,,
01/06/2026 09:17:07,424043,0,0,,0,0,,,,,,,,,,,,,,,,,,,
01/06/2026 09:17:37,424043,0,0,,0,0,,,,,,,,,,,,,,,,,,,
01/06/2026 09:18:07,424043,0,0,,0,0,,,,,,,,,,,,,,,,,,,
01/06/2026 09:18:37,424043,0,0,,0,0,,,,,,,,,,,,,,,,,,,
01/06/2026 09:19:07,424043,0,0,,0,0,,,,,,,,,,,,,,,,,,,
01/06/2026 09:19:37,424043,0,0,,0,0,,,,,,,,,,,,,,,,,,,
01/06/2026 09:20:07,424043,0,0,,0,0,,,,,,,,,,,,,,,,,,,
01/06/2026 09:20:37,424043,0,0,,0,0,,,,,,,,,,,,,,,,,,,
01/06/2026 09:21:07,424043,0,0,,0,0,,,,,,,,,,,,,,,,,,,
01/06/2026 09:21:37,424043,0,0,,0,0,,,,,,,,,,,,,,,,,,,
01/06/2026 09:22:07,424043,0,0,,0,0,,,,,,,,,,,,,,,,,,,
01/06/2026 09:22:37,424043,0,0,,0,0,,,,,,,,,,,,,,,,,,,
01/06/2026 09:23:07,424043,0,0,,0,0,,,,,,,,,,,,,,,,,,,
01/06/2026 09:23:37,424043,0,0,,0,0,,,,,,,,,,,,,,,,,,,
01/06/2026 09:24:07,424043,0,0,,0,0,,,,,,,,,,,,,,,,,,,
01/06/2026 09:24:37,424043,0,0,,0,0,,,,,,,,,,,,,,,,,,,
01/06/2026 09:25:07,424043,0,0,,0,0,,,,,,,,,,,,,,,,,,,
01/06/2026 09:25:37,424043,0,0,,0,0,,,,,,,,,,,,,,,,,,,
01/06/2026 09:26:07,424043,0,0,,0,0,,,,,,,,,,,,,,,,,,,
01/06/2026 09:26:37,424043,0,0,,0,0,,,,,,,,,,,,,,,,,,,
01/06/2026 09:27:07,424043,0,0,,0,0,,,,,,,,,,,,,,,,,,,
01/06/2026 09:27:37,424043,0,0,,0,0,,,,,,,,,,,,,,,,,,,
01/06/2026 09:28:07,424043,0,0,,0,0,,,,,,,,,,,,,,,,,,,
01/06/2026 09:28:37,424043,0,0,,0,0,,,,,,,,,,,,,,,,,,,
01/06/2026 09:29:07,424043,0,0,,0,0,,,,,,,,,,,,,,,,,,,
01/06/2026 09:29:37,424043,0,0,,0,0,,,,,,,,,,,,,,,,,,,
01/06/2026 09:30:07,424043,0,0,,0,0,,,,,,,,,,,,,,,,,,,
01/06/2026 09:30:37,424043,0,0,,0,0,,,,,,,,,,,,,,,,,,,
01/06/2026 09:31:07,424043,0,0,,0,0,,,,,,,,,,,,,,,,,,,
01/06/2026 09:31:37,424043,0,0,,0,0,,,,,,,,,,,,,,,,,,,
01/06/2026 09:32:07,424043,0,0,,0,0,,,,,,,,,,,,,,,,,,,
01/06/2026 09:32:37,424043,0,0,,0,0,,,,,,,,,,,,,,,,,,,
01/06/2026 09:33:07,424043,0,0,,0,0,,,,,,,,,,,,,,,,,,,
01/06/2026 09:33:37,424043,0,0,,0,0,,,,,,,,,,,,,,,,,,,
01/06/2026 09:34:07,424043,0,0,,0,0,,,,,,,,,,,,,,,,,,,
01/06/2026 09:34:37,424043,0,0,,0,0,,,,,,,,,,,,,,,,,,,
01/06/2026 09:35:07,424043,0,0,,0,0,,,,,,,,,,,,,,,,,,,
01/06/2026 09:35:37,424043,0,0,,0,0,,,,,,,,,,,,,,,,,,,
01/06/2026 09:36:07,424043,0,0,,0,0,,,,,,,,,,,,,,,,,,,
01/06/2026 09:36:37,424043,0,0,,0,0,,,,,,,,,,,,,,,,,,,
01/06/2026 09:37:07,424043,0,0,,0,0,,,,,,,,,,,,,,,,,,,
01/06/2026 09:37:37,424043,0,0,,0,0,,,,,,,,,,,,,,,,,,,
01/06/2026 09:38:07,424043,0,0,,0,0,,,,,,,,,,,,,,,,,,,
01/06/2026 09:38:37,424043,0,0,,0,0,,,,,,,,,,,,,,,,,,,
01/06/2026 09:39:07,424043,0,0,,0,0,,,,,,,,,,,,,,,,,,,
01/06/2026 09:39:37,424043,0,0,,0,0,,,,,,,,,,,,,,,,,,,
01/06/2026 09:40:07,424043,0,0,,0,0,,,,,,,,,,,,,,,,,,,
01/06/2026 09:40:37,424043,0,0,,0,0,,,,,,,,,,,,,,,,,,,
01/06/2026 09:41:07,424043,0,0,,0,0,,,,,,,,,,,,,,,,,,,
01/06/2026 09:41:37,424043,0,0,,0,0,,,,,,,,,,,,,,,,,,,
01/06/2026 09:42:07,424043,0,0,,0,0,,,,,,,,,,,,,,,,,,,
01/06/2026 09:42:37,424043,0,0,,0,0,,,,,,,,,,,,,,,,,,,
01/06/2026 09:43:07,424043,0,0,,0,0,,,,,,,,,,,,,,,,,,,
01/06/2026 09:43:37,424043,0,0,,0,0,,,,,,,,,,,,,,,,,,,
01/06/2026 09:44:07,424043,0,0,,0,0,,,,,,,,,,,,,,,,,,,
01/06/2026 09:44:37,424043,0,0,,0,0,,,,,,,,,,,,,,,,,,,
01/06/2026 09:45:07,424043,0,0,,0,0,,,,,,,,,,,,,,,,,,,
01/06/2026 09:45:37,424043,0,0,,0,0,,,,,,,,,,,,,,,,,,,
01/06/2026 09:46:07,424043,0,0,,0,0,,,,,,,,,,,,,,,,,,,
01/06/2026 09:46:37,424043,0,0,,0,0,,,,,,,,,,,,,,,,,,,
01/06/2026 09:47:07,424043,0,0,,0,0,,,,,,,,,,,,,,,,,,,
01/06/2026 09:47:37,424043,0,0,,0,0,,,,,,,,,,,,,,,,,,,
01/06/2026 09:48:07,424043,0,0,,0,0,,,,,,,,,,,,,,,,,,,
01/06/2026 09:48:37,424043,0,0,,0,0,,,,,,,,,,,,,,,,,,,
01/06/2026 09:49:07,424043,0,0,,0,0,,,,,,,,,,,,,,,,,,,
01/06/2026 09:49:37,424043,0,0,,0,0,,,,,,,,,,,,,,,,,,,
01/06/2026 09:50:07,424043,0,0,,0,0,,,,,,,,,,,,,,,,,,,
01/06/2026 09:50:37,424043,0,0,,0,0,,,,,,,,,,,,,,,,,,,
01/06/2026 09:51:07,424043,0,0,,0,0,,,,,,,,,,,,,,,,,,,
01/06/2026 09:51:37,424043,0,0,,0,0,,,,,,,,,,,,,,,,,,,
01/06/2026 09:52:07,424043,0,0,,0,0,,,,,,,,,,,,,,,,,,,
01/06/2026 09:52:37,424043,0,0,,0,0,,,,,,,,,,,,,,,,,,,
01/06/2026 09:53:07,424043,0,0,,0,0,,,,,,,,,,,,,,,,,,,
01/06/2026 09:53:37,424043,0,0,,0,0,,,,,,,,,,,,,,,,,,,
01/06/2026 09:54:07,424043,0,0,,0,0,,,,,,,,,,,,,,,,,,,
01/06/2026 09:54:37,424043,0,0,,0,0,,,,,,,,,,,,,,,,,,,
01/06/2026 09:55:07,424043,0,0,,0,0,,,,,,,,,,,,,,,,,,,
01/06/2026 09:55:37,424043,0,0,,0,0,,,,,,,,,,,,,,,,,,,
01/06/2026 09:56:07,424043,0,0,,0,0,,,,,,,,,,,,,,,,,,,
01/06/2026 09:56:37,424043,0,0,,0,0,,,,,,,,,,,,,,,,,,,
01/06/2026 09:57:07,424043,0,0,,0,0,,,,,,,,,,,,,,,,,,,
01/06/2026 09:57:37,424043,0,0,,0,0,,,,,,,,,,,,,,,,,,,
01/06/2026 09:58:07,424043,0,0,,0,0,,,,,,,,,,,,,,,,,,,
01/06/2026 09:58:37,424043,0,0,,0,0,,,,,,,,,,,,,,,,,,,
01/06/2026 09:59:07,424043,0,0,,0,0,,,,,,,,,,,,,,,,,,,
01/06/2026 09:59:37,424043,0,0,,0,0,,,,,,,,,,,,,,,,,,,
01/06/2026 10:00:07,424043,0,0,,0,0,,,,,,,,,,,,,,,,,,,
01/06/2026 10:00:37,424043,0,0,,0,0,,,,,,,,,,,,,,,,,,,
01/06/2026 10:01:07,424043,0,0,,0,0,,,,,,,,,,,,,,,,,,,
01/06/2026 10:01:37,424043,0,0,,0,0,,,,,,,,,,,,,,,,,,,
01/06/2026 10:02:07,424043,0,0,,0,0,,,,,,,,,,,,,,,,,,,
01/06/2026 10:02:37,424043,0,0,,0,0,,,,,,,,,,,,,,,,,,,
01/06/2026 10:03:07,424043,0,0,,0,0,,,,,,,,,,,,,,,,,,,
01/06/2026 10:03:37,424043,0,0,,0,0,,,,,,,,,,,,,,,,,,,
01/06/2026 10:04:07,424043,0,0,,0,0,,,,,,,,,,,,,,,,,,,
01/06/2026 10:04:37,424043,0,0,,0,0,,,,,,,,,,,,,,,,,,,
01/06/2026 10:05:07,424043,0,0,,0,0,,,,,,,,,,,,,,,,,,,
01/06/2026 10:05:37,424043,0,0,,0,0,,,,,,,,,,,,,,,,,,,
01/06/2026 10:06:07,424043,0,0,,0,0,,,,,,,,,,,,,,,,,,,
01/06/2026 10:06:37,424043,0,0,,0,0,,,,,,,,,,,,,,,,,,,
01/06/2026 10:07:07,424043,0,0,,0,0,,,,,,,,,,,,,,,,,,,
01/06/2026 10:07:37,424043,0,0,,0,0,,,,,,,,,,,,,,,,,,,
01/06/2026 10:08:07,424043,0,0,,0,0,,,,,,,,,,,,,,,,,,,
01/06/2026 10:08:37,424043,0,0,,0,0,,,,,,,,,,,,,,,,,,,
01/06/2026 10:09:07,424043,0,0,,0,0,,,,,,,,,,,,,,,,,,,
01/06/2026 10:09:37,424043,0,0,,0,0,,,,,,,,,,,,,,,,,,,
01/06/2026 10:10:07,424043,0,0,,0,0,,,,,,,,,,,,,,,,,,,
01/06/2026 10:10:37,424043,0,0,,0,0,,,,,,,,,,,,,,,,,,,
01/06/2026 10:11:07,424043,0,0,,0,0,,,,,,,,,,,,,,,,,,,
01/06/2026 10:11:37,424043,0,0,,0,0,,,,,,,,,,,,,,,,,,,
01/06/2026 10:12:07,424043,0,0,,0,0,,,,,,,,,,,,,,,,,,,
01/06/2026 10:12:37,424043,0,0,,0,0,,,,,,,,,,,,,,,,,,,
01/06/2026 10:13:07,424043,0,0,,0,0,,,,,,,,,,,,,,,,,,,
01/06/2026 10:13:37,424043,0,0,,0,0,,,,,,,,,,,,,,,,,,,
01/06/2026 10:14:07,424043,0,0,,0,0,,,,,,,,,,,,,,,,,,,
01/06/2026 10:14:37,424043,0,0,,0,0,,,,,,,,,,,,,,,,,,,
01/06/2026 10:15:07,424043,0,0,,0,0,,,,,,,,,,,,,,,,,,,
01/06/2026 10:15:37,424043,0,0,,0,0,,,,,,,,,,,,,,,,,,,
01/06/2026 10:16:07,424043,0,0,,0,0,,,,,,,,,,,,,,,,,,,
01/06/2026 10:16:37,424043,0,0,,0,0,,,,,,,,,,,,,,,,,,,
01/06/2026 10:17:07,424043,0,0,,0,0,,,,,,,,,,,,,,,,,,,
01/06/2026 10:17:37,424043,0,0,,0,0,,,,,,,,,,,,,,,,,,,
01/06/2026 10:18:07,424043,0,0,,0,0,,,,,,,,,,,,,,,,,,,
01/06/2026 10:18:37,424043,0,0,,0,0,,,,,,,,,,,,,,,,,,,
01/06/2026 10:19:07,424043,0,0,,0,0,,,,,,,,,,,,,,,,,,,
01/06/2026 10:19:37,424043,0,0,,0,0,,,,,,,,,,,,,,,,,,,
01/06/2026 10:20:07,424043,0,0,,0,0,,,,,,,,,,,,,,,,,,,
01/06/2026 10:20:37,424043,0,0,,0,0,,,,,,,,,,,,,,,,,,,
01/06/2026 10:21:07,424043,0,0,,0,0,,,,,,,,,,,,,,,,,,,
01/06/2026 10:21:37,424043,0,0,,0,0,,,,,,,,,,,,,,,,,,,
01/06/2026 10:22:07,424043,0,0,,0,0,,,,,,,,,,,,,,,,,,,
01/06/2026 10:22:37,424043,0,0,,0,0,,,,,,,,,,,,,,,,,,,
01/06/2026 10:23:07,424043,0,0,,0,0,,,,,,,,,,,,,,,,,,,
01/06/2026 10:23:37,424043,0,0,,0,0,,,,,,,,,,,,,,,,,,,
01/06/2026 10:24:07,424043,0,0,,0,0,,,,,,,,,,,,,,,,,,,
01/06/2026 10:24:37,424043,0,0,,0,0,,,,,,,,,,,,,,,,,,,
01/06/2026 10:25:07,424043,0,0,,0,0,,,,,,,,,,,,,,,,,,,
01/06/2026 10:25:37,424043,0,0,,0,0,,,,,,,,,,,,,,,,,,,
01/06/2026 10:26:07,424043,0,0,,0,0,,,,,,,,,,,,,,,,,,,
01/06/2026 10:26:37,424043,0,0,,0,0,,,,,,,,,,,,,,,,,,,
01/06/2026 10:27:07,424043,0,0,,0,0,,,,,,,,,,,,,,,,,,,
01/06/2026 10:27:37,424043,0,0,,0,0,,,,,,,,,,,,,,,,,,,
01/06/2026 10:28:07,424043,0,0,,0,0,,,,,,,,,,,,,,,,,,,
01/06/2026 10:28:37,424043,0,0,,0,0,,,,,,,,,,,,,,,,,,,
01/06/2026 10:29:07,424043,0,0,,0,0,,,,,,,,,,,,,,,,,,,
01/06/2026 10:29:37,424043,0,0,,0,0,,,,,,,,,,,,,,,,,,,
01/06/2026 10:30:07,424043,0,0,,0,0,,,,,,,,,,,,,,,,,,,
01/06/2026 10:30:37,424043,0,0,,0,0,,,,,,,,,,,,,,,,,,,
01/06/2026 10:31:07,424043,0,0,,0,0,,,,,,,,,,,,,,,,,,,
01/06/2026 10:31:37,424043,0,0,,0,0,,,,,,,,,,,,,,,,,,,
01/06/2026 10:32:07,424043,0,0,,0,0,,,,,,,,,,,,,,,,,,,
01/06/2026 10:32:37,424043,0,0,,0,0,,,,,,,,,,,,,,,,,,,
01/06/2026 10:33:07,424043,0,0,,0,0,,,,,,,,,,,,,,,,,,,
01/06/2026 10:33:37,424043,0,0,,0,0,,,,,,,,,,,,,,,,,,,
01/06/2026 10:34:07,424043,0,0,,0,0,,,,,,,,,,,,,,,,,,,
01/06/2026 10:34:37,424043,0,0,,0,0,,,,,,,,,,,,,,,,,,,
01/06/2026 10:35:07,424043,0,0,,0,0,,,,,,,,,,,,,,,,,,,
01/06/2026 10:35:37,424043,0,0,,0,0,,,,,,,,,,,,,,,,,,,
01/06/2026 10:36:07,424043,0,0,,0,0,,,,,,,,,,,,,,,,,,,
01/06/2026 10:36:37,424043,0,0,,0,0,,,,,,,,,,,,,,,,,,,
01/06/2026 10:37:07,424043,0,0,,0,0,,,,,,,,,,,,,,,,,,,
01/06/2026 10:37:37,424043,0,0,,0,0,,,,,,,,,,,,,,,,,,,
01/06/2026 10:38:07,424043,0,0,,0,0,,,,,,,,,,,,,,,,,,,
01/06/2026 10:38:37,424043,0,0,,0,0,,,,,,,,,,,,,,,,,,,
01/06/2026 10:39:07,424043,0,0,,0,0,,,,,,,,,,,,,,,,,,,
01/06/2026 10:39:37,424043,0,0,,0,0,,,,,,,,,,,,,,,,,,,
01/06/2026 10:40:07,424043,0,0,,0,0,,,,,,,,,,,,,,,,,,,
01/06/2026 10:40:37,424043,0,0,,0,0,,,,,,,,,,,,,,,,,,,
01/06/2026 10:41:07,424043,0,0,,0,0,,,,,,,,,,,,,,,,,,,
01/06/2026 10:41:37,424043,0,0,,0,0,,,,,,,,,,,,,,,,,,,
01/06/2026 10:42:07,424043,0,0,,0,0,,,,,,,,,,,,,,,,,,,
01/06/2026 10:42:37,424043,0,0,,0,0,,,,,,,,,,,,,,,,,,,
01/06/2026 10:43:07,424043,0,0,,0,0,,,,,,,,,,,,,,,,,,,
01/06/2026 10:43:37,424043,0,0,,0,0,,,,,,,,,,,,,,,,,,,
01/06/2026 10:44:07,424043,0,0,,0,0,,,,,,,,,,,,,,,,,,,
01/06/2026 10:44:37,424043,0,0,,0,0,,,,,,,,,,,,,,,,,,,
01/06/2026 10:45:07,424043,0,0,,0,0,,,,,,,,,,,,,,,,,,,
01/06/2026 10:45:37,424043,0,0,,0,0,,,,,,,,,,,,,,,,,,,
01/06/2026 10:46:07,424043,0,0,,0,0,,,,,,,,,,,,,,,,,,,
01/06/2026 10:46:37,424043,0,0,,0,0,,,,,,,,,,,,,,,,,,,
01/06/2026 10:47:07,424043,0,0,,0,0,,,,,,,,,,,,,,,,,,,
01/06/2026 10:47:37,424043,0,0,,0,0,,,,,,,,,,,,,,,,,,,
01/06/2026 10:48:07,424043,0,0,,0,0,,,,,,,,,,,,,,,,,,,
01/06/2026 10:48:37,424043,0,0,,0,0,,,,,,,,,,,,,,,,,,,
01/06/2026 10:49:07,424043,0,0,,0,0,,,,,,,,,,,,,,,,,,,
01/06/2026 10:49:37,424043,0,0,,0,0,,,,,,,,,,,,,,,,,,,
01/06/2026 10:50:07,424043,0,0,,0,0,,,,,,,,,,,,,,,,,,,
01/06/2026 10:50:37,424043,0,0,,0,0,,,,,,,,,,,,,,,,,,,
01/06/2026 10:51:07,424043,0,0,,0,0,,,,,,,,,,,,,,,,,,,
01/06/2026 10:51:37,424043,0,0,,0,0,,,,,,,,,,,,,,,,,,,
01/06/2026 10:52:07,424043,0,0,,0,0,,,,,,,,,,,,,,,,,,,
01/06/2026 10:52:37,424043,0,0,,0,0,,,,,,,,,,,,,,,,,,,
01/06/2026 10:53:07,424043,0,0,,0,0,,,,,,,,,,,,,,,,,,,
01/06/2026 10:53:37,424043,0,0,,0,0,,,,,,,,,,,,,,,,,,,
01/06/2026 10:54:07,424043,0,0,,0,0,,,,,,,,,,,,,,,,,,,
01/06/2026 10:54:37,424043,0,0,,0,0,,,,,,,,,,,,,,,,,,,
01/06/2026 10:55:07,424043,0,0,,0,0,,,,,,,,,,,,,,,,,,,
01/06/2026 10:55:37,424043,0,0,,0,0,,,,,,,,,,,,,,,,,,,
01/06/2026 10:56:07,424043,0,0,,0,0,,,,,,,,,,,,,,,,,,,
01/06/2026 10:56:37,424043,0,0,,0,0,,,,,,,,,,,,,,,,,,,
01/06/2026 10:57:07,424043,0,0,,0,0,,,,,,,,,,,,,,,,,,,
01/06/2026 10:57:37,424043,0,0,,0,0,,,,,,,,,,,,,,,,,,,
01/06/2026 10:58:07,424043,0,0,,0,0,,,,,,,,,,,,,,,,,,,
01/06/2026 10:58:37,424043,0,0,,0,0,,,,,,,,,,,,,,,,,,,
01/06/2026 10:59:07,424043,0,0,,0,0,,,,,,,,,,,,,,,,,,,
01/06/2026 10:59:37,424043,0,0,,0,0,,,,,,,,,,,,,,,,,,,
01/06/2026 11:00:07,424043,0,0,,0,0,,,,,,,,,,,,,,,,,,,
01/06/2026 11:00:37,424043,0,0,,0,0,,,,,,,,,,,,,,,,,,,
01/06/2026 11:01:07,424043,0,0,,0,0,,,,,,,,,,,,,,,,,,,
01/06/2026 11:01:37,424043,0,0,,0,0,,,,,,,,,,,,,,,,,,,
01/06/2026 11:02:07,424043,0,0,,0,0,,,,,,,,,,,,,,,,,,,
01/06/2026 11:02:37,424043,0,0,,0,0,,,,,,,,,,,,,,,,,,,
01/06/2026 11:03:07,424043,0,0,,0,0,,,,,,,,,,,,,,,,,,,
01/06/2026 11:03:37,424043,0,0,,0,0,,,,,,,,,,,,,,,,,,,
01/06/2026 11:04:07,424043,0,0,,0,0,,,,,,,,,,,,,,,,,,,
01/06/2026 11:04:37,424043,0,0,,0,0,,,,,,,,,,,,,,,,,,,
01/06/2026 11:05:07,424043,0,0,,0,0,,,,,,,,,,,,,,,,,,,
01/06/2026 11:05:37,424043,0,0,,0,0,,,,,,,,,,,,,,,,,,,
01/06/2026 11:06:07,424043,0,0,,0,0,,,,,,,,,,,,,,,,,,,
01/06/2026 11:06:37,424043,0,0,,0,0,,,,,,,,,,,,,,,,,,,
01/06/2026 11:07:07,424043,0,0,,0,0,,,,,,,,,,,,,,,,,,,
01/06/2026 11:07:37,424043,0,0,,0,0,,,,,,,,,,,,,,,,,,,
01/06/2026 11:08:07,424043,0,0,,0,0,,,,,,,,,,,,,,,,,,,
01/06/2026 11:08:37,424043,0,0,,0,0,,,,,,,,,,,,,,,,,,,
01/06/2026 11:09:07,424043,0,0,,0,0,,,,,,,,,,,,,,,,,,,
01/06/2026 11:09:37,424043,0,0,,0,0,,,,,,,,,,,,,,,,,,,
01/06/2026 11:10:07,424043,0,0,,0,0,,,,,,,,,,,,,,,,,,,
01/06/2026 11:10:37,424043,0,0,,0,0,,,,,,,,,,,,,,,,,,,
01/06/2026 11:11:07,424043,0,0,,0,0,,,,,,,,,,,,,,,,,,,
01/06/2026 11:11:37,424043,0,0,,0,0,,,,,,,,,,,,,,,,,,,
01/06/2026 11:12:07,424043,0,0,,0,0,,,,,,,,,,,,,,,,,,,
01/06/2026 11:12:37,424043,0,0,,0,0,,,,,,,,,,,,,,,,,,,
01/06/2026 11:13:07,424043,0,0,,0,0,,,,,,,,,,,,,,,,,,,
01/06/2026 11:13:37,424043,0,0,,0,0,,,,,,,,,,,,,,,,,,,
01/06/2026 11:14:07,424043,0,0,,0,0,,,,,,,,,,,,,,,,,,,
01/06/2026 11:14:37,424043,0,0,,0,0,,,,,,,,,,,,,,,,,,,
01/06/2026 11:15:07,424043,0,0,,0,0,,,,,,,,,,,,,,,,,,,
01/06/2026 11:15:37,424043,0,0,,0,0,,,,,,,,,,,,,,,,,,,
01/06/2026 11:16:07,424043,0,0,,0,0,,,,,,,,,,,,,,,,,,,
01/06/2026 11:16:37,424043,0,0,,0,0,,,,,,,,,,,,,,,,,,,
01/06/2026 11:17:07,424043,0,0,,0,0,,,,,,,,,,,,,,,,,,,
01/06/2026 11:17:37,424043,0,0,,0,0,,,,,,,,,,,,,,,,,,,
01/06/2026 11:18:07,424043,0,0,,0,0,,,,,,,,,,,,,,,,,,,
01/06/2026 11:18:37,424043,0,0,,0,0,,,,,,,,,,,,,,,,,,,
01/06/2026 11:19:07,424043,0,0,,0,0,,,,,,,,,,,,,,,,,,,
01/06/2026 11:19:37,424043,0,0,,0,0,,,,,,,,,,,,,,,,,,,
01/06/2026 11:20:07,424043,0,0,,0,0,,,,,,,,,,,,,,,,,,,
01/06/2026 11:20:37,424043,0,0,,0,0,,,,,,,,,,,,,,,,,,,
01/06/2026 11:21:07,424043,0,0,,0,0,,,,,,,,,,,,,,,,,,,
01/06/2026 11:21:37,424043,0,0,,0,0,,,,,,,,,,,,,,,,,,,
01/06/2026 11:22:07,424043,0,0,,0,0,,,,,,,,,,,,,,,,,,,
01/06/2026 11:22:37,424043,0,0,,0,0,,,,,,,,,,,,,,,,,,,
01/06/2026 11:23:07,424043,0,0,,0,0,,,,,,,,,,,,,,,,,,,
01/06/2026 11:23:37,424043,0,0,,0,0,,,,,,,,,,,,,,,,,,,
01/06/2026 11:24:07,424043,0,0,,0,0,,,,,,,,,,,,,,,,,,,
01/06/2026 11:24:37,424043,0,0,,0,0,,,,,,,,,,,,,,,,,,,
01/06/2026 11:25:07,424043,0,0,,0,0,,,,,,,,,,,,,,,,,,,
01/06/2026 11:25:37,424043,0,0,,0,0,,,,,,,,,,,,,,,,,,,
01/06/2026 11:26:07,424043,0,0,,0,0,,,,,,,,,,,,,,,,,,,
01/06/2026 11:26:37,424043,0,0,,0,0,,,,,,,,,,,,,,,,,,,
01/06/2026 11:27:07,424043,0,0,,0,0,,,,,,,,,,,,,,,,,,,
01/06/2026 11:27:37,424043,0,0,,0,0,,,,,,,,,,,,,,,,,,,
01/06/2026 11:28:07,424043,0,0,,0,0,,,,,,,,,,,,,,,,,,,
01/06/2026 11:28:37,424043,0,0,,0,0,,,,,,,,,,,,,,,,,,,
01/06/2026 11:29:07,424043,0,0,,0,0,,,,,,,,,,,,,,,,,,,
01/06/2026 11:29:37,424043,0,0,,0,0,,,,,,,,,,,,,,,,,,,
01/06/2026 11:30:07,424043,0,0,,0,0,,,,,,,,,,,,,,,,,,,
01/06/2026 11:30:37,424043,0,0,,0,0,,,,,,,,,,,,,,,,,,,
01/06/2026 11:31:07,424043,0,0,,0,0,,,,,,,,,,,,,,,,,,,
01/06/2026 11:31:37,424043,0,0,,0,0,,,,,,,,,,,,,,,,,,,
01/06/2026 11:32:07,424043,0,0,,0,0,,,,,,,,,,,,,,,,,,,
01/06/2026 11:32:37,424043,0,0,,0,0,,,,,,,,,,,,,,,,,,,
01/06/2026 11:33:07,424043,0,0,,0,0,,,,,,,,,,,,,,,,,,,
01/06/2026 11:33:37,424043,0,0,,0,0,,,,,,,,,,,,,,,,,,,
01/06/2026 11:34:07,424043,0,0,,0,0,,,,,,,,,,,,,,,,,,,
01/06/2026 11:34:37,424043,0,0,,0,0,,,,,,,,,,,,,,,,,,,
01/06/2026 11:35:07,424043,0,0,,0,0,,,,,,,,,,,,,,,,,,,
01/06/2026 11:35:37,424043,0,0,,0,0,,,,,,,,,,,,,,,,,,,
01/06/2026 11:36:07,424043,0,0,,0,0,,,,,,,,,,,,,,,,,,,
01/06/2026 11:36:37,424043,0,0,,0,0,,,,,,,,,,,,,,,,,,,
01/06/2026 11:37:07,424043,0,0,,0,0,,,,,,,,,,,,,,,,,,,
01/06/2026 11:37:37,424043,0,0,,0,0,,,,,,,,,,,,,,,,,,,
01/06/2026 11:38:07,424043,0,0,,0,0,,,,,,,,,,,,,,,,,,,
01/06/2026 11:38:37,424043,0,0,,0,0,,,,,,,,,,,,,,,,,,,
01/06/2026 11:39:07,424043,0,0,,0,0,,,,,,,,,,,,,,,,,,,
01/06/2026 11:39:37,424043,0,0,,0,0,,,,,,,,,,,,,,,,,,,
01/06/2026 11:40:07,424043,0,0,,0,0,,,,,,,,,,,,,,,,,,,
01/06/2026 11:40:37,424043,0,0,,0,0,,,,,,,,,,,,,,,,,,,
01/06/2026 11:41:07,424043,0,0,,0,0,,,,,,,,,,,,,,,,,,,
01/06/2026 11:41:37,424043,0,0,,0,0,,,,,,,,,,,,,,,,,,,
01/06/2026 11:42:07,424043,0,0,,0,0,,,,,,,,,,,,,,,,,,,
01/06/2026 11:42:37,424043,0,0,,0,0,,,,,,,,,,,,,,,,,,,
01/06/2026 11:43:07,424043,0,0,,0,0,,,,,,,,,,,,,,,,,,,
01/06/2026 11:43:37,424043,0,0,,0,0,,,,,,,,,,,,,,,,,,,
01/06/2026 11:44:07,424043,0,0,,0,0,,,,,,,,,,,,,,,,,,,
01/06/2026 11:44:37,424043,0,0,,0,0,,,,,,,,,,,,,,,,,,,
01/06/2026 11:45:07,424043,0,0,,0,0,,,,,,,,,,,,,,,,,,,
01/06/2026 11:45:37,424043,0,0,,0,0,,,,,,,,,,,,,,,,,,,
01/06/2026 11:46:07,424043,0,0,,0,0,,,,,,,,,,,,,,,,,,,
01/06/2026 11:46:37,424043,0,0,,0,0,,,,,,,,,,,,,,,,,,,
01/06/2026 11:47:07,424043,0,0,,0,0,,,,,,,,,,,,,,,,,,,
01/06/2026 11:47:37,424043,0,0,,0,0,,,,,,,,,,,,,,,,,,,
01/06/2026 11:48:07,424043,0,0,,0,0,,,,,,,,,,,,,,,,,,,
01/06/2026 11:48:37,424043,0,0,,0,0,,,,,,,,,,,,,,,,,,,
01/06/2026 11:49:07,424043,0,0,,0,0,,,,,,,,,,,,,,,,,,,
01/06/2026 11:49:37,424043,0,0,,0,0,,,,,,,,,,,,,,,,,,,
01/06/2026 11:50:07,424043,0,0,,0,0,,,,,,,,,,,,,,,,,,,
01/06/2026 11:50:37,424043,0,0,,0,0,,,,,,,,,,,,,,,,,,,
01/06/2026 11:51:07,424043,0,0,,0,0,,,,,,,,,,,,,,,,,,,
01/06/2026 11:51:37,424043,0,0,,0,0,,,,,,,,,,,,,,,,,,,
01/06/2026 11:52:07,424043,0,0,,0,0,,,,,,,,,,,,,,,,,,,
01/06/2026 11:52:37,424043,0,0,,0,0,,,,,,,,,,,,,,,,,,,
01/06/2026 11:53:07,424043,0,0,,0,0,,,,,,,,,,,,,,,,,,,
01/06/2026 11:53:37,424043,0,0,,0,0,,,,,,,,,,,,,,,,,,,
01/06/2026 11:54:07,424043,0,0,,0,0,,,,,,,,,,,,,,,,,,,
01/06/2026 11:54:37,424043,0,0,,0,0,,,,,,,,,,,,,,,,,,,
01/06/2026 11:55:07,424043,0,0,,0,0,,,,,,,,,,,,,,,,,,,
01/06/2026 11:55:37,424043,0,0,,0,0,,,,,,,,,,,,,,,,,,,
01/06/2026 11:56:07,424043,0,0,,0,0,,,,,,,,,,,,,,,,,,,
01/06/2026 11:56:37,424043,0,0,,0,0,,,,,,,,,,,,,,,,,,,
01/06/2026 11:57:07,424043,0,0,,0,0,,,,,,,,,,,,,,,,,,,
01/06/2026 11:57:37,424043,0,0,,0,0,,,,,,,,,,,,,,,,,,,
01/06/2026 11:58:07,424043,0,0,,0,0,,,,,,,,,,,,,,,,,,,
01/06/2026 11:58:37,424043,0,0,,0,0,,,,,,,,,,,,,,,,,,,
01/06/2026 11:59:07,424043,0,0,,0,0,,,,,,,,,,,,,,,,,,,
01/06/2026 11:59:37,424043,0,0,,0,0,,,,,,,,,,,,,,,,,,,
01/06/2026 12:00:07,424043,0,0,,0,0,,,,,,,,,,,,,,,,,,,
01/06/2026 12:00:37,424043,0,0,,0,0,,,,,,,,,,,,,,,,,,,
01/06/2026 12:01:07,424043,0,0,,0,0,,,,,,,,,,,,,,,,,,,
01/06/2026 12:01:37,424043,0,0,,0,0,,,,,,,,,,,,,,,,,,,
01/06/2026 12:02:07,424043,0,0,,0,0,,,,,,,,,,,,,,,,,,,
01/06/2026 12:02:37,424043,0,0,,0,0,,,,,,,,,,,,,,,,,,,
01/06/2026 12:03:07,424043,0,0,,0,0,,,,,,,,,,,,,,,,,,,
01/06/2026 12:03:37,424043,0,0,,0,0,,,,,,,,,,,,,,,,,,,
01/06/2026 12:04:07,424043,0,0,,0,0,,,,,,,,,,,,,,,,,,,
01/06/2026 12:04:37,424043,0,0,,0,0,,,,,,,,,,,,,,,,,,,
01/06/2026 12:05:07,424043,0,0,,0,0,,,,,,,,,,,,,,,,,,,
01/06/2026 12:05:37,424043,0,0,,0,0,,,,,,,,,,,,,,,,,,,
01/06/2026 12:06:07,424043,0,0,,0,0,,,,,,,,,,,,,,,,,,,
01/06/2026 12:06:37,424043,0,0,,0,0,,,,,,,,,,,,,,,,,,,
01/06/2026 12:07:07,424043,0,0,,0,0,,,,,,,,,,,,,,,,,,,
01/06/2026 12:07:37,424043,0,0,,0,0,,,,,,,,,,,,,,,,,,,
01/06/2026 12:08:07,424043,0,0,,0,0,,,,,,,,,,,,,,,,,,,
01/06/2026 12:08:37,424043,0,0,,0,0,,,,,,,,,,,,,,,,,,,
01/06/2026 12:09:07,424043,0,0,,0,0,,,,,,,,,,,,,,,,,,,
01/06/2026 12:09:37,424043,0,0,,0,0,,,,,,,,,,,,,,,,,,,
01/06/2026 12:10:07,424043,0,0,,0,0,,,,,,,,,,,,,,,,,,,
01/06/2026 12:10:37,424043,0,0,,0,0,,,,,,,,,,,,,,,,,,,
01/06/2026 12:11:07,424043,0,0,,0,0,,,,,,,,,,,,,,,,,,,
01/06/2026 12:11:37,424043,0,0,,0,0,,,,,,,,,,,,,,,,,,,
01/06/2026 12:12:07,424043,0,0,,0,0,,,,,,,,,,,,,,,,,,,
01/06/2026 12:12:37,424043,0,0,,0,0,,,,,,,,,,,,,,,,,,,
01/06/2026 12:13:07,424043,0,0,,0,0,,,,,,,,,,,,,,,,,,,
01/06/2026 12:13:37,424043,0,0,,0,0,,,,,,,,,,,,,,,,,,,
01/06/2026 12:14:07,424043,0,0,,0,0,,,,,,,,,,,,,,,,,,,
01/06/2026 12:14:37,424043,0,0,,0,0,,,,,,,,,,,,,,,,,,,
01/06/2026 12:15:07,424043,0,0,,0,0,,,,,,,,,,,,,,,,,,,
01/06/2026 12:15:37,424043,0,0,,0,0,,,,,,,,,,,,,,,,,,,
01/06/2026 12:16:07,424043,0,0,,0,0,,,,,,,,,,,,,,,,,,,
01/06/2026 12:16:37,424043,0,0,,0,0,,,,,,,,,,,,,,,,,,,
01/06/2026 12:17:07,424043,0,0,,0,0,,,,,,,,,,,,,,,,,,,
01/06/2026 12:17:37,424043,0,0,,0,0,,,,,,,,,,,,,,,,,,,
01/06/2026 12:18:07,424043,0,0,,0,0,,,,,,,,,,,,,,,,,,,
01/06/2026 12:18:37,424043,0,0,,0,0,,,,,,,,,,,,,,,,,,,
01/06/2026 12:19:07,424043,0,0,,0,0,,,,,,,,,,,,,,,,,,,
01/06/2026 12:19:37,424043,0,0,,0,0,,,,,,,,,,,,,,,,,,,
01/06/2026 12:20:07,424043,0,0,,0,0,,,,,,,,,,,,,,,,,,,
01/06/2026 12:20:37,424043,0,0,,0,0,,,,,,,,,,,,,,,,,,,
01/06/2026 12:21:07,424043,0,0,,0,0,,,,,,,,,,,,,,,,,,,
01/06/2026 12:21:37,424043,0,0,,0,0,,,,,,,,,,,,,,,,,,,
01/06/2026 12:22:07,424043,0,0,,0,0,,,,,,,,,,,,,,,,,,,
01/06/2026 12:22:37,424043,0,0,,0,0,,,,,,,,,,,,,,,,,,,
01/06/2026 12:23:07,424043,0,0,,0,0,,,,,,,,,,,,,,,,,,,
01/06/2026 12:23:37,424043,0,0,,0,0,,,,,,,,,,,,,,,,,,,
01/06/2026 12:24:07,424043,0,0,,0,0,,,,,,,,,,,,,,,,,,,
01/06/2026 12:24:37,424043,0,0,,0,0,,,,,,,,,,,,,,,,,,,
01/06/2026 12:25:07,424043,0,0,,0,0,,,,,,,,,,,,,,,,,,,
01/06/2026 12:25:37,424043,0,0,,0,0,,,,,,,,,,,,,,,,,,,
01/06/2026 12:26:07,424043,0,0,,0,0,,,,,,,,,,,,,,,,,,,
01/06/2026 12:26:37,424043,0,0,,0,0,,,,,,,,,,,,,,,,,,,
01/06/2026 12:27:07,424043,0,0,,0,0,,,,,,,,,,,,,,,,,,,
01/06/2026 12:27:37,424043,0,0,,0,0,,,,,,,,,,,,,,,,,,,
01/06/2026 12:28:07,424043,0,0,,0,0,,,,,,,,,,,,,,,,,,,
01/06/2026 12:28:37,424043,0,0,,0,0,,,,,,,,,,,,,,,,,,,
01/06/2026 12:29:07,424043,0,0,,0,0,,,,,,,,,,,,,,,,,,,
01/06/2026 12:29:37,424043,0,0,,0,0,,,,,,,,,,,,,,,,,,,
01/06/2026 12:30:07,424043,0,0,,0,0,,,,,,,,,,,,,,,,,,,
01/06/2026 12:30:37,424043,0,0,,0,0,,,,,,,,,,,,,,,,,,,
01/06/2026 12:31:07,424043,0,0,,0,0,,,,,,,,,,,,,,,,,,,
01/06/2026 12:31:37,424043,0,0,,0,0,,,,,,,,,,,,,,,,,,,
01/06/2026 12:32:07,424043,0,0,,0,0,,,,,,,,,,,,,,,,,,,
01/06/2026 12:32:37,424043,0,0,,0,0,,,,,,,,,,,,,,,,,,,
01/06/2026 12:33:07,424043,0,0,,0,0,,,,,,,,,,,,,,,,,,,
01/06/2026 12:33:37,424043,0,0,,0,0,,,,,,,,,,,,,,,,,,,
01/06/2026 12:34:07,424043,0,0,,0,0,,,,,,,,,,,,,,,,,,,
01/06/2026 12:34:37,424043,0,0,,0,0,,,,,,,,,,,,,,,,,,,
01/06/2026 12:35:07,424043,0,0,,0,0,,,,,,,,,,,,,,,,,,,
01/06/2026 12:35:37,424043,0,0,,0,0,,,,,,,,,,,,,,,,,,,
01/06/2026 12:36:07,424043,0,0,,0,0,,,,,,,,,,,,,,,,,,,
01/06/2026 12:36:37,424043,0,0,,0,0,,,,,,,,,,,,,,,,,,,
01/06/2026 12:37:07,424043,0,0,,0,0,,,,,,,,,,,,,,,,,,,
01/06/2026 12:37:37,424043,0,0,,0,0,,,,,,,,,,,,,,,,,,,
01/06/2026 12:38:07,424043,0,0,,0,0,,,,,,,,,,,,,,,,,,,
01/06/2026 12:38:37,424043,0,0,,0,0,,,,,,,,,,,,,,,,,,,
01/06/2026 12:39:07,424043,0,0,,0,0,,,,,,,,,,,,,,,,,,,
01/06/2026 12:39:37,424043,0,0,,0,0,,,,,,,,,,,,,,,,,,,
01/06/2026 12:40:07,424043,0,0,,0,0,,,,,,,,,,,,,,,,,,,
01/06/2026 12:40:37,424043,0,0,,0,0,,,,,,,,,,,,,,,,,,,
01/06/2026 12:41:07,424043,0,0,,0,0,,,,,,,,,,,,,,,,,,,
01/06/2026 12:41:37,424043,0,0,,0,0,,,,,,,,,,,,,,,,,,,
01/06/2026 12:42:07,424043,0,0,,0,0,,,,,,,,,,,,,,,,,,,
01/06/2026 12:42:37,424043,0,0,,0,0,,,,,,,,,,,,,,,,,,,
01/06/2026 12:43:07,424043,0,0,,0,0,,,,,,,,,,,,,,,,,,,
01/06/2026 12:43:37,424043,0,0,,0,0,,,,,,,,,,,,,,,,,,,
01/06/2026 12:44:07,424043,0,0,,0,0,,,,,,,,,,,,,,,,,,,
01/06/2026 12:44:37,424043,0,0,,0,0,,,,,,,,,,,,,,,,,,,
01/06/2026 12:45:07,424043,0,0,,0,0,,,,,,,,,,,,,,,,,,,
01/06/2026 12:45:37,424043,0,0,,0,0,,,,,,,,,,,,,,,,,,,
01/06/2026 12:46:07,424043,0,0,,0,0,,,,,,,,,,,,,,,,,,,
01/06/2026 12:46:37,424043,0,0,,0,0,,,,,,,,,,,,,,,,,,,
01/06/2026 12:47:07,424043,0,0,,0,0,,,,,,,,,,,,,,,,,,,
01/06/2026 12:47:37,424043,0,0,,0,0,,,,,,,,,,,,,,,,,,,
01/06/2026 12:48:07,424043,0,0,,0,0,,,,,,,,,,,,,,,,,,,
01/06/2026 12:48:37,424043,0,0,,0,0,,,,,,,,,,,,,,,,,,,
01/06/2026 12:49:07,424043,0,0,,0,0,,,,,,,,,,,,,,,,,,,
01/06/2026 12:49:37,424043,0,0,,0,0,,,,,,,,,,,,,,,,,,,
01/06/2026 12:50:07,424043,0,0,,0,0,,,,,,,,,,,,,,,,,,,
01/06/2026 12:50:37,424043,0,0,,0,0,,,,,,,,,,,,,,,,,,,
01/06/2026 12:51:07,424043,0,0,,0,0,,,,,,,,,,,,,,,,,,,
01/06/2026 12:51:37,424043,0,0,,0,0,,,,,,,,,,,,,,,,,,,
01/06/2026 12:52:07,424043,0,0,,0,0,,,,,,,,,,,,,,,,,,,
01/06/2026 12:52:37,424043,0,0,,0,0,,,,,,,,,,,,,,,,,,,
01/06/2026 12:53:07,424043,0,0,,0,0,,,,,,,,,,,,,,,,,,,
01/06/2026 12:53:37,424043,0,0,,0,0,,,,,,,,,,,,,,,,,,,
01/06/2026 12:54:07,424043,0,0,,0,0,,,,,,,,,,,,,,,,,,,
01/06/2026 12:54:37,424043,0,0,,0,0,,,,,,,,,,,,,,,,,,,
01/06/2026 12:55:07,424043,0,0,,0,0,,,,,,,,,,,,,,,,,,,
01/06/2026 12:55:37,424043,0,0,,0,0,,,,,,,,,,,,,,,,,,,
01/06/2026 12:56:07,424043,0,0,,0,0,,,,,,,,,,,,,,,,,,,
01/06/2026 12:56:37,424043,0,0,,0,0,,,,,,,,,,,,,,,,,,,
01/06/2026 12:57:07,424043,0,0,,0,0,,,,,,,,,,,,,,,,,,,
01/06/2026 12:57:37,424043,0,0,,0,0,,,,,,,,,,,,,,,,,,,
01/06/2026 12:58:07,424043,0,0,,0,0,,,,,,,,,,,,,,,,,,,
01/06/2026 12:58:37,424043,0,0,,0,0,,,,,,,,,,,,,,,,,,,
01/06/2026 12:59:07,424043,0,0,,0,0,,,,,,,,,,,,,,,,,,,
01/06/2026 12:59:37,424043,0,0,,0,0,,,,,,,,,,,,,,,,,,,
01/06/2026 13:00:07,424043,0,0,,0,0,,,,,,,,,,,,,,,,,,,
01/06/2026 13:00:37,424043,0,0,,0,0,,,,,,,,,,,,,,,,,,,
01/06/2026 13:01:07,424043,0,0,,0,0,,,,,,,,,,,,,,,,,,,
01/06/2026 13:01:37,424043,0,0,,0,0,,,,,,,,,,,,,,,,,,,
01/06/2026 13:02:07,424043,0,0,,0,0,,,,,,,,,,,,,,,,,,,
01/06/2026 13:02:37,424043,0,0,,0,0,,,,,,,,,,,,,,,,,,,
01/06/2026 13:03:07,424043,0,0,,0,0,,,,,,,,,,,,,,,,,,,
01/06/2026 13:03:37,424043,0,0,,0,0,,,,,,,,,,,,,,,,,,,
01/06/2026 13:04:07,424043,0,0,,0,0,,,,,,,,,,,,,,,,,,,
01/06/2026 13:04:37,424043,0,0,,0,0,,,,,,,,,,,,,,,,,,,
01/06/2026 13:05:07,424043,0,0,,0,0,,,,,,,,,,,,,,,,,,,
01/06/2026 13:05:37,424043,0,0,,0,0,,,,,,,,,,,,,,,,,,,
01/06/2026 13:06:07,424043,0,0,,0,0,,,,,,,,,,,,,,,,,,,
01/06/2026 13:06:37,424043,0,0,,0,0,,,,,,,,,,,,,,,,,,,
01/06/2026 13:07:07,424043,0,0,,0,0,,,,,,,,,,,,,,,,,,,
01/06/2026 13:07:37,424043,0,0,,0,0,,,,,,,,,,,,,,,,,,,
01/06/2026 13:08:07,424043,0,0,,0,0,,,,,,,,,,,,,,,,,,,
01/06/2026 13:08:37,424043,0,0,,0,0,,,,,,,,,,,,,,,,,,,
01/06/2026 13:09:07,424043,0,0,,0,0,,,,,,,,,,,,,,,,,,,
01/06/2026 13:09:37,424043,0,0,,0,0,,,,,,,,,,,,,,,,,,,
01/06/2026 13:10:07,424043,0,0,,0,0,,,,,,,,,,,,,,,,,,,
01/06/2026 13:10:37,424043,0,0,,0,0,,,,,,,,,,,,,,,,,,,
01/06/2026 13:11:07,424043,0,0,,0,0,,,,,,,,,,,,,,,,,,,
01/06/2026 13:11:37,424043,0,0,,0,0,,,,,,,,,,,,,,,,,,,
01/06/2026 13:12:07,424043,0,0,,0,0,,,,,,,,,,,,,,,,,,,
01/06/2026 13:12:37,424043,0,0,,0,0,,,,,,,,,,,,,,,,,,,
01/06/2026 13:13:07,424043,0,0,,0,0,,,,,,,,,,,,,,,,,,,
01/06/2026 13:13:37,424043,0,0,,0,0,,,,,,,,,,,,,,,,,,,
01/06/2026 13:14:07,424043,0,0,,0,0,,,,,,,,,,,,,,,,,,,
01/06/2026 13:14:37,424043,0,0,,0,0,,,,,,,,,,,,,,,,,,,
01/06/2026 13:15:07,424043,0,0,,0,0,,,,,,,,,,,,,,,,,,,
01/06/2026 13:15:37,424043,0,0,,0,0,,,,,,,,,,,,,,,,,,,
01/06/2026 13:16:07,424043,0,0,,0,0,,,,,,,,,,,,,,,,,,,
01/06/2026 13:16:37,424043,0,0,,0,0,,,,,,,,,,,,,,,,,,,
01/06/2026 13:17:07,424043,0,0,,0,0,,,,,,,,,,,,,,,,,,,
01/06/2026 13:17:37,424043,0,0,,0,0,,,,,,,,,,,,,,,,,,,
01/06/2026 13:18:07,424043,0,0,,0,0,,,,,,,,,,,,,,,,,,,
01/06/2026 13:18:37,424043,0,0,,0,0,,,,,,,,,,,,,,,,,,,
01/06/2026 13:19:07,424043,0,0,,0,0,,,,,,,,,,,,,,,,,,,
01/06/2026 13:19:37,424043,0,0,,0,0,,,,,,,,,,,,,,,,,,,
01/06/2026 13:20:07,424043,0,0,,0,0,,,,,,,,,,,,,,,,,,,
01/06/2026 13:20:37,424043,0,0,,0,0,,,,,,,,,,,,,,,,,,,
01/06/2026 13:21:07,424043,0,0,,0,0,,,,,,,,,,,,,,,,,,,
01/06/2026 13:21:37,424043,0,0,,0,0,,,,,,,,,,,,,,,,,,,
01/06/2026 13:22:07,424043,0,0,,0,0,,,,,,,,,,,,,,,,,,,
01/06/2026 13:22:37,424043,0,0,,0,0,,,,,,,,,,,,,,,,,,,
01/06/2026 13:23:07,424043,0,0,,0,0,,,,,,,,,,,,,,,,,,,
01/06/2026 13:23:37,424043,0,0,,0,0,,,,,,,,,,,,,,,,,,,
01/06/2026 13:24:07,424043,0,0,,0,0,,,,,,,,,,,,,,,,,,,
01/06/2026 13:24:37,424043,0,0,,0,0,,,,,,,,,,,,,,,,,,,
01/06/2026 13:25:07,424043,0,0,,0,0,,,,,,,,,,,,,,,,,,,
01/06/2026 13:25:37,424043,0,0,,0,0,,,,,,,,,,,,,,,,,,,
01/06/2026 13:26:07,424043,0,0,,0,0,,,,,,,,,,,,,,,,,,,
01/06/2026 13:26:37,424043,0,0,,0,0,,,,,,,,,,,,,,,,,,,
01/06/2026 13:27:07,424043,0,0,,0,0,,,,,,,,,,,,,,,,,,,
01/06/2026 13:27:37,424043,0,0,,0,0,,,,,,,,,,,,,,,,,,,
01/06/2026 13:28:07,424043,0,0,,0,0,,,,,,,,,,,,,,,,,,,
01/06/2026 13:28:37,424043,0,0,,0,0,,,,,,,,,,,,,,,,,,,
01/06/2026 13:29:07,424043,0,0,,0,0,,,,,,,,,,,,,,,,,,,
01/06/2026 13:29:37,424043,0,0,,0,0,,,,,,,,,,,,,,,,,,,
01/06/2026 13:30:07,424043,0,0,,0,0,,,,,,,,,,,,,,,,,,,
01/06/2026 13:30:37,424043,0,0,,0,0,,,,,,,,,,,,,,,,,,,
01/06/2026 13:31:07,424043,0,0,,0,0,,,,,,,,,,,,,,,,,,,
01/06/2026 13:31:37,424043,0,0,,0,0,,,,,,,,,,,,,,,,,,,
01/06/2026 13:32:07,424043,0,0,,0,0,,,,,,,,,,,,,,,,,,,
01/06/2026 13:32:37,424043,0,0,,0,0,,,,,,,,,,,,,,,,,,,
01/06/2026 13:33:07,424043,0,0,,0,0,,,,,,,,,,,,,,,,,,,
01/06/2026 13:33:37,424043,0,0,,0,0,,,,,,,,,,,,,,,,,,,
01/06/2026 13:34:07,424043,0,0,,0,0,,,,,,,,,,,,,,,,,,,
01/06/2026 13:34:37,424043,0,0,,0,0,,,,,,,,,,,,,,,,,,,
01/06/2026 13:35:07,424043,0,0,,0,0,,,,,,,,,,,,,,,,,,,
01/06/2026 13:35:37,424043,0,0,,0,0,,,,,,,,,,,,,,,,,,,
01/06/2026 13:36:07,424043,0,0,,0,0,,,,,,,,,,,,,,,,,,,
01/06/2026 13:36:37,424043,0,0,,0,0,,,,,,,,,,,,,,,,,,,
01/06/2026 13:37:07,424043,0,0,,0,0,,,,,,,,,,,,,,,,,,,
01/06/2026 13:37:37,424043,0,0,,0,0,,,,,,,,,,,,,,,,,,,
01/06/2026 13:38:07,424043,0,0,,0,0,,,,,,,,,,,,,,,,,,,
01/06/2026 13:38:37,424043,0,0,,0,0,,,,,,,,,,,,,,,,,,,
01/06/2026 13:39:07,424043,0,0,,0,0,,,,,,,,,,,,,,,,,,,
01/06/2026 13:39:37,424043,0,0,,0,0,,,,,,,,,,,,,,,,,,,
01/06/2026 13:40:07,424043,0,0,,0,0,,,,,,,,,,,,,,,,,,,
01/06/2026 13:40:37,424043,0,0,,0,0,,,,,,,,,,,,,,,,,,,
01/06/2026 13:41:07,424043,0,0,,0,0,,,,,,,,,,,,,,,,,,,
01/06/2026 13:41:37,424043,0,0,,0,0,,,,,,,,,,,,,,,,,,,
01/06/2026 13:42:07,424043,0,0,,0,0,,,,,,,,,,,,,,,,,,,
01/06/2026 13:42:37,424043,0,0,,0,0,,,,,,,,,,,,,,,,,,,
01/06/2026 13:43:07,424043,0,0,,0,0,,,,,,,,,,,,,,,,,,,
01/06/2026 13:43:37,424043,0,0,,0,0,,,,,,,,,,,,,,,,,,,
01/06/2026 13:44:07,424043,0,0,,0,0,,,,,,,,,,,,,,,,,,,
01/06/2026 13:44:37,424043,0,0,,0,0,,,,,,,,,,,,,,,,,,,
01/06/2026 13:45:07,424043,0,0,,0,0,,,,,,,,,,,,,,,,,,,
01/06/2026 13:45:37,424043,0,0,,0,0,,,,,,,,,,,,,,,,,,,
01/06/2026 13:46:07,424043,0,0,,0,0,,,,,,,,,,,,,,,,,,,
01/06/2026 13:46:37,424043,0,0,,0,0,,,,,,,,,,,,,,,,,,,
01/06/2026 13:47:07,424043,0,0,,0,0,,,,,,,,,,,,,,,,,,,
01/06/2026 13:47:37,424043,0,0,,0,0,,,,,,,,,,,,,,,,,,,
01/06/2026 13:48:07,424043,0,0,,0,0,,,,,,,,,,,,,,,,,,,
01/06/2026 13:48:37,424043,0,0,,0,0,,,,,,,,,,,,,,,,,,,
01/06/2026 13:49:07,424043,0,0,,0,0,,,,,,,,,,,,,,,,,,,
01/06/2026 13:49:37,424043,0,0,,0,0,,,,,,,,,,,,,,,,,,,
01/06/2026 13:50:07,424043,0,0,,0,0,,,,,,,,,,,,,,,,,,,
01/06/2026 13:50:37,424043,0,0,,0,0,,,,,,,,,,,,,,,,,,,
01/06/2026 13:51:07,424043,0,0,,0,0,,,,,,,,,,,,,,,,,,,
01/06/2026 13:51:37,424043,0,0,,0,0,,,,,,,,,,,,,,,,,,,
01/06/2026 13:52:07,424043,0,0,,0,0,,,,,,,,,,,,,,,,,,,
01/06/2026 13:52:37,424043,0,0,,0,0,,,,,,,,,,,,,,,,,,,
01/06/2026 13:53:07,424043,0,0,,0,0,,,,,,,,,,,,,,,,,,,
01/06/2026 13:53:37,424043,0,0,,0,0,,,,,,,,,,,,,,,,,,,
01/06/2026 13:54:07,424043,0,0,,0,0,,,,,,,,,,,,,,,,,,,
01/06/2026 13:54:37,424043,0,0,,0,0,,,,,,,,,,,,,,,,,,,
01/06/2026 13:55:07,424043,0,0,,0,0,,,,,,,,,,,,,,,,,,,
01/06/2026 13:55:37,424043,0,0,,0,0,,,,,,,,,,,,,,,,,,,
01/06/2026 13:56:07,424043,0,0,,0,0,,,,,,,,,,,,,,,,,,,
01/06/2026 13:56:37,424043,0,0,,0,0,,,,,,,,,,,,,,,,,,,
01/06/2026 13:57:07,424043,0,0,,0,0,,,,,,,,,,,,,,,,,,,
01/06/2026 13:57:37,424043,0,0,,0,0,,,,,,,,,,,,,,,,,,,
01/06/2026 13:58:07,424043,0,0,,0,0,,,,,,,,,,,,,,,,,,,
01/06/2026 13:58:37,424043,0,0,,0,0,,,,,,,,,,,,,,,,,,,
01/06/2026 13:59:07,424043,0,0,,0,0,,,,,,,,,,,,,,,,,,,
01/06/2026 13:59:37,424043,0,0,,0,0,,,,,,,,,,,,,,,,,,,
01/06/2026 14:00:07,424043,0,0,,0,0,,,,,,,,,,,,,,,,,,,
01/06/2026 14:00:37,424043,0,0,,0,0,,,,,,,,,,,,,,,,,,,
01/06/2026 14:01:07,424043,0,0,,0,0,,,,,,,,,,,,,,,,,,,
01/06/2026 14:01:37,424043,0,0,,0,0,,,,,,,,,,,,,,,,,,,
01/06/2026 14:02:07,424043,0,0,,0,0,,,,,,,,,,,,,,,,,,,
01/06/2026 14:02:37,424043,0,0,,0,0,,,,,,,,,,,,,,,,,,,
01/06/2026 14:03:07,424043,0,0,,0,0,,,,,,,,,,,,,,,,,,,
01/06/2026 14:03:37,424043,0,0,,0,0,,,,,,,,,,,,,,,,,,,
01/06/2026 14:04:07,424043,0,0,,0,0,,,,,,,,,,,,,,,,,,,
01/06/2026 14:04:37,424043,0,0,,0,0,,,,,,,,,,,,,,,,,,,
01/06/2026 14:05:07,424043,0,0,,0,0,,,,,,,,,,,,,,,,,,,
01/06/2026 14:05:37,424043,0,0,,0,0,,,,,,,,,,,,,,,,,,,
01/06/2026 14:06:07,424043,0,0,,0,0,,,,,,,,,,,,,,,,,,,
01/06/2026 14:06:37,424043,0,0,,0,0,,,,,,,,,,,,,,,,,,,
01/06/2026 14:07:07,424043,0,0,,0,0,,,,,,,,,,,,,,,,,,,
01/06/2026 14:07:37,424043,0,0,,0,0,,,,,,,,,,,,,,,,,,,
01/06/2026 14:08:07,424043,0,0,,0,0,,,,,,,,,,,,,,,,,,,
01/06/2026 14:08:37,424043,0,0,,0,0,,,,,,,,,,,,,,,,,,,
01/06/2026 14:09:07,424043,0,0,,0,0,,,,,,,,,,,,,,,,,,,
01/06/2026 14:09:37,424043,0,0,,0,0,,,,,,,,,,,,,,,,,,,
01/06/2026 14:10:07,424043,0,0,,0,0,,,,,,,,,,,,,,,,,,,
01/06/2026 14:10:37,424043,0,0,,0,0,,,,,,,,,,,,,,,,,,,
01/06/2026 14:11:07,424043,0,0,,0,0,,,,,,,,,,,,,,,,,,,
01/06/2026 14:11:37,424043,0,0,,0,0,,,,,,,,,,,,,,,,,,,
01/06/2026 14:12:07,424043,0,0,,0,0,,,,,,,,,,,,,,,,,,,
01/06/2026 14:12:37,424043,0,0,,0,0,,,,,,,,,,,,,,,,,,,
01/06/2026 14:13:07,424043,0,0,,0,0,,,,,,,,,,,,,,,,,,,
01/06/2026 14:13:37,424043,0,0,,0,0,,,,,,,,,,,,,,,,,,,
01/06/2026 14:14:07,424043,0,0,,0,0,,,,,,,,,,,,,,,,,,,
01/06/2026 14:14:37,424043,0,0,,0,0,,,,,,,,,,,,,,,,,,,
01/06/2026 14:15:07,424043,0,0,,0,0,,,,,,,,,,,,,,,,,,,
01/06/2026 14:15:37,424043,0,0,,0,0,,,,,,,,,,,,,,,,,,,
01/06/2026 14:16:07,424043,0,0,,0,0,,,,,,,,,,,,,,,,,,,
01/06/2026 14:16:37,424043,0,0,,0,0,,,,,,,,,,,,,,,,,,,
01/06/2026 14:17:07,424043,0,0,,0,0,,,,,,,,,,,,,,,,,,,
01/06/2026 14:17:37,424043,0,0,,0,0,,,,,,,,,,,,,,,,,,,
01/06/2026 14:18:07,424043,0,0,,0,0,,,,,,,,,,,,,,,,,,,
01/06/2026 14:18:37,424043,0,0,,0,0,,,,,,,,,,,,,,,,,,,
01/06/2026 14:19:07,424043,0,0,,0,0,,,,,,,,,,,,,,,,,,,
01/06/2026 14:19:37,424043,0,0,,0,0,,,,,,,,,,,,,,,,,,,
01/06/2026 14:20:07,424043,0,0,,0,0,,,,,,,,,,,,,,,,,,,
01/06/2026 14:20:37,424043,0,0,,0,0,,,,,,,,,,,,,,,,,,,
01/06/2026 14:21:07,424043,0,0,,0,0,,,,,,,,,,,,,,,,,,,
01/06/2026 14:21:37,424043,0,0,,0,0,,,,,,,,,,,,,,,,,,,
01/06/2026 14:22:07,424043,0,0,,0,0,,,,,,,,,,,,,,,,,,,
01/06/2026 14:22:37,424043,0,0,,0,0,,,,,,,,,,,,,,,,,,,
01/06/2026 14:23:07,424043,0,0,,0,0,,,,,,,,,,,,,,,,,,,
01/06/2026 14:23:37,424043,0,0,,0,0,,,,,,,,,,,,,,,,,,,
01/06/2026 14:24:07,424043,0,0,,0,0,,,,,,,,,,,,,,,,,,,
01/06/2026 14:24:37,424043,0,0,,0,0,,,,,,,,,,,,,,,,,,,
01/06/2026 14:25:07,424043,0,0,,0,0,,,,,,,,,,,,,,,,,,,
01/06/2026 14:25:37,424043,0,0,,0,0,,,,,,,,,,,,,,,,,,,
01/06/2026 14:26:07,424043,0,0,,0,0,,,,,,,,,,,,,,,,,,,
01/06/2026 14:26:37,424043,0,0,,0,0,,,,,,,,,,,,,,,,,,,
01/06/2026 14:27:07,424043,0,0,,0,0,,,,,,,,,,,,,,,,,,,
01/06/2026 14:27:37,424043,0,0,,0,0,,,,,,,,,,,,,,,,,,,
01/06/2026 14:28:07,424043,0,0,,0,0,,,,,,,,,,,,,,,,,,,
01/06/2026 14:28:37,424043,0,0,,0,0,,,,,,,,,,,,,,,,,,,
01/06/2026 14:29:07,424043,0,0,,0,0,,,,,,,,,,,,,,,,,,,
01/06/2026 14:29:37,424043,0,0,,0,0,,,,,,,,,,,,,,,,,,,
01/06/2026 14:30:07,424043,0,0,,0,0,,,,,,,,,,,,,,,,,,,
01/06/2026 14:30:37,424043,0,0,,0,0,,,,,,,,,,,,,,,,,,,
01/06/2026 14:31:07,424043,0,0,,0,0,,,,,,,,,,,,,,,,,,,
01/06/2026 14:31:37,424043,0,0,,0,0,,,,,,,,,,,,,,,,,,,
01/06/2026 14:32:07,424043,0,0,,0,0,,,,,,,,,,,,,,,,,,,
01/06/2026 14:32:37,424043,0,0,,0,0,,,,,,,,,,,,,,,,,,,
01/06/2026 14:33:07,424043,0,0,,0,0,,,,,,,,,,,,,,,,,,,
01/06/2026 14:33:37,424043,0,0,,0,0,,,,,,,,,,,,,,,,,,,
01/06/2026 14:34:07,424043,0,0,,0,0,,,,,,,,,,,,,,,,,,,
01/06/2026 14:34:37,424043,0,0,,0,0,,,,,,,,,,,,,,,,,,,
01/06/2026 14:35:07,424043,0,0,,0,0,,,,,,,,,,,,,,,,,,,
01/06/2026 14:35:37,424043,0,0,,0,0,,,,,,,,,,,,,,,,,,,
01/06/2026 14:36:07,424043,0,0,,0,0,,,,,,,,,,,,,,,,,,,
01/06/2026 14:36:37,424043,0,0,,0,0,,,,,,,,,,,,,,,,,,,
01/06/2026 14:37:07,424043,0,0,,0,0,,,,,,,,,,,,,,,,,,,
01/06/2026 14:37:37,424043,0,0,,0,0,,,,,,,,,,,,,,,,,,,
01/06/2026 14:38:07,424043,0,0,,0,0,,,,,,,,,,,,,,,,,,,
01/06/2026 14:38:37,424043,0,0,,0,0,,,,,,,,,,,,,,,,,,,
01/06/2026 14:39:07,424043,0,0,,0,0,,,,,,,,,,,,,,,,,,,
01/06/2026 14:39:37,424043,0,0,,0,0,,,,,,,,,,,,,,,,,,,
01/06/2026 14:40:07,424043,0,0,,0,0,,,,,,,,,,,,,,,,,,,
01/06/2026 14:40:37,424043,0,0,,0,0,,,,,,,,,,,,,,,,,,,
01/06/2026 14:41:07,424043,0,0,,0,0,,,,,,,,,,,,,,,,,,,
01/06/2026 14:41:37,424043,0,0,,0,0,,,,,,,,,,,,,,,,,,,
01/06/2026 14:42:07,424043,0,0,,0,0,,,,,,,,,,,,,,,,,,,
01/06/2026 14:42:37,424043,0,0,,0,0,,,,,,,,,,,,,,,,,,,
01/06/2026 14:43:07,424043,0,0,,0,0,,,,,,,,,,,,,,,,,,,
01/06/2026 14:43:37,424043,0,0,,0,0,,,,,,,,,,,,,,,,,,,
01/06/2026 14:44:07,424043,0,0,,0,0,,,,,,,,,,,,,,,,,,,
01/06/2026 14:44:37,424043,0,0,,0,0,,,,,,,,,,,,,,,,,,,
01/06/2026 14:45:07,424043,0,0,,0,0,,,,,,,,,,,,,,,,,,,
01/06/2026 14:45:37,424043,0,0,,0,0,,,,,,,,,,,,,,,,,,,
01/06/2026 14:46:07,424043,0,0,,0,0,,,,,,,,,,,,,,,,,,,
01/06/2026 14:46:37,424043,0,0,,0,0,,,,,,,,,,,,,,,,,,,
01/06/2026 14:47:07,424043,0,0,,0,0,,,,,,,,,,,,,,,,,,,
01/06/2026 14:47:37,424043,0,0,,0,0,,,,,,,,,,,,,,,,,,,
01/06/2026 14:48:07,424043,0,0,,0,0,,,,,,,,,,,,,,,,,,,
01/06/2026 14:48:37,424043,0,0,,0,0,,,,,,,,,,,,,,,,,,,
01/06/2026 14:49:07,424043,0,0,,0,0,,,,,,,,,,,,,,,,,,,
01/06/2026 14:49:37,424043,0,0,,0,0,,,,,,,,,,,,,,,,,,,
01/06/2026 14:50:07,424043,0,0,,0,0,,,,,,,,,,,,,,,,,,,
01/06/2026 14:50:37,424043,0,0,,0,0,,,,,,,,,,,,,,,,,,,
01/06/2026 14:51:07,424043,0,0,,0,0,,,,,,,,,,,,,,,,,,,
01/06/2026 14:51:37,424043,0,0,,0,0,,,,,,,,,,,,,,,,,,,
01/06/2026 14:52:07,424043,0,0,,0,0,,,,,,,,,,,,,,,,,,,
01/06/2026 14:52:37,424043,0,0,,0,0,,,,,,,,,,,,,,,,,,,
01/06/2026 14:53:07,424043,0,0,,0,0,,,,,,,,,,,,,,,,,,,
01/06/2026 14:53:37,424043,0,0,,0,0,,,,,,,,,,,,,,,,,,,
01/06/2026 14:54:07,424043,0,0,,0,0,,,,,,,,,,,,,,,,,,,
01/06/2026 14:54:37,424043,0,0,,0,0,,,,,,,,,,,,,,,,,,,
01/06/2026 14:55:07,424043,0,0,,0,0,,,,,,,,,,,,,,,,,,,
01/06/2026 14:55:37,424043,0,0,,0,0,,,,,,,,,,,,,,,,,,,
01/06/2026 14:56:07,424043,0,0,,0,0,,,,,,,,,,,,,,,,,,,
01/06/2026 14:56:37,424043,0,0,,0,0,,,,,,,,,,,,,,,,,,,
01/06/2026 14:57:07,424043,0,0,,0,0,,,,,,,,,,,,,,,,,,,
01/06/2026 14:57:37,424043,0,0,,0,0,,,,,,,,,,,,,,,,,,,
01/06/2026 14:58:07,424043,0,0,,0,0,,,,,,,,,,,,,,,,,,,
01/06/2026 14:58:37,424043,0,0,,0,0,,,,,,,,,,,,,,,,,,,
01/06/2026 14:59:07,424043,0,0,,0,0,,,,,,,,,,,,,,,,,,,
01/06/2026 14:59:37,424043,0,0,,0,0,,,,,,,,,,,,,,,,,,,
01/06/2026 15:00:07,424043,0,0,,0,0,,,,,,,,,,,,,,,,,,,
01/06/2026 15:00:37,424043,0,0,,0,0,,,,,,,,,,,,,,,,,,,
01/06/2026 15:01:07,424043,0,0,,0,0,,,,,,,,,,,,,,,,,,,
01/06/2026 15:01:37,424043,0,0,,0,0,,,,,,,,,,,,,,,,,,,
01/06/2026 15:02:07,424043,0,0,,0,0,,,,,,,,,,,,,,,,,,,
01/06/2026 15:02:37,424043,0,0,,0,0,,,,,,,,,,,,,,,,,,,
01/06/2026 15:03:07,424043,0,0,,0,0,,,,,,,,,,,,,,,,,,,
01/06/2026 15:03:37,424043,0,0,,0,0,,,,,,,,,,,,,,,,,,,
01/06/2026 15:04:07,424043,0,0,,0,0,,,,,,,,,,,,,,,,,,,
01/06/2026 15:04:37,424043,0,0,,0,0,,,,,,,,,,,,,,,,,,,
01/06/2026 15:05:07,424043,0,0,,0,0,,,,,,,,,,,,,,,,,,,
01/06/2026 15:05:37,424043,0,0,,0,0,,,,,,,,,,,,,,,,,,,
01/06/2026 15:06:07,424043,0,0,,0,0,,,,,,,,,,,,,,,,,,,
01/06/2026 15:06:37,424043,0,0,,0,0,,,,,,,,,,,,,,,,,,,
01/06/2026 15:07:07,424043,0,0,,0,0,,,,,,,,,,,,,,,,,,,
01/06/2026 15:07:37,424043,0,0,,0,0,,,,,,,,,,,,,,,,,,,
01/06/2026 15:08:07,424043,0,0,,0,0,,,,,,,,,,,,,,,,,,,
01/06/2026 15:08:37,424043,0,0,,0,0,,,,,,,,,,,,,,,,,,,
01/06/2026 15:09:07,424043,0,0,,0,0,,,,,,,,,,,,,,,,,,,
01/06/2026 15:09:37,424043,0,0,,0,0,,,,,,,,,,,,,,,,,,,
01/06/2026 15:10:07,424043,0,0,,0,0,,,,,,,,,,,,,,,,,,,
01/06/2026 15:10:37,424043,0,0,,0,0,,,,,,,,,,,,,,,,,,,
01/06/2026 15:11:07,424043,0,0,,0,0,,,,,,,,,,,,,,,,,,,
01/06/2026 15:11:37,424043,0,0,,0,0,,,,,,,,,,,,,,,,,,,
01/06/2026 15:12:07,424043,0,0,,0,0,,,,,,,,,,,,,,,,,,,
01/06/2026 15:12:37,424043,0,0,,0,0,,,,,,,,,,,,,,,,,,,
01/06/2026 15:13:07,424043,0,0,,0,0,,,,,,,,,,,,,,,,,,,
01/06/2026 15:13:37,424043,0,0,,0,0,,,,,,,,,,,,,,,,,,,
01/06/2026 15:14:07,424043,0,0,,0,0,,,,,,,,,,,,,,,,,,,
01/06/2026 15:14:37,424043,0,0,,0,0,,,,,,,,,,,,,,,,,,,
01/06/2026 15:15:07,424043,0,0,,0,0,,,,,,,,,,,,,,,,,,,
01/06/2026 15:15:37,424043,0,0,,0,0,,,,,,,,,,,,,,,,,,,
01/06/2026 15:16:07,424043,0,0,,0,0,,,,,,,,,,,,,,,,,,,
01/06/2026 15:16:37,424043,0,0,,0,0,,,,,,,,,,,,,,,,,,,
01/06/2026 15:17:07,424043,0,0,,0,0,,,,,,,,,,,,,,,,,,,
01/06/2026 15:17:37,424043,0,0,,0,0,,,,,,,,,,,,,,,,,,,
01/06/2026 15:18:07,424043,0,0,,0,0,,,,,,,,,,,,,,,,,,,
01/06/2026 15:18:37,424043,0,0,,0,0,,,,,,,,,,,,,,,,,,,
01/06/2026 15:19:07,424043,0,0,,0,0,,,,,,,,,,,,,,,,,,,
01/06/2026 15:19:37,424043,0,0,,0,0,,,,,,,,,,,,,,,,,,,
01/06/2026 15:20:07,424043,0,0,,0,0,,,,,,,,,,,,,,,,,,,
01/06/2026 15:20:37,424043,0,0,,0,0,,,,,,,,,,,,,,,,,,,
01/06/2026 15:21:07,424043,0,0,,0,0,,,,,,,,,,,,,,,,,,,
01/06/2026 15:21:37,424043,0,0,,0,0,,,,,,,,,,,,,,,,,,,
01/06/2026 15:22:07,424043,0,0,,0,0,,,,,,,,,,,,,,,,,,,
01/06/2026 15:22:37,424043,0,0,,0,0,,,,,,,,,,,,,,,,,,,
01/06/2026 15:23:07,424043,0,0,,0,0,,,,,,,,,,,,,,,,,,,
01/06/2026 15:23:37,424043,0,0,,0,0,,,,,,,,,,,,,,,,,,,
01/06/2026 15:24:07,424043,0,0,,0,0,,,,,,,,,,,,,,,,,,,
01/06/2026 15:24:37,424043,0,0,,0,0,,,,,,,,,,,,,,,,,,,
01/06/2026 15:25:07,424043,0,0,,0,0,,,,,,,,,,,,,,,,,,,
01/06/2026 15:25:37,424043,0,0,,0,0,,,,,,,,,,,,,,,,,,,
01/06/2026 15:26:07,424043,0,0,,0,0,,,,,,,,,,,,,,,,,,,
01/06/2026 15:26:37,424043,0,0,,0,0,,,,,,,,,,,,,,,,,,,
01/06/2026 15:27:07,424043,0,0,,0,0,,,,,,,,,,,,,,,,,,,
01/06/2026 15:27:37,424043,0,0,,0,0,,,,,,,,,,,,,,,,,,,
01/06/2026 15:28:07,424043,0,0,,0,0,,,,,,,,,,,,,,,,,,,
01/06/2026 15:28:37,424043,0,0,,0,0,,,,,,,,,,,,,,,,,,,
01/06/2026 15:29:07,424043,0,0,,0,0,,,,,,,,,,,,,,,,,,,
01/06/2026 15:29:37,424043,0,0,,0,0,,,,,,,,,,,,,,,,,,,
01/06/2026 15:30:07,424043,0,0,,0,0,,,,,,,,,,,,,,,,,,,
01/06/2026 15:30:37,424043,0,0,,0,0,,,,,,,,,,,,,,,,,,,
01/06/2026 15:31:07,424043,0,0,,0,0,,,,,,,,,,,,,,,,,,,
01/06/2026 15:31:37,424043,0,0,,0,0,,,,,,,,,,,,,,,,,,,
01/06/2026 15:32:07,424043,0,0,,0,0,,,,,,,,,,,,,,,,,,,
01/06/2026 15:32:37,424043,0,0,,0,0,,,,,,,,,,,,,,,,,,,
01/06/2026 15:33:07,424043,0,0,,0,0,,,,,,,,,,,,,,,,,,,
01/06/2026 15:33:37,424043,0,0,,0,0,,,,,,,,,,,,,,,,,,,
01/06/2026 15:34:07,424043,0,0,,0,0,,,,,,,,,,,,,,,,,,,
01/06/2026 15:34:37,424043,0,0,,0,0,,,,,,,,,,,,,,,,,,,
01/06/2026 15:35:07,424043,0,0,,0,0,,,,,,,,,,,,,,,,,,,
01/06/2026 15:35:37,424043,0,0,,0,0,,,,,,,,,,,,,,,,,,,
01/06/2026 15:36:07,424043,0,0,,0,0,,,,,,,,,,,,,,,,,,,
01/06/2026 15:36:37,424043,0,0,,0,0,,,,,,,,,,,,,,,,,,,
01/06/2026 15:37:07,424043,0,0,,0,0,,,,,,,,,,,,,,,,,,,
01/06/2026 15:37:37,424043,0,0,,0,0,,,,,,,,,,,,,,,,,,,
01/06/2026 15:38:07,424043,0,0,,0,0,,,,,,,,,,,,,,,,,,,
01/06/2026 15:38:37,424043,0,0,,0,0,,,,,,,,,,,,,,,,,,,
01/06/2026 15:39:07,424043,0,0,,0,0,,,,,,,,,,,,,,,,,,,
01/06/2026 15:39:37,424043,0,0,,0,0,,,,,,,,,,,,,,,,,,,
01/06/2026 15:40:07,424043,0,0,,0,0,,,,,,,,,,,,,,,,,,,
01/06/2026 15:40:37,424043,0,0,,0,0,,,,,,,,,,,,,,,,,,,
01/06/2026 15:41:07,424043,0,0,,0,0,,,,,,,,,,,,,,,,,,,
01/06/2026 15:41:37,424043,0,0,,0,0,,,,,,,,,,,,,,,,,,,
01/06/2026 15:42:07,424043,0,0,,0,0,,,,,,,,,,,,,,,,,,,
01/06/2026 15:42:37,424043,0,0,,0,0,,,,,,,,,,,,,,,,,,,
01/06/2026 15:43:07,424043,0,0,,0,0,,,,,,,,,,,,,,,,,,,
01/06/2026 15:43:37,424043,0,0,,0,0,,,,,,,,,,,,,,,,,,,
01/06/2026 15:44:07,424043,0,0,,0,0,,,,,,,,,,,,,,,,,,,
01/06/2026 15:44:37,424043,0,0,,0,0,,,,,,,,,,,,,,,,,,,
01/06/2026 15:45:07,424043,0,0,,0,0,,,,,,,,,,,,,,,,,,,
01/06/2026 15:45:37,424043,0,0,,0,0,,,,,,,,,,,,,,,,,,,
01/06/2026 15:46:07,424043,0,0,,0,0,,,,,,,,,,,,,,,,,,,
01/06/2026 15:46:37,424043,0,0,,0,0,,,,,,,,,,,,,,,,,,,
01/06/2026 15:47:07,424043,0,0,,0,0,,,,,,,,,,,,,,,,,,,
01/06/2026 15:47:37,424043,0,0,,0,0,,,,,,,,,,,,,,,,,,,
01/06/2026 15:48:07,424043,0,0,,0,0,,,,,,,,,,,,,,,,,,,
01/06/2026 15:48:37,424043,0,0,,0,0,,,,,,,,,,,,,,,,,,,
01/06/2026 15:49:07,424043,0,0,,0,0,,,,,,,,,,,,,,,,,,,
01/06/2026 15:49:37,424043,0,0,,0,0,,,,,,,,,,,,,,,,,,,
01/06/2026 15:50:07,424043,0,0,,0,0,,,,,,,,,,,,,,,,,,,
01/06/2026 15:50:37,424043,0,0,,0,0,,,,,,,,,,,,,,,,,,,
01/06/2026 15:51:07,424043,0,0,,0,0,,,,,,,,,,,,,,,,,,,
01/06/2026 15:51:37,424043,0,0,,0,0,,,,,,,,,,,,,,,,,,,
01/06/2026 15:52:07,424043,0,0,,0,0,,,,,,,,,,,,,,,,,,,
01/06/2026 15:52:37,424043,0,0,,0,0,,,,,,,,,,,,,,,,,,,
01/06/2026 15:53:07,424043,0,0,,0,0,,,,,,,,,,,,,,,,,,,
01/06/2026 15:53:37,424043,0,0,,0,0,,,,,,,,,,,,,,,,,,,
01/06/2026 15:54:07,424043,0,0,,0,0,,,,,,,,,,,,,,,,,,,
01/06/2026 15:54:37,424043,0,0,,0,0,,,,,,,,,,,,,,,,,,,
01/06/2026 15:55:07,424043,0,0,,0,0,,,,,,,,,,,,,,,,,,,
01/06/2026 15:55:37,424043,0,0,,0,0,,,,,,,,,,,,,,,,,,,
01/06/2026 15:56:07,424043,0,0,,0,0,,,,,,,,,,,,,,,,,,,
01/06/2026 15:56:37,424043,0,0,,0,0,,,,,,,,,,,,,,,,,,,
01/06/2026 15:57:07,424043,0,0,,0,0,,,,,,,,,,,,,,,,,,,
01/06/2026 15:57:37,424043,0,0,,0,0,,,,,,,,,,,,,,,,,,,
01/06/2026 15:58:07,424043,0,0,,0,0,,,,,,,,,,,,,,,,,,,
01/06/2026 15:58:37,424043,0,0,,0,0,,,,,,,,,,,,,,,,,,,
01/06/2026 15:59:07,424043,0,0,,0,0,,,,,,,,,,,,,,,,,,,
01/06/2026 15:59:37,424043,0,0,,0,0,,,,,,,,,,,,,,,,,,,
01/06/2026 16:00:07,424043,0,0,,0,0,,,,,,,,,,,,,,,,,,,
01/06/2026 16:00:37,424043,0,0,,0,0,,,,,,,,,,,,,,,,,,,
01/06/2026 16:01:07,424043,0,0,,0,0,,,,,,,,,,,,,,,,,,,
01/06/2026 16:01:37,424043,0,0,,0,0,,,,,,,,,,,,,,,,,,,
01/06/2026 16:02:07,424043,0,0,,0,0,,,,,,,,,,,,,,,,,,,
01/06/2026 16:02:37,424043,0,0,,0,0,,,,,,,,,,,,,,,,,,,
01/06/2026 16:03:07,424043,0,0,,0,0,,,,,,,,,,,,,,,,,,,
01/06/2026 16:03:37,424043,0,0,,0,0,,,,,,,,,,,,,,,,,,,
01/06/2026 16:04:07,424043,0,0,,0,0,,,,,,,,,,,,,,,,,,,
01/06/2026 16:04:37,424043,0,0,,0,0,,,,,,,,,,,,,,,,,,,
01/06/2026 16:05:07,424043,0,0,,0,0,,,,,,,,,,,,,,,,,,,
01/06/2026 16:05:37,424043,0,0,,0,0,,,,,,,,,,,,,,,,,,,
01/06/2026 16:06:07,424043,0,0,,0,0,,,,,,,,,,,,,,,,,,,
01/06/2026 16:06:37,424043,0,0,,0,0,,,,,,,,,,,,,,,,,,,
01/06/2026 16:07:07,424043,0,0,,0,0,,,,,,,,,,,,,,,,,,,
01/06/2026 16:07:37,424043,0,0,,0,0,,,,,,,,,,,,,,,,,,,
01/06/2026 16:08:07,424043,0,0,,0,0,,,,,,,,,,,,,,,,,,,
01/06/2026 16:08:37,424043,0,0,,0,0,,,,,,,,,,,,,,,,,,,
01/06/2026 16:09:07,424043,0,0,,0,0,,,,,,,,,,,,,,,,,,,
01/06/2026 16:09:37,424043,0,0,,0,0,,,,,,,,,,,,,,,,,,,
01/06/2026 16:10:07,424043,0,0,,0,0,,,,,,,,,,,,,,,,,,,
01/06/2026 16:10:37,424043,0,0,,0,0,,,,,,,,,,,,,,,,,,,
01/06/2026 16:11:07,424043,0,0,,0,0,,,,,,,,,,,,,,,,,,,
01/06/2026 16:11:37,424043,0,0,,0,0,,,,,,,,,,,,,,,,,,,
01/06/2026 16:12:07,424043,0,0,,0,0,,,,,,,,,,,,,,,,,,,
01/06/2026 16:12:37,424043,0,0,,0,0,,,,,,,,,,,,,,,,,,,
01/06/2026 16:13:07,424043,0,0,,0,0,,,,,,,,,,,,,,,,,,,
01/06/2026 16:13:37,424043,0,0,,0,0,,,,,,,,,,,,,,,,,,,
01/06/2026 16:14:07,424043,0,0,,0,0,,,,,,,,,,,,,,,,,,,
01/06/2026 16:14:37,424043,0,0,,0,0,,,,,,,,,,,,,,,,,,,
01/06/2026 16:15:07,424043,0,0,,0,0,,,,,,,,,,,,,,,,,,,
01/06/2026 16:15:37,424043,0,0,,0,0,,,,,,,,,,,,,,,,,,,
01/06/2026 16:16:07,424043,0,0,,0,0,,,,,,,,,,,,,,,,,,,
01/06/2026 16:16:37,424043,0,0,,0,0,,,,,,,,,,,,,,,,,,,
01/06/2026 16:17:07,424043,0,0,,0,0,,,,,,,,,,,,,,,,,,,
01/06/2026 16:17:37,424043,0,0,,0,0,,,,,,,,,,,,,,,,,,,
01/06/2026 16:18:07,424043,0,0,,0,0,,,,,,,,,,,,,,,,,,,
01/06/2026 16:18:37,424043,0,0,,0,0,,,,,,,,,,,,,,,,,,,
01/06/2026 16:19:07,424043,0,0,,0,0,,,,,,,,,,,,,,,,,,,
01/06/2026 16:19:37,424043,0,0,,0,0,,,,,,,,,,,,,,,,,,,
01/06/2026 16:20:07,424043,0,0,,0,0,,,,,,,,,,,,,,,,,,,
01/06/2026 16:20:37,424043,0,0,,0,0,,,,,,,,,,,,,,,,,,,
01/06/2026 16:21:07,424043,0,0,,0,0,,,,,,,,,,,,,,,,,,,
01/06/2026 16:21:37,424043,0,0,,0,0,,,,,,,,,,,,,,,,,,,
01/06/2026 16:22:07,424043,0,0,,0,0,,,,,,,,,,,,,,,,,,,
01/06/2026 16:22:37,424043,0,0,,0,0,,,,,,,,,,,,,,,,,,,
01/06/2026 16:23:07,424043,0,0,,0,0,,,,,,,,,,,,,,,,,,,
01/06/2026 16:23:37,424043,0,0,,0,0,,,,,,,,,,,,,,,,,,,
01/06/2026 16:24:07,424043,0,0,,0,0,,,,,,,,,,,,,,,,,,,
01/06/2026 16:24:37,424043,0,0,,0,0,,,,,,,,,,,,,,,,,,,
01/06/2026 16:25:07,424043,0,0,,0,0,,,,,,,,,,,,,,,,,,,
01/06/2026 16:25:37,424043,0,0,,0,0,,,,,,,,,,,,,,,,,,,
01/06/2026 16:26:07,424043,0,0,,0,0,,,,,,,,,,,,,,,,,,,
01/06/2026 16:26:37,424043,0,0,,0,0,,,,,,,,,,,,,,,,,,,
01/06/2026 16:27:07,424043,0,0,,0,0,,,,,,,,,,,,,,,,,,,
01/06/2026 16:27:37,424043,0,0,,0,0,,,,,,,,,,,,,,,,,,,
01/06/2026 16:28:07,424043,0,0,,0,0,,,,,,,,,,,,,,,,,,,
01/06/2026 16:28:37,424043,0,0,,0,0,,,,,,,,,,,,,,,,,,,
01/06/2026 16:29:07,424043,0,0,,0,0,,,,,,,,,,,,,,,,,,,
01/06/2026 16:29:37,424043,0,0,,0,0,,,,,,,,,,,,,,,,,,,
01/06/2026 16:30:07,424043,0,0,,0,0,,,,,,,,,,,,,,,,,,,
01/06/2026 16:30:37,424043,0,0,,0,0,,,,,,,,,,,,,,,,,,,
01/06/2026 16:31:07,424043,0,0,,0,0,,,,,,,,,,,,,,,,,,,
01/06/2026 16:31:37,424043,0,0,,0,0,,,,,,,,,,,,,,,,,,,
01/06/2026 16:32:07,424043,0,0,,0,0,,,,,,,,,,,,,,,,,,,
01/06/2026 16:32:37,424043,0,0,,0,0,,,,,,,,,,,,,,,,,,,
01/06/2026 16:33:07,424043,0,0,,0,0,,,,,,,,,,,,,,,,,,,
01/06/2026 16:33:37,424043,0,0,,0,0,,,,,,,,,,,,,,,,,,,
01/06/2026 16:34:07,424043,0,0,,0,0,,,,,,,,,,,,,,,,,,,
01/06/2026 16:34:37,424043,0,0,,0,0,,,,,,,,,,,,,,,,,,,
01/06/2026 16:35:07,424043,0,0,,0,0,,,,,,,,,,,,,,,,,,,
01/06/2026 16:35:37,424043,0,0,,0,0,,,,,,,,,,,,,,,,,,,
01/06/2026 16:36:07,424043,0,0,,0,0,,,,,,,,,,,,,,,,,,,
01/06/2026 16:36:37,424043,0,0,,0,0,,,,,,,,,,,,,,,,,,,
01/06/2026 16:37:07,424043,0,0,,0,0,,,,,,,,,,,,,,,,,,,
01/06/2026 16:37:37,424043,0,0,,0,0,,,,,,,,,,,,,,,,,,,
01/06/2026 16:38:07,424043,0,0,,0,0,,,,,,,,,,,,,,,,,,,
01/06/2026 16:38:37,424043,0,0,,0,0,,,,,,,,,,,,,,,,,,,
01/06/2026 16:39:07,424043,0,0,,0,0,,,,,,,,,,,,,,,,,,,
01/06/2026 16:39:37,424043,0,0,,0,0,,,,,,,,,,,,,,,,,,,
01/06/2026 16:40:07,424043,0,0,,0,0,,,,,,,,,,,,,,,,,,,
01/06/2026 16:40:37,424043,0,0,,0,0,,,,,,,,,,,,,,,,,,,
01/06/2026 16:41:07,424043,0,0,,0,0,,,,,,,,,,,,,,,,,,,
01/06/2026 16:41:37,424043,0,0,,0,0,,,,,,,,,,,,,,,,,,,
01/06/2026 16:42:07,424043,0,0,,0,0,,,,,,,,,,,,,,,,,,,
01/06/2026 16:42:37,424043,0,0,,0,0,,,,,,,,,,,,,,,,,,,
01/06/2026 16:43:07,424043,0,0,,0,0,,,,,,,,,,,,,,,,,,,
01/06/2026 16:43:37,424043,0,0,,0,0,,,,,,,,,,,,,,,,,,,
01/06/2026 16:44:07,424043,0,0,,0,0,,,,,,,,,,,,,,,,,,,
01/06/2026 16:44:37,424043,0,0,,0,0,,,,,,,,,,,,,,,,,,,
01/06/2026 16:45:07,424043,0,0,,0,0,,,,,,,,,,,,,,,,,,,
01/06/2026 16:45:37,424043,0,0,,0,0,,,,,,,,,,,,,,,,,,,
01/06/2026 16:46:07,424043,0,0,,0,0,,,,,,,,,,,,,,,,,,,
01/06/2026 16:46:37,424043,0,0,,0,0,,,,,,,,,,,,,,,,,,,
01/06/2026 16:47:07,424043,0,0,,0,0,,,,,,,,,,,,,,,,,,,
01/06/2026 16:47:37,424043,0,0,,0,0,,,,,,,,,,,,,,,,,,,
01/06/2026 16:48:07,424043,0,0,,0,0,,,,,,,,,,,,,,,,,,,
01/06/2026 16:48:37,424043,0,0,,0,0,,,,,,,,,,,,,,,,,,,
01/06/2026 16:49:07,424043,0,0,,0,0,,,,,,,,,,,,,,,,,,,
01/06/2026 16:49:37,424043,0,0,,0,0,,,,,,,,,,,,,,,,,,,
01/06/2026 16:50:07,424043,0,0,,0,0,,,,,,,,,,,,,,,,,,,
01/06/2026 16:50:37,424043,0,0,,0,0,,,,,,,,,,,,,,,,,,,
01/06/2026 16:51:07,424043,0,0,,0,0,,,,,,,,,,,,,,,,,,,
01/06/2026 16:51:37,424043,0,0,,0,0,,,,,,,,,,,,,,,,,,,
01/06/2026 16:52:07,424043,0,0,,0,0,,,,,,,,,,,,,,,,,,,
01/06/2026 16:52:37,424043,0,0,,0,0,,,,,,,,,,,,,,,,,,,
01/06/2026 16:53:07,424043,0,0,,0,0,,,,,,,,,,,,,,,,,,,
01/06/2026 16:53:37,424043,0,0,,0,0,,,,,,,,,,,,,,,,,,,
01/06/2026 16:54:07,424043,0,0,,0,0,,,,,,,,,,,,,,,,,,,
01/06/2026 16:54:37,424043,0,0,,0,0,,,,,,,,,,,,,,,,,,,
01/06/2026 16:55:07,424043,0,0,,0,0,,,,,,,,,,,,,,,,,,,
01/06/2026 16:55:37,424043,0,0,,0,0,,,,,,,,,,,,,,,,,,,
01/06/2026 16:56:07,424043,0,0,,0,0,,,,,,,,,,,,,,,,,,,
01/06/2026 16:56:37,424043,0,0,,0,0,,,,,,,,,,,,,,,,,,,
01/06/2026 16:57:07,424043,0,0,,0,0,,,,,,,,,,,,,,,,,,,
01/06/2026 16:57:37,424043,0,0,,0,0,,,,,,,,,,,,,,,,,,,
01/06/2026 16:58:07,424043,0,0,,0,0,,,,,,,,,,,,,,,,,,,
01/06/2026 16:58:37,424043,0,0,,0,0,,,,,,,,,,,,,,,,,,,
01/06/2026 16:59:07,424043,0,0,,0,0,,,,,,,,,,,,,,,,,,,
01/06/2026 16:59:37,424043,0,0,,0,0,,,,,,,,,,,,,,,,,,,
01/06/2026 17:00:07,424043,0,0,,0,0,,,,,,,,,,,,,,,,,,,
01/06/2026 17:00:37,424043,0,0,,0,0,,,,,,,,,,,,,,,,,,,
01/06/2026 17:01:07,424043,0,0,,0,0,,,,,,,,,,,,,,,,,,,
01/06/2026 17:01:37,424043,0,0,,0,0,,,,,,,,,,,,,,,,,,,
01/06/2026 17:02:07,424043,0,0,,0,0,,,,,,,,,,,,,,,,,,,
01/06/2026 17:02:37,424043,0,0,,0,0,,,,,,,,,,,,,,,,,,,
01/06/2026 17:03:07,424043,0,0,,0,0,,,,,,,,,,,,,,,,,,,
01/06/2026 17:03:37,424043,0,0,,0,0,,,,,,,,,,,,,,,,,,,
01/06/2026 17:04:07,424043,0,0,,0,0,,,,,,,,,,,,,,,,,,,
01/06/2026 17:04:37,424043,0,0,,0,0,,,,,,,,,,,,,,,,,,,
01/06/2026 17:05:07,424043,0,0,,0,0,,,,,,,,,,,,,,,,,,,
01/06/2026 17:05:37,424043,0,0,,0,0,,,,,,,,,,,,,,,,,,,
01/06/2026 17:06:07,424043,0,0,,0,0,,,,,,,,,,,,,,,,,,,
01/06/2026 17:06:37,424043,0,0,,0,0,,,,,,,,,,,,,,,,,,,
01/06/2026 17:07:07,424043,0,0,,0,0,,,,,,,,,,,,,,,,,,,
01/06/2026 17:07:37,424043,0,0,,0,0,,,,,,,,,,,,,,,,,,,
01/06/2026 17:08:07,424043,0,0,,0,0,,,,,,,,,,,,,,,,,,,
01/06/2026 17:08:37,424043,0,0,,0,0,,,,,,,,,,,,,,,,,,,
01/06/2026 17:09:07,424043,0,0,,0,0,,,,,,,,,,,,,,,,,,,
01/06/2026 17:09:37,424043,0,0,,0,0,,,,,,,,,,,,,,,,,,,
01/06/2026 17:10:07,424043,0,0,,0,0,,,,,,,,,,,,,,,,,,,
01/06/2026 17:10:37,424043,0,0,,0,0,,,,,,,,,,,,,,,,,,,
01/06/2026 17:11:07,424043,0,0,,0,0,,,,,,,,,,,,,,,,,,,
01/06/2026 17:11:37,424043,0,0,,0,0,,,,,,,,,,,,,,,,,,,
01/06/2026 17:12:07,424043,0,0,,0,0,,,,,,,,,,,,,,,,,,,
01/06/2026 17:12:37,424043,0,0,,0,0,,,,,,,,,,,,,,,,,,,
01/06/2026 17:13:07,424043,0,0,,0,0,,,,,,,,,,,,,,,,,,,
01/06/2026 17:13:37,424043,0,0,,0,0,,,,,,,,,,,,,,,,,,,
01/06/2026 17:14:07,424043,0,0,,0,0,,,,,,,,,,,,,,,,,,,
01/06/2026 17:14:37,424043,0,0,,0,0,,,,,,,,,,,,,,,,,,,
01/06/2026 17:15:07,424043,0,0,,0,0,,,,,,,,,,,,,,,,,,,
01/06/2026 17:15:37,424043,0,0,,0,0,,,,,,,,,,,,,,,,,,,
01/06/2026 17:16:07,424043,0,0,,0,0,,,,,,,,,,,,,,,,,,,
01/06/2026 17:16:37,424043,0,0,,0,0,,,,,,,,,,,,,,,,,,,
01/06/2026 17:17:07,424043,0,0,,0,0,,,,,,,,,,,,,,,,,,,
01/06/2026 17:17:37,424043,0,0,,0,0,,,,,,,,,,,,,,,,,,,
01/06/2026 17:18:07,424043,0,0,,0,0,,,,,,,,,,,,,,,,,,,
01/06/2026 17:18:37,424043,0,0,,0,0,,,,,,,,,,,,,,,,,,,
01/06/2026 17:19:07,424043,0,0,,0,0,,,,,,,,,,,,,,,,,,,
01/06/2026 17:19:37,424043,0,0,,0,0,,,,,,,,,,,,,,,,,,,
01/06/2026 17:20:07,424043,0,0,,0,0,,,,,,,,,,,,,,,,,,,
01/06/2026 17:20:37,424043,0,0,,0,0,,,,,,,,,,,,,,,,,,,
01/06/2026 17:21:07,424043,0,0,,0,0,,,,,,,,,,,,,,,,,,,
01/06/2026 17:21:37,424043,0,0,,0,0,,,,,,,,,,,,,,,,,,,
01/06/2026 17:22:07,424043,0,0,,0,0,,,,,,,,,,,,,,,,,,,
01/06/2026 17:22:37,424043,0,0,,0,0,,,,,,,,,,,,,,,,,,,
01/06/2026 17:23:07,424043,0,0,,0,0,,,,,,,,,,,,,,,,,,,
01/06/2026 17:23:37,424043,0,0,,0,0,,,,,,,,,,,,,,,,,,,
01/06/2026 17:24:07,424043,0,0,,0,0,,,,,,,,,,,,,,,,,,,
01/06/2026 17:24:37,424043,0,0,,0,0,,,,,,,,,,,,,,,,,,,
01/06/2026 17:25:07,424043,0,0,,0,0,,,,,,,,,,,,,,,,,,,
01/06/2026 17:25:37,424043,0,0,,0,0,,,,,,,,,,,,,,,,,,,
01/06/2026 17:26:07,424043,0,0,,0,0,,,,,,,,,,,,,,,,,,,
01/06/2026 17:26:37,424043,0,0,,0,0,,,,,,,,,,,,,,,,,,,
01/06/2026 17:27:07,424043,0,0,,0,0,,,,,,,,,,,,,,,,,,,
01/06/2026 17:27:37,424043,0,0,,0,0,,,,,,,,,,,,,,,,,,,
01/06/2026 17:28:07,424043,0,0,,0,0,,,,,,,,,,,,,,,,,,,
01/06/2026 17:28:37,424043,0,0,,0,0,,,,,,,,,,,,,,,,,,,
01/06/2026 17:29:07,424043,0,0,,0,0,,,,,,,,,,,,,,,,,,,
01/06/2026 17:29:37,424043,0,0,,0,0,,,,,,,,,,,,,,,,,,,
01/06/2026 17:30:07,424043,0,0,,0,0,,,,,,,,,,,,,,,,,,,
01/06/2026 17:30:37,424043,0,0,,0,0,,,,,,,,,,,,,,,,,,,
01/06/2026 17:31:07,424043,0,0,,0,0,,,,,,,,,,,,,,,,,,,
01/06/2026 17:31:37,424043,0,0,,0,0,,,,,,,,,,,,,,,,,,,
01/06/2026 17:32:07,424043,0,0,,0,0,,,,,,,,,,,,,,,,,,,
01/06/2026 17:32:37,424043,0,0,,0,0,,,,,,,,,,,,,,,,,,,
01/06/2026 17:33:07,424043,0,0,,0,0,,,,,,,,,,,,,,,,,,,
01/06/2026 17:33:37,424043,0,0,,0,0,,,,,,,,,,,,,,,,,,,
01/06/2026 17:34:07,424043,0,0,,0,0,,,,,,,,,,,,,,,,,,,
01/06/2026 17:34:37,424043,0,0,,0,0,,,,,,,,,,,,,,,,,,,
01/06/2026 17:35:07,424043,0,0,,0,0,,,,,,,,,,,,,,,,,,,
01/06/2026 17:35:37,424043,0,0,,0,0,,,,,,,,,,,,,,,,,,,
01/06/2026 17:36:07,424043,0,0,,0,0,,,,,,,,,,,,,,,,,,,
01/06/2026 17:36:37,424043,0,0,,0,0,,,,,,,,,,,,,,,,,,,
01/06/2026 17:37:07,424043,0,0,,0,0,,,,,,,,,,,,,,,,,,,
01/06/2026 17:37:37,424043,0,0,,0,0,,,,,,,,,,,,,,,,,,,
01/06/2026 17:38:07,424043,0,0,,0,0,,,,,,,,,,,,,,,,,,,
01/06/2026 17:38:37,424043,0,0,,0,0,,,,,,,,,,,,,,,,,,,
01/06/2026 17:39:07,424043,0,0,,0,0,,,,,,,,,,,,,,,,,,,
01/06/2026 17:39:37,424043,0,0,,0,0,,,,,,,,,,,,,,,,,,,
01/06/2026 17:40:07,424043,0,0,,0,0,,,,,,,,,,,,,,,,,,,
01/06/2026 17:40:37,424043,0,0,,0,0,,,,,,,,,,,,,,,,,,,
01/06/2026 17:41:07,424043,0,0,,0,0,,,,,,,,,,,,,,,,,,,
01/06/2026 17:41:37,424043,0,0,,0,0,,,,,,,,,,,,,,,,,,,
01/06/2026 17:42:07,424043,0,0,,0,0,,,,,,,,,,,,,,,,,,,
01/06/2026 17:42:37,424043,0,0,,0,0,,,,,,,,,,,,,,,,,,,
01/06/2026 17:43:07,424043,0,0,,0,0,,,,,,,,,,,,,,,,,,,
01/06/2026 17:43:37,424043,0,0,,0,0,,,,,,,,,,,,,,,,,,,
01/06/2026 17:44:07,424043,0,0,,0,0,,,,,,,,,,,,,,,,,,,
01/06/2026 17:44:37,424043,0,0,,0,0,,,,,,,,,,,,,,,,,,,
01/06/2026 17:45:07,424043,0,0,,0,0,,,,,,,,,,,,,,,,,,,
01/06/2026 17:45:37,424043,0,0,,0,0,,,,,,,,,,,,,,,,,,,
01/06/2026 17:46:07,424043,0,0,,0,0,,,,,,,,,,,,,,,,,,,
01/06/2026 17:46:37,424043,0,0,,0,0,,,,,,,,,,,,,,,,,,,
01/06/2026 17:47:07,424043,0,0,,0,0,,,,,,,,,,,,,,,,,,,
01/06/2026 17:47:37,424043,0,0,,0,0,,,,,,,,,,,,,,,,,,,
01/06/2026 17:48:07,424043,0,0,,0,0,,,,,,,,,,,,,,,,,,,
01/06/2026 17:48:37,424043,0,0,,0,0,,,,,,,,,,,,,,,,,,,
01/06/2026 17:49:07,424043,0,0,,0,0,,,,,,,,,,,,,,,,,,,
01/06/2026 17:49:37,424043,0,0,,0,0,,,,,,,,,,,,,,,,,,,
01/06/2026 17:50:07,424043,0,0,,0,0,,,,,,,,,,,,,,,,,,,
01/06/2026 17:50:37,424043,0,0,,0,0,,,,,,,,,,,,,,,,,,,
01/06/2026 17:51:07,424043,0,0,,0,0,,,,,,,,,,,,,,,,,,,
01/06/2026 17:51:37,424043,0,0,,0,0,,,,,,,,,,,,,,,,,,,
01/06/2026 17:52:07,424043,0,0,,0,0,,,,,,,,,,,,,,,,,,,
01/06/2026 17:52:37,424043,0,0,,0,0,,,,,,,,,,,,,,,,,,,
01/06/2026 17:53:07,424043,0,0,,0,0,,,,,,,,,,,,,,,,,,,
01/06/2026 17:53:37,424043,0,0,,0,0,,,,,,,,,,,,,,,,,,,
01/06/2026 17:54:07,424043,0,0,,0,0,,,,,,,,,,,,,,,,,,,
01/06/2026 17:54:37,424043,0,0,,0,0,,,,,,,,,,,,,,,,,,,
01/06/2026 17:55:07,424043,0,0,,0,0,,,,,,,,,,,,,,,,,,,
01/06/2026 17:55:37,424043,0,0,,0,0,,,,,,,,,,,,,,,,,,,
01/06/2026 17:56:07,424043,0,0,,0,0,,,,,,,,,,,,,,,,,,,
01/06/2026 17:56:37,424043,0,0,,0,0,,,,,,,,,,,,,,,,,,,
01/06/2026 17:57:07,424043,0,0,,0,0,,,,,,,,,,,,,,,,,,,
01/06/2026 17:57:37,424043,0,0,,0,0,,,,,,,,,,,,,,,,,,,
01/06/2026 17:58:07,424043,0,0,,0,0,,,,,,,,,,,,,,,,,,,
01/06/2026 17:58:37,424043,0,0,,0,0,,,,,,,,,,,,,,,,,,,
01/06/2026 17:59:07,424043,0,0,,0,0,,,,,,,,,,,,,,,,,,,
01/06/2026 17:59:37,424043,0,0,,0,0,,,,,,,,,,,,,,,,,,,
01/06/2026 18:00:07,424043,0,0,,0,0,,,,,,,,,,,,,,,,,,,
01/06/2026 18:00:37,424043,0,0,,0,0,,,,,,,,,,,,,,,,,,,
01/06/2026 18:01:07,424043,0,0,,0,0,,,,,,,,,,,,,,,,,,,
01/06/2026 18:01:37,424043,0,0,,0,0,,,,,,,,,,,,,,,,,,,
01/06/2026 18:02:07,424043,0,0,,0,0,,,,,,,,,,,,,,,,,,,
01/06/2026 18:02:37,424043,0,0,,0,0,,,,,,,,,,,,,,,,,,,
01/06/2026 18:03:07,424043,0,0,,0,0,,,,,,,,,,,,,,,,,,,
01/06/2026 18:03:37,424043,0,0,,0,0,,,,,,,,,,,,,,,,,,,
01/06/2026 18:04:07,424043,0,0,,0,0,,,,,,,,,,,,,,,,,,,
01/06/2026 18:04:37,424043,0,0,,0,0,,,,,,,,,,,,,,,,,,,
01/06/2026 18:05:07,424043,0,0,,0,0,,,,,,,,,,,,,,,,,,,
01/06/2026 18:05:37,424043,0,0,,0,0,,,,,,,,,,,,,,,,,,,
01/06/2026 18:06:07,424043,0,0,,0,0,,,,,,,,,,,,,,,,,,,
01/06/2026 18:06:37,424043,0,0,,0,0,,,,,,,,,,,,,,,,,,,
01/06/2026 18:07:07,424043,0,0,,0,0,,,,,,,,,,,,,,,,,,,
01/06/2026 18:07:37,424043,0,0,,0,0,,,,,,,,,,,,,,,,,,,
01/06/2026 18:08:07,424043,0,0,,0,0,,,,,,,,,,,,,,,,,,,
01/06/2026 18:08:37,424043,0,0,,0,0,,,,,,,,,,,,,,,,,,,
01/06/2026 18:09:07,424043,0,0,,0,0,,,,,,,,,,,,,,,,,,,
01/06/2026 18:09:37,424043,0,0,,0,0,,,,,,,,,,,,,,,,,,,
01/06/2026 18:10:07,424043,0,0,,0,0,,,,,,,,,,,,,,,,,,,
01/06/2026 18:10:37,424043,0,0,,0,0,,,,,,,,,,,,,,,,,,,
01/06/2026 18:11:07,424043,0,0,,0,0,,,,,,,,,,,,,,,,,,,
01/06/2026 18:11:37,424043,0,0,,0,0,,,,,,,,,,,,,,,,,,,
01/06/2026 18:12:07,424043,0,0,,0,0,,,,,,,,,,,,,,,,,,,
01/06/2026 18:12:37,424043,0,0,,0,0,,,,,,,,,,,,,,,,,,,
01/06/2026 18:13:07,424043,0,0,,0,0,,,,,,,,,,,,,,,,,,,
01/06/2026 18:13:37,424043,0,0,,0,0,,,,,,,,,,,,,,,,,,,
01/06/2026 18:14:07,424043,0,0,,0,0,,,,,,,,,,,,,,,,,,,
01/06/2026 18:14:37,424043,0,0,,0,0,,,,,,,,,,,,,,,,,,,
01/06/2026 18:15:07,424043,0,0,,0,0,,,,,,,,,,,,,,,,,,,
01/06/2026 18:15:37,424043,0,0,,0,0,,,,,,,,,,,,,,,,,,,
01/06/2026 18:16:07,424043,0,0,,0,0,,,,,,,,,,,,,,,,,,,
01/06/2026 18:16:37,424043,0,0,,0,0,,,,,,,,,,,,,,,,,,,
01/06/2026 18:17:07,424043,0,0,,0,0,,,,,,,,,,,,,,,,,,,
01/06/2026 18:17:37,424043,0,0,,0,0,,,,,,,,,,,,,,,,,,,
01/06/2026 18:18:07,424043,0,0,,0,0,,,,,,,,,,,,,,,,,,,
01/06/2026 18:18:37,424043,0,0,,0,0,,,,,,,,,,,,,,,,,,,
01/06/2026 18:19:07,424043,0,0,,0,0,,,,,,,,,,,,,,,,,,,
01/06/2026 18:19:37,424043,0,0,,0,0,,,,,,,,,,,,,,,,,,,
01/06/2026 18:20:07,424043,0,0,,0,0,,,,,,,,,,,,,,,,,,,
01/06/2026 18:20:37,424043,0,0,,0,0,,,,,,,,,,,,,,,,,,,
01/06/2026 18:21:07,424043,0,0,,0,0,,,,,,,,,,,,,,,,,,,
01/06/2026 18:21:37,424043,0,0,,0,0,,,,,,,,,,,,,,,,,,,
01/06/2026 18:22:07,424043,0,0,,0,0,,,,,,,,,,,,,,,,,,,
01/06/2026 18:22:37,424043,0,0,,0,0,,,,,,,,,,,,,,,,,,,
01/06/2026 18:23:07,424043,0,0,,0,0,,,,,,,,,,,,,,,,,,,
01/06/2026 18:23:37,424043,0,0,,0,0,,,,,,,,,,,,,,,,,,,
01/06/2026 18:24:07,424043,0,0,,0,0,,,,,,,,,,,,,,,,,,,
01/06/2026 18:24:37,424043,0,0,,0,0,,,,,,,,,,,,,,,,,,,
01/06/2026 18:25:07,424043,0,0,,0,0,,,,,,,,,,,,,,,,,,,
01/06/2026 18:25:37,424043,0,0,,0,0,,,,,,,,,,,,,,,,,,,
01/06/2026 18:26:07,424043,0,0,,0,0,,,,,,,,,,,,,,,,,,,
01/06/2026 18:26:37,424043,0,0,,0,0,,,,,,,,,,,,,,,,,,,
01/06/2026 18:27:07,424043,0,0,,0,0,,,,,,,,,,,,,,,,,,,
01/06/2026 18:27:37,424043,0,0,,0,0,,,,,,,,,,,,,,,,,,,
01/06/2026 18:28:07,424043,0,0,,0,0,,,,,,,,,,,,,,,,,,,
01/06/2026 18:28:37,424043,0,0,,0,0,,,,,,,,,,,,,,,,,,,
01/06/2026 18:29:07,424043,0,0,,0,0,,,,,,,,,,,,,,,,,,,
01/06/2026 18:29:37,424043,0,0,,0,0,,,,,,,,,,,,,,,,,,,
01/06/2026 18:30:07,424043,0,0,,0,0,,,,,,,,,,,,,,,,,,,
01/06/2026 18:30:37,424043,0,0,,0,0,,,,,,,,,,,,,,,,,,,
01/06/2026 18:31:07,424043,0,0,,0,0,,,,,,,,,,,,,,,,,,,
01/06/2026 18:31:37,424043,0,0,,0,0,,,,,,,,,,,,,,,,,,,
01/06/2026 18:32:07,424043,0,0,,0,0,,,,,,,,,,,,,,,,,,,
01/06/2026 18:32:37,424043,0,0,,0,0,,,,,,,,,,,,,,,,,,,
01/06/2026 18:33:07,424043,0,0,,0,0,,,,,,,,,,,,,,,,,,,
01/06/2026 18:33:37,424043,0,0,,0,0,,,,,,,,,,,,,,,,,,,
01/06/2026 18:34:07,424043,0,0,,0,0,,,,,,,,,,,,,,,,,,,
01/06/2026 18:34:37,424043,0,0,,0,0,,,,,,,,,,,,,,,,,,,
01/06/2026 18:35:07,424043,0,0,,0,0,,,,,,,,,,,,,,,,,,,
01/06/2026 18:35:37,424043,0,0,,0,0,,,,,,,,,,,,,,,,,,,
01/06/2026 18:36:07,424043,0,0,,0,0,,,,,,,,,,,,,,,,,,,
01/06/2026 18:36:37,424043,0,0,,0,0,,,,,,,,,,,,,,,,,,,
01/06/2026 18:37:07,424043,0,0,,0,0,,,,,,,,,,,,,,,,,,,
01/06/2026 18:37:37,424043,0,0,,0,0,,,,,,,,,,,,,,,,,,,
01/06/2026 18:38:07,424043,0,0,,0,0,,,,,,,,,,,,,,,,,,,
01/06/2026 18:38:37,424043,0,0,,0,0,,,,,,,,,,,,,,,,,,,
01/06/2026 18:39:07,424043,0,0,,0,0,,,,,,,,,,,,,,,,,,,
01/06/2026 18:39:37,424043,0,0,,0,0,,,,,,,,,,,,,,,,,,,
01/06/2026 18:40:07,424043,0,0,,0,0,,,,,,,,,,,,,,,,,,,
01/06/2026 18:40:37,424043,0,0,,0,0,,,,,,,,,,,,,,,,,,,
01/06/2026 18:41:07,424043,0,0,,0,0,,,,,,,,,,,,,,,,,,,
01/06/2026 18:41:37,424043,0,0,,0,0,,,,,,,,,,,,,,,,,,,
01/06/2026 18:42:07,424043,0,0,,0,0,,,,,,,,,,,,,,,,,,,
01/06/2026 18:42:37,424043,0,0,,0,0,,,,,,,,,,,,,,,,,,,
01/06/2026 18:43:07,424043,0,0,,0,0,,,,,,,,,,,,,,,,,,,
01/06/2026 18:43:37,424043,0,0,,0,0,,,,,,,,,,,,,,,,,,,
01/06/2026 18:44:07,424043,0,0,,0,0,,,,,,,,,,,,,,,,,,,
01/06/2026 18:44:37,424043,0,0,,0,0,,,,,,,,,,,,,,,,,,,
01/06/2026 18:45:07,424043,0,0,,0,0,,,,,,,,,,,,,,,,,,,
01/06/2026 18:45:37,424043,0,0,,0,0,,,,,,,,,,,,,,,,,,,
01/06/2026 18:46:07,424043,0,0,,0,0,,,,,,,,,,,,,,,,,,,
01/06/2026 18:46:37,424043,0,0,,0,0,,,,,,,,,,,,,,,,,,,
01/06/2026 18:47:07,424043,0,0,,0,0,,,,,,,,,,,,,,,,,,,
01/06/2026 18:47:37,424043,0,0,,0,0,,,,,,,,,,,,,,,,,,,
01/06/2026 18:48:07,424043,0,0,,0,0,,,,,,,,,,,,,,,,,,,
01/06/2026 18:48:37,424043,0,0,,0,0,,,,,,,,,,,,,,,,,,,
01/06/2026 18:49:07,424043,0,0,,0,0,,,,,,,,,,,,,,,,,,,
01/06/2026 18:49:37,424043,0,0,,0,0,,,,,,,,,,,,,,,,,,,
01/06/2026 18:50:07,424043,0,0,,0,0,,,,,,,,,,,,,,,,,,,
01/06/2026 18:50:37,424043,0,0,,0,0,,,,,,,,,,,,,,,,,,,
01/06/2026 18:51:07,424043,0,0,,0,0,,,,,,,,,,,,,,,,,,,
01/06/2026 18:51:37,424043,0,0,,0,0,,,,,,,,,,,,,,,,,,,
01/06/2026 18:52:07,424043,0,0,,0,0,,,,,,,,,,,,,,,,,,,
01/06/2026 18:52:37,424043,0,0,,0,0,,,,,,,,,,,,,,,,,,,
01/06/2026 18:53:07,424043,0,0,,0,0,,,,,,,,,,,,,,,,,,,
01/06/2026 18:53:37,424043,0,0,,0,0,,,,,,,,,,,,,,,,,,,
01/06/2026 18:54:07,424043,0,0,,0,0,,,,,,,,,,,,,,,,,,,
01/06/2026 18:54:37,424043,0,0,,0,0,,,,,,,,,,,,,,,,,,,
01/06/2026 18:55:07,424043,0,0,,0,0,,,,,,,,,,,,,,,,,,,
01/06/2026 18:55:37,424043,0,0,,0,0,,,,,,,,,,,,,,,,,,,
01/06/2026 18:56:07,424043,0,0,,0,0,,,,,,,,,,,,,,,,,,,
01/06/2026 18:56:37,424043,0,0,,0,0,,,,,,,,,,,,,,,,,,,
01/06/2026 18:57:07,424043,0,0,,0,0,,,,,,,,,,,,,,,,,,,
01/06/2026 18:57:37,424043,0,0,,0,0,,,,,,,,,,,,,,,,,,,
01/06/2026 18:58:07,424043,0,0,,0,0,,,,,,,,,,,,,,,,,,,
01/06/2026 18:58:37,424043,0,0,,0,0,,,,,,,,,,,,,,,,,,,
01/06/2026 18:59:07,424043,0,0,,0,0,,,,,,,,,,,,,,,,,,,
01/06/2026 18:59:37,424043,0,0,,0,0,,,,,,,,,,,,,,,,,,,
01/06/2026 19:00:07,424043,0,0,,0,0,,,,,,,,,,,,,,,,,,,
01/06/2026 19:00:37,424043,0,0,,0,0,,,,,,,,,,,,,,,,,,,
01/06/2026 19:01:07,424043,0,0,,0,0,,,,,,,,,,,,,,,,,,,
01/06/2026 19:01:37,424043,0,0,,0,0,,,,,,,,,,,,,,,,,,,
01/06/2026 19:02:07,424043,0,0,,0,0,,,,,,,,,,,,,,,,,,,
01/06/2026 19:02:37,424043,0,0,,0,0,,,,,,,,,,,,,,,,,,,
01/06/2026 19:03:07,424043,0,0,,0,0,,,,,,,,,,,,,,,,,,,
01/06/2026 19:03:37,424043,0,0,,0,0,,,,,,,,,,,,,,,,,,,
01/06/2026 19:04:07,424043,0,0,,0,0,,,,,,,,,,,,,,,,,,,
01/06/2026 19:04:37,424043,0,0,,0,0,,,,,,,,,,,,,,,,,,,
01/06/2026 19:05:07,424043,0,0,,0,0,,,,,,,,,,,,,,,,,,,
01/06/2026 19:05:37,424043,0,0,,0,0,,,,,,,,,,,,,,,,,,,
01/06/2026 19:06:07,424043,0,0,,0,0,,,,,,,,,,,,,,,,,,,
01/06/2026 19:06:37,424043,0,0,,0,0,,,,,,,,,,,,,,,,,,,
01/06/2026 19:07:07,424043,0,0,,0,0,,,,,,,,,,,,,,,,,,,
01/06/2026 19:07:37,424043,0,0,,0,0,,,,,,,,,,,,,,,,,,,
01/06/2026 19:08:07,424043,0,0,,0,0,,,,,,,,,,,,,,,,,,,
01/06/2026 19:08:37,424043,0,0,,0,0,,,,,,,,,,,,,,,,,,,
01/06/2026 19:09:07,424043,0,0,,0,0,,,,,,,,,,,,,,,,,,,
01/06/2026 19:09:37,424043,0,0,,0,0,,,,,,,,,,,,,,,,,,,
01/06/2026 19:10:07,424043,0,0,,0,0,,,,,,,,,,,,,,,,,,,
01/06/2026 19:10:37,424043,0,0,,0,0,,,,,,,,,,,,,,,,,,,
01/06/2026 19:11:07,424043,0,0,,0,0,,,,,,,,,,,,,,,,,,,
01/06/2026 19:11:37,424043,0,0,,0,0,,,,,,,,,,,,,,,,,,,
01/06/2026 19:12:07,424043,0,0,,0,0,,,,,,,,,,,,,,,,,,,
01/06/2026 19:12:37,424043,0,0,,0,0,,,,,,,,,,,,,,,,,,,
01/06/2026 19:13:07,424043,0,0,,0,0,,,,,,,,,,,,,,,,,,,
01/06/2026 19:13:37,424043,0,0,,0,0,,,,,,,,,,,,,,,,,,,
01/06/2026 19:14:07,424043,0,0,,0,0,,,,,,,,,,,,,,,,,,,
01/06/2026 19:14:37,424043,0,0,,0,0,,,,,,,,,,,,,,,,,,,
01/06/2026 19:15:07,424043,0,0,,0,0,,,,,,,,,,,,,,,,,,,
01/06/2026 19:15:37,424043,0,0,,0,0,,,,,,,,,,,,,,,,,,,
01/06/2026 19:16:07,424043,0,0,,0,0,,,,,,,,,,,,,,,,,,,
01/06/2026 19:16:37,424043,0,0,,0,0,,,,,,,,,,,,,,,,,,,
01/06/2026 19:17:07,424043,0,0,,0,0,,,,,,,,,,,,,,,,,,,
01/06/2026 19:17:37,424043,0,0,,0,0,,,,,,,,,,,,,,,,,,,
01/06/2026 19:18:07,424043,0,0,,0,0,,,,,,,,,,,,,,,,,,,
01/06/2026 19:18:37,424043,0,0,,0,0,,,,,,,,,,,,,,,,,,,
01/06/2026 19:19:07,424043,0,0,,0,0,,,,,,,,,,,,,,,,,,,
01/06/2026 19:19:37,424043,0,0,,0,0,,,,,,,,,,,,,,,,,,,
01/06/2026 19:20:07,424043,0,0,,0,0,,,,,,,,,,,,,,,,,,,
01/06/2026 19:20:37,424043,0,0,,0,0,,,,,,,,,,,,,,,,,,,
01/06/2026 19:21:07,424043,0,0,,0,0,,,,,,,,,,,,,,,,,,,
01/06/2026 19:21:37,424043,0,0,,0,0,,,,,,,,,,,,,,,,,,,
01/06/2026 19:22:07,424043,0,0,,0,0,,,,,,,,,,,,,,,,,,,
01/06/2026 19:22:37,424043,0,0,,0,0,,,,,,,,,,,,,,,,,,,
01/06/2026 19:23:07,424043,0,0,,0,0,,,,,,,,,,,,,,,,,,,
01/06/2026 19:23:37,424043,0,0,,0,0,,,,,,,,,,,,,,,,,,,
01/06/2026 19:24:07,424043,0,0,,0,0,,,,,,,,,,,,,,,,,,,
01/06/2026 19:24:37,424043,0,0,,0,0,,,,,,,,,,,,,,,,,,,
01/06/2026 19:25:07,424043,0,0,,0,0,,,,,,,,,,,,,,,,,,,
01/06/2026 19:25:37,424043,0,0,,0,0,,,,,,,,,,,,,,,,,,,
01/06/2026 19:26:07,424043,0,0,,0,0,,,,,,,,,,,,,,,,,,,
01/06/2026 19:26:37,424043,0,0,,0,0,,,,,,,,,,,,,,,,,,,
01/06/2026 19:27:07,424043,0,0,,0,0,,,,,,,,,,,,,,,,,,,
01/06/2026 19:27:37,424043,0,0,,0,0,,,,,,,,,,,,,,,,,,,
01/06/2026 19:28:07,424043,0,0,,0,0,,,,,,,,,,,,,,,,,,,
01/06/2026 19:28:37,424043,0,0,,0,0,,,,,,,,,,,,,,,,,,,
01/06/2026 19:29:07,424043,0,0,,0,0,,,,,,,,,,,,,,,,,,,
01/06/2026 19:29:37,424043,0,0,,0,0,,,,,,,,,,,,,,,,,,,
01/06/2026 19:30:07,424043,0,0,,0,0,,,,,,,,,,,,,,,,,,,
01/06/2026 19:30:37,424043,0,0,,0,0,,,,,,,,,,,,,,,,,,,
01/06/2026 19:31:07,424043,0,0,,0,0,,,,,,,,,,,,,,,,,,,
01/06/2026 19:31:37,424043,0,0,,0,0,,,,,,,,,,,,,,,,,,,
01/06/2026 19:32:07,424043,0,0,,0,0,,,,,,,,,,,,,,,,,,,
01/06/2026 19:32:37,424043,0,0,,0,0,,,,,,,,,,,,,,,,,,,
01/06/2026 19:33:07,424043,0,0,,0,0,,,,,,,,,,,,,,,,,,,
01/06/2026 19:33:37,424043,0,0,,0,0,,,,,,,,,,,,,,,,,,,
01/06/2026 19:34:07,424043,0,0,,0,0,,,,,,,,,,,,,,,,,,,
01/06/2026 19:34:37,424043,0,0,,0,0,,,,,,,,,,,,,,,,,,,
01/06/2026 19:35:07,424043,0,0,,0,0,,,,,,,,,,,,,,,,,,,
01/06/2026 19:35:37,424043,0,0,,0,0,,,,,,,,,,,,,,,,,,,
01/06/2026 19:36:07,424043,0,0,,0,0,,,,,,,,,,,,,,,,,,,
01/06/2026 19:36:37,424043,0,0,,0,0,,,,,,,,,,,,,,,,,,,
01/06/2026 19:37:07,424043,0,0,,0,0,,,,,,,,,,,,,,,,,,,
01/06/2026 19:37:37,424043,0,0,,0,0,,,,,,,,,,,,,,,,,,,
01/06/2026 19:38:07,424043,0,0,,0,0,,,,,,,,,,,,,,,,,,,
01/06/2026 19:38:37,424043,0,0,,0,0,,,,,,,,,,,,,,,,,,,
01/06/2026 19:39:07,424043,0,0,,0,0,,,,,,,,,,,,,,,,,,,
01/06/2026 19:39:37,424043,0,0,,0,0,,,,,,,,,,,,,,,,,,,
01/06/2026 19:40:07,424043,0,0,,0,0,,,,,,,,,,,,,,,,,,,
01/06/2026 19:40:37,424043,0,0,,0,0,,,,,,,,,,,,,,,,,,,
01/06/2026 19:41:07,424043,0,0,,0,0,,,,,,,,,,,,,,,,,,,
01/06/2026 19:41:37,424043,0,0,,0,0,,,,,,,,,,,,,,,,,,,
01/06/2026 19:42:07,424043,0,0,,0,0,,,,,,,,,,,,,,,,,,,
01/06/2026 19:42:37,424043,0,0,,0,0,,,,,,,,,,,,,,,,,,,
01/06/2026 19:43:07,424043,0,0,,0,0,,,,,,,,,,,,,,,,,,,
01/06/2026 19:43:37,424043,0,0,,0,0,,,,,,,,,,,,,,,,,,,
01/06/2026 19:44:07,424043,0,0,,0,0,,,,,,,,,,,,,,,,,,,
01/06/2026 19:44:37,424043,0,0,,0,0,,,,,,,,,,,,,,,,,,,
01/06/2026 19:45:07,424043,0,0,,0,0,,,,,,,,,,,,,,,,,,,
01/06/2026 19:45:37,424043,0,0,,0,0,,,,,,,,,,,,,,,,,,,
01/06/2026 19:46:07,424043,0,0,,0,0,,,,,,,,,,,,,,,,,,,
01/06/2026 19:46:37,424043,0,0,,0,0,,,,,,,,,,,,,,,,,,,
01/06/2026 19:47:07,424043,0,0,,0,0,,,,,,,,,,,,,,,,,,,
01/06/2026 19:47:37,424043,0,0,,0,0,,,,,,,,,,,,,,,,,,,
01/06/2026 19:48:07,424043,0,0,,0,0,,,,,,,,,,,,,,,,,,,
01/06/2026 19:48:37,424043,0,0,,0,0,,,,,,,,,,,,,,,,,,,
01/06/2026 19:49:07,424043,0,0,,0,0,,,,,,,,,,,,,,,,,,,
01/06/2026 19:49:37,424043,0,0,,0,0,,,,,,,,,,,,,,,,,,,
01/06/2026 19:50:07,424043,0,0,,0,0,,,,,,,,,,,,,,,,,,,
01/06/2026 19:50:37,424043,0,0,,0,0,,,,,,,,,,,,,,,,,,,
01/06/2026 19:51:07,424043,0,0,,0,0,,,,,,,,,,,,,,,,,,,
01/06/2026 19:51:37,424043,0,0,,0,0,,,,,,,,,,,,,,,,,,,
01/06/2026 19:52:07,424043,0,0,,0,0,,,,,,,,,,,,,,,,,,,
01/06/2026 19:52:37,424043,0,0,,0,0,,,,,,,,,,,,,,,,,,,
01/06/2026 19:53:07,424043,0,0,,0,0,,,,,,,,,,,,,,,,,,,
01/06/2026 19:53:37,424043,0,0,,0,0,,,,,,,,,,,,,,,,,,,
01/06/2026 19:54:07,424043,0,0,,0,0,,,,,,,,,,,,,,,,,,,
01/06/2026 19:54:37,424043,0,0,,0,0,,,,,,,,,,,,,,,,,,,
01/06/2026 19:55:07,424043,0,0,,0,0,,,,,,,,,,,,,,,,,,,
01/06/2026 19:55:37,424043,0,0,,0,0,,,,,,,,,,,,,,,,,,,
01/06/2026 19:56:07,424043,0,0,,0,0,,,,,,,,,,,,,,,,,,,
01/06/2026 19:56:37,424043,0,0,,0,0,,,,,,,,,,,,,,,,,,,
01/06/2026 19:57:07,424043,0,0,,0,0,,,,,,,,,,,,,,,,,,,
01/06/2026 19:57:37,424043,0,0,,0,0,,,,,,,,,,,,,,,,,,,
01/06/2026 19:58:07,424043,0,0,,0,0,,,,,,,,,,,,,,,,,,,
01/06/2026 19:58:37,424043,0,0,,0,0,,,,,,,,,,,,,,,,,,,
01/06/2026 19:59:07,424043,0,0,,0,0,,,,,,,,,,,,,,,,,,,
01/06/2026 19:59:37,424043,0,0,,0,0,,,,,,,,,,,,,,,,,,,
01/06/2026 20:00:07,424043,0,0,,0,0,,,,,,,,,,,,,,,,,,,
01/06/2026 20:00:37,424043,0,0,,0,0,,,,,,,,,,,,,,,,,,,
01/06/2026 20:01:07,424043,0,0,,0,0,,,,,,,,,,,,,,,,,,,
01/06/2026 20:01:37,424043,0,0,,0,0,,,,,,,,,,,,,,,,,,,
01/06/2026 20:02:07,424043,0,0,,0,0,,,,,,,,,,,,,,,,,,,
01/06/2026 20:02:37,424043,0,0,,0,0,,,,,,,,,,,,,,,,,,,
01/06/2026 20:03:07,424043,0,0,,0,0,,,,,,,,,,,,,,,,,,,
01/06/2026 20:03:37,424043,0,0,,0,0,,,,,,,,,,,,,,,,,,,
01/06/2026 20:04:07,424043,0,0,,0,0,,,,,,,,,,,,,,,,,,,
01/06/2026 20:04:37,424043,0,0,,0,0,,,,,,,,,,,,,,,,,,,
01/06/2026 20:05:07,424043,0,0,,0,0,,,,,,,,,,,,,,,,,,,
01/06/2026 20:05:37,424043,0,0,,0,0,,,,,,,,,,,,,,,,,,,
01/06/2026 20:06:07,424043,0,0,,0,0,,,,,,,,,,,,,,,,,,,
01/06/2026 20:06:37,424043,0,0,,0,0,,,,,,,,,,,,,,,,,,,
01/06/2026 20:07:07,424043,0,0,,0,0,,,,,,,,,,,,,,,,,,,
01/06/2026 20:07:37,424043,0,0,,0,0,,,,,,,,,,,,,,,,,,,
01/06/2026 20:08:07,424043,0,0,,0,0,,,,,,,,,,,,,,,,,,,
01/06/2026 20:08:37,424043,0,0,,0,0,,,,,,,,,,,,,,,,,,,
01/06/2026 20:09:07,424043,0,0,,0,0,,,,,,,,,,,,,,,,,,,
01/06/2026 20:09:37,424043,0,0,,0,0,,,,,,,,,,,,,,,,,,,
01/06/2026 20:10:07,424043,0,0,,0,0,,,,,,,,,,,,,,,,,,,
01/06/2026 20:10:37,424043,0,0,,0,0,,,,,,,,,,,,,,,,,,,
01/06/2026 20:11:07,424043,0,0,,0,0,,,,,,,,,,,,,,,,,,,
01/06/2026 20:11:37,424043,0,0,,0,0,,,,,,,,,,,,,,,,,,,
01/06/2026 20:12:07,424043,0,0,,0,0,,,,,,,,,,,,,,,,,,,
01/06/2026 20:12:37,424043,0,0,,0,0,,,,,,,,,,,,,,,,,,,
01/06/2026 20:13:07,424043,0,0,,0,0,,,,,,,,,,,,,,,,,,,
01/06/2026 20:13:37,424043,0,0,,0,0,,,,,,,,,,,,,,,,,,,
01/06/2026 20:14:07,424043,0,0,,0,0,,,,,,,,,,,,,,,,,,,
01/06/2026 20:14:37,424043,0,0,,0,0,,,,,,,,,,,,,,,,,,,
01/06/2026 20:15:07,424043,0,0,,0,0,,,,,,,,,,,,,,,,,,,
01/06/2026 20:15:37,424043,0,0,,0,0,,,,,,,,,,,,,,,,,,,
01/06/2026 20:16:07,424043,0,0,,0,0,,,,,,,,,,,,,,,,,,,
01/06/2026 20:16:37,424043,0,0,,0,0,,,,,,,,,,,,,,,,,,,
01/06/2026 20:17:07,424043,0,0,,0,0,,,,,,,,,,,,,,,,,,,
01/06/2026 20:17:37,424043,0,0,,0,0,,,,,,,,,,,,,,,,,,,
01/06/2026 20:18:07,424043,0,0,,0,0,,,,,,,,,,,,,,,,,,,
01/06/2026 20:18:37,424043,0,0,,0,0,,,,,,,,,,,,,,,,,,,
01/06/2026 20:19:07,424043,0,0,,0,0,,,,,,,,,,,,,,,,,,,
01/06/2026 20:19:37,424043,0,0,,0,0,,,,,,,,,,,,,,,,,,,
01/06/2026 20:20:07,424043,0,0,,0,0,,,,,,,,,,,,,,,,,,,
01/06/2026 20:20:37,424043,0,0,,0,0,,,,,,,,,,,,,,,,,,,
01/06/2026 20:21:07,424043,0,0,,0,0,,,,,,,,,,,,,,,,,,,
01/06/2026 20:21:37,424043,0,0,,0,0,,,,,,,,,,,,,,,,,,,
01/06/2026 20:22:07,424043,0,0,,0,0,,,,,,,,,,,,,,,,,,,
01/06/2026 20:22:37,424043,0,0,,0,0,,,,,,,,,,,,,,,,,,,
01/06/2026 20:23:07,424043,0,0,,0,0,,,,,,,,,,,,,,,,,,,
01/06/2026 20:23:37,424043,0,0,,0,0,,,,,,,,,,,,,,,,,,,
01/06/2026 20:24:07,424043,0,0,,0,0,,,,,,,,,,,,,,,,,,,
01/06/2026 20:24:37,424043,0,0,,0,0,,,,,,,,,,,,,,,,,,,
01/06/2026 20:25:07,424043,0,0,,0,0,,,,,,,,,,,,,,,,,,,
01/06/2026 20:25:37,424043,0,0,,0,0,,,,,,,,,,,,,,,,,,,
01/06/2026 20:26:07,424043,0,0,,0,0,,,,,,,,,,,,,,,,,,,
01/06/2026 20:26:37,424043,0,0,,0,0,,,,,,,,,,,,,,,,,,,
01/06/2026 20:27:07,424043,0,0,,0,0,,,,,,,,,,,,,,,,,,,
01/06/2026 20:27:37,424043,0,0,,0,0,,,,,,,,,,,,,,,,,,,
01/06/2026 20:28:07,424043,0,0,,0,0,,,,,,,,,,,,,,,,,,,
01/06/2026 20:28:37,424043,0,0,,0,0,,,,,,,,,,,,,,,,,,,
01/06/2026 20:29:07,424043,0,0,,0,0,,,,,,,,,,,,,,,,,,,
01/06/2026 20:29:37,424043,0,0,,0,0,,,,,,,,,,,,,,,,,,,
01/06/2026 20:30:07,424043,0,0,,0,0,,,,,,,,,,,,,,,,,,,
01/06/2026 20:30:37,424043,0,0,,0,0,,,,,,,,,,,,,,,,,,,
01/06/2026 20:31:07,424043,0,0,,0,0,,,,,,,,,,,,,,,,,,,
01/06/2026 20:31:37,424043,0,0,,0,0,,,,,,,,,,,,,,,,,,,
01/06/2026 20:32:07,424043,0,0,,0,0,,,,,,,,,,,,,,,,,,,
01/06/2026 20:32:37,424043,0,0,,0,0,,,,,,,,,,,,,,,,,,,
01/06/2026 20:33:07,424043,0,0,,0,0,,,,,,,,,,,,,,,,,,,
01/06/2026 20:33:37,424043,0,0,,0,0,,,,,,,,,,,,,,,,,,,
01/06/2026 20:34:07,424043,0,0,,0,0,,,,,,,,,,,,,,,,,,,
01/06/2026 20:34:37,424043,0,0,,0,0,,,,,,,,,,,,,,,,,,,
01/06/2026 20:35:07,424043,0,0,,0,0,,,,,,,,,,,,,,,,,,,
01/06/2026 20:35:37,424043,0,0,,0,0,,,,,,,,,,,,,,,,,,,
01/06/2026 20:36:07,424043,0,0,,0,0,,,,,,,,,,,,,,,,,,,
01/06/2026 20:36:37,424043,0,0,,0,0,,,,,,,,,,,,,,,,,,,
01/06/2026 20:37:07,424043,0,0,,0,0,,,,,,,,,,,,,,,,,,,
01/06/2026 20:37:37,424043,0,0,,0,0,,,,,,,,,,,,,,,,,,,
01/06/2026 20:38:07,424043,0,0,,0,0,,,,,,,,,,,,,,,,,,,
01/06/2026 20:38:37,424043,0,0,,0,0,,,,,,,,,,,,,,,,,,,
01/06/2026 20:39:07,424043,0,0,,0,0,,,,,,,,,,,,,,,,,,,
01/06/2026 20:39:37,424043,0,0,,0,0,,,,,,,,,,,,,,,,,,,
01/06/2026 20:40:07,424043,0,0,,0,0,,,,,,,,,,,,,,,,,,,
01/06/2026 20:40:37,424043,0,0,,0,0,,,,,,,,,,,,,,,,,,,
01/06/2026 20:41:07,424043,0,0,,0,0,,,,,,,,,,,,,,,,,,,
01/06/2026 20:41:37,424043,0,0,,0,0,,,,,,,,,,,,,,,,,,,
01/06/2026 20:42:07,424043,0,0,,0,0,,,,,,,,,,,,,,,,,,,
01/06/2026 20:42:37,424043,0,0,,0,0,,,,,,,,,,,,,,,,,,,
01/06/2026 20:43:07,424043,0,0,,0,0,,,,,,,,,,,,,,,,,,,
01/06/2026 20:43:37,424043,0,0,,0,0,,,,,,,,,,,,,,,,,,,
01/06/2026 20:44:07,424043,0,0,,0,0,,,,,,,,,,,,,,,,,,,
01/06/2026 20:44:37,424043,0,0,,0,0,,,,,,,,,,,,,,,,,,,
01/06/2026 20:45:07,424043,0,0,,0,0,,,,,,,,,,,,,,,,,,,
01/06/2026 20:45:37,424043,0,0,,0,0,,,,,,,,,,,,,,,,,,,
01/06/2026 20:46:07,424043,0,0,,0,0,,,,,,,,,,,,,,,,,,,
01/06/2026 20:46:37,424043,0,0,,0,0,,,,,,,,,,,,,,,,,,,
01/06/2026 20:47:07,424043,0,0,,0,0,,,,,,,,,,,,,,,,,,,
01/06/2026 20:47:37,424043,0,0,,0,0,,,,,,,,,,,,,,,,,,,
01/06/2026 20:48:07,424043,0,0,,0,0,,,,,,,,,,,,,,,,,,,
01/06/2026 20:48:37,424043,0,0,,0,0,,,,,,,,,,,,,,,,,,,
01/06/2026 20:49:07,424043,0,0,,0,0,,,,,,,,,,,,,,,,,,,
01/06/2026 20:49:37,424043,0,0,,0,0,,,,,,,,,,,,,,,,,,,
01/06/2026 20:50:07,424043,0,0,,0,0,,,,,,,,,,,,,,,,,,,
01/06/2026 20:50:37,424043,0,0,,0,0,,,,,,,,,,,,,,,,,,,
01/06/2026 20:51:07,424043,0,0,,0,0,,,,,,,,,,,,,,,,,,,
01/06/2026 20:51:37,424043,0,0,,0,0,,,,,,,,,,,,,,,,,,,
01/06/2026 20:52:07,424043,0,0,,0,0,,,,,,,,,,,,,,,,,,,
01/06/2026 20:52:37,424043,0,0,,0,0,,,,,,,,,,,,,,,,,,,
01/06/2026 20:53:07,424043,0,0,,0,0,,,,,,,,,,,,,,,,,,,
01/06/2026 20:53:37,424043,0,0,,0,0,,,,,,,,,,,,,,,,,,,
01/06/2026 20:54:07,424043,0,0,,0,0,,,,,,,,,,,,,,,,,,,
01/06/2026 20:54:37,424043,0,0,,0,0,,,,,,,,,,,,,,,,,,,
01/06/2026 20:55:07,424043,0,0,,0,0,,,,,,,,,,,,,,,,,,,
01/06/2026 20:55:37,424043,0,0,,0,0,,,,,,,,,,,,,,,,,,,
01/06/2026 20:56:07,424043,0,0,,0,0,,,,,,,,,,,,,,,,,,,
01/06/2026 20:56:37,424043,0,0,,0,0,,,,,,,,,,,,,,,,,,,
01/06/2026 20:57:07,424043,0,0,,0,0,,,,,,,,,,,,,,,,,,,
01/06/2026 20:57:37,424043,0,0,,0,0,,,,,,,,,,,,,,,,,,,
01/06/2026 20:58:07,424043,0,0,,0,0,,,,,,,,,,,,,,,,,,,
01/06/2026 20:58:37,424043,0,0,,0,0,,,,,,,,,,,,,,,,,,,
01/06/2026 20:59:07,424043,0,0,,0,0,,,,,,,,,,,,,,,,,,,
01/06/2026 20:59:37,424043,0,0,,0,0,,,,,,,,,,,,,,,,,,,
01/06/2026 21:00:07,424043,0,0,,0,0,,,,,,,,,,,,,,,,,,,
01/06/2026 21:00:37,424043,0,0,,0,0,,,,,,,,,,,,,,,,,,,
01/06/2026 21:01:07,424043,0,0,,0,0,,,,,,,,,,,,,,,,,,,
01/06/2026 21:01:37,424043,0,0,,0,0,,,,,,,,,,,,,,,,,,,
01/06/2026 21:02:07,424043,0,0,,0,0,,,,,,,,,,,,,,,,,,,
01/06/2026 21:02:37,424043,0,0,,0,0,,,,,,,,,,,,,,,,,,,
01/06/2026 21:03:07,424043,0,0,,0,0,,,,,,,,,,,,,,,,,,,
01/06/2026 21:03:37,424043,0,0,,0,0,,,,,,,,,,,,,,,,,,,
01/06/2026 21:04:07,424043,0,0,,0,0,,,,,,,,,,,,,,,,,,,
01/06/2026 21:04:37,424043,0,0,,0,0,,,,,,,,,,,,,,,,,,,
01/06/2026 21:05:07,424043,0,0,,0,0,,,,,,,,,,,,,,,,,,,
01/06/2026 21:05:37,424043,0,0,,0,0,,,,,,,,,,,,,,,,,,,
01/06/2026 21:06:07,424043,0,0,,0,0,,,,,,,,,,,,,,,,,,,
01/06/2026 21:06:37,424043,0,0,,0,0,,,,,,,,,,,,,,,,,,,
01/06/2026 21:07:07,424043,0,0,,0,0,,,,,,,,,,,,,,,,,,,
01/06/2026 21:07:37,424043,0,0,,0,0,,,,,,,,,,,,,,,,,,,
01/06/2026 21:08:07,424043,0,0,,0,0,,,,,,,,,,,,,,,,,,,
01/06/2026 21:08:37,424043,0,0,,0,0,,,,,,,,,,,,,,,,,,,
01/06/2026 21:09:07,424043,0,0,,0,0,,,,,,,,,,,,,,,,,,,
01/06/2026 21:09:37,424043,0,0,,0,0,,,,,,,,,,,,,,,,,,,
01/06/2026 21:10:07,424043,0,0,,0,0,,,,,,,,,,,,,,,,,,,
01/06/2026 21:10:37,424043,0,0,,0,0,,,,,,,,,,,,,,,,,,,
01/06/2026 21:11:07,424043,0,0,,0,0,,,,,,,,,,,,,,,,,,,
01/06/2026 21:11:37,424043,0,0,,0,0,,,,,,,,,,,,,,,,,,,
01/06/2026 21:12:07,424043,0,0,,0,0,,,,,,,,,,,,,,,,,,,
01/06/2026 21:12:37,424043,0,0,,0,0,,,,,,,,,,,,,,,,,,,
01/06/2026 21:13:07,424043,0,0,,0,0,,,,,,,,,,,,,,,,,,,
01/06/2026 21:13:37,424043,0,0,,0,0,,,,,,,,,,,,,,,,,,,
01/06/2026 21:14:07,424043,0,0,,0,0,,,,,,,,,,,,,,,,,,,
01/06/2026 21:14:37,424043,0,0,,0,0,,,,,,,,,,,,,,,,,,,
01/06/2026 21:15:07,424043,0,0,,0,0,,,,,,,,,,,,,,,,,,,
01/06/2026 21:15:37,424043,0,0,,0,0,,,,,,,,,,,,,,,,,,,
01/06/2026 21:16:07,424043,0,0,,0,0,,,,,,,,,,,,,,,,,,,
01/06/2026 21:16:37,424043,0,0,,0,0,,,,,,,,,,,,,,,,,,,
01/06/2026 21:17:07,424043,0,0,,0,0,,,,,,,,,,,,,,,,,,,
01/06/2026 21:17:37,424043,0,0,,0,0,,,,,,,,,,,,,,,,,,,
01/06/2026 21:18:07,424043,0,0,,0,0,,,,,,,,,,,,,,,,,,,
01/06/2026 21:18:37,424043,0,0,,0,0,,,,,,,,,,,,,,,,,,,
01/06/2026 21:19:07,424043,0,0,,0,0,,,,,,,,,,,,,,,,,,,
01/06/2026 21:19:37,424043,0,0,,0,0,,,,,,,,,,,,,,,,,,,
01/06/2026 21:20:07,424043,0,0,,0,0,,,,,,,,,,,,,,,,,,,
01/06/2026 21:20:37,424043,0,0,,0,0,,,,,,,,,,,,,,,,,,,
01/06/2026 21:21:07,424043,0,0,,0,0,,,,,,,,,,,,,,,,,,,
01/06/2026 21:21:37,424043,0,0,,0,0,,,,,,,,,,,,,,,,,,,
01/06/2026 21:22:07,424043,0,0,,0,0,,,,,,,,,,,,,,,,,,,
01/06/2026 21:22:37,424043,0,0,,0,0,,,,,,,,,,,,,,,,,,,
01/06/2026 21:23:07,424043,0,0,,0,0,,,,,,,,,,,,,,,,,,,
01/06/2026 21:23:37,424043,0,0,,0,0,,,,,,,,,,,,,,,,,,,
01/06/2026 21:24:07,424043,0,0,,0,0,,,,,,,,,,,,,,,,,,,
01/06/2026 21:24:37,424043,0,0,,0,0,,,,,,,,,,,,,,,,,,,
01/06/2026 21:25:07,424043,0,0,,0,0,,,,,,,,,,,,,,,,,,,
01/06/2026 21:25:37,424043,0,0,,0,0,,,,,,,,,,,,,,,,,,,
01/06/2026 21:26:07,424043,0,0,,0,0,,,,,,,,,,,,,,,,,,,
01/06/2026 21:26:37,424043,0,0,,0,0,,,,,,,,,,,,,,,,,,,
01/06/2026 21:27:07,424043,0,0,,0,0,,,,,,,,,,,,,,,,,,,
01/06/2026 21:27:37,424043,0,0,,0,0,,,,,,,,,,,,,,,,,,,
01/06/2026 21:28:07,424043,0,0,,0,0,,,,,,,,,,,,,,,,,,,
01/06/2026 21:28:37,424043,0,0,,0,0,,,,,,,,,,,,,,,,,,,
01/06/2026 21:29:07,424043,0,0,,0,0,,,,,,,,,,,,,,,,,,,
01/06/2026 21:29:37,424043,0,0,,0,0,,,,,,,,,,,,,,,,,,,
01/06/2026 21:30:07,424043,0,0,,0,0,,,,,,,,,,,,,,,,,,,
01/06/2026 21:30:37,424043,0,0,,0,0,,,,,,,,,,,,,,,,,,,
01/06/2026 21:31:07,424043,0,0,,0,0,,,,,,,,,,,,,,,,,,,
01/06/2026 21:31:37,424043,0,0,,0,0,,,,,,,,,,,,,,,,,,,
01/06/2026 21:32:07,424043,0,0,,0,0,,,,,,,,,,,,,,,,,,,
01/06/2026 21:32:37,424043,0,0,,0,0,,,,,,,,,,,,,,,,,,,
01/06/2026 21:33:07,424043,0,0,,0,0,,,,,,,,,,,,,,,,,,,
01/06/2026 21:33:37,424043,0,0,,0,0,,,,,,,,,,,,,,,,,,,
01/06/2026 21:34:07,424043,0,0,,0,0,,,,,,,,,,,,,,,,,,,
01/06/2026 21:34:37,424043,0,0,,0,0,,,,,,,,,,,,,,,,,,,
01/06/2026 21:35:07,424043,0,0,,0,0,,,,,,,,,,,,,,,,,,,
01/06/2026 21:35:37,424043,0,0,,0,0,,,,,,,,,,,,,,,,,,,
01/06/2026 21:36:07,424043,0,0,,0,0,,,,,,,,,,,,,,,,,,,
01/06/2026 21:36:37,424043,0,0,,0,0,,,,,,,,,,,,,,,,,,,
01/06/2026 21:37:07,424043,0,0,,0,0,,,,,,,,,,,,,,,,,,,
01/06/2026 21:37:37,424043,0,0,,0,0,,,,,,,,,,,,,,,,,,,
01/06/2026 21:38:07,424043,0,0,,0,0,,,,,,,,,,,,,,,,,,,
01/06/2026 21:38:37,424043,0,0,,0,0,,,,,,,,,,,,,,,,,,,
01/06/2026 21:39:07,424043,0,0,,0,0,,,,,,,,,,,,,,,,,,,
01/06/2026 21:39:37,424043,0,0,,0,0,,,,,,,,,,,,,,,,,,,
01/06/2026 21:40:07,424043,0,0,,0,0,,,,,,,,,,,,,,,,,,,
01/06/2026 21:40:37,424043,0,0,,0,0,,,,,,,,,,,,,,,,,,,
01/06/2026 21:41:07,424043,0,0,,0,0,,,,,,,,,,,,,,,,,,,
01/06/2026 21:41:37,424043,0,0,,0,0,,,,,,,,,,,,,,,,,,,
01/06/2026 21:42:07,424043,0,0,,0,0,,,,,,,,,,,,,,,,,,,
01/06/2026 21:42:37,424043,0,0,,0,0,,,,,,,,,,,,,,,,,,,
01/06/2026 21:43:07,424043,0,0,,0,0,,,,,,,,,,,,,,,,,,,
01/06/2026 21:43:37,424043,0,0,,0,0,,,,,,,,,,,,,,,,,,,
01/06/2026 21:44:07,424043,0,0,,0,0,,,,,,,,,,,,,,,,,,,
01/06/2026 21:44:37,424043,0,0,,0,0,,,,,,,,,,,,,,,,,,,
01/06/2026 21:45:07,424043,0,0,,0,0,,,,,,,,,,,,,,,,,,,
01/06/2026 21:45:37,424043,0,0,,0,0,,,,,,,,,,,,,,,,,,,
01/06/2026 21:46:07,424043,0,0,,0,0,,,,,,,,,,,,,,,,,,,
01/06/2026 21:46:37,424043,0,0,,0,0,,,,,,,,,,,,,,,,,,,
01/06/2026 21:47:07,424043,0,0,,0,0,,,,,,,,,,,,,,,,,,,
01/06/2026 21:47:37,424043,0,0,,0,0,,,,,,,,,,,,,,,,,,,
01/06/2026 21:48:07,424043,0,0,,0,0,,,,,,,,,,,,,,,,,,,
01/06/2026 21:48:37,424043,0,0,,0,0,,,,,,,,,,,,,,,,,,,
01/06/2026 21:49:07,424043,0,0,,0,0,,,,,,,,,,,,,,,,,,,
01/06/2026 21:49:37,424043,0,0,,0,0,,,,,,,,,,,,,,,,,,,
01/06/2026 21:50:07,424043,0,0,,0,0,,,,,,,,,,,,,,,,,,,
01/06/2026 21:50:37,424043,0,0,,0,0,,,,,,,,,,,,,,,,,,,
01/06/2026 21:51:07,424043,0,0,,0,0,,,,,,,,,,,,,,,,,,,
01/06/2026 21:51:37,424043,0,0,,0,0,,,,,,,,,,,,,,,,,,,
01/06/2026 21:52:07,424043,0,0,,0,0,,,,,,,,,,,,,,,,,,,
01/06/2026 21:52:37,424043,0,0,,0,0,,,,,,,,,,,,,,,,,,,
01/06/2026 21:53:07,424043,0,0,,0,0,,,,,,,,,,,,,,,,,,,
01/06/2026 21:53:37,424043,0,0,,0,0,,,,,,,,,,,,,,,,,,,
01/06/2026 21:54:07,424043,0,0,,0,0,,,,,,,,,,,,,,,,,,,
01/06/2026 21:54:37,424043,0,0,,0,0,,,,,,,,,,,,,,,,,,,
01/06/2026 21:55:07,424043,0,0,,0,0,,,,,,,,,,,,,,,,,,,
01/06/2026 21:55:37,424043,0,0,,0,0,,,,,,,,,,,,,,,,,,,
01/06/2026 21:56:07,424043,0,0,,0,0,,,,,,,,,,,,,,,,,,,
01/06/2026 21:56:37,424043,0,0,,0,0,,,,,,,,,,,,,,,,,,,
01/06/2026 21:57:07,424043,0,0,,0,0,,,,,,,,,,,,,,,,,,,
01/06/2026 21:57:37,424043,0,0,,0,0,,,,,,,,,,,,,,,,,,,
01/06/2026 21:58:07,424043,0,0,,0,0,,,,,,,,,,,,,,,,,,,
01/06/2026 21:58:37,424043,0,0,,0,0,,,,,,,,,,,,,,,,,,,
01/06/2026 21:59:07,424043,0,0,,0,0,,,,,,,,,,,,,,,,,,,
01/06/2026 21:59:37,424043,0,0,,0,0,,,,,,,,,,,,,,,,,,,
01/06/2026 22:00:07,424043,0,0,,0,0,,,,,,,,,,,,,,,,,,,
01/06/2026 22:00:37,424043,0,0,,0,0,,,,,,,,,,,,,,,,,,,
01/06/2026 22:01:07,424043,0,0,,0,0,,,,,,,,,,,,,,,,,,,
01/06/2026 22:01:37,424043,0,0,,0,0,,,,,,,,,,,,,,,,,,,
01/06/2026 22:02:07,424043,0,0,,0,0,,,,,,,,,,,,,,,,,,,
01/06/2026 22:02:37,424043,0,0,,0,0,,,,,,,,,,,,,,,,,,,
01/06/2026 22:03:07,424043,0,0,,0,0,,,,,,,,,,,,,,,,,,,
01/06/2026 22:03:37,424043,0,0,,0,0,,,,,,,,,,,,,,,,,,,
01/06/2026 22:04:07,424043,0,0,,0,0,,,,,,,,,,,,,,,,,,,
01/06/2026 22:04:37,424043,0,0,,0,0,,,,,,,,,,,,,,,,,,,
01/06/2026 22:05:07,424043,0,0,,0,0,,,,,,,,,,,,,,,,,,,
01/06/2026 22:05:37,424043,0,0,,0,0,,,,,,,,,,,,,,,,,,,
01/06/2026 22:06:07,424043,0,0,,0,0,,,,,,,,,,,,,,,,,,,
01/06/2026 22:06:37,424043,0,0,,0,0,,,,,,,,,,,,,,,,,,,
01/06/2026 22:07:07,424043,0,0,,0,0,,,,,,,,,,,,,,,,,,,
01/06/2026 22:07:37,424043,0,0,,0,0,,,,,,,,,,,,,,,,,,,
01/06/2026 22:08:07,424043,0,0,,0,0,,,,,,,,,,,,,,,,,,,
01/06/2026 22:08:37,424043,0,0,,0,0,,,,,,,,,,,,,,,,,,,
01/06/2026 22:09:07,424043,0,0,,0,0,,,,,,,,,,,,,,,,,,,
01/06/2026 22:09:37,424043,0,0,,0,0,,,,,,,,,,,,,,,,,,,
01/06/2026 22:10:07,424043,0,0,,0,0,,,,,,,,,,,,,,,,,,,
01/06/2026 22:10:37,424043,0,0,,0,0,,,,,,,,,,,,,,,,,,,
01/06/2026 22:11:07,424043,0,0,,0,0,,,,,,,,,,,,,,,,,,,
01/06/2026 22:11:37,424043,0,0,,0,0,,,,,,,,,,,,,,,,,,,
01/06/2026 22:12:07,424043,0,0,,0,0,,,,,,,,,,,,,,,,,,,
01/06/2026 22:12:37,424043,0,0,,0,0,,,,,,,,,,,,,,,,,,,
01/06/2026 22:13:07,424043,0,0,,0,0,,,,,,,,,,,,,,,,,,,
01/06/2026 22:13:37,424043,0,0,,0,0,,,,,,,,,,,,,,,,,,,
01/06/2026 22:14:07,424043,0,0,,0,0,,,,,,,,,,,,,,,,,,,
01/06/2026 22:14:37,424043,0,0,,0,0,,,,,,,,,,,,,,,,,,,
01/06/2026 22:15:07,424043,0,0,,0,0,,,,,,,,,,,,,,,,,,,
01/06/2026 22:15:37,424043,0,0,,0,0,,,,,,,,,,,,,,,,,,,
01/06/2026 22:16:07,424043,0,0,,0,0,,,,,,,,,,,,,,,,,,,
01/06/2026 22:16:37,424043,0,0,,0,0,,,,,,,,,,,,,,,,,,,
01/06/2026 22:17:07,424043,0,0,,0,0,,,,,,,,,,,,,,,,,,,
01/06/2026 22:17:37,424043,0,0,,0,0,,,,,,,,,,,,,,,,,,,
01/06/2026 22:18:07,424043,0,0,,0,0,,,,,,,,,,,,,,,,,,,
01/06/2026 22:18:37,424043,0,0,,0,0,,,,,,,,,,,,,,,,,,,
01/06/2026 22:19:07,424043,0,0,,0,0,,,,,,,,,,,,,,,,,,,
01/06/2026 22:19:37,424043,0,0,,0,0,,,,,,,,,,,,,,,,,,,
01/06/2026 22:20:07,424043,0,0,,0,0,,,,,,,,,,,,,,,,,,,
01/06/2026 22:20:37,424043,0,0,,0,0,,,,,,,,,,,,,,,,,,,
01/06/2026 22:21:07,424043,0,0,,0,0,,,,,,,,,,,,,,,,,,,
01/06/2026 22:21:37,424043,0,0,,0,0,,,,,,,,,,,,,,,,,,,
01/06/2026 22:22:07,424043,0,0,,0,0,,,,,,,,,,,,,,,,,,,
01/06/2026 22:22:37,424043,0,0,,0,0,,,,,,,,,,,,,,,,,,,
01/06/2026 22:23:07,424043,0,0,,0,0,,,,,,,,,,,,,,,,,,,
01/06/2026 22:23:37,424043,0,0,,0,0,,,,,,,,,,,,,,,,,,,
01/06/2026 22:24:07,424043,0,0,,0,0,,,,,,,,,,,,,,,,,,,
01/06/2026 22:24:37,424043,0,0,,0,0,,,,,,,,,,,,,,,,,,,
01/06/2026 22:25:07,424043,0,0,,0,0,,,,,,,,,,,,,,,,,,,
01/06/2026 22:25:37,424043,0,0,,0,0,,,,,,,,,,,,,,,,,,,
01/06/2026 22:26:07,424043,0,0,,0,0,,,,,,,,,,,,,,,,,,,
01/06/2026 22:26:37,424043,0,0,,0,0,,,,,,,,,,,,,,,,,,,
01/06/2026 22:27:07,424043,0,0,,0,0,,,,,,,,,,,,,,,,,,,
01/06/2026 22:27:37,424043,0,0,,0,0,,,,,,,,,,,,,,,,,,,
01/06/2026 22:28:07,424043,0,0,,0,0,,,,,,,,,,,,,,,,,,,
01/06/2026 22:28:37,424043,0,0,,0,0,,,,,,,,,,,,,,,,,,,
01/06/2026 22:29:07,424043,0,0,,0,0,,,,,,,,,,,,,,,,,,,
01/06/2026 22:29:37,424043,0,0,,0,0,,,,,,,,,,,,,,,,,,,
01/06/2026 22:30:07,424043,0,0,,0,0,,,,,,,,,,,,,,,,,,,
01/06/2026 22:30:37,424043,0,0,,0,0,,,,,,,,,,,,,,,,,,,
01/06/2026 22:31:07,424043,0,0,,0,0,,,,,,,,,,,,,,,,,,,
01/06/2026 22:31:37,424043,0,0,,0,0,,,,,,,,,,,,,,,,,,,
01/06/2026 22:32:07,424043,0,0,,0,0,,,,,,,,,,,,,,,,,,,
01/06/2026 22:32:37,424043,0,0,,0,0,,,,,,,,,,,,,,,,,,,
01/06/2026 22:33:07,424043,0,0,,0,0,,,,,,,,,,,,,,,,,,,
01/06/2026 22:33:37,424043,0,0,,0,0,,,,,,,,,,,,,,,,,,,
01/06/2026 22:34:07,424043,0,0,,0,0,,,,,,,,,,,,,,,,,,,
01/06/2026 22:34:37,424043,0,0,,0,0,,,,,,,,,,,,,,,,,,,
01/06/2026 22:35:07,424043,0,0,,0,0,,,,,,,,,,,,,,,,,,,
01/06/2026 22:35:37,424043,0,0,,0,0,,,,,,,,,,,,,,,,,,,
01/06/2026 22:36:07,424043,0,0,,0,0,,,,,,,,,,,,,,,,,,,
01/06/2026 22:36:37,424043,0,0,,0,0,,,,,,,,,,,,,,,,,,,
01/06/2026 22:37:07,424043,0,0,,0,0,,,,,,,,,,,,,,,,,,,
01/06/2026 22:37:37,424043,0,0,,0,0,,,,,,,,,,,,,,,,,,,
01/06/2026 22:38:07,424043,0,0,,0,0,,,,,,,,,,,,,,,,,,,
01/06/2026 22:38:37,424043,0,0,,0,0,,,,,,,,,,,,,,,,,,,
01/06/2026 22:39:07,424043,0,0,,0,0,,,,,,,,,,,,,,,,,,,
01/06/2026 22:39:37,424043,0,0,,0,0,,,,,,,,,,,,,,,,,,,
01/06/2026 22:40:07,424043,0,0,,0,0,,,,,,,,,,,,,,,,,,,
01/06/2026 22:40:37,424043,0,0,,0,0,,,,,,,,,,,,,,,,,,,
01/06/2026 22:41:07,424043,0,0,,0,0,,,,,,,,,,,,,,,,,,,
01/06/2026 22:41:37,424043,0,0,,0,0,,,,,,,,,,,,,,,,,,,
01/06/2026 22:42:07,424043,0,0,,0,0,,,,,,,,,,,,,,,,,,,
01/06/2026 22:42:37,424043,0,0,,0,0,,,,,,,,,,,,,,,,,,,
01/06/2026 22:43:07,424043,0,0,,0,0,,,,,,,,,,,,,,,,,,,
01/06/2026 22:43:37,424043,0,0,,0,0,,,,,,,,,,,,,,,,,,,
01/06/2026 22:44:07,424043,0,0,,0,0,,,,,,,,,,,,,,,,,,,
01/06/2026 22:44:37,424043,0,0,,0,0,,,,,,,,,,,,,,,,,,,
01/06/2026 22:45:07,424043,0,0,,0,0,,,,,,,,,,,,,,,,,,,
01/06/2026 22:45:37,424043,0,0,,0,0,,,,,,,,,,,,,,,,,,,
01/06/2026 22:46:07,424043,0,0,,0,0,,,,,,,,,,,,,,,,,,,
01/06/2026 22:46:37,424043,0,0,,0,0,,,,,,,,,,,,,,,,,,,
01/06/2026 22:47:07,424043,0,0,,0,0,,,,,,,,,,,,,,,,,,,
01/06/2026 22:47:37,424043,0,0,,0,0,,,,,,,,,,,,,,,,,,,
01/06/2026 22:48:07,424043,0,0,,0,0,,,,,,,,,,,,,,,,,,,
01/06/2026 22:48:37,424043,0,0,,0,0,,,,,,,,,,,,,,,,,,,
01/06/2026 22:49:07,424043,0,0,,0,0,,,,,,,,,,,,,,,,,,,
01/06/2026 22:49:37,424043,0,0,,0,0,,,,,,,,,,,,,,,,,,,
01/06/2026 22:50:07,424043,0,0,,0,0,,,,,,,,,,,,,,,,,,,
01/06/2026 22:50:37,424043,0,0,,0,0,,,,,,,,,,,,,,,,,,,
01/06/2026 22:51:07,424043,0,0,,0,0,,,,,,,,,,,,,,,,,,,
01/06/2026 22:51:37,424043,0,0,,0,0,,,,,,,,,,,,,,,,,,,
01/06/2026 22:52:07,424043,0,0,,0,0,,,,,,,,,,,,,,,,,,,
01/06/2026 22:52:37,424043,0,0,,0,0,,,,,,,,,,,,,,,,,,,
01/06/2026 22:53:07,424043,0,0,,0,0,,,,,,,,,,,,,,,,,,,
01/06/2026 22:53:37,424043,0,0,,0,0,,,,,,,,,,,,,,,,,,,
01/06/2026 22:54:07,424043,0,0,,0,0,,,,,,,,,,,,,,,,,,,
01/06/2026 22:54:37,424043,0,0,,0,0,,,,,,,,,,,,,,,,,,,
01/06/2026 22:55:07,424043,0,0,,0,0,,,,,,,,,,,,,,,,,,,
01/06/2026 22:55:37,424043,0,0,,0,0,,,,,,,,,,,,,,,,,,,
01/06/2026 22:56:07,424043,0,0,,0,0,,,,,,,,,,,,,,,,,,,
01/06/2026 22:56:37,424043,0,0,,0,0,,,,,,,,,,,,,,,,,,,
01/06/2026 22:57:07,424043,0,0,,0,0,,,,,,,,,,,,,,,,,,,
01/06/2026 22:57:37,424043,0,0,,0,0,,,,,,,,,,,,,,,,,,,
01/06/2026 22:58:07,424043,0,0,,0,0,,,,,,,,,,,,,,,,,,,
01/06/2026 22:58:37,424043,0,0,,0,0,,,,,,,,,,,,,,,,,,,
01/06/2026 22:59:07,424043,0,0,,0,0,,,,,,,,,,,,,,,,,,,
01/06/2026 22:59:37,424043,0,0,,0,0,,,,,,,,,,,,,,,,,,,
01/06/2026 23:00:07,424043,0,0,,0,0,,,,,,,,,,,,,,,,,,,
01/06/2026 23:00:37,424043,0,0,,0,0,,,,,,,,,,,,,,,,,,,
01/06/2026 23:01:07,424043,0,0,,0,0,,,,,,,,,,,,,,,,,,,
01/06/2026 23:01:37,424043,0,0,,0,0,,,,,,,,,,,,,,,,,,,
01/06/2026 23:02:07,424043,0,0,,0,0,,,,,,,,,,,,,,,,,,,
01/06/2026 23:02:37,424043,0,0,,0,0,,,,,,,,,,,,,,,,,,,
01/06/2026 23:03:07,424043,0,0,,0,0,,,,,,,,,,,,,,,,,,,
01/06/2026 23:03:37,424043,0,0,,0,0,,,,,,,,,,,,,,,,,,,
01/06/2026 23:04:07,424043,0,0,,0,0,,,,,,,,,,,,,,,,,,,
01/06/2026 23:04:37,424043,0,0,,0,0,,,,,,,,,,,,,,,,,,,
01/06/2026 23:05:07,424043,0,0,,0,0,,,,,,,,,,,,,,,,,,,
01/06/2026 23:05:37,424043,0,0,,0,0,,,,,,,,,,,,,,,,,,,
01/06/2026 23:06:07,424043,0,0,,0,0,,,,,,,,,,,,,,,,,,,
01/06/2026 23:06:37,424043,0,0,,0,0,,,,,,,,,,,,,,,,,,,
01/06/2026 23:07:07,424043,0,0,,0,0,,,,,,,,,,,,,,,,,,,
01/06/2026 23:07:37,424043,0,0,,0,0,,,,,,,,,,,,,,,,,,,
01/06/2026 23:08:07,424043,0,0,,0,0,,,,,,,,,,,,,,,,,,,
01/06/2026 23:08:37,424043,0,0,,0,0,,,,,,,,,,,,,,,,,,,
01/06/2026 23:09:07,424043,0,0,,0,0,,,,,,,,,,,,,,,,,,,
01/06/2026 23:09:37,424043,0,0,,0,0,,,,,,,,,,,,,,,,,,,
01/06/2026 23:10:07,424043,0,0,,0,0,,,,,,,,,,,,,,,,,,,
01/06/2026 23:10:37,424043,0,0,,0,0,,,,,,,,,,,,,,,,,,,
01/06/2026 23:11:07,424043,0,0,,0,0,,,,,,,,,,,,,,,,,,,
01/06/2026 23:11:37,424043,0,0,,0,0,,,,,,,,,,,,,,,,,,,
01/06/2026 23:12:07,424043,0,0,,0,0,,,,,,,,,,,,,,,,,,,
01/06/2026 23:12:37,424043,0,0,,0,0,,,,,,,,,,,,,,,,,,,
01/06/2026 23:13:07,424043,0,0,,0,0,,,,,,,,,,,,,,,,,,,
01/06/2026 23:13:37,424043,0,0,,0,0,,,,,,,,,,,,,,,,,,,
01/06/2026 23:14:07,424043,0,0,,0,0,,,,,,,,,,,,,,,,,,,
01/06/2026 23:14:37,424043,0,0,,0,0,,,,,,,,,,,,,,,,,,,
01/06/2026 23:15:07,424043,0,0,,0,0,,,,,,,,,,,,,,,,,,,
01/06/2026 23:15:37,424043,0,0,,0,0,,,,,,,,,,,,,,,,,,,
01/06/2026 23:16:07,424043,0,0,,0,0,,,,,,,,,,,,,,,,,,,
01/06/2026 23:16:37,424043,0,0,,0,0,,,,,,,,,,,,,,,,,,,
01/06/2026 23:17:07,424043,0,0,,0,0,,,,,,,,,,,,,,,,,,,
01/06/2026 23:17:37,424043,0,0,,0,0,,,,,,,,,,,,,,,,,,,
01/06/2026 23:18:07,424043,0,0,,0,0,,,,,,,,,,,,,,,,,,,
01/06/2026 23:18:37,424043,0,0,,0,0,,,,,,,,,,,,,,,,,,,
01/06/2026 23:19:07,424043,0,0,,0,0,,,,,,,,,,,,,,,,,,,
01/06/2026 23:19:37,424043,0,0,,0,0,,,,,,,,,,,,,,,,,,,
01/06/2026 23:20:07,424043,0,0,,0,0,,,,,,,,,,,,,,,,,,,
01/06/2026 23:20:37,424043,0,0,,0,0,,,,,,,,,,,,,,,,,,,
01/06/2026 23:21:07,424043,0,0,,0,0,,,,,,,,,,,,,,,,,,,
01/06/2026 23:21:37,424043,0,0,,0,0,,,,,,,,,,,,,,,,,,,
01/06/2026 23:22:07,424043,0,0,,0,0,,,,,,,,,,,,,,,,,,,
01/06/2026 23:22:37,424043,0,0,,0,0,,,,,,,,,,,,,,,,,,,
01/06/2026 23:23:07,424043,0,0,,0,0,,,,,,,,,,,,,,,,,,,
01/06/2026 23:23:37,424043,0,0,,0,0,,,,,,,,,,,,,,,,,,,
01/06/2026 23:24:07,424043,0,0,,0,0,,,,,,,,,,,,,,,,,,,
01/06/2026 23:24:37,424043,0,0,,0,0,,,,,,,,,,,,,,,,,,,
01/06/2026 23:25:07,424043,0,0,,0,0,,,,,,,,,,,,,,,,,,,
01/06/2026 23:25:37,424043,0,0,,0,0,,,,,,,,,,,,,,,,,,,
01/06/2026 23:26:07,424043,0,0,,0,0,,,,,,,,,,,,,,,,,,,
01/06/2026 23:26:37,424043,0,0,,0,0,,,,,,,,,,,,,,,,,,,
01/06/2026 23:27:07,424043,0,0,,0,0,,,,,,,,,,,,,,,,,,,
01/06/2026 23:27:37,424043,0,0,,0,0,,,,,,,,,,,,,,,,,,,
01/06/2026 23:28:07,424043,0,0,,0,0,,,,,,,,,,,,,,,,,,,
01/06/2026 23:28:37,424043,0,0,,0,0,,,,,,,,,,,,,,,,,,,
01/06/2026 23:29:07,424043,0,0,,0,0,,,,,,,,,,,,,,,,,,,
01/06/2026 23:29:37,424043,0,0,,0,0,,,,,,,,,,,,,,,,,,,
01/06/2026 23:30:07,424043,0,0,,0,0,,,,,,,,,,,,,,,,,,,
01/06/2026 23:30:37,424043,0,0,,0,0,,,,,,,,,,,,,,,,,,,
01/06/2026 23:31:07,424043,0,0,,0,0,,,,,,,,,,,,,,,,,,,
01/06/2026 23:31:37,424043,0,0,,0,0,,,,,,,,,,,,,,,,,,,
01/06/2026 23:32:07,424043,0,0,,0,0,,,,,,,,,,,,,,,,,,,
01/06/2026 23:32:37,424043,0,0,,0,0,,,,,,,,,,,,,,,,,,,
01/06/2026 23:33:07,424043,0,0,,0,0,,,,,,,,,,,,,,,,,,,
01/06/2026 23:33:37,424043,0,0,,0,0,,,,,,,,,,,,,,,,,,,
01/06/2026 23:34:07,424043,0,0,,0,0,,,,,,,,,,,,,,,,,,,
01/06/2026 23:34:37,424043,0,0,,0,0,,,,,,,,,,,,,,,,,,,
01/06/2026 23:35:07,424043,0,0,,0,0,,,,,,,,,,,,,,,,,,,
01/06/2026 23:35:37,424043,0,0,,0,0,,,,,,,,,,,,,,,,,,,
01/06/2026 23:36:07,424043,0,0,,0,0,,,,,,,,,,,,,,,,,,,
01/06/2026 23:36:37,424043,0,0,,0,0,,,,,,,,,,,,,,,,,,,
01/06/2026 23:37:07,424043,0,0,,0,0,,,,,,,,,,,,,,,,,,,
01/06/2026 23:37:37,424043,0,0,,0,0,,,,,,,,,,,,,,,,,,,
01/06/2026 23:38:07,424043,0,0,,0,0,,,,,,,,,,,,,,,,,,,
01/06/2026 23:38:37,424043,0,0,,0,0,,,,,,,,,,,,,,,,,,,
01/06/2026 23:39:07,424043,0,0,,0,0,,,,,,,,,,,,,,,,,,,
01/06/2026 23:39:37,424043,0,0,,0,0,,,,,,,,,,,,,,,,,,,
01/06/2026 23:40:07,424043,0,0,,0,0,,,,,,,,,,,,,,,,,,,
01/06/2026 23:40:37,424043,0,0,,0,0,,,,,,,,,,,,,,,,,,,
01/06/2026 23:41:07,424043,0,0,,0,0,,,,,,,,,,,,,,,,,,,
01/06/2026 23:41:37,424043,0,0,,0,0,,,,,,,,,,,,,,,,,,,
01/06/2026 23:42:07,424043,0,0,,0,0,,,,,,,,,,,,,,,,,,,
01/06/2026 23:42:37,424043,0,0,,0,0,,,,,,,,,,,,,,,,,,,
01/06/2026 23:43:07,424043,0,0,,0,0,,,,,,,,,,,,,,,,,,,
01/06/2026 23:43:37,424043,0,0,,0,0,,,,,,,,,,,,,,,,,,,
01/06/2026 23:44:07,424043,0,0,,0,0,,,,,,,,,,,,,,,,,,,
01/06/2026 23:44:37,424043,0,0,,0,0,,,,,,,,,,,,,,,,,,,
01/06/2026 23:45:07,424043,0,0,,0,0,,,,,,,,,,,,,,,,,,,
01/06/2026 23:45:37,424043,0,0,,0,0,,,,,,,,,,,,,,,,,,,
01/06/2026 23:46:07,424043,0,0,,0,0,,,,,,,,,,,,,,,,,,,
01/06/2026 23:46:37,424043,0,0,,0,0,,,,,,,,,,,,,,,,,,,
01/06/2026 23:47:07,424043,0,0,,0,0,,,,,,,,,,,,,,,,,,,
01/06/2026 23:47:37,424043,0,0,,0,0,,,,,,,,,,,,,,,,,,,
01/06/2026 23:48:07,424043,0,0,,0,0,,,,,,,,,,,,,,,,,,,
01/06/2026 23:48:37,424043,0,0,,0,0,,,,,,,,,,,,,,,,,,,
01/06/2026 23:49:07,424043,0,0,,0,0,,,,,,,,,,,,,,,,,,,
01/06/2026 23:49:37,424043,0,0,,0,0,,,,,,,,,,,,,,,,,,,
01/06/2026 23:50:07,424043,0,0,,0,0,,,,,,,,,,,,,,,,,,,
01/06/2026 23:50:37,424043,0,0,,0,0,,,,,,,,,,,,,,,,,,,
01/06/2026 23:51:07,424043,0,0,,0,0,,,,,,,,,,,,,,,,,,,
01/06/2026 23:51:37,424043,0,0,,0,0,,,,,,,,,,,,,,,,,,,
01/06/2026 23:52:07,424043,0,0,,0,0,,,,,,,,,,,,,,,,,,,
01/06/2026 23:52:37,424043,0,0,,0,0,,,,,,,,,,,,,,,,,,,
01/06/2026 23:53:07,424043,0,0,,0,0,,,,,,,,,,,,,,,,,,,
01/06/2026 23:53:37,424043,0,0,,0,0,,,,,,,,,,,,,,,,,,,
01/06/2026 23:54:07,424043,0,0,,0,0,,,,,,,,,,,,,,,,,,,
01/06/2026 23:54:37,424043,0,0,,0,0,,,,,,,,,,,,,,,,,,,
01/06/2026 23:55:07,424043,0,0,,0,0,,,,,,,,,,,,,,,,,,,
01/06/2026 23:55:37,424043,0,0,,0,0,,,,,,,,,,,,,,,,,,,
01/06/2026 23:56:07,424043,0,0,,0,0,,,,,,,,,,,,,,,,,,,
01/06/2026 23:56:37,424043,0,0,,0,0,,,,,,,,,,,,,,,,,,,
01/06/2026 23:57:07,424043,0,0,,0,0,,,,,,,,,,,,,,,,,,,
01/06/2026 23:57:37,424043,0,0,,0,0,,,,,,,,,,,,,,,,,,,
01/06/2026 23:58:07,424043,0,0,,0,0,,,,,,,,,,,,,,,,,,,
01/06/2026 23:58:37,424043,0,0,,0,0,,,,,,,,,,,,,,,,,,,
01/06/2026 23:59:07,424043,0,0,,0,0,,,,,,,,,,,,,,,,,,,
01/06/2026 23:59:37,424043,0,0,,0,0,,,,,,,,,,,,,,,,,,,
